
task1.elf:     file format elf32-avr

Sections:
Idx Name          Size      VMA       LMA       File off  Algn
  0 .data         00000006  00800100  00001d8c  00001e20  2**0
                  CONTENTS, ALLOC, LOAD, DATA
  1 .text         00001d8c  00000000  00000000  00000094  2**1
                  CONTENTS, ALLOC, LOAD, READONLY, CODE
  2 .bss          00000417  00800106  00800106  00001e26  2**0
                  ALLOC
  3 .stab         00000d08  00000000  00000000  00001e28  2**2
                  CONTENTS, READONLY, DEBUGGING
  4 .stabstr      00000f5d  00000000  00000000  00002b30  2**0
                  CONTENTS, READONLY, DEBUGGING
  5 .comment      00000011  00000000  00000000  00003a8d  2**0
                  CONTENTS, READONLY
  6 .note.gnu.avr.deviceinfo 00000040  00000000  00000000  00003aa0  2**2
                  CONTENTS, READONLY
  7 .debug_info   000005f4  00000000  00000000  00003ae0  2**0
                  CONTENTS, READONLY, DEBUGGING
  8 .debug_abbrev 000005a2  00000000  00000000  000040d4  2**0
                  CONTENTS, READONLY, DEBUGGING
  9 .debug_line   0000001a  00000000  00000000  00004676  2**0
                  CONTENTS, READONLY, DEBUGGING
 10 .debug_str    00000208  00000000  00000000  00004690  2**0
                  CONTENTS, READONLY, DEBUGGING

Disassembly of section .text:

00000000 <__vectors>:
       0:	0c 94 09 01 	jmp	0x212	; 0x212 <__ctors_end>
       4:	0c 94 26 01 	jmp	0x24c	; 0x24c <__bad_interrupt>
       8:	0c 94 26 01 	jmp	0x24c	; 0x24c <__bad_interrupt>
       c:	0c 94 26 01 	jmp	0x24c	; 0x24c <__bad_interrupt>
      10:	0c 94 26 01 	jmp	0x24c	; 0x24c <__bad_interrupt>
      14:	0c 94 26 01 	jmp	0x24c	; 0x24c <__bad_interrupt>
      18:	0c 94 26 01 	jmp	0x24c	; 0x24c <__bad_interrupt>
      1c:	0c 94 26 01 	jmp	0x24c	; 0x24c <__bad_interrupt>
      20:	0c 94 26 01 	jmp	0x24c	; 0x24c <__bad_interrupt>
      24:	0c 94 26 01 	jmp	0x24c	; 0x24c <__bad_interrupt>
      28:	0c 94 26 01 	jmp	0x24c	; 0x24c <__bad_interrupt>
      2c:	0c 94 49 01 	jmp	0x292	; 0x292 <__vector_11>
      30:	0c 94 26 01 	jmp	0x24c	; 0x24c <__bad_interrupt>
      34:	0c 94 26 01 	jmp	0x24c	; 0x24c <__bad_interrupt>
      38:	0c 94 26 01 	jmp	0x24c	; 0x24c <__bad_interrupt>
      3c:	0c 94 26 01 	jmp	0x24c	; 0x24c <__bad_interrupt>
      40:	0c 94 26 01 	jmp	0x24c	; 0x24c <__bad_interrupt>
      44:	0c 94 26 01 	jmp	0x24c	; 0x24c <__bad_interrupt>
      48:	0c 94 26 01 	jmp	0x24c	; 0x24c <__bad_interrupt>
      4c:	0c 94 26 01 	jmp	0x24c	; 0x24c <__bad_interrupt>
      50:	0c 94 26 01 	jmp	0x24c	; 0x24c <__bad_interrupt>
      54:	0c 94 5e 01 	jmp	0x2bc	; 0x2bc <__vector_21>
      58:	0c 94 26 01 	jmp	0x24c	; 0x24c <__bad_interrupt>
      5c:	0c 94 26 01 	jmp	0x24c	; 0x24c <__bad_interrupt>
      60:	0c 94 26 01 	jmp	0x24c	; 0x24c <__bad_interrupt>
      64:	0c 94 26 01 	jmp	0x24c	; 0x24c <__bad_interrupt>
      68:	08 00       	.word	0x0008	; ????
      6a:	00 00       	nop
      6c:	be 92       	st	-X, r11
      6e:	24 49       	sbci	r18, 0x94	; 148
      70:	12 3e       	cpi	r17, 0xE2	; 226
      72:	ab aa       	std	Y+51, r10	; 0x33
      74:	aa 2a       	or	r10, r26
      76:	be cd       	rjmp	.-1156   	; 0xfffffbf4 <__eeprom_end+0xff7efbf4>
      78:	cc cc       	rjmp	.-1640   	; 0xfffffa12 <__eeprom_end+0xff7efa12>
      7a:	4c 3e       	cpi	r20, 0xEC	; 236
      7c:	00 00       	nop
      7e:	00 80       	ld	r0, Z
      80:	be ab       	std	Y+54, r27	; 0x36
      82:	aa aa       	std	Y+50, r10	; 0x32
      84:	aa 3e       	cpi	r26, 0xEA	; 234
      86:	00 00       	nop
      88:	00 00       	nop
      8a:	bf 00       	.word	0x00bf	; ????
      8c:	00 00       	nop
      8e:	80 3f       	cpi	r24, 0xF0	; 240
      90:	00 00       	nop
      92:	00 00       	nop
      94:	00 08       	sbc	r0, r0
      96:	41 78       	andi	r20, 0x81	; 129
      98:	d3 bb       	out	0x13, r29	; 19
      9a:	43 87       	std	Z+11, r20	; 0x0b
      9c:	d1 13       	cpse	r29, r17
      9e:	3d 19       	sub	r19, r13
      a0:	0e 3c       	cpi	r16, 0xCE	; 206
      a2:	c3 bd       	out	0x23, r28	; 35
      a4:	42 82       	std	Z+2, r4	; 0x02
      a6:	ad 2b       	or	r26, r29
      a8:	3e 68       	ori	r19, 0x8E	; 142
      aa:	ec 82       	std	Y+4, r14	; 0x04
      ac:	76 be       	out	0x36, r7	; 54
      ae:	d9 8f       	std	Y+25, r29	; 0x19
      b0:	e1 a9       	ldd	r30, Z+49	; 0x31
      b2:	3e 4c       	sbci	r19, 0xCE	; 206
      b4:	80 ef       	ldi	r24, 0xF0	; 240
      b6:	ff be       	out	0x3f, r15	; 63
      b8:	01 c4       	rjmp	.+2050   	; 0x8bc <__DATA_REGION_LENGTH__+0xbc>
      ba:	ff 7f       	andi	r31, 0xFF	; 255
      bc:	3f 00       	.word	0x003f	; ????
      be:	00 00       	nop
	...

000000c2 <__trampolines_end>:
      c2:	6e 61       	ori	r22, 0x1E	; 30
      c4:	6e 00       	.word	0x006e	; ????

000000c6 <__c.2332>:
      c6:	69 6e 66 00 00 40 7a 10 f3 5a 00 a0 72 4e 18 09     inf..@z..Z..rN..
      d6:	00 10 a5 d4 e8 00 00 e8 76 48 17 00 00 e4 0b 54     ........vH.....T
      e6:	02 00 00 ca 9a 3b 00 00 00 e1 f5 05 00 00 80 96     .....;..........
      f6:	98 00 00 00 40 42 0f 00 00 00 a0 86 01 00 00 00     ....@B..........
     106:	10 27 00 00 00 00 e8 03 00 00 00 00 64 00 00 00     .'..........d...
     116:	00 00 0a 00 00 00 00 00 01 00 00 00 00 00 2c 76     ..............,v
     126:	d8 88 dc 67 4f 08 23 df c1 df ae 59 e1 b1 b7 96     ...gO.#....Y....
     136:	e5 e3 e4 53 c6 3a e6 51 99 76 96 e8 e6 c2 84 26     ...S.:.Q.v.....&
     146:	eb 89 8c 9b 62 ed 40 7c 6f fc ef bc 9c 9f 40 f2     ....b.@|o.....@.
     156:	ba a5 6f a5 f4 90 05 5a 2a f7 5c 93 6b 6c f9 67     ..o....Z*.\.kl.g
     166:	6d c1 1b fc e0 e4 0d 47 fe f5 20 e6 b5 00 d0 ed     m......G.. .....
     176:	90 2e 03 00 94 35 77 05 00 80 84 1e 08 00 00 20     .....5w........ 
     186:	4e 0a 00 00 00 c8 0c 33 33 33 33 0f 98 6e 12 83     N......3333..n..
     196:	11 41 ef 8d 21 14 89 3b e6 55 16 cf fe e6 db 18     .A..!..;.U......
     1a6:	d1 84 4b 38 1b f7 7c 1d 90 1d a4 bb e4 24 20 32     ..K8..|......$ 2
     1b6:	84 72 5e 22 81 00 c9 f1 24 ec a1 e5 3d 27           .r^"....$...='

000001c4 <__c.2529>:
     1c4:	63 64 69 6e 6f 70 73 75 78 58 5b 65 66 67 45 46     cdinopsuxX[efgEF
     1d4:	47 00                                               G.

000001d6 <pstr_an>:
     1d6:	61 6e 00                                            an.

000001d9 <pstr_nfinity>:
     1d9:	6e 66 69 6e 69 74 79 00                             nfinity.

000001e1 <pwr_m10>:
     1e1:	cd cc cc 3d 0a d7 23 3c 17 b7 d1 38 77 cc 2b 32     ...=..#<...8w.+2
     1f1:	95 95 e6 24 1f b1 4f 0a                             ...$..O.

000001f9 <pwr_p10>:
     1f9:	00 00 20 41 00 00 c8 42 00 40 1c 46 20 bc be 4c     .. A...B.@.F ..L
     209:	ca 1b 0e 5a ae c5 9d 74 00                          ...Z...t.

00000212 <__ctors_end>:
     212:	11 24       	eor	r1, r1
     214:	1f be       	out	0x3f, r1	; 63
     216:	cf ef       	ldi	r28, 0xFF	; 255
     218:	d8 e0       	ldi	r29, 0x08	; 8
     21a:	de bf       	out	0x3e, r29	; 62
     21c:	cd bf       	out	0x3d, r28	; 61

0000021e <__do_copy_data>:
     21e:	11 e0       	ldi	r17, 0x01	; 1
     220:	a0 e0       	ldi	r26, 0x00	; 0
     222:	b1 e0       	ldi	r27, 0x01	; 1
     224:	ec e8       	ldi	r30, 0x8C	; 140
     226:	fd e1       	ldi	r31, 0x1D	; 29
     228:	02 c0       	rjmp	.+4      	; 0x22e <__do_copy_data+0x10>
     22a:	05 90       	lpm	r0, Z+
     22c:	0d 92       	st	X+, r0
     22e:	a6 30       	cpi	r26, 0x06	; 6
     230:	b1 07       	cpc	r27, r17
     232:	d9 f7       	brne	.-10     	; 0x22a <__do_copy_data+0xc>

00000234 <__do_clear_bss>:
     234:	25 e0       	ldi	r18, 0x05	; 5
     236:	a6 e0       	ldi	r26, 0x06	; 6
     238:	b1 e0       	ldi	r27, 0x01	; 1
     23a:	01 c0       	rjmp	.+2      	; 0x23e <.do_clear_bss_start>

0000023c <.do_clear_bss_loop>:
     23c:	1d 92       	st	X+, r1

0000023e <.do_clear_bss_start>:
     23e:	ad 31       	cpi	r26, 0x1D	; 29
     240:	b2 07       	cpc	r27, r18
     242:	e1 f7       	brne	.-8      	; 0x23c <.do_clear_bss_loop>
     244:	0e 94 b0 01 	call	0x360	; 0x360 <main>
     248:	0c 94 c4 0e 	jmp	0x1d88	; 0x1d88 <_exit>

0000024c <__bad_interrupt>:
     24c:	0c 94 00 00 	jmp	0	; 0x0 <__vectors>

00000250 <adc_init>:
#include "uart.h"

#include <math.h>

void adc_init() {
	ADMUX = _BV(REFS0) | _BV(MUX0);
     250:	81 e4       	ldi	r24, 0x41	; 65
     252:	80 93 7c 00 	sts	0x007C, r24	; 0x80007c <__TEXT_REGION_LENGTH__+0x7f807c>
	ADCSRA = _BV(ADEN) | _BV(ADIE)
     256:	8f e8       	ldi	r24, 0x8F	; 143
     258:	80 93 7a 00 	sts	0x007A, r24	; 0x80007a <__TEXT_REGION_LENGTH__+0x7f807a>
				 | _BV(ADPS2) | _BV(ADPS1) | _BV(ADPS0);
	DIDR0 |= _BV(ADC1D);
     25c:	ee e7       	ldi	r30, 0x7E	; 126
     25e:	f0 e0       	ldi	r31, 0x00	; 0
     260:	80 81       	ld	r24, Z
     262:	82 60       	ori	r24, 0x02	; 2
     264:	80 83       	st	Z, r24
     266:	08 95       	ret

00000268 <timer1_init>:
}

void timer1_init() {
	TCCR1A = 0;
     268:	10 92 80 00 	sts	0x0080, r1	; 0x800080 <__TEXT_REGION_LENGTH__+0x7f8080>
	TCCR1B = _BV(WGM12);
     26c:	e1 e8       	ldi	r30, 0x81	; 129
     26e:	f0 e0       	ldi	r31, 0x00	; 0
     270:	88 e0       	ldi	r24, 0x08	; 8
     272:	80 83       	st	Z, r24
	OCR1A = 249; // 16e6 / (8 * 8000) - 1;
     274:	89 ef       	ldi	r24, 0xF9	; 249
     276:	90 e0       	ldi	r25, 0x00	; 0
     278:	90 93 89 00 	sts	0x0089, r25	; 0x800089 <__TEXT_REGION_LENGTH__+0x7f8089>
     27c:	80 93 88 00 	sts	0x0088, r24	; 0x800088 <__TEXT_REGION_LENGTH__+0x7f8088>
	TCCR1B |= _BV(CS11);
     280:	80 81       	ld	r24, Z
     282:	82 60       	ori	r24, 0x02	; 2
     284:	80 83       	st	Z, r24
	TIMSK1 |= _BV(OCIE1A);
     286:	ef e6       	ldi	r30, 0x6F	; 111
     288:	f0 e0       	ldi	r31, 0x00	; 0
     28a:	80 81       	ld	r24, Z
     28c:	82 60       	ori	r24, 0x02	; 2
     28e:	80 83       	st	Z, r24
     290:	08 95       	ret

00000292 <__vector_11>:

volatile uint16_t samples[SAMPLE_NB] = {0};
volatile uint16_t sample_idx = 0;
volatile uint8_t block_ready = 0;

ISR(TIMER1_COMPA_vect) {
     292:	1f 92       	push	r1
     294:	0f 92       	push	r0
     296:	0f b6       	in	r0, 0x3f	; 63
     298:	0f 92       	push	r0
     29a:	11 24       	eor	r1, r1
     29c:	8f 93       	push	r24
     29e:	ef 93       	push	r30
     2a0:	ff 93       	push	r31
	ADCSRA |= _BV(ADSC);
     2a2:	ea e7       	ldi	r30, 0x7A	; 122
     2a4:	f0 e0       	ldi	r31, 0x00	; 0
     2a6:	80 81       	ld	r24, Z
     2a8:	80 64       	ori	r24, 0x40	; 64
     2aa:	80 83       	st	Z, r24
}
     2ac:	ff 91       	pop	r31
     2ae:	ef 91       	pop	r30
     2b0:	8f 91       	pop	r24
     2b2:	0f 90       	pop	r0
     2b4:	0f be       	out	0x3f, r0	; 63
     2b6:	0f 90       	pop	r0
     2b8:	1f 90       	pop	r1
     2ba:	18 95       	reti

000002bc <__vector_21>:

ISR(ADC_vect) {
     2bc:	1f 92       	push	r1
     2be:	0f 92       	push	r0
     2c0:	0f b6       	in	r0, 0x3f	; 63
     2c2:	0f 92       	push	r0
     2c4:	11 24       	eor	r1, r1
     2c6:	2f 93       	push	r18
     2c8:	3f 93       	push	r19
     2ca:	8f 93       	push	r24
     2cc:	9f 93       	push	r25
     2ce:	ef 93       	push	r30
     2d0:	ff 93       	push	r31
	samples[sample_idx++] = ADC;
     2d2:	80 91 07 01 	lds	r24, 0x0107	; 0x800107 <sample_idx>
     2d6:	90 91 08 01 	lds	r25, 0x0108	; 0x800108 <sample_idx+0x1>
     2da:	9c 01       	movw	r18, r24
     2dc:	2f 5f       	subi	r18, 0xFF	; 255
     2de:	3f 4f       	sbci	r19, 0xFF	; 255
     2e0:	30 93 08 01 	sts	0x0108, r19	; 0x800108 <sample_idx+0x1>
     2e4:	20 93 07 01 	sts	0x0107, r18	; 0x800107 <sample_idx>
     2e8:	20 91 78 00 	lds	r18, 0x0078	; 0x800078 <__TEXT_REGION_LENGTH__+0x7f8078>
     2ec:	30 91 79 00 	lds	r19, 0x0079	; 0x800079 <__TEXT_REGION_LENGTH__+0x7f8079>
     2f0:	88 0f       	add	r24, r24
     2f2:	99 1f       	adc	r25, r25
     2f4:	fc 01       	movw	r30, r24
     2f6:	e7 5f       	subi	r30, 0xF7	; 247
     2f8:	fe 4f       	sbci	r31, 0xFE	; 254
     2fa:	31 83       	std	Z+1, r19	; 0x01
     2fc:	20 83       	st	Z, r18
	if (sample_idx == SAMPLE_NB) {
     2fe:	80 91 07 01 	lds	r24, 0x0107	; 0x800107 <sample_idx>
     302:	90 91 08 01 	lds	r25, 0x0108	; 0x800108 <sample_idx+0x1>
     306:	81 15       	cp	r24, r1
     308:	92 40       	sbci	r25, 0x02	; 2
     30a:	39 f4       	brne	.+14     	; 0x31a <__vector_21+0x5e>
		sample_idx = 0;
     30c:	10 92 08 01 	sts	0x0108, r1	; 0x800108 <sample_idx+0x1>
     310:	10 92 07 01 	sts	0x0107, r1	; 0x800107 <sample_idx>
		block_ready = 1;
     314:	81 e0       	ldi	r24, 0x01	; 1
     316:	80 93 06 01 	sts	0x0106, r24	; 0x800106 <__data_end>
	}
}
     31a:	ff 91       	pop	r31
     31c:	ef 91       	pop	r30
     31e:	9f 91       	pop	r25
     320:	8f 91       	pop	r24
     322:	3f 91       	pop	r19
     324:	2f 91       	pop	r18
     326:	0f 90       	pop	r0
     328:	0f be       	out	0x3f, r0	; 63
     32a:	0f 90       	pop	r0
     32c:	1f 90       	pop	r1
     32e:	18 95       	reti

00000330 <uart_init>:

#define BAUD 9600
#define UBRR_VALUE ((F_CPU) / (16UL * BAUD) - 1)

void uart_init() {
	UBRR0 = UBRR_VALUE;
     330:	87 e6       	ldi	r24, 0x67	; 103
     332:	90 e0       	ldi	r25, 0x00	; 0
     334:	90 93 c5 00 	sts	0x00C5, r25	; 0x8000c5 <__TEXT_REGION_LENGTH__+0x7f80c5>
     338:	80 93 c4 00 	sts	0x00C4, r24	; 0x8000c4 <__TEXT_REGION_LENGTH__+0x7f80c4>
	UCSR0A = 0;
     33c:	10 92 c0 00 	sts	0x00C0, r1	; 0x8000c0 <__TEXT_REGION_LENGTH__+0x7f80c0>
	UCSR0B = _BV(RXEN0) | _BV(TXEN0);
     340:	88 e1       	ldi	r24, 0x18	; 24
     342:	80 93 c1 00 	sts	0x00C1, r24	; 0x8000c1 <__TEXT_REGION_LENGTH__+0x7f80c1>
	UCSR0C = _BV(UCSZ00) | _BV(UCSZ01);
     346:	86 e0       	ldi	r24, 0x06	; 6
     348:	80 93 c2 00 	sts	0x00C2, r24	; 0x8000c2 <__TEXT_REGION_LENGTH__+0x7f80c2>
     34c:	08 95       	ret

0000034e <uart_transmit>:
     34e:	90 91 c0 00 	lds	r25, 0x00C0	; 0x8000c0 <__TEXT_REGION_LENGTH__+0x7f80c0>
     352:	95 ff       	sbrs	r25, 5
     354:	fc cf       	rjmp	.-8      	; 0x34e <uart_transmit>
     356:	80 93 c6 00 	sts	0x00C6, r24	; 0x8000c6 <__TEXT_REGION_LENGTH__+0x7f80c6>
     35a:	80 e0       	ldi	r24, 0x00	; 0
     35c:	90 e0       	ldi	r25, 0x00	; 0
     35e:	08 95       	ret

00000360 <main>:

FILE uart_file;

int main() {
	uart_init();
     360:	0e 94 98 01 	call	0x330	; 0x330 <uart_init>
	fdev_setup_stream(&uart_file, uart_transmit, NULL, _FDEV_SETUP_WRITE);
     364:	87 ea       	ldi	r24, 0xA7	; 167
     366:	91 e0       	ldi	r25, 0x01	; 1
     368:	90 93 12 05 	sts	0x0512, r25	; 0x800512 <uart_file+0x9>
     36c:	80 93 11 05 	sts	0x0511, r24	; 0x800511 <uart_file+0x8>
     370:	10 92 14 05 	sts	0x0514, r1	; 0x800514 <uart_file+0xb>
     374:	10 92 13 05 	sts	0x0513, r1	; 0x800513 <uart_file+0xa>
     378:	82 e0       	ldi	r24, 0x02	; 2
     37a:	80 93 0c 05 	sts	0x050C, r24	; 0x80050c <uart_file+0x3>
     37e:	10 92 16 05 	sts	0x0516, r1	; 0x800516 <uart_file+0xd>
     382:	10 92 15 05 	sts	0x0515, r1	; 0x800515 <uart_file+0xc>
	stdout = &uart_file;
     386:	89 e0       	ldi	r24, 0x09	; 9
     388:	95 e0       	ldi	r25, 0x05	; 5
     38a:	90 93 1a 05 	sts	0x051A, r25	; 0x80051a <__iob+0x3>
     38e:	80 93 19 05 	sts	0x0519, r24	; 0x800519 <__iob+0x2>
				 | _BV(ADPS2) | _BV(ADPS1) | _BV(ADPS0);
	DIDR0 |= _BV(ADC1D);
}

void timer1_init() {
	TCCR1A = 0;
     392:	10 92 80 00 	sts	0x0080, r1	; 0x800080 <__TEXT_REGION_LENGTH__+0x7f8080>
	TCCR1B = _BV(WGM12);
     396:	88 e0       	ldi	r24, 0x08	; 8
     398:	80 93 81 00 	sts	0x0081, r24	; 0x800081 <__TEXT_REGION_LENGTH__+0x7f8081>
	OCR1A = 249; // 16e6 / (8 * 8000) - 1;
     39c:	89 ef       	ldi	r24, 0xF9	; 249
     39e:	90 e0       	ldi	r25, 0x00	; 0
     3a0:	90 93 89 00 	sts	0x0089, r25	; 0x800089 <__TEXT_REGION_LENGTH__+0x7f8089>
     3a4:	80 93 88 00 	sts	0x0088, r24	; 0x800088 <__TEXT_REGION_LENGTH__+0x7f8088>
	TCCR1B |= _BV(CS11);
     3a8:	80 91 81 00 	lds	r24, 0x0081	; 0x800081 <__TEXT_REGION_LENGTH__+0x7f8081>
     3ac:	82 60       	ori	r24, 0x02	; 2
     3ae:	80 93 81 00 	sts	0x0081, r24	; 0x800081 <__TEXT_REGION_LENGTH__+0x7f8081>
	TIMSK1 |= _BV(OCIE1A);
     3b2:	80 91 6f 00 	lds	r24, 0x006F	; 0x80006f <__TEXT_REGION_LENGTH__+0x7f806f>
     3b6:	82 60       	ori	r24, 0x02	; 2
     3b8:	80 93 6f 00 	sts	0x006F, r24	; 0x80006f <__TEXT_REGION_LENGTH__+0x7f806f>
#include "uart.h"

#include <math.h>

void adc_init() {
	ADMUX = _BV(REFS0) | _BV(MUX0);
     3bc:	81 e4       	ldi	r24, 0x41	; 65
     3be:	80 93 7c 00 	sts	0x007C, r24	; 0x80007c <__TEXT_REGION_LENGTH__+0x7f807c>
	ADCSRA = _BV(ADEN) | _BV(ADIE)
     3c2:	8f e8       	ldi	r24, 0x8F	; 143
     3c4:	80 93 7a 00 	sts	0x007A, r24	; 0x80007a <__TEXT_REGION_LENGTH__+0x7f807a>
				 | _BV(ADPS2) | _BV(ADPS1) | _BV(ADPS0);
	DIDR0 |= _BV(ADC1D);
     3c8:	80 91 7e 00 	lds	r24, 0x007E	; 0x80007e <__TEXT_REGION_LENGTH__+0x7f807e>
     3cc:	82 60       	ori	r24, 0x02	; 2
     3ce:	80 93 7e 00 	sts	0x007E, r24	; 0x80007e <__TEXT_REGION_LENGTH__+0x7f807e>
	stdout = &uart_file;

	timer1_init();
	adc_init();

	sei();
     3d2:	78 94       	sei
			float x_ref = 512 / 1.4142135623730951;

			// printf("x: %.2f x_ref: %.2f\r\n", x, x_ref);
			// float dBFS = 20.0 * log10f(x / x_ref);
			float dBFS = 20.0 * (log10f(x) - 2.55875496314384);		
			printf("%.2f\n", dBFS);
     3d4:	c0 e0       	ldi	r28, 0x00	; 0
     3d6:	d1 e0       	ldi	r29, 0x01	; 1
	adc_init();

	sei();

	for (;;) {
		if (block_ready) {
     3d8:	80 91 06 01 	lds	r24, 0x0106	; 0x800106 <__data_end>
     3dc:	88 23       	and	r24, r24
     3de:	e1 f3       	breq	.-8      	; 0x3d8 <main+0x78>
			cli();
     3e0:	f8 94       	cli
	
			block_ready = 0;
     3e2:	10 92 06 01 	sts	0x0106, r1	; 0x800106 <__data_end>

			int32_t sum = 0;
			for (uint16_t i = 0; i < SAMPLE_NB; i++) {
     3e6:	e0 e0       	ldi	r30, 0x00	; 0
     3e8:	f0 e0       	ldi	r31, 0x00	; 0
		if (block_ready) {
			cli();
	
			block_ready = 0;

			int32_t sum = 0;
     3ea:	c1 2c       	mov	r12, r1
     3ec:	d1 2c       	mov	r13, r1
     3ee:	76 01       	movw	r14, r12
			for (uint16_t i = 0; i < SAMPLE_NB; i++) {
				int32_t diff = (int32_t) samples[i] - 512; // 512 <=> ~2.5V		
     3f0:	df 01       	movw	r26, r30
     3f2:	aa 0f       	add	r26, r26
     3f4:	bb 1f       	adc	r27, r27
     3f6:	a7 5f       	subi	r26, 0xF7	; 247
     3f8:	be 4f       	sbci	r27, 0xFE	; 254
     3fa:	6d 91       	ld	r22, X+
     3fc:	7c 91       	ld	r23, X
     3fe:	cb 01       	movw	r24, r22
     400:	a0 e0       	ldi	r26, 0x00	; 0
     402:	b0 e0       	ldi	r27, 0x00	; 0
     404:	bc 01       	movw	r22, r24
     406:	cd 01       	movw	r24, r26
     408:	72 50       	subi	r23, 0x02	; 2
     40a:	81 09       	sbc	r24, r1
     40c:	91 09       	sbc	r25, r1
				sum += diff * diff;
     40e:	9b 01       	movw	r18, r22
     410:	ac 01       	movw	r20, r24
     412:	0e 94 4f 0c 	call	0x189e	; 0x189e <__mulsi3>
     416:	c6 0e       	add	r12, r22
     418:	d7 1e       	adc	r13, r23
     41a:	e8 1e       	adc	r14, r24
     41c:	f9 1e       	adc	r15, r25
			cli();
	
			block_ready = 0;

			int32_t sum = 0;
			for (uint16_t i = 0; i < SAMPLE_NB; i++) {
     41e:	31 96       	adiw	r30, 0x01	; 1
     420:	e1 15       	cp	r30, r1
     422:	82 e0       	ldi	r24, 0x02	; 2
     424:	f8 07       	cpc	r31, r24
     426:	21 f7       	brne	.-56     	; 0x3f0 <main+0x90>
				int32_t diff = (int32_t) samples[i] - 512; // 512 <=> ~2.5V		
				sum += diff * diff;
			}

			sei();
     428:	78 94       	sei

			float x = sqrtf(sum / SAMPLE_NB);
     42a:	f7 fc       	sbrc	r15, 7
     42c:	3b c0       	rjmp	.+118    	; 0x4a4 <__EEPROM_REGION_LENGTH__+0xa4>
     42e:	c7 01       	movw	r24, r14
     430:	b6 01       	movw	r22, r12
     432:	29 e0       	ldi	r18, 0x09	; 9
     434:	95 95       	asr	r25
     436:	87 95       	ror	r24
     438:	77 95       	ror	r23
     43a:	67 95       	ror	r22
     43c:	2a 95       	dec	r18
     43e:	d1 f7       	brne	.-12     	; 0x434 <__EEPROM_REGION_LENGTH__+0x34>
     440:	0e 94 58 0a 	call	0x14b0	; 0x14b0 <__floatsisf>
     444:	0e 94 d3 0b 	call	0x17a6	; 0x17a6 <sqrt>
     448:	6b 01       	movw	r12, r22
     44a:	7c 01       	movw	r14, r24

			if (x < 1E-6)
     44c:	2d eb       	ldi	r18, 0xBD	; 189
     44e:	37 e3       	ldi	r19, 0x37	; 55
     450:	46 e8       	ldi	r20, 0x86	; 134
     452:	55 e3       	ldi	r21, 0x35	; 53
     454:	0e 94 51 0a 	call	0x14a2	; 0x14a2 <__cmpsf2>
     458:	87 fd       	sbrc	r24, 7
     45a:	1f c0       	rjmp	.+62     	; 0x49a <__EEPROM_REGION_LENGTH__+0x9a>
     45c:	c7 01       	movw	r24, r14
     45e:	b6 01       	movw	r22, r12
     460:	0e 94 08 0b 	call	0x1610	; 0x1610 <log10>
     464:	24 ea       	ldi	r18, 0xA4	; 164
     466:	32 ec       	ldi	r19, 0xC2	; 194
     468:	43 e2       	ldi	r20, 0x23	; 35
     46a:	50 e4       	ldi	r21, 0x40	; 64
     46c:	0e 94 e4 09 	call	0x13c8	; 0x13c8 <__subsf3>
     470:	20 e0       	ldi	r18, 0x00	; 0
     472:	30 e0       	ldi	r19, 0x00	; 0
     474:	40 ea       	ldi	r20, 0xA0	; 160
     476:	51 e4       	ldi	r21, 0x41	; 65
     478:	0e 94 60 0b 	call	0x16c0	; 0x16c0 <__mulsf3>
			float x_ref = 512 / 1.4142135623730951;

			// printf("x: %.2f x_ref: %.2f\r\n", x, x_ref);
			// float dBFS = 20.0 * log10f(x / x_ref);
			float dBFS = 20.0 * (log10f(x) - 2.55875496314384);		
			printf("%.2f\n", dBFS);
     47c:	9f 93       	push	r25
     47e:	8f 93       	push	r24
     480:	7f 93       	push	r23
     482:	6f 93       	push	r22
     484:	df 93       	push	r29
     486:	cf 93       	push	r28
     488:	0e 94 34 0e 	call	0x1c68	; 0x1c68 <printf>
     48c:	0f 90       	pop	r0
     48e:	0f 90       	pop	r0
     490:	0f 90       	pop	r0
     492:	0f 90       	pop	r0
     494:	0f 90       	pop	r0
     496:	0f 90       	pop	r0
     498:	9f cf       	rjmp	.-194    	; 0x3d8 <main+0x78>
     49a:	63 ed       	ldi	r22, 0xD3	; 211
     49c:	7c e2       	ldi	r23, 0x2C	; 44
     49e:	8b e2       	ldi	r24, 0x2B	; 43
     4a0:	93 ec       	ldi	r25, 0xC3	; 195
     4a2:	ec cf       	rjmp	.-40     	; 0x47c <__EEPROM_REGION_LENGTH__+0x7c>
				sum += diff * diff;
			}

			sei();

			float x = sqrtf(sum / SAMPLE_NB);
     4a4:	8f ef       	ldi	r24, 0xFF	; 255
     4a6:	c8 0e       	add	r12, r24
     4a8:	81 e0       	ldi	r24, 0x01	; 1
     4aa:	d8 1e       	adc	r13, r24
     4ac:	e1 1c       	adc	r14, r1
     4ae:	f1 1c       	adc	r15, r1
     4b0:	be cf       	rjmp	.-132    	; 0x42e <__EEPROM_REGION_LENGTH__+0x2e>

000004b2 <vfprintf>:
     4b2:	a0 e1       	ldi	r26, 0x10	; 16
     4b4:	b0 e0       	ldi	r27, 0x00	; 0
     4b6:	ef e5       	ldi	r30, 0x5F	; 95
     4b8:	f2 e0       	ldi	r31, 0x02	; 2
     4ba:	0c 94 6a 0c 	jmp	0x18d4	; 0x18d4 <__prologue_saves__>
     4be:	7c 01       	movw	r14, r24
     4c0:	1b 01       	movw	r2, r22
     4c2:	6a 01       	movw	r12, r20
     4c4:	fc 01       	movw	r30, r24
     4c6:	17 82       	std	Z+7, r1	; 0x07
     4c8:	16 82       	std	Z+6, r1	; 0x06
     4ca:	83 81       	ldd	r24, Z+3	; 0x03
     4cc:	81 ff       	sbrs	r24, 1
     4ce:	44 c3       	rjmp	.+1672   	; 0xb58 <__stack+0x259>
     4d0:	9e 01       	movw	r18, r28
     4d2:	2f 5f       	subi	r18, 0xFF	; 255
     4d4:	3f 4f       	sbci	r19, 0xFF	; 255
     4d6:	39 01       	movw	r6, r18
     4d8:	f7 01       	movw	r30, r14
     4da:	93 81       	ldd	r25, Z+3	; 0x03
     4dc:	f1 01       	movw	r30, r2
     4de:	93 fd       	sbrc	r25, 3
     4e0:	85 91       	lpm	r24, Z+
     4e2:	93 ff       	sbrs	r25, 3
     4e4:	81 91       	ld	r24, Z+
     4e6:	1f 01       	movw	r2, r30
     4e8:	88 23       	and	r24, r24
     4ea:	09 f4       	brne	.+2      	; 0x4ee <vfprintf+0x3c>
     4ec:	31 c3       	rjmp	.+1634   	; 0xb50 <__stack+0x251>
     4ee:	85 32       	cpi	r24, 0x25	; 37
     4f0:	39 f4       	brne	.+14     	; 0x500 <vfprintf+0x4e>
     4f2:	93 fd       	sbrc	r25, 3
     4f4:	85 91       	lpm	r24, Z+
     4f6:	93 ff       	sbrs	r25, 3
     4f8:	81 91       	ld	r24, Z+
     4fa:	1f 01       	movw	r2, r30
     4fc:	85 32       	cpi	r24, 0x25	; 37
     4fe:	39 f4       	brne	.+14     	; 0x50e <vfprintf+0x5c>
     500:	b7 01       	movw	r22, r14
     502:	90 e0       	ldi	r25, 0x00	; 0
     504:	0e 94 f8 0d 	call	0x1bf0	; 0x1bf0 <fputc>
     508:	56 01       	movw	r10, r12
     50a:	65 01       	movw	r12, r10
     50c:	e5 cf       	rjmp	.-54     	; 0x4d8 <vfprintf+0x26>
     50e:	10 e0       	ldi	r17, 0x00	; 0
     510:	51 2c       	mov	r5, r1
     512:	91 2c       	mov	r9, r1
     514:	ff e1       	ldi	r31, 0x1F	; 31
     516:	f9 15       	cp	r31, r9
     518:	d8 f0       	brcs	.+54     	; 0x550 <vfprintf+0x9e>
     51a:	8b 32       	cpi	r24, 0x2B	; 43
     51c:	79 f0       	breq	.+30     	; 0x53c <vfprintf+0x8a>
     51e:	38 f4       	brcc	.+14     	; 0x52e <vfprintf+0x7c>
     520:	80 32       	cpi	r24, 0x20	; 32
     522:	79 f0       	breq	.+30     	; 0x542 <vfprintf+0x90>
     524:	83 32       	cpi	r24, 0x23	; 35
     526:	a1 f4       	brne	.+40     	; 0x550 <vfprintf+0x9e>
     528:	f9 2d       	mov	r31, r9
     52a:	f0 61       	ori	r31, 0x10	; 16
     52c:	2e c0       	rjmp	.+92     	; 0x58a <vfprintf+0xd8>
     52e:	8d 32       	cpi	r24, 0x2D	; 45
     530:	61 f0       	breq	.+24     	; 0x54a <vfprintf+0x98>
     532:	80 33       	cpi	r24, 0x30	; 48
     534:	69 f4       	brne	.+26     	; 0x550 <vfprintf+0x9e>
     536:	29 2d       	mov	r18, r9
     538:	21 60       	ori	r18, 0x01	; 1
     53a:	2d c0       	rjmp	.+90     	; 0x596 <vfprintf+0xe4>
     53c:	39 2d       	mov	r19, r9
     53e:	32 60       	ori	r19, 0x02	; 2
     540:	93 2e       	mov	r9, r19
     542:	89 2d       	mov	r24, r9
     544:	84 60       	ori	r24, 0x04	; 4
     546:	98 2e       	mov	r9, r24
     548:	2a c0       	rjmp	.+84     	; 0x59e <vfprintf+0xec>
     54a:	e9 2d       	mov	r30, r9
     54c:	e8 60       	ori	r30, 0x08	; 8
     54e:	15 c0       	rjmp	.+42     	; 0x57a <vfprintf+0xc8>
     550:	97 fc       	sbrc	r9, 7
     552:	2d c0       	rjmp	.+90     	; 0x5ae <vfprintf+0xfc>
     554:	20 ed       	ldi	r18, 0xD0	; 208
     556:	28 0f       	add	r18, r24
     558:	2a 30       	cpi	r18, 0x0A	; 10
     55a:	88 f4       	brcc	.+34     	; 0x57e <vfprintf+0xcc>
     55c:	96 fe       	sbrs	r9, 6
     55e:	06 c0       	rjmp	.+12     	; 0x56c <vfprintf+0xba>
     560:	3a e0       	ldi	r19, 0x0A	; 10
     562:	13 9f       	mul	r17, r19
     564:	20 0d       	add	r18, r0
     566:	11 24       	eor	r1, r1
     568:	12 2f       	mov	r17, r18
     56a:	19 c0       	rjmp	.+50     	; 0x59e <vfprintf+0xec>
     56c:	8a e0       	ldi	r24, 0x0A	; 10
     56e:	58 9e       	mul	r5, r24
     570:	20 0d       	add	r18, r0
     572:	11 24       	eor	r1, r1
     574:	52 2e       	mov	r5, r18
     576:	e9 2d       	mov	r30, r9
     578:	e0 62       	ori	r30, 0x20	; 32
     57a:	9e 2e       	mov	r9, r30
     57c:	10 c0       	rjmp	.+32     	; 0x59e <vfprintf+0xec>
     57e:	8e 32       	cpi	r24, 0x2E	; 46
     580:	31 f4       	brne	.+12     	; 0x58e <vfprintf+0xdc>
     582:	96 fc       	sbrc	r9, 6
     584:	e5 c2       	rjmp	.+1482   	; 0xb50 <__stack+0x251>
     586:	f9 2d       	mov	r31, r9
     588:	f0 64       	ori	r31, 0x40	; 64
     58a:	9f 2e       	mov	r9, r31
     58c:	08 c0       	rjmp	.+16     	; 0x59e <vfprintf+0xec>
     58e:	8c 36       	cpi	r24, 0x6C	; 108
     590:	21 f4       	brne	.+8      	; 0x59a <vfprintf+0xe8>
     592:	29 2d       	mov	r18, r9
     594:	20 68       	ori	r18, 0x80	; 128
     596:	92 2e       	mov	r9, r18
     598:	02 c0       	rjmp	.+4      	; 0x59e <vfprintf+0xec>
     59a:	88 36       	cpi	r24, 0x68	; 104
     59c:	41 f4       	brne	.+16     	; 0x5ae <vfprintf+0xfc>
     59e:	f1 01       	movw	r30, r2
     5a0:	93 fd       	sbrc	r25, 3
     5a2:	85 91       	lpm	r24, Z+
     5a4:	93 ff       	sbrs	r25, 3
     5a6:	81 91       	ld	r24, Z+
     5a8:	1f 01       	movw	r2, r30
     5aa:	81 11       	cpse	r24, r1
     5ac:	b3 cf       	rjmp	.-154    	; 0x514 <vfprintf+0x62>
     5ae:	9b eb       	ldi	r25, 0xBB	; 187
     5b0:	98 0f       	add	r25, r24
     5b2:	93 30       	cpi	r25, 0x03	; 3
     5b4:	20 f4       	brcc	.+8      	; 0x5be <vfprintf+0x10c>
     5b6:	99 2d       	mov	r25, r9
     5b8:	90 61       	ori	r25, 0x10	; 16
     5ba:	80 5e       	subi	r24, 0xE0	; 224
     5bc:	07 c0       	rjmp	.+14     	; 0x5cc <vfprintf+0x11a>
     5be:	9b e9       	ldi	r25, 0x9B	; 155
     5c0:	98 0f       	add	r25, r24
     5c2:	93 30       	cpi	r25, 0x03	; 3
     5c4:	08 f0       	brcs	.+2      	; 0x5c8 <vfprintf+0x116>
     5c6:	66 c1       	rjmp	.+716    	; 0x894 <__DATA_REGION_LENGTH__+0x94>
     5c8:	99 2d       	mov	r25, r9
     5ca:	9f 7e       	andi	r25, 0xEF	; 239
     5cc:	96 ff       	sbrs	r25, 6
     5ce:	16 e0       	ldi	r17, 0x06	; 6
     5d0:	9f 73       	andi	r25, 0x3F	; 63
     5d2:	99 2e       	mov	r9, r25
     5d4:	85 36       	cpi	r24, 0x65	; 101
     5d6:	19 f4       	brne	.+6      	; 0x5de <vfprintf+0x12c>
     5d8:	90 64       	ori	r25, 0x40	; 64
     5da:	99 2e       	mov	r9, r25
     5dc:	08 c0       	rjmp	.+16     	; 0x5ee <vfprintf+0x13c>
     5de:	86 36       	cpi	r24, 0x66	; 102
     5e0:	21 f4       	brne	.+8      	; 0x5ea <vfprintf+0x138>
     5e2:	39 2f       	mov	r19, r25
     5e4:	30 68       	ori	r19, 0x80	; 128
     5e6:	93 2e       	mov	r9, r19
     5e8:	02 c0       	rjmp	.+4      	; 0x5ee <vfprintf+0x13c>
     5ea:	11 11       	cpse	r17, r1
     5ec:	11 50       	subi	r17, 0x01	; 1
     5ee:	97 fe       	sbrs	r9, 7
     5f0:	07 c0       	rjmp	.+14     	; 0x600 <vfprintf+0x14e>
     5f2:	1c 33       	cpi	r17, 0x3C	; 60
     5f4:	50 f4       	brcc	.+20     	; 0x60a <vfprintf+0x158>
     5f6:	44 24       	eor	r4, r4
     5f8:	43 94       	inc	r4
     5fa:	41 0e       	add	r4, r17
     5fc:	27 e0       	ldi	r18, 0x07	; 7
     5fe:	0b c0       	rjmp	.+22     	; 0x616 <vfprintf+0x164>
     600:	18 30       	cpi	r17, 0x08	; 8
     602:	38 f0       	brcs	.+14     	; 0x612 <vfprintf+0x160>
     604:	27 e0       	ldi	r18, 0x07	; 7
     606:	17 e0       	ldi	r17, 0x07	; 7
     608:	05 c0       	rjmp	.+10     	; 0x614 <vfprintf+0x162>
     60a:	27 e0       	ldi	r18, 0x07	; 7
     60c:	9c e3       	ldi	r25, 0x3C	; 60
     60e:	49 2e       	mov	r4, r25
     610:	02 c0       	rjmp	.+4      	; 0x616 <vfprintf+0x164>
     612:	21 2f       	mov	r18, r17
     614:	41 2c       	mov	r4, r1
     616:	56 01       	movw	r10, r12
     618:	84 e0       	ldi	r24, 0x04	; 4
     61a:	a8 0e       	add	r10, r24
     61c:	b1 1c       	adc	r11, r1
     61e:	f6 01       	movw	r30, r12
     620:	60 81       	ld	r22, Z
     622:	71 81       	ldd	r23, Z+1	; 0x01
     624:	82 81       	ldd	r24, Z+2	; 0x02
     626:	93 81       	ldd	r25, Z+3	; 0x03
     628:	04 2d       	mov	r16, r4
     62a:	a3 01       	movw	r20, r6
     62c:	0e 94 b0 0c 	call	0x1960	; 0x1960 <__ftoa_engine>
     630:	6c 01       	movw	r12, r24
     632:	f9 81       	ldd	r31, Y+1	; 0x01
     634:	fc 87       	std	Y+12, r31	; 0x0c
     636:	f0 ff       	sbrs	r31, 0
     638:	02 c0       	rjmp	.+4      	; 0x63e <vfprintf+0x18c>
     63a:	f3 ff       	sbrs	r31, 3
     63c:	06 c0       	rjmp	.+12     	; 0x64a <vfprintf+0x198>
     63e:	91 fc       	sbrc	r9, 1
     640:	06 c0       	rjmp	.+12     	; 0x64e <vfprintf+0x19c>
     642:	92 fe       	sbrs	r9, 2
     644:	06 c0       	rjmp	.+12     	; 0x652 <vfprintf+0x1a0>
     646:	00 e2       	ldi	r16, 0x20	; 32
     648:	05 c0       	rjmp	.+10     	; 0x654 <vfprintf+0x1a2>
     64a:	0d e2       	ldi	r16, 0x2D	; 45
     64c:	03 c0       	rjmp	.+6      	; 0x654 <vfprintf+0x1a2>
     64e:	0b e2       	ldi	r16, 0x2B	; 43
     650:	01 c0       	rjmp	.+2      	; 0x654 <vfprintf+0x1a2>
     652:	00 e0       	ldi	r16, 0x00	; 0
     654:	8c 85       	ldd	r24, Y+12	; 0x0c
     656:	8c 70       	andi	r24, 0x0C	; 12
     658:	19 f0       	breq	.+6      	; 0x660 <vfprintf+0x1ae>
     65a:	01 11       	cpse	r16, r1
     65c:	5a c2       	rjmp	.+1204   	; 0xb12 <__stack+0x213>
     65e:	9b c2       	rjmp	.+1334   	; 0xb96 <__stack+0x297>
     660:	97 fe       	sbrs	r9, 7
     662:	10 c0       	rjmp	.+32     	; 0x684 <vfprintf+0x1d2>
     664:	4c 0c       	add	r4, r12
     666:	fc 85       	ldd	r31, Y+12	; 0x0c
     668:	f4 ff       	sbrs	r31, 4
     66a:	04 c0       	rjmp	.+8      	; 0x674 <vfprintf+0x1c2>
     66c:	8a 81       	ldd	r24, Y+2	; 0x02
     66e:	81 33       	cpi	r24, 0x31	; 49
     670:	09 f4       	brne	.+2      	; 0x674 <vfprintf+0x1c2>
     672:	4a 94       	dec	r4
     674:	14 14       	cp	r1, r4
     676:	74 f5       	brge	.+92     	; 0x6d4 <vfprintf+0x222>
     678:	28 e0       	ldi	r18, 0x08	; 8
     67a:	24 15       	cp	r18, r4
     67c:	78 f5       	brcc	.+94     	; 0x6dc <vfprintf+0x22a>
     67e:	88 e0       	ldi	r24, 0x08	; 8
     680:	48 2e       	mov	r4, r24
     682:	2c c0       	rjmp	.+88     	; 0x6dc <vfprintf+0x22a>
     684:	96 fc       	sbrc	r9, 6
     686:	2a c0       	rjmp	.+84     	; 0x6dc <vfprintf+0x22a>
     688:	81 2f       	mov	r24, r17
     68a:	90 e0       	ldi	r25, 0x00	; 0
     68c:	8c 15       	cp	r24, r12
     68e:	9d 05       	cpc	r25, r13
     690:	9c f0       	brlt	.+38     	; 0x6b8 <vfprintf+0x206>
     692:	3c ef       	ldi	r19, 0xFC	; 252
     694:	c3 16       	cp	r12, r19
     696:	3f ef       	ldi	r19, 0xFF	; 255
     698:	d3 06       	cpc	r13, r19
     69a:	74 f0       	brlt	.+28     	; 0x6b8 <vfprintf+0x206>
     69c:	89 2d       	mov	r24, r9
     69e:	80 68       	ori	r24, 0x80	; 128
     6a0:	98 2e       	mov	r9, r24
     6a2:	0a c0       	rjmp	.+20     	; 0x6b8 <vfprintf+0x206>
     6a4:	e2 e0       	ldi	r30, 0x02	; 2
     6a6:	f0 e0       	ldi	r31, 0x00	; 0
     6a8:	ec 0f       	add	r30, r28
     6aa:	fd 1f       	adc	r31, r29
     6ac:	e1 0f       	add	r30, r17
     6ae:	f1 1d       	adc	r31, r1
     6b0:	80 81       	ld	r24, Z
     6b2:	80 33       	cpi	r24, 0x30	; 48
     6b4:	19 f4       	brne	.+6      	; 0x6bc <vfprintf+0x20a>
     6b6:	11 50       	subi	r17, 0x01	; 1
     6b8:	11 11       	cpse	r17, r1
     6ba:	f4 cf       	rjmp	.-24     	; 0x6a4 <vfprintf+0x1f2>
     6bc:	97 fe       	sbrs	r9, 7
     6be:	0e c0       	rjmp	.+28     	; 0x6dc <vfprintf+0x22a>
     6c0:	44 24       	eor	r4, r4
     6c2:	43 94       	inc	r4
     6c4:	41 0e       	add	r4, r17
     6c6:	81 2f       	mov	r24, r17
     6c8:	90 e0       	ldi	r25, 0x00	; 0
     6ca:	c8 16       	cp	r12, r24
     6cc:	d9 06       	cpc	r13, r25
     6ce:	2c f4       	brge	.+10     	; 0x6da <vfprintf+0x228>
     6d0:	1c 19       	sub	r17, r12
     6d2:	04 c0       	rjmp	.+8      	; 0x6dc <vfprintf+0x22a>
     6d4:	44 24       	eor	r4, r4
     6d6:	43 94       	inc	r4
     6d8:	01 c0       	rjmp	.+2      	; 0x6dc <vfprintf+0x22a>
     6da:	10 e0       	ldi	r17, 0x00	; 0
     6dc:	97 fe       	sbrs	r9, 7
     6de:	06 c0       	rjmp	.+12     	; 0x6ec <vfprintf+0x23a>
     6e0:	1c 14       	cp	r1, r12
     6e2:	1d 04       	cpc	r1, r13
     6e4:	34 f4       	brge	.+12     	; 0x6f2 <vfprintf+0x240>
     6e6:	c6 01       	movw	r24, r12
     6e8:	01 96       	adiw	r24, 0x01	; 1
     6ea:	05 c0       	rjmp	.+10     	; 0x6f6 <vfprintf+0x244>
     6ec:	85 e0       	ldi	r24, 0x05	; 5
     6ee:	90 e0       	ldi	r25, 0x00	; 0
     6f0:	02 c0       	rjmp	.+4      	; 0x6f6 <vfprintf+0x244>
     6f2:	81 e0       	ldi	r24, 0x01	; 1
     6f4:	90 e0       	ldi	r25, 0x00	; 0
     6f6:	01 11       	cpse	r16, r1
     6f8:	01 96       	adiw	r24, 0x01	; 1
     6fa:	11 23       	and	r17, r17
     6fc:	31 f0       	breq	.+12     	; 0x70a <vfprintf+0x258>
     6fe:	21 2f       	mov	r18, r17
     700:	30 e0       	ldi	r19, 0x00	; 0
     702:	2f 5f       	subi	r18, 0xFF	; 255
     704:	3f 4f       	sbci	r19, 0xFF	; 255
     706:	82 0f       	add	r24, r18
     708:	93 1f       	adc	r25, r19
     70a:	25 2d       	mov	r18, r5
     70c:	30 e0       	ldi	r19, 0x00	; 0
     70e:	82 17       	cp	r24, r18
     710:	93 07       	cpc	r25, r19
     712:	14 f4       	brge	.+4      	; 0x718 <vfprintf+0x266>
     714:	58 1a       	sub	r5, r24
     716:	01 c0       	rjmp	.+2      	; 0x71a <vfprintf+0x268>
     718:	51 2c       	mov	r5, r1
     71a:	89 2d       	mov	r24, r9
     71c:	89 70       	andi	r24, 0x09	; 9
     71e:	49 f4       	brne	.+18     	; 0x732 <vfprintf+0x280>
     720:	55 20       	and	r5, r5
     722:	39 f0       	breq	.+14     	; 0x732 <vfprintf+0x280>
     724:	b7 01       	movw	r22, r14
     726:	80 e2       	ldi	r24, 0x20	; 32
     728:	90 e0       	ldi	r25, 0x00	; 0
     72a:	0e 94 f8 0d 	call	0x1bf0	; 0x1bf0 <fputc>
     72e:	5a 94       	dec	r5
     730:	f7 cf       	rjmp	.-18     	; 0x720 <vfprintf+0x26e>
     732:	00 23       	and	r16, r16
     734:	29 f0       	breq	.+10     	; 0x740 <vfprintf+0x28e>
     736:	b7 01       	movw	r22, r14
     738:	80 2f       	mov	r24, r16
     73a:	90 e0       	ldi	r25, 0x00	; 0
     73c:	0e 94 f8 0d 	call	0x1bf0	; 0x1bf0 <fputc>
     740:	93 fc       	sbrc	r9, 3
     742:	09 c0       	rjmp	.+18     	; 0x756 <vfprintf+0x2a4>
     744:	55 20       	and	r5, r5
     746:	39 f0       	breq	.+14     	; 0x756 <vfprintf+0x2a4>
     748:	b7 01       	movw	r22, r14
     74a:	80 e3       	ldi	r24, 0x30	; 48
     74c:	90 e0       	ldi	r25, 0x00	; 0
     74e:	0e 94 f8 0d 	call	0x1bf0	; 0x1bf0 <fputc>
     752:	5a 94       	dec	r5
     754:	f7 cf       	rjmp	.-18     	; 0x744 <vfprintf+0x292>
     756:	97 fe       	sbrs	r9, 7
     758:	4c c0       	rjmp	.+152    	; 0x7f2 <vfprintf+0x340>
     75a:	46 01       	movw	r8, r12
     75c:	d7 fe       	sbrs	r13, 7
     75e:	02 c0       	rjmp	.+4      	; 0x764 <vfprintf+0x2b2>
     760:	81 2c       	mov	r8, r1
     762:	91 2c       	mov	r9, r1
     764:	c6 01       	movw	r24, r12
     766:	88 19       	sub	r24, r8
     768:	99 09       	sbc	r25, r9
     76a:	f3 01       	movw	r30, r6
     76c:	e8 0f       	add	r30, r24
     76e:	f9 1f       	adc	r31, r25
     770:	fe 87       	std	Y+14, r31	; 0x0e
     772:	ed 87       	std	Y+13, r30	; 0x0d
     774:	96 01       	movw	r18, r12
     776:	24 19       	sub	r18, r4
     778:	31 09       	sbc	r19, r1
     77a:	38 8b       	std	Y+16, r19	; 0x10
     77c:	2f 87       	std	Y+15, r18	; 0x0f
     77e:	01 2f       	mov	r16, r17
     780:	10 e0       	ldi	r17, 0x00	; 0
     782:	11 95       	neg	r17
     784:	01 95       	neg	r16
     786:	11 09       	sbc	r17, r1
     788:	3f ef       	ldi	r19, 0xFF	; 255
     78a:	83 16       	cp	r8, r19
     78c:	93 06       	cpc	r9, r19
     78e:	29 f4       	brne	.+10     	; 0x79a <vfprintf+0x2e8>
     790:	b7 01       	movw	r22, r14
     792:	8e e2       	ldi	r24, 0x2E	; 46
     794:	90 e0       	ldi	r25, 0x00	; 0
     796:	0e 94 f8 0d 	call	0x1bf0	; 0x1bf0 <fputc>
     79a:	c8 14       	cp	r12, r8
     79c:	d9 04       	cpc	r13, r9
     79e:	4c f0       	brlt	.+18     	; 0x7b2 <vfprintf+0x300>
     7a0:	8f 85       	ldd	r24, Y+15	; 0x0f
     7a2:	98 89       	ldd	r25, Y+16	; 0x10
     7a4:	88 15       	cp	r24, r8
     7a6:	99 05       	cpc	r25, r9
     7a8:	24 f4       	brge	.+8      	; 0x7b2 <vfprintf+0x300>
     7aa:	ed 85       	ldd	r30, Y+13	; 0x0d
     7ac:	fe 85       	ldd	r31, Y+14	; 0x0e
     7ae:	81 81       	ldd	r24, Z+1	; 0x01
     7b0:	01 c0       	rjmp	.+2      	; 0x7b4 <vfprintf+0x302>
     7b2:	80 e3       	ldi	r24, 0x30	; 48
     7b4:	f1 e0       	ldi	r31, 0x01	; 1
     7b6:	8f 1a       	sub	r8, r31
     7b8:	91 08       	sbc	r9, r1
     7ba:	2d 85       	ldd	r18, Y+13	; 0x0d
     7bc:	3e 85       	ldd	r19, Y+14	; 0x0e
     7be:	2f 5f       	subi	r18, 0xFF	; 255
     7c0:	3f 4f       	sbci	r19, 0xFF	; 255
     7c2:	3e 87       	std	Y+14, r19	; 0x0e
     7c4:	2d 87       	std	Y+13, r18	; 0x0d
     7c6:	80 16       	cp	r8, r16
     7c8:	91 06       	cpc	r9, r17
     7ca:	2c f0       	brlt	.+10     	; 0x7d6 <vfprintf+0x324>
     7cc:	b7 01       	movw	r22, r14
     7ce:	90 e0       	ldi	r25, 0x00	; 0
     7d0:	0e 94 f8 0d 	call	0x1bf0	; 0x1bf0 <fputc>
     7d4:	d9 cf       	rjmp	.-78     	; 0x788 <vfprintf+0x2d6>
     7d6:	c8 14       	cp	r12, r8
     7d8:	d9 04       	cpc	r13, r9
     7da:	41 f4       	brne	.+16     	; 0x7ec <vfprintf+0x33a>
     7dc:	9a 81       	ldd	r25, Y+2	; 0x02
     7de:	96 33       	cpi	r25, 0x36	; 54
     7e0:	20 f4       	brcc	.+8      	; 0x7ea <vfprintf+0x338>
     7e2:	95 33       	cpi	r25, 0x35	; 53
     7e4:	19 f4       	brne	.+6      	; 0x7ec <vfprintf+0x33a>
     7e6:	3c 85       	ldd	r19, Y+12	; 0x0c
     7e8:	34 ff       	sbrs	r19, 4
     7ea:	81 e3       	ldi	r24, 0x31	; 49
     7ec:	b7 01       	movw	r22, r14
     7ee:	90 e0       	ldi	r25, 0x00	; 0
     7f0:	4e c0       	rjmp	.+156    	; 0x88e <__DATA_REGION_LENGTH__+0x8e>
     7f2:	8a 81       	ldd	r24, Y+2	; 0x02
     7f4:	81 33       	cpi	r24, 0x31	; 49
     7f6:	19 f0       	breq	.+6      	; 0x7fe <vfprintf+0x34c>
     7f8:	9c 85       	ldd	r25, Y+12	; 0x0c
     7fa:	9f 7e       	andi	r25, 0xEF	; 239
     7fc:	9c 87       	std	Y+12, r25	; 0x0c
     7fe:	b7 01       	movw	r22, r14
     800:	90 e0       	ldi	r25, 0x00	; 0
     802:	0e 94 f8 0d 	call	0x1bf0	; 0x1bf0 <fputc>
     806:	11 11       	cpse	r17, r1
     808:	05 c0       	rjmp	.+10     	; 0x814 <__DATA_REGION_LENGTH__+0x14>
     80a:	94 fc       	sbrc	r9, 4
     80c:	18 c0       	rjmp	.+48     	; 0x83e <__DATA_REGION_LENGTH__+0x3e>
     80e:	85 e6       	ldi	r24, 0x65	; 101
     810:	90 e0       	ldi	r25, 0x00	; 0
     812:	17 c0       	rjmp	.+46     	; 0x842 <__DATA_REGION_LENGTH__+0x42>
     814:	b7 01       	movw	r22, r14
     816:	8e e2       	ldi	r24, 0x2E	; 46
     818:	90 e0       	ldi	r25, 0x00	; 0
     81a:	0e 94 f8 0d 	call	0x1bf0	; 0x1bf0 <fputc>
     81e:	1e 5f       	subi	r17, 0xFE	; 254
     820:	82 e0       	ldi	r24, 0x02	; 2
     822:	01 e0       	ldi	r16, 0x01	; 1
     824:	08 0f       	add	r16, r24
     826:	f3 01       	movw	r30, r6
     828:	e8 0f       	add	r30, r24
     82a:	f1 1d       	adc	r31, r1
     82c:	80 81       	ld	r24, Z
     82e:	b7 01       	movw	r22, r14
     830:	90 e0       	ldi	r25, 0x00	; 0
     832:	0e 94 f8 0d 	call	0x1bf0	; 0x1bf0 <fputc>
     836:	80 2f       	mov	r24, r16
     838:	01 13       	cpse	r16, r17
     83a:	f3 cf       	rjmp	.-26     	; 0x822 <__DATA_REGION_LENGTH__+0x22>
     83c:	e6 cf       	rjmp	.-52     	; 0x80a <__DATA_REGION_LENGTH__+0xa>
     83e:	85 e4       	ldi	r24, 0x45	; 69
     840:	90 e0       	ldi	r25, 0x00	; 0
     842:	b7 01       	movw	r22, r14
     844:	0e 94 f8 0d 	call	0x1bf0	; 0x1bf0 <fputc>
     848:	d7 fc       	sbrc	r13, 7
     84a:	06 c0       	rjmp	.+12     	; 0x858 <__DATA_REGION_LENGTH__+0x58>
     84c:	c1 14       	cp	r12, r1
     84e:	d1 04       	cpc	r13, r1
     850:	41 f4       	brne	.+16     	; 0x862 <__DATA_REGION_LENGTH__+0x62>
     852:	ec 85       	ldd	r30, Y+12	; 0x0c
     854:	e4 ff       	sbrs	r30, 4
     856:	05 c0       	rjmp	.+10     	; 0x862 <__DATA_REGION_LENGTH__+0x62>
     858:	d1 94       	neg	r13
     85a:	c1 94       	neg	r12
     85c:	d1 08       	sbc	r13, r1
     85e:	8d e2       	ldi	r24, 0x2D	; 45
     860:	01 c0       	rjmp	.+2      	; 0x864 <__DATA_REGION_LENGTH__+0x64>
     862:	8b e2       	ldi	r24, 0x2B	; 43
     864:	b7 01       	movw	r22, r14
     866:	90 e0       	ldi	r25, 0x00	; 0
     868:	0e 94 f8 0d 	call	0x1bf0	; 0x1bf0 <fputc>
     86c:	80 e3       	ldi	r24, 0x30	; 48
     86e:	2a e0       	ldi	r18, 0x0A	; 10
     870:	c2 16       	cp	r12, r18
     872:	d1 04       	cpc	r13, r1
     874:	2c f0       	brlt	.+10     	; 0x880 <__DATA_REGION_LENGTH__+0x80>
     876:	8f 5f       	subi	r24, 0xFF	; 255
     878:	fa e0       	ldi	r31, 0x0A	; 10
     87a:	cf 1a       	sub	r12, r31
     87c:	d1 08       	sbc	r13, r1
     87e:	f7 cf       	rjmp	.-18     	; 0x86e <__DATA_REGION_LENGTH__+0x6e>
     880:	b7 01       	movw	r22, r14
     882:	90 e0       	ldi	r25, 0x00	; 0
     884:	0e 94 f8 0d 	call	0x1bf0	; 0x1bf0 <fputc>
     888:	b7 01       	movw	r22, r14
     88a:	c6 01       	movw	r24, r12
     88c:	c0 96       	adiw	r24, 0x30	; 48
     88e:	0e 94 f8 0d 	call	0x1bf0	; 0x1bf0 <fputc>
     892:	54 c1       	rjmp	.+680    	; 0xb3c <__stack+0x23d>
     894:	83 36       	cpi	r24, 0x63	; 99
     896:	31 f0       	breq	.+12     	; 0x8a4 <__DATA_REGION_LENGTH__+0xa4>
     898:	83 37       	cpi	r24, 0x73	; 115
     89a:	79 f0       	breq	.+30     	; 0x8ba <__DATA_REGION_LENGTH__+0xba>
     89c:	83 35       	cpi	r24, 0x53	; 83
     89e:	09 f0       	breq	.+2      	; 0x8a2 <__DATA_REGION_LENGTH__+0xa2>
     8a0:	56 c0       	rjmp	.+172    	; 0x94e <__stack+0x4f>
     8a2:	20 c0       	rjmp	.+64     	; 0x8e4 <__DATA_REGION_LENGTH__+0xe4>
     8a4:	56 01       	movw	r10, r12
     8a6:	32 e0       	ldi	r19, 0x02	; 2
     8a8:	a3 0e       	add	r10, r19
     8aa:	b1 1c       	adc	r11, r1
     8ac:	f6 01       	movw	r30, r12
     8ae:	80 81       	ld	r24, Z
     8b0:	89 83       	std	Y+1, r24	; 0x01
     8b2:	01 e0       	ldi	r16, 0x01	; 1
     8b4:	10 e0       	ldi	r17, 0x00	; 0
     8b6:	63 01       	movw	r12, r6
     8b8:	12 c0       	rjmp	.+36     	; 0x8de <__DATA_REGION_LENGTH__+0xde>
     8ba:	56 01       	movw	r10, r12
     8bc:	f2 e0       	ldi	r31, 0x02	; 2
     8be:	af 0e       	add	r10, r31
     8c0:	b1 1c       	adc	r11, r1
     8c2:	f6 01       	movw	r30, r12
     8c4:	c0 80       	ld	r12, Z
     8c6:	d1 80       	ldd	r13, Z+1	; 0x01
     8c8:	96 fe       	sbrs	r9, 6
     8ca:	03 c0       	rjmp	.+6      	; 0x8d2 <__DATA_REGION_LENGTH__+0xd2>
     8cc:	61 2f       	mov	r22, r17
     8ce:	70 e0       	ldi	r23, 0x00	; 0
     8d0:	02 c0       	rjmp	.+4      	; 0x8d6 <__DATA_REGION_LENGTH__+0xd6>
     8d2:	6f ef       	ldi	r22, 0xFF	; 255
     8d4:	7f ef       	ldi	r23, 0xFF	; 255
     8d6:	c6 01       	movw	r24, r12
     8d8:	0e 94 af 0d 	call	0x1b5e	; 0x1b5e <strnlen>
     8dc:	8c 01       	movw	r16, r24
     8de:	f9 2d       	mov	r31, r9
     8e0:	ff 77       	andi	r31, 0x7F	; 127
     8e2:	14 c0       	rjmp	.+40     	; 0x90c <__stack+0xd>
     8e4:	56 01       	movw	r10, r12
     8e6:	22 e0       	ldi	r18, 0x02	; 2
     8e8:	a2 0e       	add	r10, r18
     8ea:	b1 1c       	adc	r11, r1
     8ec:	f6 01       	movw	r30, r12
     8ee:	c0 80       	ld	r12, Z
     8f0:	d1 80       	ldd	r13, Z+1	; 0x01
     8f2:	96 fe       	sbrs	r9, 6
     8f4:	03 c0       	rjmp	.+6      	; 0x8fc <__DATA_REGION_LENGTH__+0xfc>
     8f6:	61 2f       	mov	r22, r17
     8f8:	70 e0       	ldi	r23, 0x00	; 0
     8fa:	02 c0       	rjmp	.+4      	; 0x900 <__stack+0x1>
     8fc:	6f ef       	ldi	r22, 0xFF	; 255
     8fe:	7f ef       	ldi	r23, 0xFF	; 255
     900:	c6 01       	movw	r24, r12
     902:	0e 94 a4 0d 	call	0x1b48	; 0x1b48 <strnlen_P>
     906:	8c 01       	movw	r16, r24
     908:	f9 2d       	mov	r31, r9
     90a:	f0 68       	ori	r31, 0x80	; 128
     90c:	9f 2e       	mov	r9, r31
     90e:	f3 fd       	sbrc	r31, 3
     910:	1a c0       	rjmp	.+52     	; 0x946 <__stack+0x47>
     912:	85 2d       	mov	r24, r5
     914:	90 e0       	ldi	r25, 0x00	; 0
     916:	08 17       	cp	r16, r24
     918:	19 07       	cpc	r17, r25
     91a:	a8 f4       	brcc	.+42     	; 0x946 <__stack+0x47>
     91c:	b7 01       	movw	r22, r14
     91e:	80 e2       	ldi	r24, 0x20	; 32
     920:	90 e0       	ldi	r25, 0x00	; 0
     922:	0e 94 f8 0d 	call	0x1bf0	; 0x1bf0 <fputc>
     926:	5a 94       	dec	r5
     928:	f4 cf       	rjmp	.-24     	; 0x912 <__stack+0x13>
     92a:	f6 01       	movw	r30, r12
     92c:	97 fc       	sbrc	r9, 7
     92e:	85 91       	lpm	r24, Z+
     930:	97 fe       	sbrs	r9, 7
     932:	81 91       	ld	r24, Z+
     934:	6f 01       	movw	r12, r30
     936:	b7 01       	movw	r22, r14
     938:	90 e0       	ldi	r25, 0x00	; 0
     93a:	0e 94 f8 0d 	call	0x1bf0	; 0x1bf0 <fputc>
     93e:	51 10       	cpse	r5, r1
     940:	5a 94       	dec	r5
     942:	01 50       	subi	r16, 0x01	; 1
     944:	11 09       	sbc	r17, r1
     946:	01 15       	cp	r16, r1
     948:	11 05       	cpc	r17, r1
     94a:	79 f7       	brne	.-34     	; 0x92a <__stack+0x2b>
     94c:	f7 c0       	rjmp	.+494    	; 0xb3c <__stack+0x23d>
     94e:	84 36       	cpi	r24, 0x64	; 100
     950:	11 f0       	breq	.+4      	; 0x956 <__stack+0x57>
     952:	89 36       	cpi	r24, 0x69	; 105
     954:	61 f5       	brne	.+88     	; 0x9ae <__stack+0xaf>
     956:	56 01       	movw	r10, r12
     958:	97 fe       	sbrs	r9, 7
     95a:	09 c0       	rjmp	.+18     	; 0x96e <__stack+0x6f>
     95c:	24 e0       	ldi	r18, 0x04	; 4
     95e:	a2 0e       	add	r10, r18
     960:	b1 1c       	adc	r11, r1
     962:	f6 01       	movw	r30, r12
     964:	60 81       	ld	r22, Z
     966:	71 81       	ldd	r23, Z+1	; 0x01
     968:	82 81       	ldd	r24, Z+2	; 0x02
     96a:	93 81       	ldd	r25, Z+3	; 0x03
     96c:	0a c0       	rjmp	.+20     	; 0x982 <__stack+0x83>
     96e:	f2 e0       	ldi	r31, 0x02	; 2
     970:	af 0e       	add	r10, r31
     972:	b1 1c       	adc	r11, r1
     974:	f6 01       	movw	r30, r12
     976:	60 81       	ld	r22, Z
     978:	71 81       	ldd	r23, Z+1	; 0x01
     97a:	07 2e       	mov	r0, r23
     97c:	00 0c       	add	r0, r0
     97e:	88 0b       	sbc	r24, r24
     980:	99 0b       	sbc	r25, r25
     982:	f9 2d       	mov	r31, r9
     984:	ff 76       	andi	r31, 0x6F	; 111
     986:	9f 2e       	mov	r9, r31
     988:	97 ff       	sbrs	r25, 7
     98a:	09 c0       	rjmp	.+18     	; 0x99e <__stack+0x9f>
     98c:	90 95       	com	r25
     98e:	80 95       	com	r24
     990:	70 95       	com	r23
     992:	61 95       	neg	r22
     994:	7f 4f       	sbci	r23, 0xFF	; 255
     996:	8f 4f       	sbci	r24, 0xFF	; 255
     998:	9f 4f       	sbci	r25, 0xFF	; 255
     99a:	f0 68       	ori	r31, 0x80	; 128
     99c:	9f 2e       	mov	r9, r31
     99e:	2a e0       	ldi	r18, 0x0A	; 10
     9a0:	30 e0       	ldi	r19, 0x00	; 0
     9a2:	a3 01       	movw	r20, r6
     9a4:	0e 94 63 0e 	call	0x1cc6	; 0x1cc6 <__ultoa_invert>
     9a8:	c8 2e       	mov	r12, r24
     9aa:	c6 18       	sub	r12, r6
     9ac:	3f c0       	rjmp	.+126    	; 0xa2c <__stack+0x12d>
     9ae:	09 2d       	mov	r16, r9
     9b0:	85 37       	cpi	r24, 0x75	; 117
     9b2:	21 f4       	brne	.+8      	; 0x9bc <__stack+0xbd>
     9b4:	0f 7e       	andi	r16, 0xEF	; 239
     9b6:	2a e0       	ldi	r18, 0x0A	; 10
     9b8:	30 e0       	ldi	r19, 0x00	; 0
     9ba:	1d c0       	rjmp	.+58     	; 0x9f6 <__stack+0xf7>
     9bc:	09 7f       	andi	r16, 0xF9	; 249
     9be:	8f 36       	cpi	r24, 0x6F	; 111
     9c0:	91 f0       	breq	.+36     	; 0x9e6 <__stack+0xe7>
     9c2:	18 f4       	brcc	.+6      	; 0x9ca <__stack+0xcb>
     9c4:	88 35       	cpi	r24, 0x58	; 88
     9c6:	59 f0       	breq	.+22     	; 0x9de <__stack+0xdf>
     9c8:	c3 c0       	rjmp	.+390    	; 0xb50 <__stack+0x251>
     9ca:	80 37       	cpi	r24, 0x70	; 112
     9cc:	19 f0       	breq	.+6      	; 0x9d4 <__stack+0xd5>
     9ce:	88 37       	cpi	r24, 0x78	; 120
     9d0:	11 f0       	breq	.+4      	; 0x9d6 <__stack+0xd7>
     9d2:	be c0       	rjmp	.+380    	; 0xb50 <__stack+0x251>
     9d4:	00 61       	ori	r16, 0x10	; 16
     9d6:	04 ff       	sbrs	r16, 4
     9d8:	09 c0       	rjmp	.+18     	; 0x9ec <__stack+0xed>
     9da:	04 60       	ori	r16, 0x04	; 4
     9dc:	07 c0       	rjmp	.+14     	; 0x9ec <__stack+0xed>
     9de:	94 fe       	sbrs	r9, 4
     9e0:	08 c0       	rjmp	.+16     	; 0x9f2 <__stack+0xf3>
     9e2:	06 60       	ori	r16, 0x06	; 6
     9e4:	06 c0       	rjmp	.+12     	; 0x9f2 <__stack+0xf3>
     9e6:	28 e0       	ldi	r18, 0x08	; 8
     9e8:	30 e0       	ldi	r19, 0x00	; 0
     9ea:	05 c0       	rjmp	.+10     	; 0x9f6 <__stack+0xf7>
     9ec:	20 e1       	ldi	r18, 0x10	; 16
     9ee:	30 e0       	ldi	r19, 0x00	; 0
     9f0:	02 c0       	rjmp	.+4      	; 0x9f6 <__stack+0xf7>
     9f2:	20 e1       	ldi	r18, 0x10	; 16
     9f4:	32 e0       	ldi	r19, 0x02	; 2
     9f6:	56 01       	movw	r10, r12
     9f8:	07 ff       	sbrs	r16, 7
     9fa:	09 c0       	rjmp	.+18     	; 0xa0e <__stack+0x10f>
     9fc:	84 e0       	ldi	r24, 0x04	; 4
     9fe:	a8 0e       	add	r10, r24
     a00:	b1 1c       	adc	r11, r1
     a02:	f6 01       	movw	r30, r12
     a04:	60 81       	ld	r22, Z
     a06:	71 81       	ldd	r23, Z+1	; 0x01
     a08:	82 81       	ldd	r24, Z+2	; 0x02
     a0a:	93 81       	ldd	r25, Z+3	; 0x03
     a0c:	08 c0       	rjmp	.+16     	; 0xa1e <__stack+0x11f>
     a0e:	f2 e0       	ldi	r31, 0x02	; 2
     a10:	af 0e       	add	r10, r31
     a12:	b1 1c       	adc	r11, r1
     a14:	f6 01       	movw	r30, r12
     a16:	60 81       	ld	r22, Z
     a18:	71 81       	ldd	r23, Z+1	; 0x01
     a1a:	80 e0       	ldi	r24, 0x00	; 0
     a1c:	90 e0       	ldi	r25, 0x00	; 0
     a1e:	a3 01       	movw	r20, r6
     a20:	0e 94 63 0e 	call	0x1cc6	; 0x1cc6 <__ultoa_invert>
     a24:	c8 2e       	mov	r12, r24
     a26:	c6 18       	sub	r12, r6
     a28:	0f 77       	andi	r16, 0x7F	; 127
     a2a:	90 2e       	mov	r9, r16
     a2c:	96 fe       	sbrs	r9, 6
     a2e:	0b c0       	rjmp	.+22     	; 0xa46 <__stack+0x147>
     a30:	09 2d       	mov	r16, r9
     a32:	0e 7f       	andi	r16, 0xFE	; 254
     a34:	c1 16       	cp	r12, r17
     a36:	50 f4       	brcc	.+20     	; 0xa4c <__stack+0x14d>
     a38:	94 fe       	sbrs	r9, 4
     a3a:	0a c0       	rjmp	.+20     	; 0xa50 <__stack+0x151>
     a3c:	92 fc       	sbrc	r9, 2
     a3e:	08 c0       	rjmp	.+16     	; 0xa50 <__stack+0x151>
     a40:	09 2d       	mov	r16, r9
     a42:	0e 7e       	andi	r16, 0xEE	; 238
     a44:	05 c0       	rjmp	.+10     	; 0xa50 <__stack+0x151>
     a46:	dc 2c       	mov	r13, r12
     a48:	09 2d       	mov	r16, r9
     a4a:	03 c0       	rjmp	.+6      	; 0xa52 <__stack+0x153>
     a4c:	dc 2c       	mov	r13, r12
     a4e:	01 c0       	rjmp	.+2      	; 0xa52 <__stack+0x153>
     a50:	d1 2e       	mov	r13, r17
     a52:	04 ff       	sbrs	r16, 4
     a54:	0d c0       	rjmp	.+26     	; 0xa70 <__stack+0x171>
     a56:	fe 01       	movw	r30, r28
     a58:	ec 0d       	add	r30, r12
     a5a:	f1 1d       	adc	r31, r1
     a5c:	80 81       	ld	r24, Z
     a5e:	80 33       	cpi	r24, 0x30	; 48
     a60:	11 f4       	brne	.+4      	; 0xa66 <__stack+0x167>
     a62:	09 7e       	andi	r16, 0xE9	; 233
     a64:	09 c0       	rjmp	.+18     	; 0xa78 <__stack+0x179>
     a66:	02 ff       	sbrs	r16, 2
     a68:	06 c0       	rjmp	.+12     	; 0xa76 <__stack+0x177>
     a6a:	d3 94       	inc	r13
     a6c:	d3 94       	inc	r13
     a6e:	04 c0       	rjmp	.+8      	; 0xa78 <__stack+0x179>
     a70:	80 2f       	mov	r24, r16
     a72:	86 78       	andi	r24, 0x86	; 134
     a74:	09 f0       	breq	.+2      	; 0xa78 <__stack+0x179>
     a76:	d3 94       	inc	r13
     a78:	03 fd       	sbrc	r16, 3
     a7a:	11 c0       	rjmp	.+34     	; 0xa9e <__stack+0x19f>
     a7c:	00 ff       	sbrs	r16, 0
     a7e:	06 c0       	rjmp	.+12     	; 0xa8c <__stack+0x18d>
     a80:	1c 2d       	mov	r17, r12
     a82:	d5 14       	cp	r13, r5
     a84:	80 f4       	brcc	.+32     	; 0xaa6 <__stack+0x1a7>
     a86:	15 0d       	add	r17, r5
     a88:	1d 19       	sub	r17, r13
     a8a:	0d c0       	rjmp	.+26     	; 0xaa6 <__stack+0x1a7>
     a8c:	d5 14       	cp	r13, r5
     a8e:	58 f4       	brcc	.+22     	; 0xaa6 <__stack+0x1a7>
     a90:	b7 01       	movw	r22, r14
     a92:	80 e2       	ldi	r24, 0x20	; 32
     a94:	90 e0       	ldi	r25, 0x00	; 0
     a96:	0e 94 f8 0d 	call	0x1bf0	; 0x1bf0 <fputc>
     a9a:	d3 94       	inc	r13
     a9c:	f7 cf       	rjmp	.-18     	; 0xa8c <__stack+0x18d>
     a9e:	d5 14       	cp	r13, r5
     aa0:	10 f4       	brcc	.+4      	; 0xaa6 <__stack+0x1a7>
     aa2:	5d 18       	sub	r5, r13
     aa4:	01 c0       	rjmp	.+2      	; 0xaa8 <__stack+0x1a9>
     aa6:	51 2c       	mov	r5, r1
     aa8:	04 ff       	sbrs	r16, 4
     aaa:	10 c0       	rjmp	.+32     	; 0xacc <__stack+0x1cd>
     aac:	b7 01       	movw	r22, r14
     aae:	80 e3       	ldi	r24, 0x30	; 48
     ab0:	90 e0       	ldi	r25, 0x00	; 0
     ab2:	0e 94 f8 0d 	call	0x1bf0	; 0x1bf0 <fputc>
     ab6:	02 ff       	sbrs	r16, 2
     ab8:	17 c0       	rjmp	.+46     	; 0xae8 <__stack+0x1e9>
     aba:	01 fd       	sbrc	r16, 1
     abc:	03 c0       	rjmp	.+6      	; 0xac4 <__stack+0x1c5>
     abe:	88 e7       	ldi	r24, 0x78	; 120
     ac0:	90 e0       	ldi	r25, 0x00	; 0
     ac2:	02 c0       	rjmp	.+4      	; 0xac8 <__stack+0x1c9>
     ac4:	88 e5       	ldi	r24, 0x58	; 88
     ac6:	90 e0       	ldi	r25, 0x00	; 0
     ac8:	b7 01       	movw	r22, r14
     aca:	0c c0       	rjmp	.+24     	; 0xae4 <__stack+0x1e5>
     acc:	80 2f       	mov	r24, r16
     ace:	86 78       	andi	r24, 0x86	; 134
     ad0:	59 f0       	breq	.+22     	; 0xae8 <__stack+0x1e9>
     ad2:	01 ff       	sbrs	r16, 1
     ad4:	02 c0       	rjmp	.+4      	; 0xada <__stack+0x1db>
     ad6:	8b e2       	ldi	r24, 0x2B	; 43
     ad8:	01 c0       	rjmp	.+2      	; 0xadc <__stack+0x1dd>
     ada:	80 e2       	ldi	r24, 0x20	; 32
     adc:	07 fd       	sbrc	r16, 7
     ade:	8d e2       	ldi	r24, 0x2D	; 45
     ae0:	b7 01       	movw	r22, r14
     ae2:	90 e0       	ldi	r25, 0x00	; 0
     ae4:	0e 94 f8 0d 	call	0x1bf0	; 0x1bf0 <fputc>
     ae8:	c1 16       	cp	r12, r17
     aea:	38 f4       	brcc	.+14     	; 0xafa <__stack+0x1fb>
     aec:	b7 01       	movw	r22, r14
     aee:	80 e3       	ldi	r24, 0x30	; 48
     af0:	90 e0       	ldi	r25, 0x00	; 0
     af2:	0e 94 f8 0d 	call	0x1bf0	; 0x1bf0 <fputc>
     af6:	11 50       	subi	r17, 0x01	; 1
     af8:	f7 cf       	rjmp	.-18     	; 0xae8 <__stack+0x1e9>
     afa:	ca 94       	dec	r12
     afc:	f3 01       	movw	r30, r6
     afe:	ec 0d       	add	r30, r12
     b00:	f1 1d       	adc	r31, r1
     b02:	80 81       	ld	r24, Z
     b04:	b7 01       	movw	r22, r14
     b06:	90 e0       	ldi	r25, 0x00	; 0
     b08:	0e 94 f8 0d 	call	0x1bf0	; 0x1bf0 <fputc>
     b0c:	c1 10       	cpse	r12, r1
     b0e:	f5 cf       	rjmp	.-22     	; 0xafa <__stack+0x1fb>
     b10:	15 c0       	rjmp	.+42     	; 0xb3c <__stack+0x23d>
     b12:	f4 e0       	ldi	r31, 0x04	; 4
     b14:	f5 15       	cp	r31, r5
     b16:	60 f5       	brcc	.+88     	; 0xb70 <__stack+0x271>
     b18:	84 e0       	ldi	r24, 0x04	; 4
     b1a:	58 1a       	sub	r5, r24
     b1c:	93 fe       	sbrs	r9, 3
     b1e:	1f c0       	rjmp	.+62     	; 0xb5e <__stack+0x25f>
     b20:	01 11       	cpse	r16, r1
     b22:	27 c0       	rjmp	.+78     	; 0xb72 <__stack+0x273>
     b24:	2c 85       	ldd	r18, Y+12	; 0x0c
     b26:	23 ff       	sbrs	r18, 3
     b28:	2a c0       	rjmp	.+84     	; 0xb7e <__stack+0x27f>
     b2a:	02 ec       	ldi	r16, 0xC2	; 194
     b2c:	10 e0       	ldi	r17, 0x00	; 0
     b2e:	39 2d       	mov	r19, r9
     b30:	30 71       	andi	r19, 0x10	; 16
     b32:	93 2e       	mov	r9, r19
     b34:	f8 01       	movw	r30, r16
     b36:	84 91       	lpm	r24, Z
     b38:	81 11       	cpse	r24, r1
     b3a:	24 c0       	rjmp	.+72     	; 0xb84 <__stack+0x285>
     b3c:	55 20       	and	r5, r5
     b3e:	09 f4       	brne	.+2      	; 0xb42 <__stack+0x243>
     b40:	e4 cc       	rjmp	.-1592   	; 0x50a <vfprintf+0x58>
     b42:	b7 01       	movw	r22, r14
     b44:	80 e2       	ldi	r24, 0x20	; 32
     b46:	90 e0       	ldi	r25, 0x00	; 0
     b48:	0e 94 f8 0d 	call	0x1bf0	; 0x1bf0 <fputc>
     b4c:	5a 94       	dec	r5
     b4e:	f6 cf       	rjmp	.-20     	; 0xb3c <__stack+0x23d>
     b50:	f7 01       	movw	r30, r14
     b52:	86 81       	ldd	r24, Z+6	; 0x06
     b54:	97 81       	ldd	r25, Z+7	; 0x07
     b56:	26 c0       	rjmp	.+76     	; 0xba4 <__stack+0x2a5>
     b58:	8f ef       	ldi	r24, 0xFF	; 255
     b5a:	9f ef       	ldi	r25, 0xFF	; 255
     b5c:	23 c0       	rjmp	.+70     	; 0xba4 <__stack+0x2a5>
     b5e:	b7 01       	movw	r22, r14
     b60:	80 e2       	ldi	r24, 0x20	; 32
     b62:	90 e0       	ldi	r25, 0x00	; 0
     b64:	0e 94 f8 0d 	call	0x1bf0	; 0x1bf0 <fputc>
     b68:	5a 94       	dec	r5
     b6a:	51 10       	cpse	r5, r1
     b6c:	f8 cf       	rjmp	.-16     	; 0xb5e <__stack+0x25f>
     b6e:	d8 cf       	rjmp	.-80     	; 0xb20 <__stack+0x221>
     b70:	51 2c       	mov	r5, r1
     b72:	b7 01       	movw	r22, r14
     b74:	80 2f       	mov	r24, r16
     b76:	90 e0       	ldi	r25, 0x00	; 0
     b78:	0e 94 f8 0d 	call	0x1bf0	; 0x1bf0 <fputc>
     b7c:	d3 cf       	rjmp	.-90     	; 0xb24 <__stack+0x225>
     b7e:	06 ec       	ldi	r16, 0xC6	; 198
     b80:	10 e0       	ldi	r17, 0x00	; 0
     b82:	d5 cf       	rjmp	.-86     	; 0xb2e <__stack+0x22f>
     b84:	91 10       	cpse	r9, r1
     b86:	80 52       	subi	r24, 0x20	; 32
     b88:	b7 01       	movw	r22, r14
     b8a:	90 e0       	ldi	r25, 0x00	; 0
     b8c:	0e 94 f8 0d 	call	0x1bf0	; 0x1bf0 <fputc>
     b90:	0f 5f       	subi	r16, 0xFF	; 255
     b92:	1f 4f       	sbci	r17, 0xFF	; 255
     b94:	cf cf       	rjmp	.-98     	; 0xb34 <__stack+0x235>
     b96:	23 e0       	ldi	r18, 0x03	; 3
     b98:	25 15       	cp	r18, r5
     b9a:	10 f4       	brcc	.+4      	; 0xba0 <__stack+0x2a1>
     b9c:	83 e0       	ldi	r24, 0x03	; 3
     b9e:	bd cf       	rjmp	.-134    	; 0xb1a <__stack+0x21b>
     ba0:	51 2c       	mov	r5, r1
     ba2:	c0 cf       	rjmp	.-128    	; 0xb24 <__stack+0x225>
     ba4:	60 96       	adiw	r28, 0x10	; 16
     ba6:	e2 e1       	ldi	r30, 0x12	; 18
     ba8:	0c 94 86 0c 	jmp	0x190c	; 0x190c <__epilogue_restores__>

00000bac <putval>:
     bac:	20 fd       	sbrc	r18, 0
     bae:	09 c0       	rjmp	.+18     	; 0xbc2 <putval+0x16>
     bb0:	fc 01       	movw	r30, r24
     bb2:	23 fd       	sbrc	r18, 3
     bb4:	05 c0       	rjmp	.+10     	; 0xbc0 <putval+0x14>
     bb6:	22 ff       	sbrs	r18, 2
     bb8:	02 c0       	rjmp	.+4      	; 0xbbe <putval+0x12>
     bba:	73 83       	std	Z+3, r23	; 0x03
     bbc:	62 83       	std	Z+2, r22	; 0x02
     bbe:	51 83       	std	Z+1, r21	; 0x01
     bc0:	40 83       	st	Z, r20
     bc2:	08 95       	ret

00000bc4 <mulacc>:
     bc4:	44 fd       	sbrc	r20, 4
     bc6:	17 c0       	rjmp	.+46     	; 0xbf6 <mulacc+0x32>
     bc8:	46 fd       	sbrc	r20, 6
     bca:	17 c0       	rjmp	.+46     	; 0xbfa <mulacc+0x36>
     bcc:	ab 01       	movw	r20, r22
     bce:	bc 01       	movw	r22, r24
     bd0:	da 01       	movw	r26, r20
     bd2:	fb 01       	movw	r30, r22
     bd4:	aa 0f       	add	r26, r26
     bd6:	bb 1f       	adc	r27, r27
     bd8:	ee 1f       	adc	r30, r30
     bda:	ff 1f       	adc	r31, r31
     bdc:	10 94       	com	r1
     bde:	d1 f7       	brne	.-12     	; 0xbd4 <mulacc+0x10>
     be0:	4a 0f       	add	r20, r26
     be2:	5b 1f       	adc	r21, r27
     be4:	6e 1f       	adc	r22, r30
     be6:	7f 1f       	adc	r23, r31
     be8:	cb 01       	movw	r24, r22
     bea:	ba 01       	movw	r22, r20
     bec:	66 0f       	add	r22, r22
     bee:	77 1f       	adc	r23, r23
     bf0:	88 1f       	adc	r24, r24
     bf2:	99 1f       	adc	r25, r25
     bf4:	09 c0       	rjmp	.+18     	; 0xc08 <mulacc+0x44>
     bf6:	33 e0       	ldi	r19, 0x03	; 3
     bf8:	01 c0       	rjmp	.+2      	; 0xbfc <mulacc+0x38>
     bfa:	34 e0       	ldi	r19, 0x04	; 4
     bfc:	66 0f       	add	r22, r22
     bfe:	77 1f       	adc	r23, r23
     c00:	88 1f       	adc	r24, r24
     c02:	99 1f       	adc	r25, r25
     c04:	31 50       	subi	r19, 0x01	; 1
     c06:	d1 f7       	brne	.-12     	; 0xbfc <mulacc+0x38>
     c08:	62 0f       	add	r22, r18
     c0a:	71 1d       	adc	r23, r1
     c0c:	81 1d       	adc	r24, r1
     c0e:	91 1d       	adc	r25, r1
     c10:	08 95       	ret

00000c12 <skip_spaces>:
     c12:	0f 93       	push	r16
     c14:	1f 93       	push	r17
     c16:	cf 93       	push	r28
     c18:	df 93       	push	r29
     c1a:	8c 01       	movw	r16, r24
     c1c:	c8 01       	movw	r24, r16
     c1e:	0e 94 ba 0d 	call	0x1b74	; 0x1b74 <fgetc>
     c22:	ec 01       	movw	r28, r24
     c24:	97 fd       	sbrc	r25, 7
     c26:	08 c0       	rjmp	.+16     	; 0xc38 <skip_spaces+0x26>
     c28:	0e 94 88 0d 	call	0x1b10	; 0x1b10 <isspace>
     c2c:	89 2b       	or	r24, r25
     c2e:	b1 f7       	brne	.-20     	; 0xc1c <skip_spaces+0xa>
     c30:	b8 01       	movw	r22, r16
     c32:	ce 01       	movw	r24, r28
     c34:	0e 94 4a 0e 	call	0x1c94	; 0x1c94 <ungetc>
     c38:	ce 01       	movw	r24, r28
     c3a:	df 91       	pop	r29
     c3c:	cf 91       	pop	r28
     c3e:	1f 91       	pop	r17
     c40:	0f 91       	pop	r16
     c42:	08 95       	ret

00000c44 <conv_int>:
     c44:	a0 e0       	ldi	r26, 0x00	; 0
     c46:	b0 e0       	ldi	r27, 0x00	; 0
     c48:	e8 e2       	ldi	r30, 0x28	; 40
     c4a:	f6 e0       	ldi	r31, 0x06	; 6
     c4c:	0c 94 70 0c 	jmp	0x18e0	; 0x18e0 <__prologue_saves__+0xc>
     c50:	7c 01       	movw	r14, r24
     c52:	8b 01       	movw	r16, r22
     c54:	6a 01       	movw	r12, r20
     c56:	d2 2f       	mov	r29, r18
     c58:	0e 94 ba 0d 	call	0x1b74	; 0x1b74 <fgetc>
     c5c:	9c 01       	movw	r18, r24
     c5e:	33 27       	eor	r19, r19
     c60:	2b 32       	cpi	r18, 0x2B	; 43
     c62:	31 05       	cpc	r19, r1
     c64:	21 f0       	breq	.+8      	; 0xc6e <conv_int+0x2a>
     c66:	2d 32       	cpi	r18, 0x2D	; 45
     c68:	31 05       	cpc	r19, r1
     c6a:	59 f4       	brne	.+22     	; 0xc82 <conv_int+0x3e>
     c6c:	d0 68       	ori	r29, 0x80	; 128
     c6e:	01 50       	subi	r16, 0x01	; 1
     c70:	11 09       	sbc	r17, r1
     c72:	11 f4       	brne	.+4      	; 0xc78 <conv_int+0x34>
     c74:	80 e0       	ldi	r24, 0x00	; 0
     c76:	6b c0       	rjmp	.+214    	; 0xd4e <conv_int+0x10a>
     c78:	c7 01       	movw	r24, r14
     c7a:	0e 94 ba 0d 	call	0x1b74	; 0x1b74 <fgetc>
     c7e:	97 fd       	sbrc	r25, 7
     c80:	f9 cf       	rjmp	.-14     	; 0xc74 <conv_int+0x30>
     c82:	cd 2f       	mov	r28, r29
     c84:	cd 7f       	andi	r28, 0xFD	; 253
     c86:	2d 2f       	mov	r18, r29
     c88:	20 73       	andi	r18, 0x30	; 48
     c8a:	19 f5       	brne	.+70     	; 0xcd2 <conv_int+0x8e>
     c8c:	80 33       	cpi	r24, 0x30	; 48
     c8e:	09 f5       	brne	.+66     	; 0xcd2 <conv_int+0x8e>
     c90:	58 01       	movw	r10, r16
     c92:	81 e0       	ldi	r24, 0x01	; 1
     c94:	a8 1a       	sub	r10, r24
     c96:	b1 08       	sbc	r11, r1
     c98:	09 f4       	brne	.+2      	; 0xc9c <conv_int+0x58>
     c9a:	45 c0       	rjmp	.+138    	; 0xd26 <conv_int+0xe2>
     c9c:	c7 01       	movw	r24, r14
     c9e:	0e 94 ba 0d 	call	0x1b74	; 0x1b74 <fgetc>
     ca2:	97 fd       	sbrc	r25, 7
     ca4:	40 c0       	rjmp	.+128    	; 0xd26 <conv_int+0xe2>
     ca6:	9c 01       	movw	r18, r24
     ca8:	2f 7d       	andi	r18, 0xDF	; 223
     caa:	33 27       	eor	r19, r19
     cac:	28 35       	cpi	r18, 0x58	; 88
     cae:	31 05       	cpc	r19, r1
     cb0:	51 f4       	brne	.+20     	; 0xcc6 <conv_int+0x82>
     cb2:	c2 64       	ori	r28, 0x42	; 66
     cb4:	02 50       	subi	r16, 0x02	; 2
     cb6:	11 09       	sbc	r17, r1
     cb8:	b1 f1       	breq	.+108    	; 0xd26 <conv_int+0xe2>
     cba:	c7 01       	movw	r24, r14
     cbc:	0e 94 ba 0d 	call	0x1b74	; 0x1b74 <fgetc>
     cc0:	97 ff       	sbrs	r25, 7
     cc2:	07 c0       	rjmp	.+14     	; 0xcd2 <conv_int+0x8e>
     cc4:	30 c0       	rjmp	.+96     	; 0xd26 <conv_int+0xe2>
     cc6:	d6 ff       	sbrs	r29, 6
     cc8:	02 c0       	rjmp	.+4      	; 0xcce <conv_int+0x8a>
     cca:	c2 60       	ori	r28, 0x02	; 2
     ccc:	01 c0       	rjmp	.+2      	; 0xcd0 <conv_int+0x8c>
     cce:	c2 61       	ori	r28, 0x12	; 18
     cd0:	85 01       	movw	r16, r10
     cd2:	81 2c       	mov	r8, r1
     cd4:	91 2c       	mov	r9, r1
     cd6:	54 01       	movw	r10, r8
     cd8:	20 ed       	ldi	r18, 0xD0	; 208
     cda:	28 0f       	add	r18, r24
     cdc:	28 30       	cpi	r18, 0x08	; 8
     cde:	80 f0       	brcs	.+32     	; 0xd00 <conv_int+0xbc>
     ce0:	c4 ff       	sbrs	r28, 4
     ce2:	04 c0       	rjmp	.+8      	; 0xcec <conv_int+0xa8>
     ce4:	b7 01       	movw	r22, r14
     ce6:	0e 94 4a 0e 	call	0x1c94	; 0x1c94 <ungetc>
     cea:	1a c0       	rjmp	.+52     	; 0xd20 <conv_int+0xdc>
     cec:	2a 30       	cpi	r18, 0x0A	; 10
     cee:	40 f0       	brcs	.+16     	; 0xd00 <conv_int+0xbc>
     cf0:	c6 ff       	sbrs	r28, 6
     cf2:	f8 cf       	rjmp	.-16     	; 0xce4 <conv_int+0xa0>
     cf4:	2f 7d       	andi	r18, 0xDF	; 223
     cf6:	3f ee       	ldi	r19, 0xEF	; 239
     cf8:	32 0f       	add	r19, r18
     cfa:	36 30       	cpi	r19, 0x06	; 6
     cfc:	98 f7       	brcc	.-26     	; 0xce4 <conv_int+0xa0>
     cfe:	27 50       	subi	r18, 0x07	; 7
     d00:	4c 2f       	mov	r20, r28
     d02:	c5 01       	movw	r24, r10
     d04:	b4 01       	movw	r22, r8
     d06:	0e 94 e2 05 	call	0xbc4	; 0xbc4 <mulacc>
     d0a:	4b 01       	movw	r8, r22
     d0c:	5c 01       	movw	r10, r24
     d0e:	c2 60       	ori	r28, 0x02	; 2
     d10:	01 50       	subi	r16, 0x01	; 1
     d12:	11 09       	sbc	r17, r1
     d14:	59 f0       	breq	.+22     	; 0xd2c <conv_int+0xe8>
     d16:	c7 01       	movw	r24, r14
     d18:	0e 94 ba 0d 	call	0x1b74	; 0x1b74 <fgetc>
     d1c:	97 ff       	sbrs	r25, 7
     d1e:	dc cf       	rjmp	.-72     	; 0xcd8 <conv_int+0x94>
     d20:	c1 fd       	sbrc	r28, 1
     d22:	04 c0       	rjmp	.+8      	; 0xd2c <conv_int+0xe8>
     d24:	a7 cf       	rjmp	.-178    	; 0xc74 <conv_int+0x30>
     d26:	81 2c       	mov	r8, r1
     d28:	91 2c       	mov	r9, r1
     d2a:	54 01       	movw	r10, r8
     d2c:	c7 ff       	sbrs	r28, 7
     d2e:	08 c0       	rjmp	.+16     	; 0xd40 <conv_int+0xfc>
     d30:	b0 94       	com	r11
     d32:	a0 94       	com	r10
     d34:	90 94       	com	r9
     d36:	80 94       	com	r8
     d38:	81 1c       	adc	r8, r1
     d3a:	91 1c       	adc	r9, r1
     d3c:	a1 1c       	adc	r10, r1
     d3e:	b1 1c       	adc	r11, r1
     d40:	2c 2f       	mov	r18, r28
     d42:	b5 01       	movw	r22, r10
     d44:	a4 01       	movw	r20, r8
     d46:	c6 01       	movw	r24, r12
     d48:	0e 94 d6 05 	call	0xbac	; 0xbac <putval>
     d4c:	81 e0       	ldi	r24, 0x01	; 1
     d4e:	cd b7       	in	r28, 0x3d	; 61
     d50:	de b7       	in	r29, 0x3e	; 62
     d52:	ec e0       	ldi	r30, 0x0C	; 12
     d54:	0c 94 8c 0c 	jmp	0x1918	; 0x1918 <__epilogue_restores__+0xc>

00000d58 <conv_brk>:
     d58:	a0 e2       	ldi	r26, 0x20	; 32
     d5a:	b0 e0       	ldi	r27, 0x00	; 0
     d5c:	e2 eb       	ldi	r30, 0xB2	; 178
     d5e:	f6 e0       	ldi	r31, 0x06	; 6
     d60:	0c 94 6c 0c 	jmp	0x18d8	; 0x18d8 <__prologue_saves__+0x4>
     d64:	5c 01       	movw	r10, r24
     d66:	4b 01       	movw	r8, r22
     d68:	7a 01       	movw	r14, r20
     d6a:	8e 01       	movw	r16, r28
     d6c:	0f 5f       	subi	r16, 0xFF	; 255
     d6e:	1f 4f       	sbci	r17, 0xFF	; 255
     d70:	68 01       	movw	r12, r16
     d72:	80 e2       	ldi	r24, 0x20	; 32
     d74:	f8 01       	movw	r30, r16
     d76:	11 92       	st	Z+, r1
     d78:	8a 95       	dec	r24
     d7a:	e9 f7       	brne	.-6      	; 0xd76 <conv_brk+0x1e>
     d7c:	f5 01       	movw	r30, r10
     d7e:	53 80       	ldd	r5, Z+3	; 0x03
     d80:	40 e0       	ldi	r20, 0x00	; 0
     d82:	50 e0       	ldi	r21, 0x00	; 0
     d84:	61 2c       	mov	r6, r1
     d86:	90 e0       	ldi	r25, 0x00	; 0
     d88:	71 2c       	mov	r7, r1
     d8a:	a1 e0       	ldi	r26, 0x01	; 1
     d8c:	b0 e0       	ldi	r27, 0x00	; 0
     d8e:	f9 01       	movw	r30, r18
     d90:	53 fc       	sbrc	r5, 3
     d92:	85 91       	lpm	r24, Z+
     d94:	53 fe       	sbrs	r5, 3
     d96:	81 91       	ld	r24, Z+
     d98:	8f 01       	movw	r16, r30
     d9a:	48 2e       	mov	r4, r24
     d9c:	9f 01       	movw	r18, r30
     d9e:	81 11       	cpse	r24, r1
     da0:	03 c0       	rjmp	.+6      	; 0xda8 <conv_brk+0x50>
     da2:	80 e0       	ldi	r24, 0x00	; 0
     da4:	90 e0       	ldi	r25, 0x00	; 0
     da6:	96 c0       	rjmp	.+300    	; 0xed4 <conv_brk+0x17c>
     da8:	8e 35       	cpi	r24, 0x5E	; 94
     daa:	19 f4       	brne	.+6      	; 0xdb2 <conv_brk+0x5a>
     dac:	41 15       	cp	r20, r1
     dae:	51 05       	cpc	r21, r1
     db0:	51 f1       	breq	.+84     	; 0xe06 <conv_brk+0xae>
     db2:	67 2d       	mov	r22, r7
     db4:	70 e0       	ldi	r23, 0x00	; 0
     db6:	64 17       	cp	r22, r20
     db8:	75 07       	cpc	r23, r21
     dba:	3c f4       	brge	.+14     	; 0xdca <conv_brk+0x72>
     dbc:	8d 35       	cpi	r24, 0x5D	; 93
     dbe:	61 f1       	breq	.+88     	; 0xe18 <conv_brk+0xc0>
     dc0:	8d 32       	cpi	r24, 0x2D	; 45
     dc2:	19 f4       	brne	.+6      	; 0xdca <conv_brk+0x72>
     dc4:	99 23       	and	r25, r25
     dc6:	11 f1       	breq	.+68     	; 0xe0c <conv_brk+0xb4>
     dc8:	03 c0       	rjmp	.+6      	; 0xdd0 <conv_brk+0x78>
     dca:	99 23       	and	r25, r25
     dcc:	09 f4       	brne	.+2      	; 0xdd0 <conv_brk+0x78>
     dce:	6d c0       	rjmp	.+218    	; 0xeaa <conv_brk+0x152>
     dd0:	84 2d       	mov	r24, r4
     dd2:	86 95       	lsr	r24
     dd4:	86 95       	lsr	r24
     dd6:	86 95       	lsr	r24
     dd8:	f6 01       	movw	r30, r12
     dda:	e8 0f       	add	r30, r24
     ddc:	f1 1d       	adc	r31, r1
     dde:	84 2d       	mov	r24, r4
     de0:	87 70       	andi	r24, 0x07	; 7
     de2:	8d 01       	movw	r16, r26
     de4:	02 c0       	rjmp	.+4      	; 0xdea <conv_brk+0x92>
     de6:	00 0f       	add	r16, r16
     de8:	11 1f       	adc	r17, r17
     dea:	8a 95       	dec	r24
     dec:	e2 f7       	brpl	.-8      	; 0xde6 <conv_brk+0x8e>
     dee:	c8 01       	movw	r24, r16
     df0:	90 81       	ld	r25, Z
     df2:	89 2b       	or	r24, r25
     df4:	80 83       	st	Z, r24
     df6:	64 14       	cp	r6, r4
     df8:	59 f0       	breq	.+22     	; 0xe10 <conv_brk+0xb8>
     dfa:	46 14       	cp	r4, r6
     dfc:	10 f4       	brcc	.+4      	; 0xe02 <conv_brk+0xaa>
     dfe:	43 94       	inc	r4
     e00:	e7 cf       	rjmp	.-50     	; 0xdd0 <conv_brk+0x78>
     e02:	4a 94       	dec	r4
     e04:	e5 cf       	rjmp	.-54     	; 0xdd0 <conv_brk+0x78>
     e06:	77 24       	eor	r7, r7
     e08:	73 94       	inc	r7
     e0a:	03 c0       	rjmp	.+6      	; 0xe12 <conv_brk+0xba>
     e0c:	91 e0       	ldi	r25, 0x01	; 1
     e0e:	01 c0       	rjmp	.+2      	; 0xe12 <conv_brk+0xba>
     e10:	90 e0       	ldi	r25, 0x00	; 0
     e12:	4f 5f       	subi	r20, 0xFF	; 255
     e14:	5f 4f       	sbci	r21, 0xFF	; 255
     e16:	bb cf       	rjmp	.-138    	; 0xd8e <conv_brk+0x36>
     e18:	99 23       	and	r25, r25
     e1a:	19 f0       	breq	.+6      	; 0xe22 <conv_brk+0xca>
     e1c:	8e 81       	ldd	r24, Y+6	; 0x06
     e1e:	80 62       	ori	r24, 0x20	; 32
     e20:	8e 83       	std	Y+6, r24	; 0x06
     e22:	71 10       	cpse	r7, r1
     e24:	03 c0       	rjmp	.+6      	; 0xe2c <conv_brk+0xd4>
     e26:	77 24       	eor	r7, r7
     e28:	73 94       	inc	r7
     e2a:	19 c0       	rjmp	.+50     	; 0xe5e <conv_brk+0x106>
     e2c:	f6 01       	movw	r30, r12
     e2e:	9e 01       	movw	r18, r28
     e30:	2f 5d       	subi	r18, 0xDF	; 223
     e32:	3f 4f       	sbci	r19, 0xFF	; 255
     e34:	80 81       	ld	r24, Z
     e36:	80 95       	com	r24
     e38:	81 93       	st	Z+, r24
     e3a:	2e 17       	cp	r18, r30
     e3c:	3f 07       	cpc	r19, r31
     e3e:	d1 f7       	brne	.-12     	; 0xe34 <conv_brk+0xdc>
     e40:	f2 cf       	rjmp	.-28     	; 0xe26 <conv_brk+0xce>
     e42:	e1 14       	cp	r14, r1
     e44:	f1 04       	cpc	r15, r1
     e46:	31 f0       	breq	.+12     	; 0xe54 <conv_brk+0xfc>
     e48:	f7 01       	movw	r30, r14
     e4a:	80 83       	st	Z, r24
     e4c:	b7 01       	movw	r22, r14
     e4e:	6f 5f       	subi	r22, 0xFF	; 255
     e50:	7f 4f       	sbci	r23, 0xFF	; 255
     e52:	7b 01       	movw	r14, r22
     e54:	71 e0       	ldi	r23, 0x01	; 1
     e56:	87 1a       	sub	r8, r23
     e58:	91 08       	sbc	r9, r1
     e5a:	71 2c       	mov	r7, r1
     e5c:	f9 f0       	breq	.+62     	; 0xe9c <conv_brk+0x144>
     e5e:	c5 01       	movw	r24, r10
     e60:	0e 94 ba 0d 	call	0x1b74	; 0x1b74 <fgetc>
     e64:	97 fd       	sbrc	r25, 7
     e66:	18 c0       	rjmp	.+48     	; 0xe98 <conv_brk+0x140>
     e68:	fc 01       	movw	r30, r24
     e6a:	ff 27       	eor	r31, r31
     e6c:	23 e0       	ldi	r18, 0x03	; 3
     e6e:	f5 95       	asr	r31
     e70:	e7 95       	ror	r30
     e72:	2a 95       	dec	r18
     e74:	e1 f7       	brne	.-8      	; 0xe6e <conv_brk+0x116>
     e76:	ec 0d       	add	r30, r12
     e78:	fd 1d       	adc	r31, r13
     e7a:	20 81       	ld	r18, Z
     e7c:	30 e0       	ldi	r19, 0x00	; 0
     e7e:	ac 01       	movw	r20, r24
     e80:	47 70       	andi	r20, 0x07	; 7
     e82:	55 27       	eor	r21, r21
     e84:	02 c0       	rjmp	.+4      	; 0xe8a <conv_brk+0x132>
     e86:	35 95       	asr	r19
     e88:	27 95       	ror	r18
     e8a:	4a 95       	dec	r20
     e8c:	e2 f7       	brpl	.-8      	; 0xe86 <conv_brk+0x12e>
     e8e:	20 fd       	sbrc	r18, 0
     e90:	d8 cf       	rjmp	.-80     	; 0xe42 <conv_brk+0xea>
     e92:	b5 01       	movw	r22, r10
     e94:	0e 94 4a 0e 	call	0x1c94	; 0x1c94 <ungetc>
     e98:	71 10       	cpse	r7, r1
     e9a:	83 cf       	rjmp	.-250    	; 0xda2 <conv_brk+0x4a>
     e9c:	e1 14       	cp	r14, r1
     e9e:	f1 04       	cpc	r15, r1
     ea0:	11 f0       	breq	.+4      	; 0xea6 <conv_brk+0x14e>
     ea2:	f7 01       	movw	r30, r14
     ea4:	10 82       	st	Z, r1
     ea6:	c8 01       	movw	r24, r16
     ea8:	15 c0       	rjmp	.+42     	; 0xed4 <conv_brk+0x17c>
     eaa:	68 2f       	mov	r22, r24
     eac:	66 95       	lsr	r22
     eae:	66 95       	lsr	r22
     eb0:	66 95       	lsr	r22
     eb2:	f6 01       	movw	r30, r12
     eb4:	e6 0f       	add	r30, r22
     eb6:	f1 1d       	adc	r31, r1
     eb8:	68 2f       	mov	r22, r24
     eba:	67 70       	andi	r22, 0x07	; 7
     ebc:	8d 01       	movw	r16, r26
     ebe:	02 c0       	rjmp	.+4      	; 0xec4 <conv_brk+0x16c>
     ec0:	00 0f       	add	r16, r16
     ec2:	11 1f       	adc	r17, r17
     ec4:	6a 95       	dec	r22
     ec6:	e2 f7       	brpl	.-8      	; 0xec0 <conv_brk+0x168>
     ec8:	b8 01       	movw	r22, r16
     eca:	70 81       	ld	r23, Z
     ecc:	67 2b       	or	r22, r23
     ece:	60 83       	st	Z, r22
     ed0:	68 2e       	mov	r6, r24
     ed2:	9f cf       	rjmp	.-194    	; 0xe12 <conv_brk+0xba>
     ed4:	a0 96       	adiw	r28, 0x20	; 32
     ed6:	e0 e1       	ldi	r30, 0x10	; 16
     ed8:	0c 94 88 0c 	jmp	0x1910	; 0x1910 <__epilogue_restores__+0x4>

00000edc <conv_flt>:
     edc:	2f 92       	push	r2
     ede:	3f 92       	push	r3
     ee0:	4f 92       	push	r4
     ee2:	5f 92       	push	r5
     ee4:	6f 92       	push	r6
     ee6:	7f 92       	push	r7
     ee8:	9f 92       	push	r9
     eea:	af 92       	push	r10
     eec:	bf 92       	push	r11
     eee:	cf 92       	push	r12
     ef0:	df 92       	push	r13
     ef2:	ef 92       	push	r14
     ef4:	ff 92       	push	r15
     ef6:	0f 93       	push	r16
     ef8:	1f 93       	push	r17
     efa:	cf 93       	push	r28
     efc:	df 93       	push	r29
     efe:	6c 01       	movw	r12, r24
     f00:	8b 01       	movw	r16, r22
     f02:	1a 01       	movw	r2, r20
     f04:	0e 94 ba 0d 	call	0x1b74	; 0x1b74 <fgetc>
     f08:	ec 01       	movw	r28, r24
     f0a:	99 27       	eor	r25, r25
     f0c:	8b 32       	cpi	r24, 0x2B	; 43
     f0e:	91 05       	cpc	r25, r1
     f10:	29 f0       	breq	.+10     	; 0xf1c <conv_flt+0x40>
     f12:	8d 97       	sbiw	r24, 0x2d	; 45
     f14:	81 f4       	brne	.+32     	; 0xf36 <conv_flt+0x5a>
     f16:	30 e8       	ldi	r19, 0x80	; 128
     f18:	93 2e       	mov	r9, r19
     f1a:	01 c0       	rjmp	.+2      	; 0xf1e <conv_flt+0x42>
     f1c:	91 2c       	mov	r9, r1
     f1e:	01 50       	subi	r16, 0x01	; 1
     f20:	11 09       	sbc	r17, r1
     f22:	11 f4       	brne	.+4      	; 0xf28 <conv_flt+0x4c>
     f24:	80 e0       	ldi	r24, 0x00	; 0
     f26:	0c c1       	rjmp	.+536    	; 0x1140 <conv_flt+0x264>
     f28:	c6 01       	movw	r24, r12
     f2a:	0e 94 ba 0d 	call	0x1b74	; 0x1b74 <fgetc>
     f2e:	ec 01       	movw	r28, r24
     f30:	97 ff       	sbrs	r25, 7
     f32:	02 c0       	rjmp	.+4      	; 0xf38 <conv_flt+0x5c>
     f34:	f7 cf       	rjmp	.-18     	; 0xf24 <conv_flt+0x48>
     f36:	91 2c       	mov	r9, r1
     f38:	ce 01       	movw	r24, r28
     f3a:	0e 94 91 0d 	call	0x1b22	; 0x1b22 <tolower>
     f3e:	89 36       	cpi	r24, 0x69	; 105
     f40:	91 05       	cpc	r25, r1
     f42:	31 f0       	breq	.+12     	; 0xf50 <conv_flt+0x74>
     f44:	8e 36       	cpi	r24, 0x6E	; 110
     f46:	91 05       	cpc	r25, r1
     f48:	99 f5       	brne	.+102    	; 0xfb0 <conv_flt+0xd4>
     f4a:	c6 ed       	ldi	r28, 0xD6	; 214
     f4c:	d1 e0       	ldi	r29, 0x01	; 1
     f4e:	02 c0       	rjmp	.+4      	; 0xf54 <conv_flt+0x78>
     f50:	c9 ed       	ldi	r28, 0xD9	; 217
     f52:	d1 e0       	ldi	r29, 0x01	; 1
     f54:	21 96       	adiw	r28, 0x01	; 1
     f56:	fe 01       	movw	r30, r28
     f58:	31 97       	sbiw	r30, 0x01	; 1
     f5a:	b4 90       	lpm	r11, Z
     f5c:	bb 20       	and	r11, r11
     f5e:	c9 f0       	breq	.+50     	; 0xf92 <conv_flt+0xb6>
     f60:	01 50       	subi	r16, 0x01	; 1
     f62:	11 09       	sbc	r17, r1
     f64:	91 f0       	breq	.+36     	; 0xf8a <conv_flt+0xae>
     f66:	c6 01       	movw	r24, r12
     f68:	0e 94 ba 0d 	call	0x1b74	; 0x1b74 <fgetc>
     f6c:	7c 01       	movw	r14, r24
     f6e:	97 fd       	sbrc	r25, 7
     f70:	0c c0       	rjmp	.+24     	; 0xf8a <conv_flt+0xae>
     f72:	0e 94 91 0d 	call	0x1b22	; 0x1b22 <tolower>
     f76:	99 27       	eor	r25, r25
     f78:	eb 2d       	mov	r30, r11
     f7a:	f0 e0       	ldi	r31, 0x00	; 0
     f7c:	8e 17       	cp	r24, r30
     f7e:	9f 07       	cpc	r25, r31
     f80:	49 f3       	breq	.-46     	; 0xf54 <conv_flt+0x78>
     f82:	b6 01       	movw	r22, r12
     f84:	c7 01       	movw	r24, r14
     f86:	0e 94 4a 0e 	call	0x1c94	; 0x1c94 <ungetc>
     f8a:	cc 5d       	subi	r28, 0xDC	; 220
     f8c:	d1 40       	sbci	r29, 0x01	; 1
     f8e:	51 f6       	brne	.-108    	; 0xf24 <conv_flt+0x48>
     f90:	03 c0       	rjmp	.+6      	; 0xf98 <conv_flt+0xbc>
     f92:	c9 5d       	subi	r28, 0xD9	; 217
     f94:	d1 40       	sbci	r29, 0x01	; 1
     f96:	29 f0       	breq	.+10     	; 0xfa2 <conv_flt+0xc6>
     f98:	80 e0       	ldi	r24, 0x00	; 0
     f9a:	90 e0       	ldi	r25, 0x00	; 0
     f9c:	a0 e8       	ldi	r26, 0x80	; 128
     f9e:	bf e7       	ldi	r27, 0x7F	; 127
     fa0:	04 c0       	rjmp	.+8      	; 0xfaa <conv_flt+0xce>
     fa2:	80 e0       	ldi	r24, 0x00	; 0
     fa4:	90 e0       	ldi	r25, 0x00	; 0
     fa6:	a0 ec       	ldi	r26, 0xC0	; 192
     fa8:	bf e7       	ldi	r27, 0x7F	; 127
     faa:	bc 01       	movw	r22, r24
     fac:	cd 01       	movw	r24, r26
     fae:	b8 c0       	rjmp	.+368    	; 0x1120 <conv_flt+0x244>
     fb0:	41 2c       	mov	r4, r1
     fb2:	51 2c       	mov	r5, r1
     fb4:	32 01       	movw	r6, r4
     fb6:	e1 2c       	mov	r14, r1
     fb8:	f1 2c       	mov	r15, r1
     fba:	2c 2f       	mov	r18, r28
     fbc:	20 53       	subi	r18, 0x30	; 48
     fbe:	2a 30       	cpi	r18, 0x0A	; 10
     fc0:	10 f5       	brcc	.+68     	; 0x1006 <conv_flt+0x12a>
     fc2:	e9 2d       	mov	r30, r9
     fc4:	e2 60       	ori	r30, 0x02	; 2
     fc6:	be 2e       	mov	r11, r30
     fc8:	89 2d       	mov	r24, r9
     fca:	88 70       	andi	r24, 0x08	; 8
     fcc:	92 fe       	sbrs	r9, 2
     fce:	06 c0       	rjmp	.+12     	; 0xfdc <conv_flt+0x100>
     fd0:	81 11       	cpse	r24, r1
     fd2:	20 c0       	rjmp	.+64     	; 0x1014 <conv_flt+0x138>
     fd4:	ff ef       	ldi	r31, 0xFF	; 255
     fd6:	ef 1a       	sub	r14, r31
     fd8:	ff 0a       	sbc	r15, r31
     fda:	1c c0       	rjmp	.+56     	; 0x1014 <conv_flt+0x138>
     fdc:	88 23       	and	r24, r24
     fde:	19 f0       	breq	.+6      	; 0xfe6 <conv_flt+0x10a>
     fe0:	81 e0       	ldi	r24, 0x01	; 1
     fe2:	e8 1a       	sub	r14, r24
     fe4:	f1 08       	sbc	r15, r1
     fe6:	40 e2       	ldi	r20, 0x20	; 32
     fe8:	c3 01       	movw	r24, r6
     fea:	b2 01       	movw	r22, r4
     fec:	0e 94 e2 05 	call	0xbc4	; 0xbc4 <mulacc>
     ff0:	2b 01       	movw	r4, r22
     ff2:	3c 01       	movw	r6, r24
     ff4:	68 39       	cpi	r22, 0x98	; 152
     ff6:	79 49       	sbci	r23, 0x99	; 153
     ff8:	89 49       	sbci	r24, 0x99	; 153
     ffa:	99 41       	sbci	r25, 0x19	; 25
     ffc:	58 f0       	brcs	.+22     	; 0x1014 <conv_flt+0x138>
     ffe:	f9 2d       	mov	r31, r9
    1000:	f6 60       	ori	r31, 0x06	; 6
    1002:	bf 2e       	mov	r11, r31
    1004:	07 c0       	rjmp	.+14     	; 0x1014 <conv_flt+0x138>
    1006:	2e 3f       	cpi	r18, 0xFE	; 254
    1008:	89 f4       	brne	.+34     	; 0x102c <conv_flt+0x150>
    100a:	93 fc       	sbrc	r9, 3
    100c:	0f c0       	rjmp	.+30     	; 0x102c <conv_flt+0x150>
    100e:	29 2d       	mov	r18, r9
    1010:	28 60       	ori	r18, 0x08	; 8
    1012:	b2 2e       	mov	r11, r18
    1014:	01 50       	subi	r16, 0x01	; 1
    1016:	11 09       	sbc	r17, r1
    1018:	41 f0       	breq	.+16     	; 0x102a <conv_flt+0x14e>
    101a:	c6 01       	movw	r24, r12
    101c:	0e 94 ba 0d 	call	0x1b74	; 0x1b74 <fgetc>
    1020:	ec 01       	movw	r28, r24
    1022:	9b 2c       	mov	r9, r11
    1024:	97 ff       	sbrs	r25, 7
    1026:	c9 cf       	rjmp	.-110    	; 0xfba <conv_flt+0xde>
    1028:	01 c0       	rjmp	.+2      	; 0x102c <conv_flt+0x150>
    102a:	9b 2c       	mov	r9, r11
    102c:	91 fe       	sbrs	r9, 1
    102e:	7a cf       	rjmp	.-268    	; 0xf24 <conv_flt+0x48>
    1030:	ce 01       	movw	r24, r28
    1032:	8f 7d       	andi	r24, 0xDF	; 223
    1034:	99 27       	eor	r25, r25
    1036:	85 34       	cpi	r24, 0x45	; 69
    1038:	91 05       	cpc	r25, r1
    103a:	09 f0       	breq	.+2      	; 0x103e <conv_flt+0x162>
    103c:	42 c0       	rjmp	.+132    	; 0x10c2 <conv_flt+0x1e6>
    103e:	58 01       	movw	r10, r16
    1040:	81 e0       	ldi	r24, 0x01	; 1
    1042:	a8 1a       	sub	r10, r24
    1044:	b1 08       	sbc	r11, r1
    1046:	09 f4       	brne	.+2      	; 0x104a <conv_flt+0x16e>
    1048:	6d cf       	rjmp	.-294    	; 0xf24 <conv_flt+0x48>
    104a:	c6 01       	movw	r24, r12
    104c:	0e 94 ba 0d 	call	0x1b74	; 0x1b74 <fgetc>
    1050:	ec 01       	movw	r28, r24
    1052:	97 fd       	sbrc	r25, 7
    1054:	67 cf       	rjmp	.-306    	; 0xf24 <conv_flt+0x48>
    1056:	99 27       	eor	r25, r25
    1058:	8b 32       	cpi	r24, 0x2B	; 43
    105a:	91 05       	cpc	r25, r1
    105c:	29 f0       	breq	.+10     	; 0x1068 <conv_flt+0x18c>
    105e:	8d 97       	sbiw	r24, 0x2d	; 45
    1060:	69 f4       	brne	.+26     	; 0x107c <conv_flt+0x1a0>
    1062:	e9 2d       	mov	r30, r9
    1064:	e0 61       	ori	r30, 0x10	; 16
    1066:	9e 2e       	mov	r9, r30
    1068:	58 01       	movw	r10, r16
    106a:	f2 e0       	ldi	r31, 0x02	; 2
    106c:	af 1a       	sub	r10, r31
    106e:	b1 08       	sbc	r11, r1
    1070:	09 f4       	brne	.+2      	; 0x1074 <conv_flt+0x198>
    1072:	58 cf       	rjmp	.-336    	; 0xf24 <conv_flt+0x48>
    1074:	c6 01       	movw	r24, r12
    1076:	0e 94 ba 0d 	call	0x1b74	; 0x1b74 <fgetc>
    107a:	ec 01       	movw	r28, r24
    107c:	ce 01       	movw	r24, r28
    107e:	c0 97       	sbiw	r24, 0x30	; 48
    1080:	0a 97       	sbiw	r24, 0x0a	; 10
    1082:	08 f0       	brcs	.+2      	; 0x1086 <conv_flt+0x1aa>
    1084:	4f cf       	rjmp	.-354    	; 0xf24 <conv_flt+0x48>
    1086:	85 01       	movw	r16, r10
    1088:	a1 2c       	mov	r10, r1
    108a:	b1 2c       	mov	r11, r1
    108c:	b5 01       	movw	r22, r10
    108e:	bb 0c       	add	r11, r11
    1090:	88 0b       	sbc	r24, r24
    1092:	99 0b       	sbc	r25, r25
    1094:	2c 2f       	mov	r18, r28
    1096:	20 53       	subi	r18, 0x30	; 48
    1098:	40 e2       	ldi	r20, 0x20	; 32
    109a:	0e 94 e2 05 	call	0xbc4	; 0xbc4 <mulacc>
    109e:	5b 01       	movw	r10, r22
    10a0:	01 50       	subi	r16, 0x01	; 1
    10a2:	11 09       	sbc	r17, r1
    10a4:	39 f0       	breq	.+14     	; 0x10b4 <conv_flt+0x1d8>
    10a6:	c6 01       	movw	r24, r12
    10a8:	0e 94 ba 0d 	call	0x1b74	; 0x1b74 <fgetc>
    10ac:	ec 01       	movw	r28, r24
    10ae:	c0 97       	sbiw	r24, 0x30	; 48
    10b0:	0a 97       	sbiw	r24, 0x0a	; 10
    10b2:	60 f3       	brcs	.-40     	; 0x108c <conv_flt+0x1b0>
    10b4:	94 fe       	sbrs	r9, 4
    10b6:	03 c0       	rjmp	.+6      	; 0x10be <conv_flt+0x1e2>
    10b8:	b1 94       	neg	r11
    10ba:	a1 94       	neg	r10
    10bc:	b1 08       	sbc	r11, r1
    10be:	ea 0c       	add	r14, r10
    10c0:	fb 1c       	adc	r15, r11
    10c2:	01 2b       	or	r16, r17
    10c4:	31 f0       	breq	.+12     	; 0x10d2 <conv_flt+0x1f6>
    10c6:	d7 fd       	sbrc	r29, 7
    10c8:	04 c0       	rjmp	.+8      	; 0x10d2 <conv_flt+0x1f6>
    10ca:	b6 01       	movw	r22, r12
    10cc:	ce 01       	movw	r24, r28
    10ce:	0e 94 4a 0e 	call	0x1c94	; 0x1c94 <ungetc>
    10d2:	c3 01       	movw	r24, r6
    10d4:	b2 01       	movw	r22, r4
    10d6:	0e 94 56 0a 	call	0x14ac	; 0x14ac <__floatunsisf>
    10da:	f7 fe       	sbrs	r15, 7
    10dc:	06 c0       	rjmp	.+12     	; 0x10ea <conv_flt+0x20e>
    10de:	f1 94       	neg	r15
    10e0:	e1 94       	neg	r14
    10e2:	f1 08       	sbc	r15, r1
    10e4:	c5 ef       	ldi	r28, 0xF5	; 245
    10e6:	d1 e0       	ldi	r29, 0x01	; 1
    10e8:	02 c0       	rjmp	.+4      	; 0x10ee <conv_flt+0x212>
    10ea:	cd e0       	ldi	r28, 0x0D	; 13
    10ec:	d2 e0       	ldi	r29, 0x02	; 2
    10ee:	6e 01       	movw	r12, r28
    10f0:	28 e1       	ldi	r18, 0x18	; 24
    10f2:	c2 1a       	sub	r12, r18
    10f4:	d1 08       	sbc	r13, r1
    10f6:	00 e2       	ldi	r16, 0x20	; 32
    10f8:	10 e0       	ldi	r17, 0x00	; 0
    10fa:	e0 16       	cp	r14, r16
    10fc:	f1 06       	cpc	r15, r17
    10fe:	50 f0       	brcs	.+20     	; 0x1114 <conv_flt+0x238>
    1100:	fe 01       	movw	r30, r28
    1102:	25 91       	lpm	r18, Z+
    1104:	35 91       	lpm	r19, Z+
    1106:	45 91       	lpm	r20, Z+
    1108:	54 91       	lpm	r21, Z
    110a:	0e 94 60 0b 	call	0x16c0	; 0x16c0 <__mulsf3>
    110e:	e0 1a       	sub	r14, r16
    1110:	f1 0a       	sbc	r15, r17
    1112:	f3 cf       	rjmp	.-26     	; 0x10fa <conv_flt+0x21e>
    1114:	24 97       	sbiw	r28, 0x04	; 4
    1116:	16 95       	lsr	r17
    1118:	07 95       	ror	r16
    111a:	cc 16       	cp	r12, r28
    111c:	dd 06       	cpc	r13, r29
    111e:	69 f7       	brne	.-38     	; 0x10fa <conv_flt+0x21e>
    1120:	97 fe       	sbrs	r9, 7
    1122:	05 c0       	rjmp	.+10     	; 0x112e <conv_flt+0x252>
    1124:	dc 01       	movw	r26, r24
    1126:	cb 01       	movw	r24, r22
    1128:	b0 58       	subi	r27, 0x80	; 128
    112a:	bc 01       	movw	r22, r24
    112c:	cd 01       	movw	r24, r26
    112e:	21 14       	cp	r2, r1
    1130:	31 04       	cpc	r3, r1
    1132:	29 f0       	breq	.+10     	; 0x113e <conv_flt+0x262>
    1134:	f1 01       	movw	r30, r2
    1136:	60 83       	st	Z, r22
    1138:	71 83       	std	Z+1, r23	; 0x01
    113a:	82 83       	std	Z+2, r24	; 0x02
    113c:	93 83       	std	Z+3, r25	; 0x03
    113e:	81 e0       	ldi	r24, 0x01	; 1
    1140:	df 91       	pop	r29
    1142:	cf 91       	pop	r28
    1144:	1f 91       	pop	r17
    1146:	0f 91       	pop	r16
    1148:	ff 90       	pop	r15
    114a:	ef 90       	pop	r14
    114c:	df 90       	pop	r13
    114e:	cf 90       	pop	r12
    1150:	bf 90       	pop	r11
    1152:	af 90       	pop	r10
    1154:	9f 90       	pop	r9
    1156:	7f 90       	pop	r7
    1158:	6f 90       	pop	r6
    115a:	5f 90       	pop	r5
    115c:	4f 90       	pop	r4
    115e:	3f 90       	pop	r3
    1160:	2f 90       	pop	r2
    1162:	08 95       	ret

00001164 <vfscanf>:
    1164:	a0 e0       	ldi	r26, 0x00	; 0
    1166:	b0 e0       	ldi	r27, 0x00	; 0
    1168:	e8 eb       	ldi	r30, 0xB8	; 184
    116a:	f8 e0       	ldi	r31, 0x08	; 8
    116c:	0c 94 6e 0c 	jmp	0x18dc	; 0x18dc <__prologue_saves__+0x8>
    1170:	5c 01       	movw	r10, r24
    1172:	eb 01       	movw	r28, r22
    1174:	4a 01       	movw	r8, r20
    1176:	fc 01       	movw	r30, r24
    1178:	17 82       	std	Z+7, r1	; 0x07
    117a:	16 82       	std	Z+6, r1	; 0x06
    117c:	61 2c       	mov	r6, r1
    117e:	f5 01       	movw	r30, r10
    1180:	03 81       	ldd	r16, Z+3	; 0x03
    1182:	fe 01       	movw	r30, r28
    1184:	03 fd       	sbrc	r16, 3
    1186:	85 91       	lpm	r24, Z+
    1188:	03 ff       	sbrs	r16, 3
    118a:	81 91       	ld	r24, Z+
    118c:	18 2f       	mov	r17, r24
    118e:	ef 01       	movw	r28, r30
    1190:	88 23       	and	r24, r24
    1192:	09 f4       	brne	.+2      	; 0x1196 <vfscanf+0x32>
    1194:	0f c1       	rjmp	.+542    	; 0x13b4 <vfscanf+0x250>
    1196:	90 e0       	ldi	r25, 0x00	; 0
    1198:	0e 94 88 0d 	call	0x1b10	; 0x1b10 <isspace>
    119c:	89 2b       	or	r24, r25
    119e:	21 f0       	breq	.+8      	; 0x11a8 <vfscanf+0x44>
    11a0:	c5 01       	movw	r24, r10
    11a2:	0e 94 09 06 	call	0xc12	; 0xc12 <skip_spaces>
    11a6:	eb cf       	rjmp	.-42     	; 0x117e <vfscanf+0x1a>
    11a8:	15 32       	cpi	r17, 0x25	; 37
    11aa:	41 f4       	brne	.+16     	; 0x11bc <vfscanf+0x58>
    11ac:	fe 01       	movw	r30, r28
    11ae:	03 fd       	sbrc	r16, 3
    11b0:	15 91       	lpm	r17, Z+
    11b2:	03 ff       	sbrs	r16, 3
    11b4:	11 91       	ld	r17, Z+
    11b6:	ef 01       	movw	r28, r30
    11b8:	15 32       	cpi	r17, 0x25	; 37
    11ba:	81 f4       	brne	.+32     	; 0x11dc <vfscanf+0x78>
    11bc:	c5 01       	movw	r24, r10
    11be:	0e 94 ba 0d 	call	0x1b74	; 0x1b74 <fgetc>
    11c2:	97 fd       	sbrc	r25, 7
    11c4:	f5 c0       	rjmp	.+490    	; 0x13b0 <vfscanf+0x24c>
    11c6:	41 2f       	mov	r20, r17
    11c8:	50 e0       	ldi	r21, 0x00	; 0
    11ca:	9c 01       	movw	r18, r24
    11cc:	33 27       	eor	r19, r19
    11ce:	24 17       	cp	r18, r20
    11d0:	35 07       	cpc	r19, r21
    11d2:	a9 f2       	breq	.-86     	; 0x117e <vfscanf+0x1a>
    11d4:	b5 01       	movw	r22, r10
    11d6:	0e 94 4a 0e 	call	0x1c94	; 0x1c94 <ungetc>
    11da:	ec c0       	rjmp	.+472    	; 0x13b4 <vfscanf+0x250>
    11dc:	1a 32       	cpi	r17, 0x2A	; 42
    11de:	41 f4       	brne	.+16     	; 0x11f0 <vfscanf+0x8c>
    11e0:	03 fd       	sbrc	r16, 3
    11e2:	15 91       	lpm	r17, Z+
    11e4:	03 ff       	sbrs	r16, 3
    11e6:	11 91       	ld	r17, Z+
    11e8:	ef 01       	movw	r28, r30
    11ea:	77 24       	eor	r7, r7
    11ec:	73 94       	inc	r7
    11ee:	01 c0       	rjmp	.+2      	; 0x11f2 <vfscanf+0x8e>
    11f0:	71 2c       	mov	r7, r1
    11f2:	e1 2c       	mov	r14, r1
    11f4:	f1 2c       	mov	r15, r1
    11f6:	20 ed       	ldi	r18, 0xD0	; 208
    11f8:	21 0f       	add	r18, r17
    11fa:	2a 30       	cpi	r18, 0x0A	; 10
    11fc:	88 f4       	brcc	.+34     	; 0x1220 <vfscanf+0xbc>
    11fe:	f7 2d       	mov	r31, r7
    1200:	f2 60       	ori	r31, 0x02	; 2
    1202:	7f 2e       	mov	r7, r31
    1204:	b7 01       	movw	r22, r14
    1206:	80 e0       	ldi	r24, 0x00	; 0
    1208:	90 e0       	ldi	r25, 0x00	; 0
    120a:	40 e2       	ldi	r20, 0x20	; 32
    120c:	0e 94 e2 05 	call	0xbc4	; 0xbc4 <mulacc>
    1210:	7b 01       	movw	r14, r22
    1212:	fe 01       	movw	r30, r28
    1214:	03 fd       	sbrc	r16, 3
    1216:	15 91       	lpm	r17, Z+
    1218:	03 ff       	sbrs	r16, 3
    121a:	11 91       	ld	r17, Z+
    121c:	ef 01       	movw	r28, r30
    121e:	eb cf       	rjmp	.-42     	; 0x11f6 <vfscanf+0x92>
    1220:	71 fe       	sbrs	r7, 1
    1222:	04 c0       	rjmp	.+8      	; 0x122c <vfscanf+0xc8>
    1224:	e1 14       	cp	r14, r1
    1226:	f1 04       	cpc	r15, r1
    1228:	21 f4       	brne	.+8      	; 0x1232 <vfscanf+0xce>
    122a:	c4 c0       	rjmp	.+392    	; 0x13b4 <vfscanf+0x250>
    122c:	ee 24       	eor	r14, r14
    122e:	ea 94       	dec	r14
    1230:	fe 2c       	mov	r15, r14
    1232:	18 36       	cpi	r17, 0x68	; 104
    1234:	19 f0       	breq	.+6      	; 0x123c <vfscanf+0xd8>
    1236:	1c 36       	cpi	r17, 0x6C	; 108
    1238:	61 f0       	breq	.+24     	; 0x1252 <vfscanf+0xee>
    123a:	14 c0       	rjmp	.+40     	; 0x1264 <vfscanf+0x100>
    123c:	fe 01       	movw	r30, r28
    123e:	03 fd       	sbrc	r16, 3
    1240:	15 91       	lpm	r17, Z+
    1242:	03 ff       	sbrs	r16, 3
    1244:	11 91       	ld	r17, Z+
    1246:	ef 01       	movw	r28, r30
    1248:	18 36       	cpi	r17, 0x68	; 104
    124a:	61 f4       	brne	.+24     	; 0x1264 <vfscanf+0x100>
    124c:	87 2d       	mov	r24, r7
    124e:	88 60       	ori	r24, 0x08	; 8
    1250:	78 2e       	mov	r7, r24
    1252:	97 2d       	mov	r25, r7
    1254:	94 60       	ori	r25, 0x04	; 4
    1256:	79 2e       	mov	r7, r25
    1258:	fe 01       	movw	r30, r28
    125a:	03 fd       	sbrc	r16, 3
    125c:	15 91       	lpm	r17, Z+
    125e:	03 ff       	sbrs	r16, 3
    1260:	11 91       	ld	r17, Z+
    1262:	ef 01       	movw	r28, r30
    1264:	11 23       	and	r17, r17
    1266:	09 f4       	brne	.+2      	; 0x126a <vfscanf+0x106>
    1268:	a5 c0       	rjmp	.+330    	; 0x13b4 <vfscanf+0x250>
    126a:	61 2f       	mov	r22, r17
    126c:	70 e0       	ldi	r23, 0x00	; 0
    126e:	84 ec       	ldi	r24, 0xC4	; 196
    1270:	91 e0       	ldi	r25, 0x01	; 1
    1272:	0e 94 99 0d 	call	0x1b32	; 0x1b32 <strchr_P>
    1276:	89 2b       	or	r24, r25
    1278:	09 f4       	brne	.+2      	; 0x127c <vfscanf+0x118>
    127a:	9c c0       	rjmp	.+312    	; 0x13b4 <vfscanf+0x250>
    127c:	70 fc       	sbrc	r7, 0
    127e:	07 c0       	rjmp	.+14     	; 0x128e <vfscanf+0x12a>
    1280:	f4 01       	movw	r30, r8
    1282:	c0 80       	ld	r12, Z
    1284:	d1 80       	ldd	r13, Z+1	; 0x01
    1286:	c4 01       	movw	r24, r8
    1288:	02 96       	adiw	r24, 0x02	; 2
    128a:	4c 01       	movw	r8, r24
    128c:	02 c0       	rjmp	.+4      	; 0x1292 <vfscanf+0x12e>
    128e:	c1 2c       	mov	r12, r1
    1290:	d1 2c       	mov	r13, r1
    1292:	1e 36       	cpi	r17, 0x6E	; 110
    1294:	51 f4       	brne	.+20     	; 0x12aa <vfscanf+0x146>
    1296:	f5 01       	movw	r30, r10
    1298:	46 81       	ldd	r20, Z+6	; 0x06
    129a:	57 81       	ldd	r21, Z+7	; 0x07
    129c:	60 e0       	ldi	r22, 0x00	; 0
    129e:	70 e0       	ldi	r23, 0x00	; 0
    12a0:	27 2d       	mov	r18, r7
    12a2:	c6 01       	movw	r24, r12
    12a4:	0e 94 d6 05 	call	0xbac	; 0xbac <putval>
    12a8:	6a cf       	rjmp	.-300    	; 0x117e <vfscanf+0x1a>
    12aa:	13 36       	cpi	r17, 0x63	; 99
    12ac:	b9 f4       	brne	.+46     	; 0x12dc <vfscanf+0x178>
    12ae:	71 fc       	sbrc	r7, 1
    12b0:	03 c0       	rjmp	.+6      	; 0x12b8 <vfscanf+0x154>
    12b2:	ee 24       	eor	r14, r14
    12b4:	e3 94       	inc	r14
    12b6:	f1 2c       	mov	r15, r1
    12b8:	c5 01       	movw	r24, r10
    12ba:	0e 94 ba 0d 	call	0x1b74	; 0x1b74 <fgetc>
    12be:	97 fd       	sbrc	r25, 7
    12c0:	77 c0       	rjmp	.+238    	; 0x13b0 <vfscanf+0x24c>
    12c2:	c1 14       	cp	r12, r1
    12c4:	d1 04       	cpc	r13, r1
    12c6:	29 f0       	breq	.+10     	; 0x12d2 <vfscanf+0x16e>
    12c8:	f6 01       	movw	r30, r12
    12ca:	80 83       	st	Z, r24
    12cc:	c6 01       	movw	r24, r12
    12ce:	01 96       	adiw	r24, 0x01	; 1
    12d0:	6c 01       	movw	r12, r24
    12d2:	91 e0       	ldi	r25, 0x01	; 1
    12d4:	e9 1a       	sub	r14, r25
    12d6:	f1 08       	sbc	r15, r1
    12d8:	79 f7       	brne	.-34     	; 0x12b8 <vfscanf+0x154>
    12da:	66 c0       	rjmp	.+204    	; 0x13a8 <vfscanf+0x244>
    12dc:	1b 35       	cpi	r17, 0x5B	; 91
    12de:	59 f4       	brne	.+22     	; 0x12f6 <vfscanf+0x192>
    12e0:	9e 01       	movw	r18, r28
    12e2:	a6 01       	movw	r20, r12
    12e4:	b7 01       	movw	r22, r14
    12e6:	c5 01       	movw	r24, r10
    12e8:	0e 94 ac 06 	call	0xd58	; 0xd58 <conv_brk>
    12ec:	ec 01       	movw	r28, r24
    12ee:	89 2b       	or	r24, r25
    12f0:	09 f0       	breq	.+2      	; 0x12f4 <vfscanf+0x190>
    12f2:	5a c0       	rjmp	.+180    	; 0x13a8 <vfscanf+0x244>
    12f4:	54 c0       	rjmp	.+168    	; 0x139e <vfscanf+0x23a>
    12f6:	c5 01       	movw	r24, r10
    12f8:	0e 94 09 06 	call	0xc12	; 0xc12 <skip_spaces>
    12fc:	97 fd       	sbrc	r25, 7
    12fe:	58 c0       	rjmp	.+176    	; 0x13b0 <vfscanf+0x24c>
    1300:	1f 36       	cpi	r17, 0x6F	; 111
    1302:	e1 f1       	breq	.+120    	; 0x137c <vfscanf+0x218>
    1304:	40 f4       	brcc	.+16     	; 0x1316 <vfscanf+0x1b2>
    1306:	14 36       	cpi	r17, 0x64	; 100
    1308:	a9 f1       	breq	.+106    	; 0x1374 <vfscanf+0x210>
    130a:	19 36       	cpi	r17, 0x69	; 105
    130c:	d1 f1       	breq	.+116    	; 0x1382 <vfscanf+0x21e>
    130e:	18 35       	cpi	r17, 0x58	; 88
    1310:	09 f0       	breq	.+2      	; 0x1314 <vfscanf+0x1b0>
    1312:	3e c0       	rjmp	.+124    	; 0x1390 <vfscanf+0x22c>
    1314:	2b c0       	rjmp	.+86     	; 0x136c <vfscanf+0x208>
    1316:	13 37       	cpi	r17, 0x73	; 115
    1318:	a9 f0       	breq	.+42     	; 0x1344 <vfscanf+0x1e0>
    131a:	18 f4       	brcc	.+6      	; 0x1322 <vfscanf+0x1be>
    131c:	10 37       	cpi	r17, 0x70	; 112
    131e:	31 f1       	breq	.+76     	; 0x136c <vfscanf+0x208>
    1320:	37 c0       	rjmp	.+110    	; 0x1390 <vfscanf+0x22c>
    1322:	15 37       	cpi	r17, 0x75	; 117
    1324:	39 f1       	breq	.+78     	; 0x1374 <vfscanf+0x210>
    1326:	18 37       	cpi	r17, 0x78	; 120
    1328:	09 f1       	breq	.+66     	; 0x136c <vfscanf+0x208>
    132a:	32 c0       	rjmp	.+100    	; 0x1390 <vfscanf+0x22c>
    132c:	c1 14       	cp	r12, r1
    132e:	d1 04       	cpc	r13, r1
    1330:	29 f0       	breq	.+10     	; 0x133c <vfscanf+0x1d8>
    1332:	f6 01       	movw	r30, r12
    1334:	00 83       	st	Z, r16
    1336:	c6 01       	movw	r24, r12
    1338:	01 96       	adiw	r24, 0x01	; 1
    133a:	6c 01       	movw	r12, r24
    133c:	91 e0       	ldi	r25, 0x01	; 1
    133e:	e9 1a       	sub	r14, r25
    1340:	f1 08       	sbc	r15, r1
    1342:	71 f0       	breq	.+28     	; 0x1360 <vfscanf+0x1fc>
    1344:	c5 01       	movw	r24, r10
    1346:	0e 94 ba 0d 	call	0x1b74	; 0x1b74 <fgetc>
    134a:	8c 01       	movw	r16, r24
    134c:	97 fd       	sbrc	r25, 7
    134e:	08 c0       	rjmp	.+16     	; 0x1360 <vfscanf+0x1fc>
    1350:	0e 94 88 0d 	call	0x1b10	; 0x1b10 <isspace>
    1354:	89 2b       	or	r24, r25
    1356:	51 f3       	breq	.-44     	; 0x132c <vfscanf+0x1c8>
    1358:	b5 01       	movw	r22, r10
    135a:	c8 01       	movw	r24, r16
    135c:	0e 94 4a 0e 	call	0x1c94	; 0x1c94 <ungetc>
    1360:	c1 14       	cp	r12, r1
    1362:	d1 04       	cpc	r13, r1
    1364:	09 f1       	breq	.+66     	; 0x13a8 <vfscanf+0x244>
    1366:	f6 01       	movw	r30, r12
    1368:	10 82       	st	Z, r1
    136a:	1e c0       	rjmp	.+60     	; 0x13a8 <vfscanf+0x244>
    136c:	f7 2d       	mov	r31, r7
    136e:	f0 64       	ori	r31, 0x40	; 64
    1370:	7f 2e       	mov	r7, r31
    1372:	07 c0       	rjmp	.+14     	; 0x1382 <vfscanf+0x21e>
    1374:	87 2d       	mov	r24, r7
    1376:	80 62       	ori	r24, 0x20	; 32
    1378:	78 2e       	mov	r7, r24
    137a:	03 c0       	rjmp	.+6      	; 0x1382 <vfscanf+0x21e>
    137c:	97 2d       	mov	r25, r7
    137e:	90 61       	ori	r25, 0x10	; 16
    1380:	79 2e       	mov	r7, r25
    1382:	27 2d       	mov	r18, r7
    1384:	a6 01       	movw	r20, r12
    1386:	b7 01       	movw	r22, r14
    1388:	c5 01       	movw	r24, r10
    138a:	0e 94 22 06 	call	0xc44	; 0xc44 <conv_int>
    138e:	05 c0       	rjmp	.+10     	; 0x139a <vfscanf+0x236>
    1390:	a6 01       	movw	r20, r12
    1392:	b7 01       	movw	r22, r14
    1394:	c5 01       	movw	r24, r10
    1396:	0e 94 6e 07 	call	0xedc	; 0xedc <conv_flt>
    139a:	81 11       	cpse	r24, r1
    139c:	05 c0       	rjmp	.+10     	; 0x13a8 <vfscanf+0x244>
    139e:	f5 01       	movw	r30, r10
    13a0:	83 81       	ldd	r24, Z+3	; 0x03
    13a2:	80 73       	andi	r24, 0x30	; 48
    13a4:	29 f4       	brne	.+10     	; 0x13b0 <vfscanf+0x24c>
    13a6:	06 c0       	rjmp	.+12     	; 0x13b4 <vfscanf+0x250>
    13a8:	70 fc       	sbrc	r7, 0
    13aa:	e9 ce       	rjmp	.-558    	; 0x117e <vfscanf+0x1a>
    13ac:	63 94       	inc	r6
    13ae:	e7 ce       	rjmp	.-562    	; 0x117e <vfscanf+0x1a>
    13b0:	66 20       	and	r6, r6
    13b2:	19 f0       	breq	.+6      	; 0x13ba <vfscanf+0x256>
    13b4:	86 2d       	mov	r24, r6
    13b6:	90 e0       	ldi	r25, 0x00	; 0
    13b8:	02 c0       	rjmp	.+4      	; 0x13be <vfscanf+0x25a>
    13ba:	8f ef       	ldi	r24, 0xFF	; 255
    13bc:	9f ef       	ldi	r25, 0xFF	; 255
    13be:	cd b7       	in	r28, 0x3d	; 61
    13c0:	de b7       	in	r29, 0x3e	; 62
    13c2:	ee e0       	ldi	r30, 0x0E	; 14
    13c4:	0c 94 8a 0c 	jmp	0x1914	; 0x1914 <__epilogue_restores__+0x8>

000013c8 <__subsf3>:
    13c8:	50 58       	subi	r21, 0x80	; 128

000013ca <__addsf3>:
    13ca:	bb 27       	eor	r27, r27
    13cc:	aa 27       	eor	r26, r26
    13ce:	0e 94 fc 09 	call	0x13f8	; 0x13f8 <__addsf3x>
    13d2:	0c 94 ce 0a 	jmp	0x159c	; 0x159c <__fp_round>
    13d6:	0e 94 c0 0a 	call	0x1580	; 0x1580 <__fp_pscA>
    13da:	38 f0       	brcs	.+14     	; 0x13ea <__addsf3+0x20>
    13dc:	0e 94 c7 0a 	call	0x158e	; 0x158e <__fp_pscB>
    13e0:	20 f0       	brcs	.+8      	; 0x13ea <__addsf3+0x20>
    13e2:	39 f4       	brne	.+14     	; 0x13f2 <__addsf3+0x28>
    13e4:	9f 3f       	cpi	r25, 0xFF	; 255
    13e6:	19 f4       	brne	.+6      	; 0x13ee <__addsf3+0x24>
    13e8:	26 f4       	brtc	.+8      	; 0x13f2 <__addsf3+0x28>
    13ea:	0c 94 bd 0a 	jmp	0x157a	; 0x157a <__fp_nan>
    13ee:	0e f4       	brtc	.+2      	; 0x13f2 <__addsf3+0x28>
    13f0:	e0 95       	com	r30
    13f2:	e7 fb       	bst	r30, 7
    13f4:	0c 94 b7 0a 	jmp	0x156e	; 0x156e <__fp_inf>

000013f8 <__addsf3x>:
    13f8:	e9 2f       	mov	r30, r25
    13fa:	0e 94 df 0a 	call	0x15be	; 0x15be <__fp_split3>
    13fe:	58 f3       	brcs	.-42     	; 0x13d6 <__addsf3+0xc>
    1400:	ba 17       	cp	r27, r26
    1402:	62 07       	cpc	r22, r18
    1404:	73 07       	cpc	r23, r19
    1406:	84 07       	cpc	r24, r20
    1408:	95 07       	cpc	r25, r21
    140a:	20 f0       	brcs	.+8      	; 0x1414 <__addsf3x+0x1c>
    140c:	79 f4       	brne	.+30     	; 0x142c <__addsf3x+0x34>
    140e:	a6 f5       	brtc	.+104    	; 0x1478 <__addsf3x+0x80>
    1410:	0c 94 01 0b 	jmp	0x1602	; 0x1602 <__fp_zero>
    1414:	0e f4       	brtc	.+2      	; 0x1418 <__addsf3x+0x20>
    1416:	e0 95       	com	r30
    1418:	0b 2e       	mov	r0, r27
    141a:	ba 2f       	mov	r27, r26
    141c:	a0 2d       	mov	r26, r0
    141e:	0b 01       	movw	r0, r22
    1420:	b9 01       	movw	r22, r18
    1422:	90 01       	movw	r18, r0
    1424:	0c 01       	movw	r0, r24
    1426:	ca 01       	movw	r24, r20
    1428:	a0 01       	movw	r20, r0
    142a:	11 24       	eor	r1, r1
    142c:	ff 27       	eor	r31, r31
    142e:	59 1b       	sub	r21, r25
    1430:	99 f0       	breq	.+38     	; 0x1458 <__addsf3x+0x60>
    1432:	59 3f       	cpi	r21, 0xF9	; 249
    1434:	50 f4       	brcc	.+20     	; 0x144a <__addsf3x+0x52>
    1436:	50 3e       	cpi	r21, 0xE0	; 224
    1438:	68 f1       	brcs	.+90     	; 0x1494 <__addsf3x+0x9c>
    143a:	1a 16       	cp	r1, r26
    143c:	f0 40       	sbci	r31, 0x00	; 0
    143e:	a2 2f       	mov	r26, r18
    1440:	23 2f       	mov	r18, r19
    1442:	34 2f       	mov	r19, r20
    1444:	44 27       	eor	r20, r20
    1446:	58 5f       	subi	r21, 0xF8	; 248
    1448:	f3 cf       	rjmp	.-26     	; 0x1430 <__addsf3x+0x38>
    144a:	46 95       	lsr	r20
    144c:	37 95       	ror	r19
    144e:	27 95       	ror	r18
    1450:	a7 95       	ror	r26
    1452:	f0 40       	sbci	r31, 0x00	; 0
    1454:	53 95       	inc	r21
    1456:	c9 f7       	brne	.-14     	; 0x144a <__addsf3x+0x52>
    1458:	7e f4       	brtc	.+30     	; 0x1478 <__addsf3x+0x80>
    145a:	1f 16       	cp	r1, r31
    145c:	ba 0b       	sbc	r27, r26
    145e:	62 0b       	sbc	r22, r18
    1460:	73 0b       	sbc	r23, r19
    1462:	84 0b       	sbc	r24, r20
    1464:	ba f0       	brmi	.+46     	; 0x1494 <__addsf3x+0x9c>
    1466:	91 50       	subi	r25, 0x01	; 1
    1468:	a1 f0       	breq	.+40     	; 0x1492 <__addsf3x+0x9a>
    146a:	ff 0f       	add	r31, r31
    146c:	bb 1f       	adc	r27, r27
    146e:	66 1f       	adc	r22, r22
    1470:	77 1f       	adc	r23, r23
    1472:	88 1f       	adc	r24, r24
    1474:	c2 f7       	brpl	.-16     	; 0x1466 <__addsf3x+0x6e>
    1476:	0e c0       	rjmp	.+28     	; 0x1494 <__addsf3x+0x9c>
    1478:	ba 0f       	add	r27, r26
    147a:	62 1f       	adc	r22, r18
    147c:	73 1f       	adc	r23, r19
    147e:	84 1f       	adc	r24, r20
    1480:	48 f4       	brcc	.+18     	; 0x1494 <__addsf3x+0x9c>
    1482:	87 95       	ror	r24
    1484:	77 95       	ror	r23
    1486:	67 95       	ror	r22
    1488:	b7 95       	ror	r27
    148a:	f7 95       	ror	r31
    148c:	9e 3f       	cpi	r25, 0xFE	; 254
    148e:	08 f0       	brcs	.+2      	; 0x1492 <__addsf3x+0x9a>
    1490:	b0 cf       	rjmp	.-160    	; 0x13f2 <__addsf3+0x28>
    1492:	93 95       	inc	r25
    1494:	88 0f       	add	r24, r24
    1496:	08 f0       	brcs	.+2      	; 0x149a <__addsf3x+0xa2>
    1498:	99 27       	eor	r25, r25
    149a:	ee 0f       	add	r30, r30
    149c:	97 95       	ror	r25
    149e:	87 95       	ror	r24
    14a0:	08 95       	ret

000014a2 <__cmpsf2>:
    14a2:	0e 94 93 0a 	call	0x1526	; 0x1526 <__fp_cmp>
    14a6:	08 f4       	brcc	.+2      	; 0x14aa <__cmpsf2+0x8>
    14a8:	81 e0       	ldi	r24, 0x01	; 1
    14aa:	08 95       	ret

000014ac <__floatunsisf>:
    14ac:	e8 94       	clt
    14ae:	09 c0       	rjmp	.+18     	; 0x14c2 <__floatsisf+0x12>

000014b0 <__floatsisf>:
    14b0:	97 fb       	bst	r25, 7
    14b2:	3e f4       	brtc	.+14     	; 0x14c2 <__floatsisf+0x12>
    14b4:	90 95       	com	r25
    14b6:	80 95       	com	r24
    14b8:	70 95       	com	r23
    14ba:	61 95       	neg	r22
    14bc:	7f 4f       	sbci	r23, 0xFF	; 255
    14be:	8f 4f       	sbci	r24, 0xFF	; 255
    14c0:	9f 4f       	sbci	r25, 0xFF	; 255
    14c2:	99 23       	and	r25, r25
    14c4:	a9 f0       	breq	.+42     	; 0x14f0 <__floatsisf+0x40>
    14c6:	f9 2f       	mov	r31, r25
    14c8:	96 e9       	ldi	r25, 0x96	; 150
    14ca:	bb 27       	eor	r27, r27
    14cc:	93 95       	inc	r25
    14ce:	f6 95       	lsr	r31
    14d0:	87 95       	ror	r24
    14d2:	77 95       	ror	r23
    14d4:	67 95       	ror	r22
    14d6:	b7 95       	ror	r27
    14d8:	f1 11       	cpse	r31, r1
    14da:	f8 cf       	rjmp	.-16     	; 0x14cc <__floatsisf+0x1c>
    14dc:	fa f4       	brpl	.+62     	; 0x151c <__floatsisf+0x6c>
    14de:	bb 0f       	add	r27, r27
    14e0:	11 f4       	brne	.+4      	; 0x14e6 <__floatsisf+0x36>
    14e2:	60 ff       	sbrs	r22, 0
    14e4:	1b c0       	rjmp	.+54     	; 0x151c <__floatsisf+0x6c>
    14e6:	6f 5f       	subi	r22, 0xFF	; 255
    14e8:	7f 4f       	sbci	r23, 0xFF	; 255
    14ea:	8f 4f       	sbci	r24, 0xFF	; 255
    14ec:	9f 4f       	sbci	r25, 0xFF	; 255
    14ee:	16 c0       	rjmp	.+44     	; 0x151c <__floatsisf+0x6c>
    14f0:	88 23       	and	r24, r24
    14f2:	11 f0       	breq	.+4      	; 0x14f8 <__floatsisf+0x48>
    14f4:	96 e9       	ldi	r25, 0x96	; 150
    14f6:	11 c0       	rjmp	.+34     	; 0x151a <__floatsisf+0x6a>
    14f8:	77 23       	and	r23, r23
    14fa:	21 f0       	breq	.+8      	; 0x1504 <__floatsisf+0x54>
    14fc:	9e e8       	ldi	r25, 0x8E	; 142
    14fe:	87 2f       	mov	r24, r23
    1500:	76 2f       	mov	r23, r22
    1502:	05 c0       	rjmp	.+10     	; 0x150e <__floatsisf+0x5e>
    1504:	66 23       	and	r22, r22
    1506:	71 f0       	breq	.+28     	; 0x1524 <__floatsisf+0x74>
    1508:	96 e8       	ldi	r25, 0x86	; 134
    150a:	86 2f       	mov	r24, r22
    150c:	70 e0       	ldi	r23, 0x00	; 0
    150e:	60 e0       	ldi	r22, 0x00	; 0
    1510:	2a f0       	brmi	.+10     	; 0x151c <__floatsisf+0x6c>
    1512:	9a 95       	dec	r25
    1514:	66 0f       	add	r22, r22
    1516:	77 1f       	adc	r23, r23
    1518:	88 1f       	adc	r24, r24
    151a:	da f7       	brpl	.-10     	; 0x1512 <__floatsisf+0x62>
    151c:	88 0f       	add	r24, r24
    151e:	96 95       	lsr	r25
    1520:	87 95       	ror	r24
    1522:	97 f9       	bld	r25, 7
    1524:	08 95       	ret

00001526 <__fp_cmp>:
    1526:	99 0f       	add	r25, r25
    1528:	00 08       	sbc	r0, r0
    152a:	55 0f       	add	r21, r21
    152c:	aa 0b       	sbc	r26, r26
    152e:	e0 e8       	ldi	r30, 0x80	; 128
    1530:	fe ef       	ldi	r31, 0xFE	; 254
    1532:	16 16       	cp	r1, r22
    1534:	17 06       	cpc	r1, r23
    1536:	e8 07       	cpc	r30, r24
    1538:	f9 07       	cpc	r31, r25
    153a:	c0 f0       	brcs	.+48     	; 0x156c <__fp_cmp+0x46>
    153c:	12 16       	cp	r1, r18
    153e:	13 06       	cpc	r1, r19
    1540:	e4 07       	cpc	r30, r20
    1542:	f5 07       	cpc	r31, r21
    1544:	98 f0       	brcs	.+38     	; 0x156c <__fp_cmp+0x46>
    1546:	62 1b       	sub	r22, r18
    1548:	73 0b       	sbc	r23, r19
    154a:	84 0b       	sbc	r24, r20
    154c:	95 0b       	sbc	r25, r21
    154e:	39 f4       	brne	.+14     	; 0x155e <__fp_cmp+0x38>
    1550:	0a 26       	eor	r0, r26
    1552:	61 f0       	breq	.+24     	; 0x156c <__fp_cmp+0x46>
    1554:	23 2b       	or	r18, r19
    1556:	24 2b       	or	r18, r20
    1558:	25 2b       	or	r18, r21
    155a:	21 f4       	brne	.+8      	; 0x1564 <__fp_cmp+0x3e>
    155c:	08 95       	ret
    155e:	0a 26       	eor	r0, r26
    1560:	09 f4       	brne	.+2      	; 0x1564 <__fp_cmp+0x3e>
    1562:	a1 40       	sbci	r26, 0x01	; 1
    1564:	a6 95       	lsr	r26
    1566:	8f ef       	ldi	r24, 0xFF	; 255
    1568:	81 1d       	adc	r24, r1
    156a:	81 1d       	adc	r24, r1
    156c:	08 95       	ret

0000156e <__fp_inf>:
    156e:	97 f9       	bld	r25, 7
    1570:	9f 67       	ori	r25, 0x7F	; 127
    1572:	80 e8       	ldi	r24, 0x80	; 128
    1574:	70 e0       	ldi	r23, 0x00	; 0
    1576:	60 e0       	ldi	r22, 0x00	; 0
    1578:	08 95       	ret

0000157a <__fp_nan>:
    157a:	9f ef       	ldi	r25, 0xFF	; 255
    157c:	80 ec       	ldi	r24, 0xC0	; 192
    157e:	08 95       	ret

00001580 <__fp_pscA>:
    1580:	00 24       	eor	r0, r0
    1582:	0a 94       	dec	r0
    1584:	16 16       	cp	r1, r22
    1586:	17 06       	cpc	r1, r23
    1588:	18 06       	cpc	r1, r24
    158a:	09 06       	cpc	r0, r25
    158c:	08 95       	ret

0000158e <__fp_pscB>:
    158e:	00 24       	eor	r0, r0
    1590:	0a 94       	dec	r0
    1592:	12 16       	cp	r1, r18
    1594:	13 06       	cpc	r1, r19
    1596:	14 06       	cpc	r1, r20
    1598:	05 06       	cpc	r0, r21
    159a:	08 95       	ret

0000159c <__fp_round>:
    159c:	09 2e       	mov	r0, r25
    159e:	03 94       	inc	r0
    15a0:	00 0c       	add	r0, r0
    15a2:	11 f4       	brne	.+4      	; 0x15a8 <__fp_round+0xc>
    15a4:	88 23       	and	r24, r24
    15a6:	52 f0       	brmi	.+20     	; 0x15bc <__fp_round+0x20>
    15a8:	bb 0f       	add	r27, r27
    15aa:	40 f4       	brcc	.+16     	; 0x15bc <__fp_round+0x20>
    15ac:	bf 2b       	or	r27, r31
    15ae:	11 f4       	brne	.+4      	; 0x15b4 <__fp_round+0x18>
    15b0:	60 ff       	sbrs	r22, 0
    15b2:	04 c0       	rjmp	.+8      	; 0x15bc <__fp_round+0x20>
    15b4:	6f 5f       	subi	r22, 0xFF	; 255
    15b6:	7f 4f       	sbci	r23, 0xFF	; 255
    15b8:	8f 4f       	sbci	r24, 0xFF	; 255
    15ba:	9f 4f       	sbci	r25, 0xFF	; 255
    15bc:	08 95       	ret

000015be <__fp_split3>:
    15be:	57 fd       	sbrc	r21, 7
    15c0:	90 58       	subi	r25, 0x80	; 128
    15c2:	44 0f       	add	r20, r20
    15c4:	55 1f       	adc	r21, r21
    15c6:	59 f0       	breq	.+22     	; 0x15de <__fp_splitA+0x10>
    15c8:	5f 3f       	cpi	r21, 0xFF	; 255
    15ca:	71 f0       	breq	.+28     	; 0x15e8 <__fp_splitA+0x1a>
    15cc:	47 95       	ror	r20

000015ce <__fp_splitA>:
    15ce:	88 0f       	add	r24, r24
    15d0:	97 fb       	bst	r25, 7
    15d2:	99 1f       	adc	r25, r25
    15d4:	61 f0       	breq	.+24     	; 0x15ee <__fp_splitA+0x20>
    15d6:	9f 3f       	cpi	r25, 0xFF	; 255
    15d8:	79 f0       	breq	.+30     	; 0x15f8 <__fp_splitA+0x2a>
    15da:	87 95       	ror	r24
    15dc:	08 95       	ret
    15de:	12 16       	cp	r1, r18
    15e0:	13 06       	cpc	r1, r19
    15e2:	14 06       	cpc	r1, r20
    15e4:	55 1f       	adc	r21, r21
    15e6:	f2 cf       	rjmp	.-28     	; 0x15cc <__fp_split3+0xe>
    15e8:	46 95       	lsr	r20
    15ea:	f1 df       	rcall	.-30     	; 0x15ce <__fp_splitA>
    15ec:	08 c0       	rjmp	.+16     	; 0x15fe <__fp_splitA+0x30>
    15ee:	16 16       	cp	r1, r22
    15f0:	17 06       	cpc	r1, r23
    15f2:	18 06       	cpc	r1, r24
    15f4:	99 1f       	adc	r25, r25
    15f6:	f1 cf       	rjmp	.-30     	; 0x15da <__fp_splitA+0xc>
    15f8:	86 95       	lsr	r24
    15fa:	71 05       	cpc	r23, r1
    15fc:	61 05       	cpc	r22, r1
    15fe:	08 94       	sec
    1600:	08 95       	ret

00001602 <__fp_zero>:
    1602:	e8 94       	clt

00001604 <__fp_szero>:
    1604:	bb 27       	eor	r27, r27
    1606:	66 27       	eor	r22, r22
    1608:	77 27       	eor	r23, r23
    160a:	cb 01       	movw	r24, r22
    160c:	97 f9       	bld	r25, 7
    160e:	08 95       	ret

00001610 <log10>:
    1610:	0e 94 18 0b 	call	0x1630	; 0x1630 <log>
    1614:	29 ed       	ldi	r18, 0xD9	; 217
    1616:	3b e5       	ldi	r19, 0x5B	; 91
    1618:	4e ed       	ldi	r20, 0xDE	; 222
    161a:	5e e3       	ldi	r21, 0x3E	; 62
    161c:	0c 94 60 0b 	jmp	0x16c0	; 0x16c0 <__mulsf3>
    1620:	16 f0       	brts	.+4      	; 0x1626 <log10+0x16>
    1622:	0c 94 13 0c 	jmp	0x1826	; 0x1826 <__fp_mpack>
    1626:	0c 94 bd 0a 	jmp	0x157a	; 0x157a <__fp_nan>
    162a:	68 94       	set
    162c:	0c 94 b7 0a 	jmp	0x156e	; 0x156e <__fp_inf>

00001630 <log>:
    1630:	0e 94 e7 0a 	call	0x15ce	; 0x15ce <__fp_splitA>
    1634:	a8 f3       	brcs	.-22     	; 0x1620 <log10+0x10>
    1636:	99 23       	and	r25, r25
    1638:	c1 f3       	breq	.-16     	; 0x162a <log10+0x1a>
    163a:	ae f3       	brts	.-22     	; 0x1626 <log10+0x16>
    163c:	df 93       	push	r29
    163e:	cf 93       	push	r28
    1640:	1f 93       	push	r17
    1642:	0f 93       	push	r16
    1644:	ff 92       	push	r15
    1646:	c9 2f       	mov	r28, r25
    1648:	dd 27       	eor	r29, r29
    164a:	88 23       	and	r24, r24
    164c:	2a f0       	brmi	.+10     	; 0x1658 <log+0x28>
    164e:	21 97       	sbiw	r28, 0x01	; 1
    1650:	66 0f       	add	r22, r22
    1652:	77 1f       	adc	r23, r23
    1654:	88 1f       	adc	r24, r24
    1656:	da f7       	brpl	.-10     	; 0x164e <log+0x1e>
    1658:	20 e0       	ldi	r18, 0x00	; 0
    165a:	30 e0       	ldi	r19, 0x00	; 0
    165c:	40 e8       	ldi	r20, 0x80	; 128
    165e:	5f eb       	ldi	r21, 0xBF	; 191
    1660:	9f e3       	ldi	r25, 0x3F	; 63
    1662:	88 39       	cpi	r24, 0x98	; 152
    1664:	20 f0       	brcs	.+8      	; 0x166e <log+0x3e>
    1666:	80 3e       	cpi	r24, 0xE0	; 224
    1668:	38 f0       	brcs	.+14     	; 0x1678 <log+0x48>
    166a:	21 96       	adiw	r28, 0x01	; 1
    166c:	8f 77       	andi	r24, 0x7F	; 127
    166e:	0e 94 e5 09 	call	0x13ca	; 0x13ca <__addsf3>
    1672:	e8 e6       	ldi	r30, 0x68	; 104
    1674:	f0 e0       	ldi	r31, 0x00	; 0
    1676:	04 c0       	rjmp	.+8      	; 0x1680 <log+0x50>
    1678:	0e 94 e5 09 	call	0x13ca	; 0x13ca <__addsf3>
    167c:	e5 e9       	ldi	r30, 0x95	; 149
    167e:	f0 e0       	ldi	r31, 0x00	; 0
    1680:	0e 94 28 0c 	call	0x1850	; 0x1850 <__fp_powser>
    1684:	8b 01       	movw	r16, r22
    1686:	be 01       	movw	r22, r28
    1688:	ec 01       	movw	r28, r24
    168a:	fb 2e       	mov	r15, r27
    168c:	6f 57       	subi	r22, 0x7F	; 127
    168e:	71 09       	sbc	r23, r1
    1690:	75 95       	asr	r23
    1692:	77 1f       	adc	r23, r23
    1694:	88 0b       	sbc	r24, r24
    1696:	99 0b       	sbc	r25, r25
    1698:	0e 94 58 0a 	call	0x14b0	; 0x14b0 <__floatsisf>
    169c:	28 e1       	ldi	r18, 0x18	; 24
    169e:	32 e7       	ldi	r19, 0x72	; 114
    16a0:	41 e3       	ldi	r20, 0x31	; 49
    16a2:	5f e3       	ldi	r21, 0x3F	; 63
    16a4:	0e 94 73 0b 	call	0x16e6	; 0x16e6 <__mulsf3x>
    16a8:	af 2d       	mov	r26, r15
    16aa:	98 01       	movw	r18, r16
    16ac:	ae 01       	movw	r20, r28
    16ae:	ff 90       	pop	r15
    16b0:	0f 91       	pop	r16
    16b2:	1f 91       	pop	r17
    16b4:	cf 91       	pop	r28
    16b6:	df 91       	pop	r29
    16b8:	0e 94 fc 09 	call	0x13f8	; 0x13f8 <__addsf3x>
    16bc:	0c 94 ce 0a 	jmp	0x159c	; 0x159c <__fp_round>

000016c0 <__mulsf3>:
    16c0:	0e 94 73 0b 	call	0x16e6	; 0x16e6 <__mulsf3x>
    16c4:	0c 94 ce 0a 	jmp	0x159c	; 0x159c <__fp_round>
    16c8:	0e 94 c0 0a 	call	0x1580	; 0x1580 <__fp_pscA>
    16cc:	38 f0       	brcs	.+14     	; 0x16dc <__mulsf3+0x1c>
    16ce:	0e 94 c7 0a 	call	0x158e	; 0x158e <__fp_pscB>
    16d2:	20 f0       	brcs	.+8      	; 0x16dc <__mulsf3+0x1c>
    16d4:	95 23       	and	r25, r21
    16d6:	11 f0       	breq	.+4      	; 0x16dc <__mulsf3+0x1c>
    16d8:	0c 94 b7 0a 	jmp	0x156e	; 0x156e <__fp_inf>
    16dc:	0c 94 bd 0a 	jmp	0x157a	; 0x157a <__fp_nan>
    16e0:	11 24       	eor	r1, r1
    16e2:	0c 94 02 0b 	jmp	0x1604	; 0x1604 <__fp_szero>

000016e6 <__mulsf3x>:
    16e6:	0e 94 df 0a 	call	0x15be	; 0x15be <__fp_split3>
    16ea:	70 f3       	brcs	.-36     	; 0x16c8 <__mulsf3+0x8>

000016ec <__mulsf3_pse>:
    16ec:	95 9f       	mul	r25, r21
    16ee:	c1 f3       	breq	.-16     	; 0x16e0 <__mulsf3+0x20>
    16f0:	95 0f       	add	r25, r21
    16f2:	50 e0       	ldi	r21, 0x00	; 0
    16f4:	55 1f       	adc	r21, r21
    16f6:	62 9f       	mul	r22, r18
    16f8:	f0 01       	movw	r30, r0
    16fa:	72 9f       	mul	r23, r18
    16fc:	bb 27       	eor	r27, r27
    16fe:	f0 0d       	add	r31, r0
    1700:	b1 1d       	adc	r27, r1
    1702:	63 9f       	mul	r22, r19
    1704:	aa 27       	eor	r26, r26
    1706:	f0 0d       	add	r31, r0
    1708:	b1 1d       	adc	r27, r1
    170a:	aa 1f       	adc	r26, r26
    170c:	64 9f       	mul	r22, r20
    170e:	66 27       	eor	r22, r22
    1710:	b0 0d       	add	r27, r0
    1712:	a1 1d       	adc	r26, r1
    1714:	66 1f       	adc	r22, r22
    1716:	82 9f       	mul	r24, r18
    1718:	22 27       	eor	r18, r18
    171a:	b0 0d       	add	r27, r0
    171c:	a1 1d       	adc	r26, r1
    171e:	62 1f       	adc	r22, r18
    1720:	73 9f       	mul	r23, r19
    1722:	b0 0d       	add	r27, r0
    1724:	a1 1d       	adc	r26, r1
    1726:	62 1f       	adc	r22, r18
    1728:	83 9f       	mul	r24, r19
    172a:	a0 0d       	add	r26, r0
    172c:	61 1d       	adc	r22, r1
    172e:	22 1f       	adc	r18, r18
    1730:	74 9f       	mul	r23, r20
    1732:	33 27       	eor	r19, r19
    1734:	a0 0d       	add	r26, r0
    1736:	61 1d       	adc	r22, r1
    1738:	23 1f       	adc	r18, r19
    173a:	84 9f       	mul	r24, r20
    173c:	60 0d       	add	r22, r0
    173e:	21 1d       	adc	r18, r1
    1740:	82 2f       	mov	r24, r18
    1742:	76 2f       	mov	r23, r22
    1744:	6a 2f       	mov	r22, r26
    1746:	11 24       	eor	r1, r1
    1748:	9f 57       	subi	r25, 0x7F	; 127
    174a:	50 40       	sbci	r21, 0x00	; 0
    174c:	9a f0       	brmi	.+38     	; 0x1774 <__mulsf3_pse+0x88>
    174e:	f1 f0       	breq	.+60     	; 0x178c <__mulsf3_pse+0xa0>
    1750:	88 23       	and	r24, r24
    1752:	4a f0       	brmi	.+18     	; 0x1766 <__mulsf3_pse+0x7a>
    1754:	ee 0f       	add	r30, r30
    1756:	ff 1f       	adc	r31, r31
    1758:	bb 1f       	adc	r27, r27
    175a:	66 1f       	adc	r22, r22
    175c:	77 1f       	adc	r23, r23
    175e:	88 1f       	adc	r24, r24
    1760:	91 50       	subi	r25, 0x01	; 1
    1762:	50 40       	sbci	r21, 0x00	; 0
    1764:	a9 f7       	brne	.-22     	; 0x1750 <__mulsf3_pse+0x64>
    1766:	9e 3f       	cpi	r25, 0xFE	; 254
    1768:	51 05       	cpc	r21, r1
    176a:	80 f0       	brcs	.+32     	; 0x178c <__mulsf3_pse+0xa0>
    176c:	0c 94 b7 0a 	jmp	0x156e	; 0x156e <__fp_inf>
    1770:	0c 94 02 0b 	jmp	0x1604	; 0x1604 <__fp_szero>
    1774:	5f 3f       	cpi	r21, 0xFF	; 255
    1776:	e4 f3       	brlt	.-8      	; 0x1770 <__mulsf3_pse+0x84>
    1778:	98 3e       	cpi	r25, 0xE8	; 232
    177a:	d4 f3       	brlt	.-12     	; 0x1770 <__mulsf3_pse+0x84>
    177c:	86 95       	lsr	r24
    177e:	77 95       	ror	r23
    1780:	67 95       	ror	r22
    1782:	b7 95       	ror	r27
    1784:	f7 95       	ror	r31
    1786:	e7 95       	ror	r30
    1788:	9f 5f       	subi	r25, 0xFF	; 255
    178a:	c1 f7       	brne	.-16     	; 0x177c <__mulsf3_pse+0x90>
    178c:	fe 2b       	or	r31, r30
    178e:	88 0f       	add	r24, r24
    1790:	91 1d       	adc	r25, r1
    1792:	96 95       	lsr	r25
    1794:	87 95       	ror	r24
    1796:	97 f9       	bld	r25, 7
    1798:	08 95       	ret
    179a:	19 f4       	brne	.+6      	; 0x17a2 <__mulsf3_pse+0xb6>
    179c:	16 f4       	brtc	.+4      	; 0x17a2 <__mulsf3_pse+0xb6>
    179e:	0c 94 bd 0a 	jmp	0x157a	; 0x157a <__fp_nan>
    17a2:	0c 94 13 0c 	jmp	0x1826	; 0x1826 <__fp_mpack>

000017a6 <sqrt>:
    17a6:	0e 94 e7 0a 	call	0x15ce	; 0x15ce <__fp_splitA>
    17aa:	b8 f3       	brcs	.-18     	; 0x179a <__mulsf3_pse+0xae>
    17ac:	99 23       	and	r25, r25
    17ae:	c9 f3       	breq	.-14     	; 0x17a2 <__mulsf3_pse+0xb6>
    17b0:	b6 f3       	brts	.-20     	; 0x179e <__mulsf3_pse+0xb2>
    17b2:	9f 57       	subi	r25, 0x7F	; 127
    17b4:	55 0b       	sbc	r21, r21
    17b6:	87 ff       	sbrs	r24, 7
    17b8:	0e 94 21 0c 	call	0x1842	; 0x1842 <__fp_norm2>
    17bc:	00 24       	eor	r0, r0
    17be:	a0 e6       	ldi	r26, 0x60	; 96
    17c0:	40 ea       	ldi	r20, 0xA0	; 160
    17c2:	90 01       	movw	r18, r0
    17c4:	80 58       	subi	r24, 0x80	; 128
    17c6:	56 95       	lsr	r21
    17c8:	97 95       	ror	r25
    17ca:	28 f4       	brcc	.+10     	; 0x17d6 <sqrt+0x30>
    17cc:	80 5c       	subi	r24, 0xC0	; 192
    17ce:	66 0f       	add	r22, r22
    17d0:	77 1f       	adc	r23, r23
    17d2:	88 1f       	adc	r24, r24
    17d4:	20 f0       	brcs	.+8      	; 0x17de <sqrt+0x38>
    17d6:	26 17       	cp	r18, r22
    17d8:	37 07       	cpc	r19, r23
    17da:	48 07       	cpc	r20, r24
    17dc:	30 f4       	brcc	.+12     	; 0x17ea <sqrt+0x44>
    17de:	62 1b       	sub	r22, r18
    17e0:	73 0b       	sbc	r23, r19
    17e2:	84 0b       	sbc	r24, r20
    17e4:	20 29       	or	r18, r0
    17e6:	31 29       	or	r19, r1
    17e8:	4a 2b       	or	r20, r26
    17ea:	a6 95       	lsr	r26
    17ec:	17 94       	ror	r1
    17ee:	07 94       	ror	r0
    17f0:	20 25       	eor	r18, r0
    17f2:	31 25       	eor	r19, r1
    17f4:	4a 27       	eor	r20, r26
    17f6:	58 f7       	brcc	.-42     	; 0x17ce <sqrt+0x28>
    17f8:	66 0f       	add	r22, r22
    17fa:	77 1f       	adc	r23, r23
    17fc:	88 1f       	adc	r24, r24
    17fe:	20 f0       	brcs	.+8      	; 0x1808 <sqrt+0x62>
    1800:	26 17       	cp	r18, r22
    1802:	37 07       	cpc	r19, r23
    1804:	48 07       	cpc	r20, r24
    1806:	30 f4       	brcc	.+12     	; 0x1814 <sqrt+0x6e>
    1808:	62 0b       	sbc	r22, r18
    180a:	73 0b       	sbc	r23, r19
    180c:	84 0b       	sbc	r24, r20
    180e:	20 0d       	add	r18, r0
    1810:	31 1d       	adc	r19, r1
    1812:	41 1d       	adc	r20, r1
    1814:	a0 95       	com	r26
    1816:	81 f7       	brne	.-32     	; 0x17f8 <sqrt+0x52>
    1818:	b9 01       	movw	r22, r18
    181a:	84 2f       	mov	r24, r20
    181c:	91 58       	subi	r25, 0x81	; 129
    181e:	88 0f       	add	r24, r24
    1820:	96 95       	lsr	r25
    1822:	87 95       	ror	r24
    1824:	08 95       	ret

00001826 <__fp_mpack>:
    1826:	9f 3f       	cpi	r25, 0xFF	; 255
    1828:	31 f0       	breq	.+12     	; 0x1836 <__fp_mpack_finite+0xc>

0000182a <__fp_mpack_finite>:
    182a:	91 50       	subi	r25, 0x01	; 1
    182c:	20 f4       	brcc	.+8      	; 0x1836 <__fp_mpack_finite+0xc>
    182e:	87 95       	ror	r24
    1830:	77 95       	ror	r23
    1832:	67 95       	ror	r22
    1834:	b7 95       	ror	r27
    1836:	88 0f       	add	r24, r24
    1838:	91 1d       	adc	r25, r1
    183a:	96 95       	lsr	r25
    183c:	87 95       	ror	r24
    183e:	97 f9       	bld	r25, 7
    1840:	08 95       	ret

00001842 <__fp_norm2>:
    1842:	91 50       	subi	r25, 0x01	; 1
    1844:	50 40       	sbci	r21, 0x00	; 0
    1846:	66 0f       	add	r22, r22
    1848:	77 1f       	adc	r23, r23
    184a:	88 1f       	adc	r24, r24
    184c:	d2 f7       	brpl	.-12     	; 0x1842 <__fp_norm2>
    184e:	08 95       	ret

00001850 <__fp_powser>:
    1850:	df 93       	push	r29
    1852:	cf 93       	push	r28
    1854:	1f 93       	push	r17
    1856:	0f 93       	push	r16
    1858:	ff 92       	push	r15
    185a:	ef 92       	push	r14
    185c:	df 92       	push	r13
    185e:	7b 01       	movw	r14, r22
    1860:	8c 01       	movw	r16, r24
    1862:	68 94       	set
    1864:	06 c0       	rjmp	.+12     	; 0x1872 <__fp_powser+0x22>
    1866:	da 2e       	mov	r13, r26
    1868:	ef 01       	movw	r28, r30
    186a:	0e 94 73 0b 	call	0x16e6	; 0x16e6 <__mulsf3x>
    186e:	fe 01       	movw	r30, r28
    1870:	e8 94       	clt
    1872:	a5 91       	lpm	r26, Z+
    1874:	25 91       	lpm	r18, Z+
    1876:	35 91       	lpm	r19, Z+
    1878:	45 91       	lpm	r20, Z+
    187a:	55 91       	lpm	r21, Z+
    187c:	a6 f3       	brts	.-24     	; 0x1866 <__fp_powser+0x16>
    187e:	ef 01       	movw	r28, r30
    1880:	0e 94 fc 09 	call	0x13f8	; 0x13f8 <__addsf3x>
    1884:	fe 01       	movw	r30, r28
    1886:	97 01       	movw	r18, r14
    1888:	a8 01       	movw	r20, r16
    188a:	da 94       	dec	r13
    188c:	69 f7       	brne	.-38     	; 0x1868 <__fp_powser+0x18>
    188e:	df 90       	pop	r13
    1890:	ef 90       	pop	r14
    1892:	ff 90       	pop	r15
    1894:	0f 91       	pop	r16
    1896:	1f 91       	pop	r17
    1898:	cf 91       	pop	r28
    189a:	df 91       	pop	r29
    189c:	08 95       	ret

0000189e <__mulsi3>:
    189e:	db 01       	movw	r26, r22
    18a0:	8f 93       	push	r24
    18a2:	9f 93       	push	r25
    18a4:	0e 94 5f 0c 	call	0x18be	; 0x18be <__muluhisi3>
    18a8:	bf 91       	pop	r27
    18aa:	af 91       	pop	r26
    18ac:	a2 9f       	mul	r26, r18
    18ae:	80 0d       	add	r24, r0
    18b0:	91 1d       	adc	r25, r1
    18b2:	a3 9f       	mul	r26, r19
    18b4:	90 0d       	add	r25, r0
    18b6:	b2 9f       	mul	r27, r18
    18b8:	90 0d       	add	r25, r0
    18ba:	11 24       	eor	r1, r1
    18bc:	08 95       	ret

000018be <__muluhisi3>:
    18be:	0e 94 a1 0c 	call	0x1942	; 0x1942 <__umulhisi3>
    18c2:	a5 9f       	mul	r26, r21
    18c4:	90 0d       	add	r25, r0
    18c6:	b4 9f       	mul	r27, r20
    18c8:	90 0d       	add	r25, r0
    18ca:	a4 9f       	mul	r26, r20
    18cc:	80 0d       	add	r24, r0
    18ce:	91 1d       	adc	r25, r1
    18d0:	11 24       	eor	r1, r1
    18d2:	08 95       	ret

000018d4 <__prologue_saves__>:
    18d4:	2f 92       	push	r2
    18d6:	3f 92       	push	r3
    18d8:	4f 92       	push	r4
    18da:	5f 92       	push	r5
    18dc:	6f 92       	push	r6
    18de:	7f 92       	push	r7
    18e0:	8f 92       	push	r8
    18e2:	9f 92       	push	r9
    18e4:	af 92       	push	r10
    18e6:	bf 92       	push	r11
    18e8:	cf 92       	push	r12
    18ea:	df 92       	push	r13
    18ec:	ef 92       	push	r14
    18ee:	ff 92       	push	r15
    18f0:	0f 93       	push	r16
    18f2:	1f 93       	push	r17
    18f4:	cf 93       	push	r28
    18f6:	df 93       	push	r29
    18f8:	cd b7       	in	r28, 0x3d	; 61
    18fa:	de b7       	in	r29, 0x3e	; 62
    18fc:	ca 1b       	sub	r28, r26
    18fe:	db 0b       	sbc	r29, r27
    1900:	0f b6       	in	r0, 0x3f	; 63
    1902:	f8 94       	cli
    1904:	de bf       	out	0x3e, r29	; 62
    1906:	0f be       	out	0x3f, r0	; 63
    1908:	cd bf       	out	0x3d, r28	; 61
    190a:	09 94       	ijmp

0000190c <__epilogue_restores__>:
    190c:	2a 88       	ldd	r2, Y+18	; 0x12
    190e:	39 88       	ldd	r3, Y+17	; 0x11
    1910:	48 88       	ldd	r4, Y+16	; 0x10
    1912:	5f 84       	ldd	r5, Y+15	; 0x0f
    1914:	6e 84       	ldd	r6, Y+14	; 0x0e
    1916:	7d 84       	ldd	r7, Y+13	; 0x0d
    1918:	8c 84       	ldd	r8, Y+12	; 0x0c
    191a:	9b 84       	ldd	r9, Y+11	; 0x0b
    191c:	aa 84       	ldd	r10, Y+10	; 0x0a
    191e:	b9 84       	ldd	r11, Y+9	; 0x09
    1920:	c8 84       	ldd	r12, Y+8	; 0x08
    1922:	df 80       	ldd	r13, Y+7	; 0x07
    1924:	ee 80       	ldd	r14, Y+6	; 0x06
    1926:	fd 80       	ldd	r15, Y+5	; 0x05
    1928:	0c 81       	ldd	r16, Y+4	; 0x04
    192a:	1b 81       	ldd	r17, Y+3	; 0x03
    192c:	aa 81       	ldd	r26, Y+2	; 0x02
    192e:	b9 81       	ldd	r27, Y+1	; 0x01
    1930:	ce 0f       	add	r28, r30
    1932:	d1 1d       	adc	r29, r1
    1934:	0f b6       	in	r0, 0x3f	; 63
    1936:	f8 94       	cli
    1938:	de bf       	out	0x3e, r29	; 62
    193a:	0f be       	out	0x3f, r0	; 63
    193c:	cd bf       	out	0x3d, r28	; 61
    193e:	ed 01       	movw	r28, r26
    1940:	08 95       	ret

00001942 <__umulhisi3>:
    1942:	a2 9f       	mul	r26, r18
    1944:	b0 01       	movw	r22, r0
    1946:	b3 9f       	mul	r27, r19
    1948:	c0 01       	movw	r24, r0
    194a:	a3 9f       	mul	r26, r19
    194c:	70 0d       	add	r23, r0
    194e:	81 1d       	adc	r24, r1
    1950:	11 24       	eor	r1, r1
    1952:	91 1d       	adc	r25, r1
    1954:	b2 9f       	mul	r27, r18
    1956:	70 0d       	add	r23, r0
    1958:	81 1d       	adc	r24, r1
    195a:	11 24       	eor	r1, r1
    195c:	91 1d       	adc	r25, r1
    195e:	08 95       	ret

00001960 <__ftoa_engine>:
    1960:	28 30       	cpi	r18, 0x08	; 8
    1962:	08 f0       	brcs	.+2      	; 0x1966 <__ftoa_engine+0x6>
    1964:	27 e0       	ldi	r18, 0x07	; 7
    1966:	33 27       	eor	r19, r19
    1968:	da 01       	movw	r26, r20
    196a:	99 0f       	add	r25, r25
    196c:	31 1d       	adc	r19, r1
    196e:	87 fd       	sbrc	r24, 7
    1970:	91 60       	ori	r25, 0x01	; 1
    1972:	00 96       	adiw	r24, 0x00	; 0
    1974:	61 05       	cpc	r22, r1
    1976:	71 05       	cpc	r23, r1
    1978:	39 f4       	brne	.+14     	; 0x1988 <__ftoa_engine+0x28>
    197a:	32 60       	ori	r19, 0x02	; 2
    197c:	2e 5f       	subi	r18, 0xFE	; 254
    197e:	3d 93       	st	X+, r19
    1980:	30 e3       	ldi	r19, 0x30	; 48
    1982:	2a 95       	dec	r18
    1984:	e1 f7       	brne	.-8      	; 0x197e <__ftoa_engine+0x1e>
    1986:	08 95       	ret
    1988:	9f 3f       	cpi	r25, 0xFF	; 255
    198a:	30 f0       	brcs	.+12     	; 0x1998 <__ftoa_engine+0x38>
    198c:	80 38       	cpi	r24, 0x80	; 128
    198e:	71 05       	cpc	r23, r1
    1990:	61 05       	cpc	r22, r1
    1992:	09 f0       	breq	.+2      	; 0x1996 <__ftoa_engine+0x36>
    1994:	3c 5f       	subi	r19, 0xFC	; 252
    1996:	3c 5f       	subi	r19, 0xFC	; 252
    1998:	3d 93       	st	X+, r19
    199a:	91 30       	cpi	r25, 0x01	; 1
    199c:	08 f0       	brcs	.+2      	; 0x19a0 <__ftoa_engine+0x40>
    199e:	80 68       	ori	r24, 0x80	; 128
    19a0:	91 1d       	adc	r25, r1
    19a2:	df 93       	push	r29
    19a4:	cf 93       	push	r28
    19a6:	1f 93       	push	r17
    19a8:	0f 93       	push	r16
    19aa:	ff 92       	push	r15
    19ac:	ef 92       	push	r14
    19ae:	19 2f       	mov	r17, r25
    19b0:	98 7f       	andi	r25, 0xF8	; 248
    19b2:	96 95       	lsr	r25
    19b4:	e9 2f       	mov	r30, r25
    19b6:	96 95       	lsr	r25
    19b8:	96 95       	lsr	r25
    19ba:	e9 0f       	add	r30, r25
    19bc:	ff 27       	eor	r31, r31
    19be:	ec 5d       	subi	r30, 0xDC	; 220
    19c0:	fe 4f       	sbci	r31, 0xFE	; 254
    19c2:	99 27       	eor	r25, r25
    19c4:	33 27       	eor	r19, r19
    19c6:	ee 24       	eor	r14, r14
    19c8:	ff 24       	eor	r15, r15
    19ca:	a7 01       	movw	r20, r14
    19cc:	e7 01       	movw	r28, r14
    19ce:	05 90       	lpm	r0, Z+
    19d0:	08 94       	sec
    19d2:	07 94       	ror	r0
    19d4:	28 f4       	brcc	.+10     	; 0x19e0 <__ftoa_engine+0x80>
    19d6:	36 0f       	add	r19, r22
    19d8:	e7 1e       	adc	r14, r23
    19da:	f8 1e       	adc	r15, r24
    19dc:	49 1f       	adc	r20, r25
    19de:	51 1d       	adc	r21, r1
    19e0:	66 0f       	add	r22, r22
    19e2:	77 1f       	adc	r23, r23
    19e4:	88 1f       	adc	r24, r24
    19e6:	99 1f       	adc	r25, r25
    19e8:	06 94       	lsr	r0
    19ea:	a1 f7       	brne	.-24     	; 0x19d4 <__ftoa_engine+0x74>
    19ec:	05 90       	lpm	r0, Z+
    19ee:	07 94       	ror	r0
    19f0:	28 f4       	brcc	.+10     	; 0x19fc <__ftoa_engine+0x9c>
    19f2:	e7 0e       	add	r14, r23
    19f4:	f8 1e       	adc	r15, r24
    19f6:	49 1f       	adc	r20, r25
    19f8:	56 1f       	adc	r21, r22
    19fa:	c1 1d       	adc	r28, r1
    19fc:	77 0f       	add	r23, r23
    19fe:	88 1f       	adc	r24, r24
    1a00:	99 1f       	adc	r25, r25
    1a02:	66 1f       	adc	r22, r22
    1a04:	06 94       	lsr	r0
    1a06:	a1 f7       	brne	.-24     	; 0x19f0 <__ftoa_engine+0x90>
    1a08:	05 90       	lpm	r0, Z+
    1a0a:	07 94       	ror	r0
    1a0c:	28 f4       	brcc	.+10     	; 0x1a18 <__ftoa_engine+0xb8>
    1a0e:	f8 0e       	add	r15, r24
    1a10:	49 1f       	adc	r20, r25
    1a12:	56 1f       	adc	r21, r22
    1a14:	c7 1f       	adc	r28, r23
    1a16:	d1 1d       	adc	r29, r1
    1a18:	88 0f       	add	r24, r24
    1a1a:	99 1f       	adc	r25, r25
    1a1c:	66 1f       	adc	r22, r22
    1a1e:	77 1f       	adc	r23, r23
    1a20:	06 94       	lsr	r0
    1a22:	a1 f7       	brne	.-24     	; 0x1a0c <__ftoa_engine+0xac>
    1a24:	05 90       	lpm	r0, Z+
    1a26:	07 94       	ror	r0
    1a28:	20 f4       	brcc	.+8      	; 0x1a32 <__ftoa_engine+0xd2>
    1a2a:	49 0f       	add	r20, r25
    1a2c:	56 1f       	adc	r21, r22
    1a2e:	c7 1f       	adc	r28, r23
    1a30:	d8 1f       	adc	r29, r24
    1a32:	99 0f       	add	r25, r25
    1a34:	66 1f       	adc	r22, r22
    1a36:	77 1f       	adc	r23, r23
    1a38:	88 1f       	adc	r24, r24
    1a3a:	06 94       	lsr	r0
    1a3c:	a9 f7       	brne	.-22     	; 0x1a28 <__ftoa_engine+0xc8>
    1a3e:	84 91       	lpm	r24, Z
    1a40:	10 95       	com	r17
    1a42:	17 70       	andi	r17, 0x07	; 7
    1a44:	41 f0       	breq	.+16     	; 0x1a56 <__ftoa_engine+0xf6>
    1a46:	d6 95       	lsr	r29
    1a48:	c7 95       	ror	r28
    1a4a:	57 95       	ror	r21
    1a4c:	47 95       	ror	r20
    1a4e:	f7 94       	ror	r15
    1a50:	e7 94       	ror	r14
    1a52:	1a 95       	dec	r17
    1a54:	c1 f7       	brne	.-16     	; 0x1a46 <__ftoa_engine+0xe6>
    1a56:	ea ec       	ldi	r30, 0xCA	; 202
    1a58:	f0 e0       	ldi	r31, 0x00	; 0
    1a5a:	68 94       	set
    1a5c:	15 90       	lpm	r1, Z+
    1a5e:	15 91       	lpm	r17, Z+
    1a60:	35 91       	lpm	r19, Z+
    1a62:	65 91       	lpm	r22, Z+
    1a64:	95 91       	lpm	r25, Z+
    1a66:	05 90       	lpm	r0, Z+
    1a68:	7f e2       	ldi	r23, 0x2F	; 47
    1a6a:	73 95       	inc	r23
    1a6c:	e1 18       	sub	r14, r1
    1a6e:	f1 0a       	sbc	r15, r17
    1a70:	43 0b       	sbc	r20, r19
    1a72:	56 0b       	sbc	r21, r22
    1a74:	c9 0b       	sbc	r28, r25
    1a76:	d0 09       	sbc	r29, r0
    1a78:	c0 f7       	brcc	.-16     	; 0x1a6a <__ftoa_engine+0x10a>
    1a7a:	e1 0c       	add	r14, r1
    1a7c:	f1 1e       	adc	r15, r17
    1a7e:	43 1f       	adc	r20, r19
    1a80:	56 1f       	adc	r21, r22
    1a82:	c9 1f       	adc	r28, r25
    1a84:	d0 1d       	adc	r29, r0
    1a86:	7e f4       	brtc	.+30     	; 0x1aa6 <__ftoa_engine+0x146>
    1a88:	70 33       	cpi	r23, 0x30	; 48
    1a8a:	11 f4       	brne	.+4      	; 0x1a90 <__ftoa_engine+0x130>
    1a8c:	8a 95       	dec	r24
    1a8e:	e6 cf       	rjmp	.-52     	; 0x1a5c <__ftoa_engine+0xfc>
    1a90:	e8 94       	clt
    1a92:	01 50       	subi	r16, 0x01	; 1
    1a94:	30 f0       	brcs	.+12     	; 0x1aa2 <__ftoa_engine+0x142>
    1a96:	08 0f       	add	r16, r24
    1a98:	0a f4       	brpl	.+2      	; 0x1a9c <__ftoa_engine+0x13c>
    1a9a:	00 27       	eor	r16, r16
    1a9c:	02 17       	cp	r16, r18
    1a9e:	08 f4       	brcc	.+2      	; 0x1aa2 <__ftoa_engine+0x142>
    1aa0:	20 2f       	mov	r18, r16
    1aa2:	23 95       	inc	r18
    1aa4:	02 2f       	mov	r16, r18
    1aa6:	7a 33       	cpi	r23, 0x3A	; 58
    1aa8:	28 f0       	brcs	.+10     	; 0x1ab4 <__ftoa_engine+0x154>
    1aaa:	79 e3       	ldi	r23, 0x39	; 57
    1aac:	7d 93       	st	X+, r23
    1aae:	2a 95       	dec	r18
    1ab0:	e9 f7       	brne	.-6      	; 0x1aac <__ftoa_engine+0x14c>
    1ab2:	10 c0       	rjmp	.+32     	; 0x1ad4 <__ftoa_engine+0x174>
    1ab4:	7d 93       	st	X+, r23
    1ab6:	2a 95       	dec	r18
    1ab8:	89 f6       	brne	.-94     	; 0x1a5c <__ftoa_engine+0xfc>
    1aba:	06 94       	lsr	r0
    1abc:	97 95       	ror	r25
    1abe:	67 95       	ror	r22
    1ac0:	37 95       	ror	r19
    1ac2:	17 95       	ror	r17
    1ac4:	17 94       	ror	r1
    1ac6:	e1 18       	sub	r14, r1
    1ac8:	f1 0a       	sbc	r15, r17
    1aca:	43 0b       	sbc	r20, r19
    1acc:	56 0b       	sbc	r21, r22
    1ace:	c9 0b       	sbc	r28, r25
    1ad0:	d0 09       	sbc	r29, r0
    1ad2:	98 f0       	brcs	.+38     	; 0x1afa <__ftoa_engine+0x19a>
    1ad4:	23 95       	inc	r18
    1ad6:	7e 91       	ld	r23, -X
    1ad8:	73 95       	inc	r23
    1ada:	7a 33       	cpi	r23, 0x3A	; 58
    1adc:	08 f0       	brcs	.+2      	; 0x1ae0 <__ftoa_engine+0x180>
    1ade:	70 e3       	ldi	r23, 0x30	; 48
    1ae0:	7c 93       	st	X, r23
    1ae2:	20 13       	cpse	r18, r16
    1ae4:	b8 f7       	brcc	.-18     	; 0x1ad4 <__ftoa_engine+0x174>
    1ae6:	7e 91       	ld	r23, -X
    1ae8:	70 61       	ori	r23, 0x10	; 16
    1aea:	7d 93       	st	X+, r23
    1aec:	30 f0       	brcs	.+12     	; 0x1afa <__ftoa_engine+0x19a>
    1aee:	83 95       	inc	r24
    1af0:	71 e3       	ldi	r23, 0x31	; 49
    1af2:	7d 93       	st	X+, r23
    1af4:	70 e3       	ldi	r23, 0x30	; 48
    1af6:	2a 95       	dec	r18
    1af8:	e1 f7       	brne	.-8      	; 0x1af2 <__ftoa_engine+0x192>
    1afa:	11 24       	eor	r1, r1
    1afc:	ef 90       	pop	r14
    1afe:	ff 90       	pop	r15
    1b00:	0f 91       	pop	r16
    1b02:	1f 91       	pop	r17
    1b04:	cf 91       	pop	r28
    1b06:	df 91       	pop	r29
    1b08:	99 27       	eor	r25, r25
    1b0a:	87 fd       	sbrc	r24, 7
    1b0c:	90 95       	com	r25
    1b0e:	08 95       	ret

00001b10 <isspace>:
    1b10:	91 11       	cpse	r25, r1
    1b12:	0c 94 c1 0e 	jmp	0x1d82	; 0x1d82 <__ctype_isfalse>
    1b16:	80 32       	cpi	r24, 0x20	; 32
    1b18:	19 f0       	breq	.+6      	; 0x1b20 <isspace+0x10>
    1b1a:	89 50       	subi	r24, 0x09	; 9
    1b1c:	85 50       	subi	r24, 0x05	; 5
    1b1e:	c8 f7       	brcc	.-14     	; 0x1b12 <isspace+0x2>
    1b20:	08 95       	ret

00001b22 <tolower>:
    1b22:	91 11       	cpse	r25, r1
    1b24:	08 95       	ret
    1b26:	81 54       	subi	r24, 0x41	; 65
    1b28:	8a 51       	subi	r24, 0x1A	; 26
    1b2a:	08 f4       	brcc	.+2      	; 0x1b2e <tolower+0xc>
    1b2c:	80 5e       	subi	r24, 0xE0	; 224
    1b2e:	85 5a       	subi	r24, 0xA5	; 165
    1b30:	08 95       	ret

00001b32 <strchr_P>:
    1b32:	fc 01       	movw	r30, r24
    1b34:	05 90       	lpm	r0, Z+
    1b36:	06 16       	cp	r0, r22
    1b38:	21 f0       	breq	.+8      	; 0x1b42 <strchr_P+0x10>
    1b3a:	00 20       	and	r0, r0
    1b3c:	d9 f7       	brne	.-10     	; 0x1b34 <strchr_P+0x2>
    1b3e:	c0 01       	movw	r24, r0
    1b40:	08 95       	ret
    1b42:	31 97       	sbiw	r30, 0x01	; 1
    1b44:	cf 01       	movw	r24, r30
    1b46:	08 95       	ret

00001b48 <strnlen_P>:
    1b48:	fc 01       	movw	r30, r24
    1b4a:	05 90       	lpm	r0, Z+
    1b4c:	61 50       	subi	r22, 0x01	; 1
    1b4e:	70 40       	sbci	r23, 0x00	; 0
    1b50:	01 10       	cpse	r0, r1
    1b52:	d8 f7       	brcc	.-10     	; 0x1b4a <strnlen_P+0x2>
    1b54:	80 95       	com	r24
    1b56:	90 95       	com	r25
    1b58:	8e 0f       	add	r24, r30
    1b5a:	9f 1f       	adc	r25, r31
    1b5c:	08 95       	ret

00001b5e <strnlen>:
    1b5e:	fc 01       	movw	r30, r24
    1b60:	61 50       	subi	r22, 0x01	; 1
    1b62:	70 40       	sbci	r23, 0x00	; 0
    1b64:	01 90       	ld	r0, Z+
    1b66:	01 10       	cpse	r0, r1
    1b68:	d8 f7       	brcc	.-10     	; 0x1b60 <strnlen+0x2>
    1b6a:	80 95       	com	r24
    1b6c:	90 95       	com	r25
    1b6e:	8e 0f       	add	r24, r30
    1b70:	9f 1f       	adc	r25, r31
    1b72:	08 95       	ret

00001b74 <fgetc>:
    1b74:	cf 93       	push	r28
    1b76:	df 93       	push	r29
    1b78:	ec 01       	movw	r28, r24
    1b7a:	2b 81       	ldd	r18, Y+3	; 0x03
    1b7c:	20 ff       	sbrs	r18, 0
    1b7e:	33 c0       	rjmp	.+102    	; 0x1be6 <fgetc+0x72>
    1b80:	26 ff       	sbrs	r18, 6
    1b82:	0a c0       	rjmp	.+20     	; 0x1b98 <fgetc+0x24>
    1b84:	2f 7b       	andi	r18, 0xBF	; 191
    1b86:	2b 83       	std	Y+3, r18	; 0x03
    1b88:	8e 81       	ldd	r24, Y+6	; 0x06
    1b8a:	9f 81       	ldd	r25, Y+7	; 0x07
    1b8c:	01 96       	adiw	r24, 0x01	; 1
    1b8e:	9f 83       	std	Y+7, r25	; 0x07
    1b90:	8e 83       	std	Y+6, r24	; 0x06
    1b92:	8a 81       	ldd	r24, Y+2	; 0x02
    1b94:	90 e0       	ldi	r25, 0x00	; 0
    1b96:	29 c0       	rjmp	.+82     	; 0x1bea <fgetc+0x76>
    1b98:	22 ff       	sbrs	r18, 2
    1b9a:	0f c0       	rjmp	.+30     	; 0x1bba <fgetc+0x46>
    1b9c:	e8 81       	ld	r30, Y
    1b9e:	f9 81       	ldd	r31, Y+1	; 0x01
    1ba0:	80 81       	ld	r24, Z
    1ba2:	08 2e       	mov	r0, r24
    1ba4:	00 0c       	add	r0, r0
    1ba6:	99 0b       	sbc	r25, r25
    1ba8:	00 97       	sbiw	r24, 0x00	; 0
    1baa:	19 f4       	brne	.+6      	; 0x1bb2 <fgetc+0x3e>
    1bac:	20 62       	ori	r18, 0x20	; 32
    1bae:	2b 83       	std	Y+3, r18	; 0x03
    1bb0:	1a c0       	rjmp	.+52     	; 0x1be6 <fgetc+0x72>
    1bb2:	31 96       	adiw	r30, 0x01	; 1
    1bb4:	f9 83       	std	Y+1, r31	; 0x01
    1bb6:	e8 83       	st	Y, r30
    1bb8:	0e c0       	rjmp	.+28     	; 0x1bd6 <fgetc+0x62>
    1bba:	ea 85       	ldd	r30, Y+10	; 0x0a
    1bbc:	fb 85       	ldd	r31, Y+11	; 0x0b
    1bbe:	09 95       	icall
    1bc0:	97 ff       	sbrs	r25, 7
    1bc2:	09 c0       	rjmp	.+18     	; 0x1bd6 <fgetc+0x62>
    1bc4:	2b 81       	ldd	r18, Y+3	; 0x03
    1bc6:	01 96       	adiw	r24, 0x01	; 1
    1bc8:	11 f0       	breq	.+4      	; 0x1bce <fgetc+0x5a>
    1bca:	80 e2       	ldi	r24, 0x20	; 32
    1bcc:	01 c0       	rjmp	.+2      	; 0x1bd0 <fgetc+0x5c>
    1bce:	80 e1       	ldi	r24, 0x10	; 16
    1bd0:	82 2b       	or	r24, r18
    1bd2:	8b 83       	std	Y+3, r24	; 0x03
    1bd4:	08 c0       	rjmp	.+16     	; 0x1be6 <fgetc+0x72>
    1bd6:	2e 81       	ldd	r18, Y+6	; 0x06
    1bd8:	3f 81       	ldd	r19, Y+7	; 0x07
    1bda:	2f 5f       	subi	r18, 0xFF	; 255
    1bdc:	3f 4f       	sbci	r19, 0xFF	; 255
    1bde:	3f 83       	std	Y+7, r19	; 0x07
    1be0:	2e 83       	std	Y+6, r18	; 0x06
    1be2:	99 27       	eor	r25, r25
    1be4:	02 c0       	rjmp	.+4      	; 0x1bea <fgetc+0x76>
    1be6:	8f ef       	ldi	r24, 0xFF	; 255
    1be8:	9f ef       	ldi	r25, 0xFF	; 255
    1bea:	df 91       	pop	r29
    1bec:	cf 91       	pop	r28
    1bee:	08 95       	ret

00001bf0 <fputc>:
    1bf0:	0f 93       	push	r16
    1bf2:	1f 93       	push	r17
    1bf4:	cf 93       	push	r28
    1bf6:	df 93       	push	r29
    1bf8:	fb 01       	movw	r30, r22
    1bfa:	23 81       	ldd	r18, Z+3	; 0x03
    1bfc:	21 fd       	sbrc	r18, 1
    1bfe:	03 c0       	rjmp	.+6      	; 0x1c06 <fputc+0x16>
    1c00:	8f ef       	ldi	r24, 0xFF	; 255
    1c02:	9f ef       	ldi	r25, 0xFF	; 255
    1c04:	2c c0       	rjmp	.+88     	; 0x1c5e <fputc+0x6e>
    1c06:	22 ff       	sbrs	r18, 2
    1c08:	16 c0       	rjmp	.+44     	; 0x1c36 <fputc+0x46>
    1c0a:	46 81       	ldd	r20, Z+6	; 0x06
    1c0c:	57 81       	ldd	r21, Z+7	; 0x07
    1c0e:	24 81       	ldd	r18, Z+4	; 0x04
    1c10:	35 81       	ldd	r19, Z+5	; 0x05
    1c12:	42 17       	cp	r20, r18
    1c14:	53 07       	cpc	r21, r19
    1c16:	44 f4       	brge	.+16     	; 0x1c28 <fputc+0x38>
    1c18:	a0 81       	ld	r26, Z
    1c1a:	b1 81       	ldd	r27, Z+1	; 0x01
    1c1c:	9d 01       	movw	r18, r26
    1c1e:	2f 5f       	subi	r18, 0xFF	; 255
    1c20:	3f 4f       	sbci	r19, 0xFF	; 255
    1c22:	31 83       	std	Z+1, r19	; 0x01
    1c24:	20 83       	st	Z, r18
    1c26:	8c 93       	st	X, r24
    1c28:	26 81       	ldd	r18, Z+6	; 0x06
    1c2a:	37 81       	ldd	r19, Z+7	; 0x07
    1c2c:	2f 5f       	subi	r18, 0xFF	; 255
    1c2e:	3f 4f       	sbci	r19, 0xFF	; 255
    1c30:	37 83       	std	Z+7, r19	; 0x07
    1c32:	26 83       	std	Z+6, r18	; 0x06
    1c34:	14 c0       	rjmp	.+40     	; 0x1c5e <fputc+0x6e>
    1c36:	8b 01       	movw	r16, r22
    1c38:	ec 01       	movw	r28, r24
    1c3a:	fb 01       	movw	r30, r22
    1c3c:	00 84       	ldd	r0, Z+8	; 0x08
    1c3e:	f1 85       	ldd	r31, Z+9	; 0x09
    1c40:	e0 2d       	mov	r30, r0
    1c42:	09 95       	icall
    1c44:	89 2b       	or	r24, r25
    1c46:	e1 f6       	brne	.-72     	; 0x1c00 <fputc+0x10>
    1c48:	d8 01       	movw	r26, r16
    1c4a:	16 96       	adiw	r26, 0x06	; 6
    1c4c:	8d 91       	ld	r24, X+
    1c4e:	9c 91       	ld	r25, X
    1c50:	17 97       	sbiw	r26, 0x07	; 7
    1c52:	01 96       	adiw	r24, 0x01	; 1
    1c54:	17 96       	adiw	r26, 0x07	; 7
    1c56:	9c 93       	st	X, r25
    1c58:	8e 93       	st	-X, r24
    1c5a:	16 97       	sbiw	r26, 0x06	; 6
    1c5c:	ce 01       	movw	r24, r28
    1c5e:	df 91       	pop	r29
    1c60:	cf 91       	pop	r28
    1c62:	1f 91       	pop	r17
    1c64:	0f 91       	pop	r16
    1c66:	08 95       	ret

00001c68 <printf>:
    1c68:	a0 e0       	ldi	r26, 0x00	; 0
    1c6a:	b0 e0       	ldi	r27, 0x00	; 0
    1c6c:	ea e3       	ldi	r30, 0x3A	; 58
    1c6e:	fe e0       	ldi	r31, 0x0E	; 14
    1c70:	0c 94 7a 0c 	jmp	0x18f4	; 0x18f4 <__prologue_saves__+0x20>
    1c74:	ae 01       	movw	r20, r28
    1c76:	4b 5f       	subi	r20, 0xFB	; 251
    1c78:	5f 4f       	sbci	r21, 0xFF	; 255
    1c7a:	fa 01       	movw	r30, r20
    1c7c:	61 91       	ld	r22, Z+
    1c7e:	71 91       	ld	r23, Z+
    1c80:	af 01       	movw	r20, r30
    1c82:	80 91 19 05 	lds	r24, 0x0519	; 0x800519 <__iob+0x2>
    1c86:	90 91 1a 05 	lds	r25, 0x051A	; 0x80051a <__iob+0x3>
    1c8a:	0e 94 59 02 	call	0x4b2	; 0x4b2 <vfprintf>
    1c8e:	e2 e0       	ldi	r30, 0x02	; 2
    1c90:	0c 94 96 0c 	jmp	0x192c	; 0x192c <__epilogue_restores__+0x20>

00001c94 <ungetc>:
    1c94:	fb 01       	movw	r30, r22
    1c96:	23 81       	ldd	r18, Z+3	; 0x03
    1c98:	20 ff       	sbrs	r18, 0
    1c9a:	12 c0       	rjmp	.+36     	; 0x1cc0 <ungetc+0x2c>
    1c9c:	26 fd       	sbrc	r18, 6
    1c9e:	10 c0       	rjmp	.+32     	; 0x1cc0 <ungetc+0x2c>
    1ca0:	8f 3f       	cpi	r24, 0xFF	; 255
    1ca2:	3f ef       	ldi	r19, 0xFF	; 255
    1ca4:	93 07       	cpc	r25, r19
    1ca6:	61 f0       	breq	.+24     	; 0x1cc0 <ungetc+0x2c>
    1ca8:	82 83       	std	Z+2, r24	; 0x02
    1caa:	2f 7d       	andi	r18, 0xDF	; 223
    1cac:	20 64       	ori	r18, 0x40	; 64
    1cae:	23 83       	std	Z+3, r18	; 0x03
    1cb0:	26 81       	ldd	r18, Z+6	; 0x06
    1cb2:	37 81       	ldd	r19, Z+7	; 0x07
    1cb4:	21 50       	subi	r18, 0x01	; 1
    1cb6:	31 09       	sbc	r19, r1
    1cb8:	37 83       	std	Z+7, r19	; 0x07
    1cba:	26 83       	std	Z+6, r18	; 0x06
    1cbc:	99 27       	eor	r25, r25
    1cbe:	08 95       	ret
    1cc0:	8f ef       	ldi	r24, 0xFF	; 255
    1cc2:	9f ef       	ldi	r25, 0xFF	; 255
    1cc4:	08 95       	ret

00001cc6 <__ultoa_invert>:
    1cc6:	fa 01       	movw	r30, r20
    1cc8:	aa 27       	eor	r26, r26
    1cca:	28 30       	cpi	r18, 0x08	; 8
    1ccc:	51 f1       	breq	.+84     	; 0x1d22 <__ultoa_invert+0x5c>
    1cce:	20 31       	cpi	r18, 0x10	; 16
    1cd0:	81 f1       	breq	.+96     	; 0x1d32 <__ultoa_invert+0x6c>
    1cd2:	e8 94       	clt
    1cd4:	6f 93       	push	r22
    1cd6:	6e 7f       	andi	r22, 0xFE	; 254
    1cd8:	6e 5f       	subi	r22, 0xFE	; 254
    1cda:	7f 4f       	sbci	r23, 0xFF	; 255
    1cdc:	8f 4f       	sbci	r24, 0xFF	; 255
    1cde:	9f 4f       	sbci	r25, 0xFF	; 255
    1ce0:	af 4f       	sbci	r26, 0xFF	; 255
    1ce2:	b1 e0       	ldi	r27, 0x01	; 1
    1ce4:	3e d0       	rcall	.+124    	; 0x1d62 <__ultoa_invert+0x9c>
    1ce6:	b4 e0       	ldi	r27, 0x04	; 4
    1ce8:	3c d0       	rcall	.+120    	; 0x1d62 <__ultoa_invert+0x9c>
    1cea:	67 0f       	add	r22, r23
    1cec:	78 1f       	adc	r23, r24
    1cee:	89 1f       	adc	r24, r25
    1cf0:	9a 1f       	adc	r25, r26
    1cf2:	a1 1d       	adc	r26, r1
    1cf4:	68 0f       	add	r22, r24
    1cf6:	79 1f       	adc	r23, r25
    1cf8:	8a 1f       	adc	r24, r26
    1cfa:	91 1d       	adc	r25, r1
    1cfc:	a1 1d       	adc	r26, r1
    1cfe:	6a 0f       	add	r22, r26
    1d00:	71 1d       	adc	r23, r1
    1d02:	81 1d       	adc	r24, r1
    1d04:	91 1d       	adc	r25, r1
    1d06:	a1 1d       	adc	r26, r1
    1d08:	20 d0       	rcall	.+64     	; 0x1d4a <__ultoa_invert+0x84>
    1d0a:	09 f4       	brne	.+2      	; 0x1d0e <__ultoa_invert+0x48>
    1d0c:	68 94       	set
    1d0e:	3f 91       	pop	r19
    1d10:	2a e0       	ldi	r18, 0x0A	; 10
    1d12:	26 9f       	mul	r18, r22
    1d14:	11 24       	eor	r1, r1
    1d16:	30 19       	sub	r19, r0
    1d18:	30 5d       	subi	r19, 0xD0	; 208
    1d1a:	31 93       	st	Z+, r19
    1d1c:	de f6       	brtc	.-74     	; 0x1cd4 <__ultoa_invert+0xe>
    1d1e:	cf 01       	movw	r24, r30
    1d20:	08 95       	ret
    1d22:	46 2f       	mov	r20, r22
    1d24:	47 70       	andi	r20, 0x07	; 7
    1d26:	40 5d       	subi	r20, 0xD0	; 208
    1d28:	41 93       	st	Z+, r20
    1d2a:	b3 e0       	ldi	r27, 0x03	; 3
    1d2c:	0f d0       	rcall	.+30     	; 0x1d4c <__ultoa_invert+0x86>
    1d2e:	c9 f7       	brne	.-14     	; 0x1d22 <__ultoa_invert+0x5c>
    1d30:	f6 cf       	rjmp	.-20     	; 0x1d1e <__ultoa_invert+0x58>
    1d32:	46 2f       	mov	r20, r22
    1d34:	4f 70       	andi	r20, 0x0F	; 15
    1d36:	40 5d       	subi	r20, 0xD0	; 208
    1d38:	4a 33       	cpi	r20, 0x3A	; 58
    1d3a:	18 f0       	brcs	.+6      	; 0x1d42 <__ultoa_invert+0x7c>
    1d3c:	49 5d       	subi	r20, 0xD9	; 217
    1d3e:	31 fd       	sbrc	r19, 1
    1d40:	40 52       	subi	r20, 0x20	; 32
    1d42:	41 93       	st	Z+, r20
    1d44:	02 d0       	rcall	.+4      	; 0x1d4a <__ultoa_invert+0x84>
    1d46:	a9 f7       	brne	.-22     	; 0x1d32 <__ultoa_invert+0x6c>
    1d48:	ea cf       	rjmp	.-44     	; 0x1d1e <__ultoa_invert+0x58>
    1d4a:	b4 e0       	ldi	r27, 0x04	; 4
    1d4c:	a6 95       	lsr	r26
    1d4e:	97 95       	ror	r25
    1d50:	87 95       	ror	r24
    1d52:	77 95       	ror	r23
    1d54:	67 95       	ror	r22
    1d56:	ba 95       	dec	r27
    1d58:	c9 f7       	brne	.-14     	; 0x1d4c <__ultoa_invert+0x86>
    1d5a:	00 97       	sbiw	r24, 0x00	; 0
    1d5c:	61 05       	cpc	r22, r1
    1d5e:	71 05       	cpc	r23, r1
    1d60:	08 95       	ret
    1d62:	9b 01       	movw	r18, r22
    1d64:	ac 01       	movw	r20, r24
    1d66:	0a 2e       	mov	r0, r26
    1d68:	06 94       	lsr	r0
    1d6a:	57 95       	ror	r21
    1d6c:	47 95       	ror	r20
    1d6e:	37 95       	ror	r19
    1d70:	27 95       	ror	r18
    1d72:	ba 95       	dec	r27
    1d74:	c9 f7       	brne	.-14     	; 0x1d68 <__ultoa_invert+0xa2>
    1d76:	62 0f       	add	r22, r18
    1d78:	73 1f       	adc	r23, r19
    1d7a:	84 1f       	adc	r24, r20
    1d7c:	95 1f       	adc	r25, r21
    1d7e:	a0 1d       	adc	r26, r0
    1d80:	08 95       	ret

00001d82 <__ctype_isfalse>:
    1d82:	99 27       	eor	r25, r25
    1d84:	88 27       	eor	r24, r24

00001d86 <__ctype_istrue>:
    1d86:	08 95       	ret

00001d88 <_exit>:
    1d88:	f8 94       	cli

00001d8a <__stop_program>:
    1d8a:	ff cf       	rjmp	.-2      	; 0x1d8a <__stop_program>
