
task1.elf:     file format elf32-avr

Sections:
Idx Name          Size      VMA       LMA       File off  Algn
  0 .data         00000000  00800100  0000189c  00001910  2**0
                  CONTENTS, ALLOC, LOAD, DATA
  1 .text         0000189c  00000000  00000000  00000074  2**1
                  CONTENTS, ALLOC, LOAD, READONLY, CODE
  2 .stab         000006c0  00000000  00000000  00001910  2**2
                  CONTENTS, READONLY, DEBUGGING
  3 .stabstr      00000c9b  00000000  00000000  00001fd0  2**0
                  CONTENTS, READONLY, DEBUGGING
  4 .comment      00000011  00000000  00000000  00002c6b  2**0
                  CONTENTS, READONLY
  5 .note.gnu.avr.deviceinfo 00000040  00000000  00000000  00002c7c  2**2
                  CONTENTS, READONLY
  6 .debug_info   000005f4  00000000  00000000  00002cbc  2**0
                  CONTENTS, READONLY, DEBUGGING
  7 .debug_abbrev 000005a2  00000000  00000000  000032b0  2**0
                  CONTENTS, READONLY, DEBUGGING
  8 .debug_line   0000001a  00000000  00000000  00003852  2**0
                  CONTENTS, READONLY, DEBUGGING
  9 .debug_str    00000208  00000000  00000000  0000386c  2**0
                  CONTENTS, READONLY, DEBUGGING

Disassembly of section .text:

00000000 <__vectors>:
       0:	0c 94 dc 00 	jmp	0x1b8	; 0x1b8 <__ctors_end>
       4:	0c 94 e6 00 	jmp	0x1cc	; 0x1cc <__bad_interrupt>
       8:	0c 94 e6 00 	jmp	0x1cc	; 0x1cc <__bad_interrupt>
       c:	0c 94 e6 00 	jmp	0x1cc	; 0x1cc <__bad_interrupt>
      10:	0c 94 e6 00 	jmp	0x1cc	; 0x1cc <__bad_interrupt>
      14:	0c 94 e6 00 	jmp	0x1cc	; 0x1cc <__bad_interrupt>
      18:	0c 94 e6 00 	jmp	0x1cc	; 0x1cc <__bad_interrupt>
      1c:	0c 94 e6 00 	jmp	0x1cc	; 0x1cc <__bad_interrupt>
      20:	0c 94 e6 00 	jmp	0x1cc	; 0x1cc <__bad_interrupt>
      24:	0c 94 e6 00 	jmp	0x1cc	; 0x1cc <__bad_interrupt>
      28:	0c 94 e6 00 	jmp	0x1cc	; 0x1cc <__bad_interrupt>
      2c:	0c 94 e6 00 	jmp	0x1cc	; 0x1cc <__bad_interrupt>
      30:	0c 94 e6 00 	jmp	0x1cc	; 0x1cc <__bad_interrupt>
      34:	0c 94 e6 00 	jmp	0x1cc	; 0x1cc <__bad_interrupt>
      38:	0c 94 e6 00 	jmp	0x1cc	; 0x1cc <__bad_interrupt>
      3c:	0c 94 e6 00 	jmp	0x1cc	; 0x1cc <__bad_interrupt>
      40:	0c 94 e6 00 	jmp	0x1cc	; 0x1cc <__bad_interrupt>
      44:	0c 94 e6 00 	jmp	0x1cc	; 0x1cc <__bad_interrupt>
      48:	0c 94 e6 00 	jmp	0x1cc	; 0x1cc <__bad_interrupt>
      4c:	0c 94 e6 00 	jmp	0x1cc	; 0x1cc <__bad_interrupt>
      50:	0c 94 e6 00 	jmp	0x1cc	; 0x1cc <__bad_interrupt>
      54:	0c 94 e6 00 	jmp	0x1cc	; 0x1cc <__bad_interrupt>
      58:	0c 94 e6 00 	jmp	0x1cc	; 0x1cc <__bad_interrupt>
      5c:	0c 94 e6 00 	jmp	0x1cc	; 0x1cc <__bad_interrupt>
      60:	0c 94 e6 00 	jmp	0x1cc	; 0x1cc <__bad_interrupt>
      64:	0c 94 e6 00 	jmp	0x1cc	; 0x1cc <__bad_interrupt>

00000068 <__trampolines_end>:
      68:	6e 61       	ori	r22, 0x1E	; 30
      6a:	6e 00       	.word	0x006e	; ????

0000006c <__c.2332>:
      6c:	69 6e 66 00 00 40 7a 10 f3 5a 00 a0 72 4e 18 09     inf..@z..Z..rN..
      7c:	00 10 a5 d4 e8 00 00 e8 76 48 17 00 00 e4 0b 54     ........vH.....T
      8c:	02 00 00 ca 9a 3b 00 00 00 e1 f5 05 00 00 80 96     .....;..........
      9c:	98 00 00 00 40 42 0f 00 00 00 a0 86 01 00 00 00     ....@B..........
      ac:	10 27 00 00 00 00 e8 03 00 00 00 00 64 00 00 00     .'..........d...
      bc:	00 00 0a 00 00 00 00 00 01 00 00 00 00 00 2c 76     ..............,v
      cc:	d8 88 dc 67 4f 08 23 df c1 df ae 59 e1 b1 b7 96     ...gO.#....Y....
      dc:	e5 e3 e4 53 c6 3a e6 51 99 76 96 e8 e6 c2 84 26     ...S.:.Q.v.....&
      ec:	eb 89 8c 9b 62 ed 40 7c 6f fc ef bc 9c 9f 40 f2     ....b.@|o.....@.
      fc:	ba a5 6f a5 f4 90 05 5a 2a f7 5c 93 6b 6c f9 67     ..o....Z*.\.kl.g
     10c:	6d c1 1b fc e0 e4 0d 47 fe f5 20 e6 b5 00 d0 ed     m......G.. .....
     11c:	90 2e 03 00 94 35 77 05 00 80 84 1e 08 00 00 20     .....5w........ 
     12c:	4e 0a 00 00 00 c8 0c 33 33 33 33 0f 98 6e 12 83     N......3333..n..
     13c:	11 41 ef 8d 21 14 89 3b e6 55 16 cf fe e6 db 18     .A..!..;.U......
     14c:	d1 84 4b 38 1b f7 7c 1d 90 1d a4 bb e4 24 20 32     ..K8..|......$ 2
     15c:	84 72 5e 22 81 00 c9 f1 24 ec a1 e5 3d 27           .r^"....$...='

0000016a <__c.2529>:
     16a:	63 64 69 6e 6f 70 73 75 78 58 5b 65 66 67 45 46     cdinopsuxX[efgEF
     17a:	47 00                                               G.

0000017c <pstr_an>:
     17c:	61 6e 00                                            an.

0000017f <pstr_nfinity>:
     17f:	6e 66 69 6e 69 74 79 00                             nfinity.

00000187 <pwr_m10>:
     187:	cd cc cc 3d 0a d7 23 3c 17 b7 d1 38 77 cc 2b 32     ...=..#<...8w.+2
     197:	95 95 e6 24 1f b1 4f 0a                             ...$..O.

0000019f <pwr_p10>:
     19f:	00 00 20 41 00 00 c8 42 00 40 1c 46 20 bc be 4c     .. A...B.@.F ..L
     1af:	ca 1b 0e 5a ae c5 9d 74 00                          ...Z...t.

000001b8 <__ctors_end>:
     1b8:	11 24       	eor	r1, r1
     1ba:	1f be       	out	0x3f, r1	; 63
     1bc:	cf ef       	ldi	r28, 0xFF	; 255
     1be:	d8 e0       	ldi	r29, 0x08	; 8
     1c0:	de bf       	out	0x3e, r29	; 62
     1c2:	cd bf       	out	0x3d, r28	; 61
     1c4:	0e 94 17 01 	call	0x22e	; 0x22e <main>
     1c8:	0c 94 4c 0c 	jmp	0x1898	; 0x1898 <_exit>

000001cc <__bad_interrupt>:
     1cc:	0c 94 00 00 	jmp	0	; 0x0 <__vectors>

000001d0 <adc_init>:
// 345615, Olaf Surgut
#include <avr/io.h>
#include <util/delay.h>

void adc_init() {
  ADMUX = (1 << REFS0); // ref AVcc
     1d0:	80 e4       	ldi	r24, 0x40	; 64
     1d2:	80 93 7c 00 	sts	0x007C, r24	; 0x80007c <__TEXT_REGION_LENGTH__+0x7f807c>
  ADCSRA = (1 << ADEN) | // adc on
     1d6:	87 e8       	ldi	r24, 0x87	; 135
     1d8:	80 93 7a 00 	sts	0x007A, r24	; 0x80007a <__TEXT_REGION_LENGTH__+0x7f807a>
     1dc:	08 95       	ret

000001de <adc_read>:
           (1 << ADPS2) | (1 << ADPS1) | (1 << ADPS0); // prescaler 128
}

uint16_t adc_read() {
  ADCSRA |= (1 << ADSC);
     1de:	80 91 7a 00 	lds	r24, 0x007A	; 0x80007a <__TEXT_REGION_LENGTH__+0x7f807a>
     1e2:	80 64       	ori	r24, 0x40	; 64
     1e4:	80 93 7a 00 	sts	0x007A, r24	; 0x80007a <__TEXT_REGION_LENGTH__+0x7f807a>
  while (ADCSRA & (1 << ADSC));
     1e8:	80 91 7a 00 	lds	r24, 0x007A	; 0x80007a <__TEXT_REGION_LENGTH__+0x7f807a>
     1ec:	86 fd       	sbrc	r24, 6
     1ee:	fc cf       	rjmp	.-8      	; 0x1e8 <adc_read+0xa>
  return ADC;
     1f0:	80 91 78 00 	lds	r24, 0x0078	; 0x800078 <__TEXT_REGION_LENGTH__+0x7f8078>
     1f4:	90 91 79 00 	lds	r25, 0x0079	; 0x800079 <__TEXT_REGION_LENGTH__+0x7f8079>
}
     1f8:	08 95       	ret

000001fa <pwm_init>:

void pwm_init() {
  DDRB |= (1 << PB1); // OC1A out
     1fa:	21 9a       	sbi	0x04, 1	; 4

  TCCR1A = (1 << COM1A1); // OC1A non-inverting
     1fc:	a0 e8       	ldi	r26, 0x80	; 128
     1fe:	b0 e0       	ldi	r27, 0x00	; 0
     200:	80 e8       	ldi	r24, 0x80	; 128
     202:	8c 93       	st	X, r24
  TCCR1B = (1 << WGM13) | (1 << WGM12); // Fast PWM, TOP = ICR1
     204:	e1 e8       	ldi	r30, 0x81	; 129
     206:	f0 e0       	ldi	r31, 0x00	; 0
     208:	88 e1       	ldi	r24, 0x18	; 24
     20a:	80 83       	st	Z, r24
  TCCR1A |= (1 << WGM11);
     20c:	8c 91       	ld	r24, X
     20e:	82 60       	ori	r24, 0x02	; 2
     210:	8c 93       	st	X, r24

  TCCR1B |= (1 << CS11); // prescaler 8
     212:	80 81       	ld	r24, Z
     214:	82 60       	ori	r24, 0x02	; 2
     216:	80 83       	st	Z, r24
  ICR1 = 1999; // ~1 kHz
     218:	8f ec       	ldi	r24, 0xCF	; 207
     21a:	97 e0       	ldi	r25, 0x07	; 7
     21c:	90 93 87 00 	sts	0x0087, r25	; 0x800087 <__TEXT_REGION_LENGTH__+0x7f8087>
     220:	80 93 86 00 	sts	0x0086, r24	; 0x800086 <__TEXT_REGION_LENGTH__+0x7f8086>
  OCR1A = 0;
     224:	10 92 89 00 	sts	0x0089, r1	; 0x800089 <__TEXT_REGION_LENGTH__+0x7f8089>
     228:	10 92 88 00 	sts	0x0088, r1	; 0x800088 <__TEXT_REGION_LENGTH__+0x7f8088>
     22c:	08 95       	ret

0000022e <main>:
// 345615, Olaf Surgut
#include <avr/io.h>
#include <util/delay.h>

void adc_init() {
  ADMUX = (1 << REFS0); // ref AVcc
     22e:	80 e4       	ldi	r24, 0x40	; 64
     230:	80 93 7c 00 	sts	0x007C, r24	; 0x80007c <__TEXT_REGION_LENGTH__+0x7f807c>
  ADCSRA = (1 << ADEN) | // adc on
     234:	87 e8       	ldi	r24, 0x87	; 135
     236:	80 93 7a 00 	sts	0x007A, r24	; 0x80007a <__TEXT_REGION_LENGTH__+0x7f807a>
  while (ADCSRA & (1 << ADSC));
  return ADC;
}

void pwm_init() {
  DDRB |= (1 << PB1); // OC1A out
     23a:	21 9a       	sbi	0x04, 1	; 4

  TCCR1A = (1 << COM1A1); // OC1A non-inverting
     23c:	80 e8       	ldi	r24, 0x80	; 128
     23e:	80 93 80 00 	sts	0x0080, r24	; 0x800080 <__TEXT_REGION_LENGTH__+0x7f8080>
  TCCR1B = (1 << WGM13) | (1 << WGM12); // Fast PWM, TOP = ICR1
     242:	88 e1       	ldi	r24, 0x18	; 24
     244:	80 93 81 00 	sts	0x0081, r24	; 0x800081 <__TEXT_REGION_LENGTH__+0x7f8081>
  TCCR1A |= (1 << WGM11);
     248:	80 91 80 00 	lds	r24, 0x0080	; 0x800080 <__TEXT_REGION_LENGTH__+0x7f8080>
     24c:	82 60       	ori	r24, 0x02	; 2
     24e:	80 93 80 00 	sts	0x0080, r24	; 0x800080 <__TEXT_REGION_LENGTH__+0x7f8080>

  TCCR1B |= (1 << CS11); // prescaler 8
     252:	80 91 81 00 	lds	r24, 0x0081	; 0x800081 <__TEXT_REGION_LENGTH__+0x7f8081>
     256:	82 60       	ori	r24, 0x02	; 2
     258:	80 93 81 00 	sts	0x0081, r24	; 0x800081 <__TEXT_REGION_LENGTH__+0x7f8081>
  ICR1 = 1999; // ~1 kHz
     25c:	8f ec       	ldi	r24, 0xCF	; 207
     25e:	97 e0       	ldi	r25, 0x07	; 7
     260:	90 93 87 00 	sts	0x0087, r25	; 0x800087 <__TEXT_REGION_LENGTH__+0x7f8087>
     264:	80 93 86 00 	sts	0x0086, r24	; 0x800086 <__TEXT_REGION_LENGTH__+0x7f8086>
  OCR1A = 0;
     268:	10 92 89 00 	sts	0x0089, r1	; 0x800089 <__TEXT_REGION_LENGTH__+0x7f8089>
     26c:	10 92 88 00 	sts	0x0088, r1	; 0x800088 <__TEXT_REGION_LENGTH__+0x7f8088>
    adc_init();
    pwm_init();

    for (;;) {
        adc = adc_read();
        OCR1A = (uint32_t) adc * ICR1 / 1023;
     270:	cc 24       	eor	r12, r12
     272:	ca 94       	dec	r12
     274:	83 e0       	ldi	r24, 0x03	; 3
     276:	d8 2e       	mov	r13, r24
     278:	e1 2c       	mov	r14, r1
     27a:	f1 2c       	mov	r15, r1
  ADCSRA = (1 << ADEN) | // adc on
           (1 << ADPS2) | (1 << ADPS1) | (1 << ADPS0); // prescaler 128
}

uint16_t adc_read() {
  ADCSRA |= (1 << ADSC);
     27c:	80 91 7a 00 	lds	r24, 0x007A	; 0x80007a <__TEXT_REGION_LENGTH__+0x7f807a>
     280:	80 64       	ori	r24, 0x40	; 64
     282:	80 93 7a 00 	sts	0x007A, r24	; 0x80007a <__TEXT_REGION_LENGTH__+0x7f807a>
  while (ADCSRA & (1 << ADSC));
     286:	80 91 7a 00 	lds	r24, 0x007A	; 0x80007a <__TEXT_REGION_LENGTH__+0x7f807a>
     28a:	86 fd       	sbrc	r24, 6
     28c:	fc cf       	rjmp	.-8      	; 0x286 <main+0x58>
  return ADC;
     28e:	20 91 78 00 	lds	r18, 0x0078	; 0x800078 <__TEXT_REGION_LENGTH__+0x7f8078>
     292:	30 91 79 00 	lds	r19, 0x0079	; 0x800079 <__TEXT_REGION_LENGTH__+0x7f8079>
    adc_init();
    pwm_init();

    for (;;) {
        adc = adc_read();
        OCR1A = (uint32_t) adc * ICR1 / 1023;
     296:	a0 91 86 00 	lds	r26, 0x0086	; 0x800086 <__TEXT_REGION_LENGTH__+0x7f8086>
     29a:	b0 91 87 00 	lds	r27, 0x0087	; 0x800087 <__TEXT_REGION_LENGTH__+0x7f8087>
     29e:	0e 94 08 0a 	call	0x1410	; 0x1410 <__umulhisi3>
     2a2:	a7 01       	movw	r20, r14
     2a4:	96 01       	movw	r18, r12
     2a6:	0e 94 e6 09 	call	0x13cc	; 0x13cc <__udivmodsi4>
     2aa:	30 93 89 00 	sts	0x0089, r19	; 0x800089 <__TEXT_REGION_LENGTH__+0x7f8089>
     2ae:	20 93 88 00 	sts	0x0088, r18	; 0x800088 <__TEXT_REGION_LENGTH__+0x7f8088>
	#else
		//round up by default
		__ticks_dc = (uint32_t)(ceil(fabs(__tmp)));
	#endif

	__builtin_avr_delay_cycles(__ticks_dc);
     2b2:	8f e3       	ldi	r24, 0x3F	; 63
     2b4:	9c e9       	ldi	r25, 0x9C	; 156
     2b6:	01 97       	sbiw	r24, 0x01	; 1
     2b8:	f1 f7       	brne	.-4      	; 0x2b6 <main+0x88>
     2ba:	00 c0       	rjmp	.+0      	; 0x2bc <main+0x8e>
     2bc:	00 00       	nop
     2be:	de cf       	rjmp	.-68     	; 0x27c <main+0x4e>

000002c0 <vfprintf>:
     2c0:	a0 e1       	ldi	r26, 0x10	; 16
     2c2:	b0 e0       	ldi	r27, 0x00	; 0
     2c4:	e6 e6       	ldi	r30, 0x66	; 102
     2c6:	f1 e0       	ldi	r31, 0x01	; 1
     2c8:	0c 94 17 0a 	jmp	0x142e	; 0x142e <__prologue_saves__>
     2cc:	7c 01       	movw	r14, r24
     2ce:	1b 01       	movw	r2, r22
     2d0:	6a 01       	movw	r12, r20
     2d2:	fc 01       	movw	r30, r24
     2d4:	17 82       	std	Z+7, r1	; 0x07
     2d6:	16 82       	std	Z+6, r1	; 0x06
     2d8:	83 81       	ldd	r24, Z+3	; 0x03
     2da:	81 ff       	sbrs	r24, 1
     2dc:	44 c3       	rjmp	.+1672   	; 0x966 <__stack+0x67>
     2de:	9e 01       	movw	r18, r28
     2e0:	2f 5f       	subi	r18, 0xFF	; 255
     2e2:	3f 4f       	sbci	r19, 0xFF	; 255
     2e4:	39 01       	movw	r6, r18
     2e6:	f7 01       	movw	r30, r14
     2e8:	93 81       	ldd	r25, Z+3	; 0x03
     2ea:	f1 01       	movw	r30, r2
     2ec:	93 fd       	sbrc	r25, 3
     2ee:	85 91       	lpm	r24, Z+
     2f0:	93 ff       	sbrs	r25, 3
     2f2:	81 91       	ld	r24, Z+
     2f4:	1f 01       	movw	r2, r30
     2f6:	88 23       	and	r24, r24
     2f8:	09 f4       	brne	.+2      	; 0x2fc <vfprintf+0x3c>
     2fa:	31 c3       	rjmp	.+1634   	; 0x95e <__stack+0x5f>
     2fc:	85 32       	cpi	r24, 0x25	; 37
     2fe:	39 f4       	brne	.+14     	; 0x30e <vfprintf+0x4e>
     300:	93 fd       	sbrc	r25, 3
     302:	85 91       	lpm	r24, Z+
     304:	93 ff       	sbrs	r25, 3
     306:	81 91       	ld	r24, Z+
     308:	1f 01       	movw	r2, r30
     30a:	85 32       	cpi	r24, 0x25	; 37
     30c:	39 f4       	brne	.+14     	; 0x31c <vfprintf+0x5c>
     30e:	b7 01       	movw	r22, r14
     310:	90 e0       	ldi	r25, 0x00	; 0
     312:	0e 94 96 0b 	call	0x172c	; 0x172c <fputc>
     316:	56 01       	movw	r10, r12
     318:	65 01       	movw	r12, r10
     31a:	e5 cf       	rjmp	.-54     	; 0x2e6 <vfprintf+0x26>
     31c:	10 e0       	ldi	r17, 0x00	; 0
     31e:	51 2c       	mov	r5, r1
     320:	91 2c       	mov	r9, r1
     322:	ff e1       	ldi	r31, 0x1F	; 31
     324:	f9 15       	cp	r31, r9
     326:	d8 f0       	brcs	.+54     	; 0x35e <vfprintf+0x9e>
     328:	8b 32       	cpi	r24, 0x2B	; 43
     32a:	79 f0       	breq	.+30     	; 0x34a <vfprintf+0x8a>
     32c:	38 f4       	brcc	.+14     	; 0x33c <vfprintf+0x7c>
     32e:	80 32       	cpi	r24, 0x20	; 32
     330:	79 f0       	breq	.+30     	; 0x350 <vfprintf+0x90>
     332:	83 32       	cpi	r24, 0x23	; 35
     334:	a1 f4       	brne	.+40     	; 0x35e <vfprintf+0x9e>
     336:	f9 2d       	mov	r31, r9
     338:	f0 61       	ori	r31, 0x10	; 16
     33a:	2e c0       	rjmp	.+92     	; 0x398 <vfprintf+0xd8>
     33c:	8d 32       	cpi	r24, 0x2D	; 45
     33e:	61 f0       	breq	.+24     	; 0x358 <vfprintf+0x98>
     340:	80 33       	cpi	r24, 0x30	; 48
     342:	69 f4       	brne	.+26     	; 0x35e <vfprintf+0x9e>
     344:	29 2d       	mov	r18, r9
     346:	21 60       	ori	r18, 0x01	; 1
     348:	2d c0       	rjmp	.+90     	; 0x3a4 <vfprintf+0xe4>
     34a:	39 2d       	mov	r19, r9
     34c:	32 60       	ori	r19, 0x02	; 2
     34e:	93 2e       	mov	r9, r19
     350:	89 2d       	mov	r24, r9
     352:	84 60       	ori	r24, 0x04	; 4
     354:	98 2e       	mov	r9, r24
     356:	2a c0       	rjmp	.+84     	; 0x3ac <vfprintf+0xec>
     358:	e9 2d       	mov	r30, r9
     35a:	e8 60       	ori	r30, 0x08	; 8
     35c:	15 c0       	rjmp	.+42     	; 0x388 <vfprintf+0xc8>
     35e:	97 fc       	sbrc	r9, 7
     360:	2d c0       	rjmp	.+90     	; 0x3bc <vfprintf+0xfc>
     362:	20 ed       	ldi	r18, 0xD0	; 208
     364:	28 0f       	add	r18, r24
     366:	2a 30       	cpi	r18, 0x0A	; 10
     368:	88 f4       	brcc	.+34     	; 0x38c <vfprintf+0xcc>
     36a:	96 fe       	sbrs	r9, 6
     36c:	06 c0       	rjmp	.+12     	; 0x37a <vfprintf+0xba>
     36e:	3a e0       	ldi	r19, 0x0A	; 10
     370:	13 9f       	mul	r17, r19
     372:	20 0d       	add	r18, r0
     374:	11 24       	eor	r1, r1
     376:	12 2f       	mov	r17, r18
     378:	19 c0       	rjmp	.+50     	; 0x3ac <vfprintf+0xec>
     37a:	8a e0       	ldi	r24, 0x0A	; 10
     37c:	58 9e       	mul	r5, r24
     37e:	20 0d       	add	r18, r0
     380:	11 24       	eor	r1, r1
     382:	52 2e       	mov	r5, r18
     384:	e9 2d       	mov	r30, r9
     386:	e0 62       	ori	r30, 0x20	; 32
     388:	9e 2e       	mov	r9, r30
     38a:	10 c0       	rjmp	.+32     	; 0x3ac <vfprintf+0xec>
     38c:	8e 32       	cpi	r24, 0x2E	; 46
     38e:	31 f4       	brne	.+12     	; 0x39c <vfprintf+0xdc>
     390:	96 fc       	sbrc	r9, 6
     392:	e5 c2       	rjmp	.+1482   	; 0x95e <__stack+0x5f>
     394:	f9 2d       	mov	r31, r9
     396:	f0 64       	ori	r31, 0x40	; 64
     398:	9f 2e       	mov	r9, r31
     39a:	08 c0       	rjmp	.+16     	; 0x3ac <vfprintf+0xec>
     39c:	8c 36       	cpi	r24, 0x6C	; 108
     39e:	21 f4       	brne	.+8      	; 0x3a8 <vfprintf+0xe8>
     3a0:	29 2d       	mov	r18, r9
     3a2:	20 68       	ori	r18, 0x80	; 128
     3a4:	92 2e       	mov	r9, r18
     3a6:	02 c0       	rjmp	.+4      	; 0x3ac <vfprintf+0xec>
     3a8:	88 36       	cpi	r24, 0x68	; 104
     3aa:	41 f4       	brne	.+16     	; 0x3bc <vfprintf+0xfc>
     3ac:	f1 01       	movw	r30, r2
     3ae:	93 fd       	sbrc	r25, 3
     3b0:	85 91       	lpm	r24, Z+
     3b2:	93 ff       	sbrs	r25, 3
     3b4:	81 91       	ld	r24, Z+
     3b6:	1f 01       	movw	r2, r30
     3b8:	81 11       	cpse	r24, r1
     3ba:	b3 cf       	rjmp	.-154    	; 0x322 <vfprintf+0x62>
     3bc:	9b eb       	ldi	r25, 0xBB	; 187
     3be:	98 0f       	add	r25, r24
     3c0:	93 30       	cpi	r25, 0x03	; 3
     3c2:	20 f4       	brcc	.+8      	; 0x3cc <vfprintf+0x10c>
     3c4:	99 2d       	mov	r25, r9
     3c6:	90 61       	ori	r25, 0x10	; 16
     3c8:	80 5e       	subi	r24, 0xE0	; 224
     3ca:	07 c0       	rjmp	.+14     	; 0x3da <vfprintf+0x11a>
     3cc:	9b e9       	ldi	r25, 0x9B	; 155
     3ce:	98 0f       	add	r25, r24
     3d0:	93 30       	cpi	r25, 0x03	; 3
     3d2:	08 f0       	brcs	.+2      	; 0x3d6 <vfprintf+0x116>
     3d4:	66 c1       	rjmp	.+716    	; 0x6a2 <__EEPROM_REGION_LENGTH__+0x2a2>
     3d6:	99 2d       	mov	r25, r9
     3d8:	9f 7e       	andi	r25, 0xEF	; 239
     3da:	96 ff       	sbrs	r25, 6
     3dc:	16 e0       	ldi	r17, 0x06	; 6
     3de:	9f 73       	andi	r25, 0x3F	; 63
     3e0:	99 2e       	mov	r9, r25
     3e2:	85 36       	cpi	r24, 0x65	; 101
     3e4:	19 f4       	brne	.+6      	; 0x3ec <vfprintf+0x12c>
     3e6:	90 64       	ori	r25, 0x40	; 64
     3e8:	99 2e       	mov	r9, r25
     3ea:	08 c0       	rjmp	.+16     	; 0x3fc <vfprintf+0x13c>
     3ec:	86 36       	cpi	r24, 0x66	; 102
     3ee:	21 f4       	brne	.+8      	; 0x3f8 <vfprintf+0x138>
     3f0:	39 2f       	mov	r19, r25
     3f2:	30 68       	ori	r19, 0x80	; 128
     3f4:	93 2e       	mov	r9, r19
     3f6:	02 c0       	rjmp	.+4      	; 0x3fc <vfprintf+0x13c>
     3f8:	11 11       	cpse	r17, r1
     3fa:	11 50       	subi	r17, 0x01	; 1
     3fc:	97 fe       	sbrs	r9, 7
     3fe:	07 c0       	rjmp	.+14     	; 0x40e <__EEPROM_REGION_LENGTH__+0xe>
     400:	1c 33       	cpi	r17, 0x3C	; 60
     402:	50 f4       	brcc	.+20     	; 0x418 <__EEPROM_REGION_LENGTH__+0x18>
     404:	44 24       	eor	r4, r4
     406:	43 94       	inc	r4
     408:	41 0e       	add	r4, r17
     40a:	27 e0       	ldi	r18, 0x07	; 7
     40c:	0b c0       	rjmp	.+22     	; 0x424 <__EEPROM_REGION_LENGTH__+0x24>
     40e:	18 30       	cpi	r17, 0x08	; 8
     410:	38 f0       	brcs	.+14     	; 0x420 <__EEPROM_REGION_LENGTH__+0x20>
     412:	27 e0       	ldi	r18, 0x07	; 7
     414:	17 e0       	ldi	r17, 0x07	; 7
     416:	05 c0       	rjmp	.+10     	; 0x422 <__EEPROM_REGION_LENGTH__+0x22>
     418:	27 e0       	ldi	r18, 0x07	; 7
     41a:	9c e3       	ldi	r25, 0x3C	; 60
     41c:	49 2e       	mov	r4, r25
     41e:	02 c0       	rjmp	.+4      	; 0x424 <__EEPROM_REGION_LENGTH__+0x24>
     420:	21 2f       	mov	r18, r17
     422:	41 2c       	mov	r4, r1
     424:	56 01       	movw	r10, r12
     426:	84 e0       	ldi	r24, 0x04	; 4
     428:	a8 0e       	add	r10, r24
     42a:	b1 1c       	adc	r11, r1
     42c:	f6 01       	movw	r30, r12
     42e:	60 81       	ld	r22, Z
     430:	71 81       	ldd	r23, Z+1	; 0x01
     432:	82 81       	ldd	r24, Z+2	; 0x02
     434:	93 81       	ldd	r25, Z+3	; 0x03
     436:	04 2d       	mov	r16, r4
     438:	a3 01       	movw	r20, r6
     43a:	0e 94 4e 0a 	call	0x149c	; 0x149c <__ftoa_engine>
     43e:	6c 01       	movw	r12, r24
     440:	f9 81       	ldd	r31, Y+1	; 0x01
     442:	fc 87       	std	Y+12, r31	; 0x0c
     444:	f0 ff       	sbrs	r31, 0
     446:	02 c0       	rjmp	.+4      	; 0x44c <__EEPROM_REGION_LENGTH__+0x4c>
     448:	f3 ff       	sbrs	r31, 3
     44a:	06 c0       	rjmp	.+12     	; 0x458 <__EEPROM_REGION_LENGTH__+0x58>
     44c:	91 fc       	sbrc	r9, 1
     44e:	06 c0       	rjmp	.+12     	; 0x45c <__EEPROM_REGION_LENGTH__+0x5c>
     450:	92 fe       	sbrs	r9, 2
     452:	06 c0       	rjmp	.+12     	; 0x460 <__EEPROM_REGION_LENGTH__+0x60>
     454:	00 e2       	ldi	r16, 0x20	; 32
     456:	05 c0       	rjmp	.+10     	; 0x462 <__EEPROM_REGION_LENGTH__+0x62>
     458:	0d e2       	ldi	r16, 0x2D	; 45
     45a:	03 c0       	rjmp	.+6      	; 0x462 <__EEPROM_REGION_LENGTH__+0x62>
     45c:	0b e2       	ldi	r16, 0x2B	; 43
     45e:	01 c0       	rjmp	.+2      	; 0x462 <__EEPROM_REGION_LENGTH__+0x62>
     460:	00 e0       	ldi	r16, 0x00	; 0
     462:	8c 85       	ldd	r24, Y+12	; 0x0c
     464:	8c 70       	andi	r24, 0x0C	; 12
     466:	19 f0       	breq	.+6      	; 0x46e <__EEPROM_REGION_LENGTH__+0x6e>
     468:	01 11       	cpse	r16, r1
     46a:	5a c2       	rjmp	.+1204   	; 0x920 <__stack+0x21>
     46c:	9b c2       	rjmp	.+1334   	; 0x9a4 <__stack+0xa5>
     46e:	97 fe       	sbrs	r9, 7
     470:	10 c0       	rjmp	.+32     	; 0x492 <__EEPROM_REGION_LENGTH__+0x92>
     472:	4c 0c       	add	r4, r12
     474:	fc 85       	ldd	r31, Y+12	; 0x0c
     476:	f4 ff       	sbrs	r31, 4
     478:	04 c0       	rjmp	.+8      	; 0x482 <__EEPROM_REGION_LENGTH__+0x82>
     47a:	8a 81       	ldd	r24, Y+2	; 0x02
     47c:	81 33       	cpi	r24, 0x31	; 49
     47e:	09 f4       	brne	.+2      	; 0x482 <__EEPROM_REGION_LENGTH__+0x82>
     480:	4a 94       	dec	r4
     482:	14 14       	cp	r1, r4
     484:	74 f5       	brge	.+92     	; 0x4e2 <__EEPROM_REGION_LENGTH__+0xe2>
     486:	28 e0       	ldi	r18, 0x08	; 8
     488:	24 15       	cp	r18, r4
     48a:	78 f5       	brcc	.+94     	; 0x4ea <__EEPROM_REGION_LENGTH__+0xea>
     48c:	88 e0       	ldi	r24, 0x08	; 8
     48e:	48 2e       	mov	r4, r24
     490:	2c c0       	rjmp	.+88     	; 0x4ea <__EEPROM_REGION_LENGTH__+0xea>
     492:	96 fc       	sbrc	r9, 6
     494:	2a c0       	rjmp	.+84     	; 0x4ea <__EEPROM_REGION_LENGTH__+0xea>
     496:	81 2f       	mov	r24, r17
     498:	90 e0       	ldi	r25, 0x00	; 0
     49a:	8c 15       	cp	r24, r12
     49c:	9d 05       	cpc	r25, r13
     49e:	9c f0       	brlt	.+38     	; 0x4c6 <__EEPROM_REGION_LENGTH__+0xc6>
     4a0:	3c ef       	ldi	r19, 0xFC	; 252
     4a2:	c3 16       	cp	r12, r19
     4a4:	3f ef       	ldi	r19, 0xFF	; 255
     4a6:	d3 06       	cpc	r13, r19
     4a8:	74 f0       	brlt	.+28     	; 0x4c6 <__EEPROM_REGION_LENGTH__+0xc6>
     4aa:	89 2d       	mov	r24, r9
     4ac:	80 68       	ori	r24, 0x80	; 128
     4ae:	98 2e       	mov	r9, r24
     4b0:	0a c0       	rjmp	.+20     	; 0x4c6 <__EEPROM_REGION_LENGTH__+0xc6>
     4b2:	e2 e0       	ldi	r30, 0x02	; 2
     4b4:	f0 e0       	ldi	r31, 0x00	; 0
     4b6:	ec 0f       	add	r30, r28
     4b8:	fd 1f       	adc	r31, r29
     4ba:	e1 0f       	add	r30, r17
     4bc:	f1 1d       	adc	r31, r1
     4be:	80 81       	ld	r24, Z
     4c0:	80 33       	cpi	r24, 0x30	; 48
     4c2:	19 f4       	brne	.+6      	; 0x4ca <__EEPROM_REGION_LENGTH__+0xca>
     4c4:	11 50       	subi	r17, 0x01	; 1
     4c6:	11 11       	cpse	r17, r1
     4c8:	f4 cf       	rjmp	.-24     	; 0x4b2 <__EEPROM_REGION_LENGTH__+0xb2>
     4ca:	97 fe       	sbrs	r9, 7
     4cc:	0e c0       	rjmp	.+28     	; 0x4ea <__EEPROM_REGION_LENGTH__+0xea>
     4ce:	44 24       	eor	r4, r4
     4d0:	43 94       	inc	r4
     4d2:	41 0e       	add	r4, r17
     4d4:	81 2f       	mov	r24, r17
     4d6:	90 e0       	ldi	r25, 0x00	; 0
     4d8:	c8 16       	cp	r12, r24
     4da:	d9 06       	cpc	r13, r25
     4dc:	2c f4       	brge	.+10     	; 0x4e8 <__EEPROM_REGION_LENGTH__+0xe8>
     4de:	1c 19       	sub	r17, r12
     4e0:	04 c0       	rjmp	.+8      	; 0x4ea <__EEPROM_REGION_LENGTH__+0xea>
     4e2:	44 24       	eor	r4, r4
     4e4:	43 94       	inc	r4
     4e6:	01 c0       	rjmp	.+2      	; 0x4ea <__EEPROM_REGION_LENGTH__+0xea>
     4e8:	10 e0       	ldi	r17, 0x00	; 0
     4ea:	97 fe       	sbrs	r9, 7
     4ec:	06 c0       	rjmp	.+12     	; 0x4fa <__EEPROM_REGION_LENGTH__+0xfa>
     4ee:	1c 14       	cp	r1, r12
     4f0:	1d 04       	cpc	r1, r13
     4f2:	34 f4       	brge	.+12     	; 0x500 <__EEPROM_REGION_LENGTH__+0x100>
     4f4:	c6 01       	movw	r24, r12
     4f6:	01 96       	adiw	r24, 0x01	; 1
     4f8:	05 c0       	rjmp	.+10     	; 0x504 <__EEPROM_REGION_LENGTH__+0x104>
     4fa:	85 e0       	ldi	r24, 0x05	; 5
     4fc:	90 e0       	ldi	r25, 0x00	; 0
     4fe:	02 c0       	rjmp	.+4      	; 0x504 <__EEPROM_REGION_LENGTH__+0x104>
     500:	81 e0       	ldi	r24, 0x01	; 1
     502:	90 e0       	ldi	r25, 0x00	; 0
     504:	01 11       	cpse	r16, r1
     506:	01 96       	adiw	r24, 0x01	; 1
     508:	11 23       	and	r17, r17
     50a:	31 f0       	breq	.+12     	; 0x518 <__EEPROM_REGION_LENGTH__+0x118>
     50c:	21 2f       	mov	r18, r17
     50e:	30 e0       	ldi	r19, 0x00	; 0
     510:	2f 5f       	subi	r18, 0xFF	; 255
     512:	3f 4f       	sbci	r19, 0xFF	; 255
     514:	82 0f       	add	r24, r18
     516:	93 1f       	adc	r25, r19
     518:	25 2d       	mov	r18, r5
     51a:	30 e0       	ldi	r19, 0x00	; 0
     51c:	82 17       	cp	r24, r18
     51e:	93 07       	cpc	r25, r19
     520:	14 f4       	brge	.+4      	; 0x526 <__EEPROM_REGION_LENGTH__+0x126>
     522:	58 1a       	sub	r5, r24
     524:	01 c0       	rjmp	.+2      	; 0x528 <__EEPROM_REGION_LENGTH__+0x128>
     526:	51 2c       	mov	r5, r1
     528:	89 2d       	mov	r24, r9
     52a:	89 70       	andi	r24, 0x09	; 9
     52c:	49 f4       	brne	.+18     	; 0x540 <__EEPROM_REGION_LENGTH__+0x140>
     52e:	55 20       	and	r5, r5
     530:	39 f0       	breq	.+14     	; 0x540 <__EEPROM_REGION_LENGTH__+0x140>
     532:	b7 01       	movw	r22, r14
     534:	80 e2       	ldi	r24, 0x20	; 32
     536:	90 e0       	ldi	r25, 0x00	; 0
     538:	0e 94 96 0b 	call	0x172c	; 0x172c <fputc>
     53c:	5a 94       	dec	r5
     53e:	f7 cf       	rjmp	.-18     	; 0x52e <__EEPROM_REGION_LENGTH__+0x12e>
     540:	00 23       	and	r16, r16
     542:	29 f0       	breq	.+10     	; 0x54e <__EEPROM_REGION_LENGTH__+0x14e>
     544:	b7 01       	movw	r22, r14
     546:	80 2f       	mov	r24, r16
     548:	90 e0       	ldi	r25, 0x00	; 0
     54a:	0e 94 96 0b 	call	0x172c	; 0x172c <fputc>
     54e:	93 fc       	sbrc	r9, 3
     550:	09 c0       	rjmp	.+18     	; 0x564 <__EEPROM_REGION_LENGTH__+0x164>
     552:	55 20       	and	r5, r5
     554:	39 f0       	breq	.+14     	; 0x564 <__EEPROM_REGION_LENGTH__+0x164>
     556:	b7 01       	movw	r22, r14
     558:	80 e3       	ldi	r24, 0x30	; 48
     55a:	90 e0       	ldi	r25, 0x00	; 0
     55c:	0e 94 96 0b 	call	0x172c	; 0x172c <fputc>
     560:	5a 94       	dec	r5
     562:	f7 cf       	rjmp	.-18     	; 0x552 <__EEPROM_REGION_LENGTH__+0x152>
     564:	97 fe       	sbrs	r9, 7
     566:	4c c0       	rjmp	.+152    	; 0x600 <__EEPROM_REGION_LENGTH__+0x200>
     568:	46 01       	movw	r8, r12
     56a:	d7 fe       	sbrs	r13, 7
     56c:	02 c0       	rjmp	.+4      	; 0x572 <__EEPROM_REGION_LENGTH__+0x172>
     56e:	81 2c       	mov	r8, r1
     570:	91 2c       	mov	r9, r1
     572:	c6 01       	movw	r24, r12
     574:	88 19       	sub	r24, r8
     576:	99 09       	sbc	r25, r9
     578:	f3 01       	movw	r30, r6
     57a:	e8 0f       	add	r30, r24
     57c:	f9 1f       	adc	r31, r25
     57e:	fe 87       	std	Y+14, r31	; 0x0e
     580:	ed 87       	std	Y+13, r30	; 0x0d
     582:	96 01       	movw	r18, r12
     584:	24 19       	sub	r18, r4
     586:	31 09       	sbc	r19, r1
     588:	38 8b       	std	Y+16, r19	; 0x10
     58a:	2f 87       	std	Y+15, r18	; 0x0f
     58c:	01 2f       	mov	r16, r17
     58e:	10 e0       	ldi	r17, 0x00	; 0
     590:	11 95       	neg	r17
     592:	01 95       	neg	r16
     594:	11 09       	sbc	r17, r1
     596:	3f ef       	ldi	r19, 0xFF	; 255
     598:	83 16       	cp	r8, r19
     59a:	93 06       	cpc	r9, r19
     59c:	29 f4       	brne	.+10     	; 0x5a8 <__EEPROM_REGION_LENGTH__+0x1a8>
     59e:	b7 01       	movw	r22, r14
     5a0:	8e e2       	ldi	r24, 0x2E	; 46
     5a2:	90 e0       	ldi	r25, 0x00	; 0
     5a4:	0e 94 96 0b 	call	0x172c	; 0x172c <fputc>
     5a8:	c8 14       	cp	r12, r8
     5aa:	d9 04       	cpc	r13, r9
     5ac:	4c f0       	brlt	.+18     	; 0x5c0 <__EEPROM_REGION_LENGTH__+0x1c0>
     5ae:	8f 85       	ldd	r24, Y+15	; 0x0f
     5b0:	98 89       	ldd	r25, Y+16	; 0x10
     5b2:	88 15       	cp	r24, r8
     5b4:	99 05       	cpc	r25, r9
     5b6:	24 f4       	brge	.+8      	; 0x5c0 <__EEPROM_REGION_LENGTH__+0x1c0>
     5b8:	ed 85       	ldd	r30, Y+13	; 0x0d
     5ba:	fe 85       	ldd	r31, Y+14	; 0x0e
     5bc:	81 81       	ldd	r24, Z+1	; 0x01
     5be:	01 c0       	rjmp	.+2      	; 0x5c2 <__EEPROM_REGION_LENGTH__+0x1c2>
     5c0:	80 e3       	ldi	r24, 0x30	; 48
     5c2:	f1 e0       	ldi	r31, 0x01	; 1
     5c4:	8f 1a       	sub	r8, r31
     5c6:	91 08       	sbc	r9, r1
     5c8:	2d 85       	ldd	r18, Y+13	; 0x0d
     5ca:	3e 85       	ldd	r19, Y+14	; 0x0e
     5cc:	2f 5f       	subi	r18, 0xFF	; 255
     5ce:	3f 4f       	sbci	r19, 0xFF	; 255
     5d0:	3e 87       	std	Y+14, r19	; 0x0e
     5d2:	2d 87       	std	Y+13, r18	; 0x0d
     5d4:	80 16       	cp	r8, r16
     5d6:	91 06       	cpc	r9, r17
     5d8:	2c f0       	brlt	.+10     	; 0x5e4 <__EEPROM_REGION_LENGTH__+0x1e4>
     5da:	b7 01       	movw	r22, r14
     5dc:	90 e0       	ldi	r25, 0x00	; 0
     5de:	0e 94 96 0b 	call	0x172c	; 0x172c <fputc>
     5e2:	d9 cf       	rjmp	.-78     	; 0x596 <__EEPROM_REGION_LENGTH__+0x196>
     5e4:	c8 14       	cp	r12, r8
     5e6:	d9 04       	cpc	r13, r9
     5e8:	41 f4       	brne	.+16     	; 0x5fa <__EEPROM_REGION_LENGTH__+0x1fa>
     5ea:	9a 81       	ldd	r25, Y+2	; 0x02
     5ec:	96 33       	cpi	r25, 0x36	; 54
     5ee:	20 f4       	brcc	.+8      	; 0x5f8 <__EEPROM_REGION_LENGTH__+0x1f8>
     5f0:	95 33       	cpi	r25, 0x35	; 53
     5f2:	19 f4       	brne	.+6      	; 0x5fa <__EEPROM_REGION_LENGTH__+0x1fa>
     5f4:	3c 85       	ldd	r19, Y+12	; 0x0c
     5f6:	34 ff       	sbrs	r19, 4
     5f8:	81 e3       	ldi	r24, 0x31	; 49
     5fa:	b7 01       	movw	r22, r14
     5fc:	90 e0       	ldi	r25, 0x00	; 0
     5fe:	4e c0       	rjmp	.+156    	; 0x69c <__EEPROM_REGION_LENGTH__+0x29c>
     600:	8a 81       	ldd	r24, Y+2	; 0x02
     602:	81 33       	cpi	r24, 0x31	; 49
     604:	19 f0       	breq	.+6      	; 0x60c <__EEPROM_REGION_LENGTH__+0x20c>
     606:	9c 85       	ldd	r25, Y+12	; 0x0c
     608:	9f 7e       	andi	r25, 0xEF	; 239
     60a:	9c 87       	std	Y+12, r25	; 0x0c
     60c:	b7 01       	movw	r22, r14
     60e:	90 e0       	ldi	r25, 0x00	; 0
     610:	0e 94 96 0b 	call	0x172c	; 0x172c <fputc>
     614:	11 11       	cpse	r17, r1
     616:	05 c0       	rjmp	.+10     	; 0x622 <__EEPROM_REGION_LENGTH__+0x222>
     618:	94 fc       	sbrc	r9, 4
     61a:	18 c0       	rjmp	.+48     	; 0x64c <__EEPROM_REGION_LENGTH__+0x24c>
     61c:	85 e6       	ldi	r24, 0x65	; 101
     61e:	90 e0       	ldi	r25, 0x00	; 0
     620:	17 c0       	rjmp	.+46     	; 0x650 <__EEPROM_REGION_LENGTH__+0x250>
     622:	b7 01       	movw	r22, r14
     624:	8e e2       	ldi	r24, 0x2E	; 46
     626:	90 e0       	ldi	r25, 0x00	; 0
     628:	0e 94 96 0b 	call	0x172c	; 0x172c <fputc>
     62c:	1e 5f       	subi	r17, 0xFE	; 254
     62e:	82 e0       	ldi	r24, 0x02	; 2
     630:	01 e0       	ldi	r16, 0x01	; 1
     632:	08 0f       	add	r16, r24
     634:	f3 01       	movw	r30, r6
     636:	e8 0f       	add	r30, r24
     638:	f1 1d       	adc	r31, r1
     63a:	80 81       	ld	r24, Z
     63c:	b7 01       	movw	r22, r14
     63e:	90 e0       	ldi	r25, 0x00	; 0
     640:	0e 94 96 0b 	call	0x172c	; 0x172c <fputc>
     644:	80 2f       	mov	r24, r16
     646:	01 13       	cpse	r16, r17
     648:	f3 cf       	rjmp	.-26     	; 0x630 <__EEPROM_REGION_LENGTH__+0x230>
     64a:	e6 cf       	rjmp	.-52     	; 0x618 <__EEPROM_REGION_LENGTH__+0x218>
     64c:	85 e4       	ldi	r24, 0x45	; 69
     64e:	90 e0       	ldi	r25, 0x00	; 0
     650:	b7 01       	movw	r22, r14
     652:	0e 94 96 0b 	call	0x172c	; 0x172c <fputc>
     656:	d7 fc       	sbrc	r13, 7
     658:	06 c0       	rjmp	.+12     	; 0x666 <__EEPROM_REGION_LENGTH__+0x266>
     65a:	c1 14       	cp	r12, r1
     65c:	d1 04       	cpc	r13, r1
     65e:	41 f4       	brne	.+16     	; 0x670 <__EEPROM_REGION_LENGTH__+0x270>
     660:	ec 85       	ldd	r30, Y+12	; 0x0c
     662:	e4 ff       	sbrs	r30, 4
     664:	05 c0       	rjmp	.+10     	; 0x670 <__EEPROM_REGION_LENGTH__+0x270>
     666:	d1 94       	neg	r13
     668:	c1 94       	neg	r12
     66a:	d1 08       	sbc	r13, r1
     66c:	8d e2       	ldi	r24, 0x2D	; 45
     66e:	01 c0       	rjmp	.+2      	; 0x672 <__EEPROM_REGION_LENGTH__+0x272>
     670:	8b e2       	ldi	r24, 0x2B	; 43
     672:	b7 01       	movw	r22, r14
     674:	90 e0       	ldi	r25, 0x00	; 0
     676:	0e 94 96 0b 	call	0x172c	; 0x172c <fputc>
     67a:	80 e3       	ldi	r24, 0x30	; 48
     67c:	2a e0       	ldi	r18, 0x0A	; 10
     67e:	c2 16       	cp	r12, r18
     680:	d1 04       	cpc	r13, r1
     682:	2c f0       	brlt	.+10     	; 0x68e <__EEPROM_REGION_LENGTH__+0x28e>
     684:	8f 5f       	subi	r24, 0xFF	; 255
     686:	fa e0       	ldi	r31, 0x0A	; 10
     688:	cf 1a       	sub	r12, r31
     68a:	d1 08       	sbc	r13, r1
     68c:	f7 cf       	rjmp	.-18     	; 0x67c <__EEPROM_REGION_LENGTH__+0x27c>
     68e:	b7 01       	movw	r22, r14
     690:	90 e0       	ldi	r25, 0x00	; 0
     692:	0e 94 96 0b 	call	0x172c	; 0x172c <fputc>
     696:	b7 01       	movw	r22, r14
     698:	c6 01       	movw	r24, r12
     69a:	c0 96       	adiw	r24, 0x30	; 48
     69c:	0e 94 96 0b 	call	0x172c	; 0x172c <fputc>
     6a0:	54 c1       	rjmp	.+680    	; 0x94a <__stack+0x4b>
     6a2:	83 36       	cpi	r24, 0x63	; 99
     6a4:	31 f0       	breq	.+12     	; 0x6b2 <__EEPROM_REGION_LENGTH__+0x2b2>
     6a6:	83 37       	cpi	r24, 0x73	; 115
     6a8:	79 f0       	breq	.+30     	; 0x6c8 <__EEPROM_REGION_LENGTH__+0x2c8>
     6aa:	83 35       	cpi	r24, 0x53	; 83
     6ac:	09 f0       	breq	.+2      	; 0x6b0 <__EEPROM_REGION_LENGTH__+0x2b0>
     6ae:	56 c0       	rjmp	.+172    	; 0x75c <__EEPROM_REGION_LENGTH__+0x35c>
     6b0:	20 c0       	rjmp	.+64     	; 0x6f2 <__EEPROM_REGION_LENGTH__+0x2f2>
     6b2:	56 01       	movw	r10, r12
     6b4:	32 e0       	ldi	r19, 0x02	; 2
     6b6:	a3 0e       	add	r10, r19
     6b8:	b1 1c       	adc	r11, r1
     6ba:	f6 01       	movw	r30, r12
     6bc:	80 81       	ld	r24, Z
     6be:	89 83       	std	Y+1, r24	; 0x01
     6c0:	01 e0       	ldi	r16, 0x01	; 1
     6c2:	10 e0       	ldi	r17, 0x00	; 0
     6c4:	63 01       	movw	r12, r6
     6c6:	12 c0       	rjmp	.+36     	; 0x6ec <__EEPROM_REGION_LENGTH__+0x2ec>
     6c8:	56 01       	movw	r10, r12
     6ca:	f2 e0       	ldi	r31, 0x02	; 2
     6cc:	af 0e       	add	r10, r31
     6ce:	b1 1c       	adc	r11, r1
     6d0:	f6 01       	movw	r30, r12
     6d2:	c0 80       	ld	r12, Z
     6d4:	d1 80       	ldd	r13, Z+1	; 0x01
     6d6:	96 fe       	sbrs	r9, 6
     6d8:	03 c0       	rjmp	.+6      	; 0x6e0 <__EEPROM_REGION_LENGTH__+0x2e0>
     6da:	61 2f       	mov	r22, r17
     6dc:	70 e0       	ldi	r23, 0x00	; 0
     6de:	02 c0       	rjmp	.+4      	; 0x6e4 <__EEPROM_REGION_LENGTH__+0x2e4>
     6e0:	6f ef       	ldi	r22, 0xFF	; 255
     6e2:	7f ef       	ldi	r23, 0xFF	; 255
     6e4:	c6 01       	movw	r24, r12
     6e6:	0e 94 4d 0b 	call	0x169a	; 0x169a <strnlen>
     6ea:	8c 01       	movw	r16, r24
     6ec:	f9 2d       	mov	r31, r9
     6ee:	ff 77       	andi	r31, 0x7F	; 127
     6f0:	14 c0       	rjmp	.+40     	; 0x71a <__EEPROM_REGION_LENGTH__+0x31a>
     6f2:	56 01       	movw	r10, r12
     6f4:	22 e0       	ldi	r18, 0x02	; 2
     6f6:	a2 0e       	add	r10, r18
     6f8:	b1 1c       	adc	r11, r1
     6fa:	f6 01       	movw	r30, r12
     6fc:	c0 80       	ld	r12, Z
     6fe:	d1 80       	ldd	r13, Z+1	; 0x01
     700:	96 fe       	sbrs	r9, 6
     702:	03 c0       	rjmp	.+6      	; 0x70a <__EEPROM_REGION_LENGTH__+0x30a>
     704:	61 2f       	mov	r22, r17
     706:	70 e0       	ldi	r23, 0x00	; 0
     708:	02 c0       	rjmp	.+4      	; 0x70e <__EEPROM_REGION_LENGTH__+0x30e>
     70a:	6f ef       	ldi	r22, 0xFF	; 255
     70c:	7f ef       	ldi	r23, 0xFF	; 255
     70e:	c6 01       	movw	r24, r12
     710:	0e 94 42 0b 	call	0x1684	; 0x1684 <strnlen_P>
     714:	8c 01       	movw	r16, r24
     716:	f9 2d       	mov	r31, r9
     718:	f0 68       	ori	r31, 0x80	; 128
     71a:	9f 2e       	mov	r9, r31
     71c:	f3 fd       	sbrc	r31, 3
     71e:	1a c0       	rjmp	.+52     	; 0x754 <__EEPROM_REGION_LENGTH__+0x354>
     720:	85 2d       	mov	r24, r5
     722:	90 e0       	ldi	r25, 0x00	; 0
     724:	08 17       	cp	r16, r24
     726:	19 07       	cpc	r17, r25
     728:	a8 f4       	brcc	.+42     	; 0x754 <__EEPROM_REGION_LENGTH__+0x354>
     72a:	b7 01       	movw	r22, r14
     72c:	80 e2       	ldi	r24, 0x20	; 32
     72e:	90 e0       	ldi	r25, 0x00	; 0
     730:	0e 94 96 0b 	call	0x172c	; 0x172c <fputc>
     734:	5a 94       	dec	r5
     736:	f4 cf       	rjmp	.-24     	; 0x720 <__EEPROM_REGION_LENGTH__+0x320>
     738:	f6 01       	movw	r30, r12
     73a:	97 fc       	sbrc	r9, 7
     73c:	85 91       	lpm	r24, Z+
     73e:	97 fe       	sbrs	r9, 7
     740:	81 91       	ld	r24, Z+
     742:	6f 01       	movw	r12, r30
     744:	b7 01       	movw	r22, r14
     746:	90 e0       	ldi	r25, 0x00	; 0
     748:	0e 94 96 0b 	call	0x172c	; 0x172c <fputc>
     74c:	51 10       	cpse	r5, r1
     74e:	5a 94       	dec	r5
     750:	01 50       	subi	r16, 0x01	; 1
     752:	11 09       	sbc	r17, r1
     754:	01 15       	cp	r16, r1
     756:	11 05       	cpc	r17, r1
     758:	79 f7       	brne	.-34     	; 0x738 <__EEPROM_REGION_LENGTH__+0x338>
     75a:	f7 c0       	rjmp	.+494    	; 0x94a <__stack+0x4b>
     75c:	84 36       	cpi	r24, 0x64	; 100
     75e:	11 f0       	breq	.+4      	; 0x764 <__EEPROM_REGION_LENGTH__+0x364>
     760:	89 36       	cpi	r24, 0x69	; 105
     762:	61 f5       	brne	.+88     	; 0x7bc <__EEPROM_REGION_LENGTH__+0x3bc>
     764:	56 01       	movw	r10, r12
     766:	97 fe       	sbrs	r9, 7
     768:	09 c0       	rjmp	.+18     	; 0x77c <__EEPROM_REGION_LENGTH__+0x37c>
     76a:	24 e0       	ldi	r18, 0x04	; 4
     76c:	a2 0e       	add	r10, r18
     76e:	b1 1c       	adc	r11, r1
     770:	f6 01       	movw	r30, r12
     772:	60 81       	ld	r22, Z
     774:	71 81       	ldd	r23, Z+1	; 0x01
     776:	82 81       	ldd	r24, Z+2	; 0x02
     778:	93 81       	ldd	r25, Z+3	; 0x03
     77a:	0a c0       	rjmp	.+20     	; 0x790 <__EEPROM_REGION_LENGTH__+0x390>
     77c:	f2 e0       	ldi	r31, 0x02	; 2
     77e:	af 0e       	add	r10, r31
     780:	b1 1c       	adc	r11, r1
     782:	f6 01       	movw	r30, r12
     784:	60 81       	ld	r22, Z
     786:	71 81       	ldd	r23, Z+1	; 0x01
     788:	07 2e       	mov	r0, r23
     78a:	00 0c       	add	r0, r0
     78c:	88 0b       	sbc	r24, r24
     78e:	99 0b       	sbc	r25, r25
     790:	f9 2d       	mov	r31, r9
     792:	ff 76       	andi	r31, 0x6F	; 111
     794:	9f 2e       	mov	r9, r31
     796:	97 ff       	sbrs	r25, 7
     798:	09 c0       	rjmp	.+18     	; 0x7ac <__EEPROM_REGION_LENGTH__+0x3ac>
     79a:	90 95       	com	r25
     79c:	80 95       	com	r24
     79e:	70 95       	com	r23
     7a0:	61 95       	neg	r22
     7a2:	7f 4f       	sbci	r23, 0xFF	; 255
     7a4:	8f 4f       	sbci	r24, 0xFF	; 255
     7a6:	9f 4f       	sbci	r25, 0xFF	; 255
     7a8:	f0 68       	ori	r31, 0x80	; 128
     7aa:	9f 2e       	mov	r9, r31
     7ac:	2a e0       	ldi	r18, 0x0A	; 10
     7ae:	30 e0       	ldi	r19, 0x00	; 0
     7b0:	a3 01       	movw	r20, r6
     7b2:	0e 94 eb 0b 	call	0x17d6	; 0x17d6 <__ultoa_invert>
     7b6:	c8 2e       	mov	r12, r24
     7b8:	c6 18       	sub	r12, r6
     7ba:	3f c0       	rjmp	.+126    	; 0x83a <__DATA_REGION_LENGTH__+0x3a>
     7bc:	09 2d       	mov	r16, r9
     7be:	85 37       	cpi	r24, 0x75	; 117
     7c0:	21 f4       	brne	.+8      	; 0x7ca <__EEPROM_REGION_LENGTH__+0x3ca>
     7c2:	0f 7e       	andi	r16, 0xEF	; 239
     7c4:	2a e0       	ldi	r18, 0x0A	; 10
     7c6:	30 e0       	ldi	r19, 0x00	; 0
     7c8:	1d c0       	rjmp	.+58     	; 0x804 <__DATA_REGION_LENGTH__+0x4>
     7ca:	09 7f       	andi	r16, 0xF9	; 249
     7cc:	8f 36       	cpi	r24, 0x6F	; 111
     7ce:	91 f0       	breq	.+36     	; 0x7f4 <__EEPROM_REGION_LENGTH__+0x3f4>
     7d0:	18 f4       	brcc	.+6      	; 0x7d8 <__EEPROM_REGION_LENGTH__+0x3d8>
     7d2:	88 35       	cpi	r24, 0x58	; 88
     7d4:	59 f0       	breq	.+22     	; 0x7ec <__EEPROM_REGION_LENGTH__+0x3ec>
     7d6:	c3 c0       	rjmp	.+390    	; 0x95e <__stack+0x5f>
     7d8:	80 37       	cpi	r24, 0x70	; 112
     7da:	19 f0       	breq	.+6      	; 0x7e2 <__EEPROM_REGION_LENGTH__+0x3e2>
     7dc:	88 37       	cpi	r24, 0x78	; 120
     7de:	11 f0       	breq	.+4      	; 0x7e4 <__EEPROM_REGION_LENGTH__+0x3e4>
     7e0:	be c0       	rjmp	.+380    	; 0x95e <__stack+0x5f>
     7e2:	00 61       	ori	r16, 0x10	; 16
     7e4:	04 ff       	sbrs	r16, 4
     7e6:	09 c0       	rjmp	.+18     	; 0x7fa <__EEPROM_REGION_LENGTH__+0x3fa>
     7e8:	04 60       	ori	r16, 0x04	; 4
     7ea:	07 c0       	rjmp	.+14     	; 0x7fa <__EEPROM_REGION_LENGTH__+0x3fa>
     7ec:	94 fe       	sbrs	r9, 4
     7ee:	08 c0       	rjmp	.+16     	; 0x800 <__DATA_REGION_LENGTH__>
     7f0:	06 60       	ori	r16, 0x06	; 6
     7f2:	06 c0       	rjmp	.+12     	; 0x800 <__DATA_REGION_LENGTH__>
     7f4:	28 e0       	ldi	r18, 0x08	; 8
     7f6:	30 e0       	ldi	r19, 0x00	; 0
     7f8:	05 c0       	rjmp	.+10     	; 0x804 <__DATA_REGION_LENGTH__+0x4>
     7fa:	20 e1       	ldi	r18, 0x10	; 16
     7fc:	30 e0       	ldi	r19, 0x00	; 0
     7fe:	02 c0       	rjmp	.+4      	; 0x804 <__DATA_REGION_LENGTH__+0x4>
     800:	20 e1       	ldi	r18, 0x10	; 16
     802:	32 e0       	ldi	r19, 0x02	; 2
     804:	56 01       	movw	r10, r12
     806:	07 ff       	sbrs	r16, 7
     808:	09 c0       	rjmp	.+18     	; 0x81c <__DATA_REGION_LENGTH__+0x1c>
     80a:	84 e0       	ldi	r24, 0x04	; 4
     80c:	a8 0e       	add	r10, r24
     80e:	b1 1c       	adc	r11, r1
     810:	f6 01       	movw	r30, r12
     812:	60 81       	ld	r22, Z
     814:	71 81       	ldd	r23, Z+1	; 0x01
     816:	82 81       	ldd	r24, Z+2	; 0x02
     818:	93 81       	ldd	r25, Z+3	; 0x03
     81a:	08 c0       	rjmp	.+16     	; 0x82c <__DATA_REGION_LENGTH__+0x2c>
     81c:	f2 e0       	ldi	r31, 0x02	; 2
     81e:	af 0e       	add	r10, r31
     820:	b1 1c       	adc	r11, r1
     822:	f6 01       	movw	r30, r12
     824:	60 81       	ld	r22, Z
     826:	71 81       	ldd	r23, Z+1	; 0x01
     828:	80 e0       	ldi	r24, 0x00	; 0
     82a:	90 e0       	ldi	r25, 0x00	; 0
     82c:	a3 01       	movw	r20, r6
     82e:	0e 94 eb 0b 	call	0x17d6	; 0x17d6 <__ultoa_invert>
     832:	c8 2e       	mov	r12, r24
     834:	c6 18       	sub	r12, r6
     836:	0f 77       	andi	r16, 0x7F	; 127
     838:	90 2e       	mov	r9, r16
     83a:	96 fe       	sbrs	r9, 6
     83c:	0b c0       	rjmp	.+22     	; 0x854 <__DATA_REGION_LENGTH__+0x54>
     83e:	09 2d       	mov	r16, r9
     840:	0e 7f       	andi	r16, 0xFE	; 254
     842:	c1 16       	cp	r12, r17
     844:	50 f4       	brcc	.+20     	; 0x85a <__DATA_REGION_LENGTH__+0x5a>
     846:	94 fe       	sbrs	r9, 4
     848:	0a c0       	rjmp	.+20     	; 0x85e <__DATA_REGION_LENGTH__+0x5e>
     84a:	92 fc       	sbrc	r9, 2
     84c:	08 c0       	rjmp	.+16     	; 0x85e <__DATA_REGION_LENGTH__+0x5e>
     84e:	09 2d       	mov	r16, r9
     850:	0e 7e       	andi	r16, 0xEE	; 238
     852:	05 c0       	rjmp	.+10     	; 0x85e <__DATA_REGION_LENGTH__+0x5e>
     854:	dc 2c       	mov	r13, r12
     856:	09 2d       	mov	r16, r9
     858:	03 c0       	rjmp	.+6      	; 0x860 <__DATA_REGION_LENGTH__+0x60>
     85a:	dc 2c       	mov	r13, r12
     85c:	01 c0       	rjmp	.+2      	; 0x860 <__DATA_REGION_LENGTH__+0x60>
     85e:	d1 2e       	mov	r13, r17
     860:	04 ff       	sbrs	r16, 4
     862:	0d c0       	rjmp	.+26     	; 0x87e <__DATA_REGION_LENGTH__+0x7e>
     864:	fe 01       	movw	r30, r28
     866:	ec 0d       	add	r30, r12
     868:	f1 1d       	adc	r31, r1
     86a:	80 81       	ld	r24, Z
     86c:	80 33       	cpi	r24, 0x30	; 48
     86e:	11 f4       	brne	.+4      	; 0x874 <__DATA_REGION_LENGTH__+0x74>
     870:	09 7e       	andi	r16, 0xE9	; 233
     872:	09 c0       	rjmp	.+18     	; 0x886 <__DATA_REGION_LENGTH__+0x86>
     874:	02 ff       	sbrs	r16, 2
     876:	06 c0       	rjmp	.+12     	; 0x884 <__DATA_REGION_LENGTH__+0x84>
     878:	d3 94       	inc	r13
     87a:	d3 94       	inc	r13
     87c:	04 c0       	rjmp	.+8      	; 0x886 <__DATA_REGION_LENGTH__+0x86>
     87e:	80 2f       	mov	r24, r16
     880:	86 78       	andi	r24, 0x86	; 134
     882:	09 f0       	breq	.+2      	; 0x886 <__DATA_REGION_LENGTH__+0x86>
     884:	d3 94       	inc	r13
     886:	03 fd       	sbrc	r16, 3
     888:	11 c0       	rjmp	.+34     	; 0x8ac <__DATA_REGION_LENGTH__+0xac>
     88a:	00 ff       	sbrs	r16, 0
     88c:	06 c0       	rjmp	.+12     	; 0x89a <__DATA_REGION_LENGTH__+0x9a>
     88e:	1c 2d       	mov	r17, r12
     890:	d5 14       	cp	r13, r5
     892:	80 f4       	brcc	.+32     	; 0x8b4 <__DATA_REGION_LENGTH__+0xb4>
     894:	15 0d       	add	r17, r5
     896:	1d 19       	sub	r17, r13
     898:	0d c0       	rjmp	.+26     	; 0x8b4 <__DATA_REGION_LENGTH__+0xb4>
     89a:	d5 14       	cp	r13, r5
     89c:	58 f4       	brcc	.+22     	; 0x8b4 <__DATA_REGION_LENGTH__+0xb4>
     89e:	b7 01       	movw	r22, r14
     8a0:	80 e2       	ldi	r24, 0x20	; 32
     8a2:	90 e0       	ldi	r25, 0x00	; 0
     8a4:	0e 94 96 0b 	call	0x172c	; 0x172c <fputc>
     8a8:	d3 94       	inc	r13
     8aa:	f7 cf       	rjmp	.-18     	; 0x89a <__DATA_REGION_LENGTH__+0x9a>
     8ac:	d5 14       	cp	r13, r5
     8ae:	10 f4       	brcc	.+4      	; 0x8b4 <__DATA_REGION_LENGTH__+0xb4>
     8b0:	5d 18       	sub	r5, r13
     8b2:	01 c0       	rjmp	.+2      	; 0x8b6 <__DATA_REGION_LENGTH__+0xb6>
     8b4:	51 2c       	mov	r5, r1
     8b6:	04 ff       	sbrs	r16, 4
     8b8:	10 c0       	rjmp	.+32     	; 0x8da <__DATA_REGION_LENGTH__+0xda>
     8ba:	b7 01       	movw	r22, r14
     8bc:	80 e3       	ldi	r24, 0x30	; 48
     8be:	90 e0       	ldi	r25, 0x00	; 0
     8c0:	0e 94 96 0b 	call	0x172c	; 0x172c <fputc>
     8c4:	02 ff       	sbrs	r16, 2
     8c6:	17 c0       	rjmp	.+46     	; 0x8f6 <__DATA_REGION_LENGTH__+0xf6>
     8c8:	01 fd       	sbrc	r16, 1
     8ca:	03 c0       	rjmp	.+6      	; 0x8d2 <__DATA_REGION_LENGTH__+0xd2>
     8cc:	88 e7       	ldi	r24, 0x78	; 120
     8ce:	90 e0       	ldi	r25, 0x00	; 0
     8d0:	02 c0       	rjmp	.+4      	; 0x8d6 <__DATA_REGION_LENGTH__+0xd6>
     8d2:	88 e5       	ldi	r24, 0x58	; 88
     8d4:	90 e0       	ldi	r25, 0x00	; 0
     8d6:	b7 01       	movw	r22, r14
     8d8:	0c c0       	rjmp	.+24     	; 0x8f2 <__DATA_REGION_LENGTH__+0xf2>
     8da:	80 2f       	mov	r24, r16
     8dc:	86 78       	andi	r24, 0x86	; 134
     8de:	59 f0       	breq	.+22     	; 0x8f6 <__DATA_REGION_LENGTH__+0xf6>
     8e0:	01 ff       	sbrs	r16, 1
     8e2:	02 c0       	rjmp	.+4      	; 0x8e8 <__DATA_REGION_LENGTH__+0xe8>
     8e4:	8b e2       	ldi	r24, 0x2B	; 43
     8e6:	01 c0       	rjmp	.+2      	; 0x8ea <__DATA_REGION_LENGTH__+0xea>
     8e8:	80 e2       	ldi	r24, 0x20	; 32
     8ea:	07 fd       	sbrc	r16, 7
     8ec:	8d e2       	ldi	r24, 0x2D	; 45
     8ee:	b7 01       	movw	r22, r14
     8f0:	90 e0       	ldi	r25, 0x00	; 0
     8f2:	0e 94 96 0b 	call	0x172c	; 0x172c <fputc>
     8f6:	c1 16       	cp	r12, r17
     8f8:	38 f4       	brcc	.+14     	; 0x908 <__stack+0x9>
     8fa:	b7 01       	movw	r22, r14
     8fc:	80 e3       	ldi	r24, 0x30	; 48
     8fe:	90 e0       	ldi	r25, 0x00	; 0
     900:	0e 94 96 0b 	call	0x172c	; 0x172c <fputc>
     904:	11 50       	subi	r17, 0x01	; 1
     906:	f7 cf       	rjmp	.-18     	; 0x8f6 <__DATA_REGION_LENGTH__+0xf6>
     908:	ca 94       	dec	r12
     90a:	f3 01       	movw	r30, r6
     90c:	ec 0d       	add	r30, r12
     90e:	f1 1d       	adc	r31, r1
     910:	80 81       	ld	r24, Z
     912:	b7 01       	movw	r22, r14
     914:	90 e0       	ldi	r25, 0x00	; 0
     916:	0e 94 96 0b 	call	0x172c	; 0x172c <fputc>
     91a:	c1 10       	cpse	r12, r1
     91c:	f5 cf       	rjmp	.-22     	; 0x908 <__stack+0x9>
     91e:	15 c0       	rjmp	.+42     	; 0x94a <__stack+0x4b>
     920:	f4 e0       	ldi	r31, 0x04	; 4
     922:	f5 15       	cp	r31, r5
     924:	60 f5       	brcc	.+88     	; 0x97e <__stack+0x7f>
     926:	84 e0       	ldi	r24, 0x04	; 4
     928:	58 1a       	sub	r5, r24
     92a:	93 fe       	sbrs	r9, 3
     92c:	1f c0       	rjmp	.+62     	; 0x96c <__stack+0x6d>
     92e:	01 11       	cpse	r16, r1
     930:	27 c0       	rjmp	.+78     	; 0x980 <__stack+0x81>
     932:	2c 85       	ldd	r18, Y+12	; 0x0c
     934:	23 ff       	sbrs	r18, 3
     936:	2a c0       	rjmp	.+84     	; 0x98c <__stack+0x8d>
     938:	08 e6       	ldi	r16, 0x68	; 104
     93a:	10 e0       	ldi	r17, 0x00	; 0
     93c:	39 2d       	mov	r19, r9
     93e:	30 71       	andi	r19, 0x10	; 16
     940:	93 2e       	mov	r9, r19
     942:	f8 01       	movw	r30, r16
     944:	84 91       	lpm	r24, Z
     946:	81 11       	cpse	r24, r1
     948:	24 c0       	rjmp	.+72     	; 0x992 <__stack+0x93>
     94a:	55 20       	and	r5, r5
     94c:	09 f4       	brne	.+2      	; 0x950 <__stack+0x51>
     94e:	e4 cc       	rjmp	.-1592   	; 0x318 <vfprintf+0x58>
     950:	b7 01       	movw	r22, r14
     952:	80 e2       	ldi	r24, 0x20	; 32
     954:	90 e0       	ldi	r25, 0x00	; 0
     956:	0e 94 96 0b 	call	0x172c	; 0x172c <fputc>
     95a:	5a 94       	dec	r5
     95c:	f6 cf       	rjmp	.-20     	; 0x94a <__stack+0x4b>
     95e:	f7 01       	movw	r30, r14
     960:	86 81       	ldd	r24, Z+6	; 0x06
     962:	97 81       	ldd	r25, Z+7	; 0x07
     964:	26 c0       	rjmp	.+76     	; 0x9b2 <__stack+0xb3>
     966:	8f ef       	ldi	r24, 0xFF	; 255
     968:	9f ef       	ldi	r25, 0xFF	; 255
     96a:	23 c0       	rjmp	.+70     	; 0x9b2 <__stack+0xb3>
     96c:	b7 01       	movw	r22, r14
     96e:	80 e2       	ldi	r24, 0x20	; 32
     970:	90 e0       	ldi	r25, 0x00	; 0
     972:	0e 94 96 0b 	call	0x172c	; 0x172c <fputc>
     976:	5a 94       	dec	r5
     978:	51 10       	cpse	r5, r1
     97a:	f8 cf       	rjmp	.-16     	; 0x96c <__stack+0x6d>
     97c:	d8 cf       	rjmp	.-80     	; 0x92e <__stack+0x2f>
     97e:	51 2c       	mov	r5, r1
     980:	b7 01       	movw	r22, r14
     982:	80 2f       	mov	r24, r16
     984:	90 e0       	ldi	r25, 0x00	; 0
     986:	0e 94 96 0b 	call	0x172c	; 0x172c <fputc>
     98a:	d3 cf       	rjmp	.-90     	; 0x932 <__stack+0x33>
     98c:	0c e6       	ldi	r16, 0x6C	; 108
     98e:	10 e0       	ldi	r17, 0x00	; 0
     990:	d5 cf       	rjmp	.-86     	; 0x93c <__stack+0x3d>
     992:	91 10       	cpse	r9, r1
     994:	80 52       	subi	r24, 0x20	; 32
     996:	b7 01       	movw	r22, r14
     998:	90 e0       	ldi	r25, 0x00	; 0
     99a:	0e 94 96 0b 	call	0x172c	; 0x172c <fputc>
     99e:	0f 5f       	subi	r16, 0xFF	; 255
     9a0:	1f 4f       	sbci	r17, 0xFF	; 255
     9a2:	cf cf       	rjmp	.-98     	; 0x942 <__stack+0x43>
     9a4:	23 e0       	ldi	r18, 0x03	; 3
     9a6:	25 15       	cp	r18, r5
     9a8:	10 f4       	brcc	.+4      	; 0x9ae <__stack+0xaf>
     9aa:	83 e0       	ldi	r24, 0x03	; 3
     9ac:	bd cf       	rjmp	.-134    	; 0x928 <__stack+0x29>
     9ae:	51 2c       	mov	r5, r1
     9b0:	c0 cf       	rjmp	.-128    	; 0x932 <__stack+0x33>
     9b2:	60 96       	adiw	r28, 0x10	; 16
     9b4:	e2 e1       	ldi	r30, 0x12	; 18
     9b6:	0c 94 33 0a 	jmp	0x1466	; 0x1466 <__epilogue_restores__>

000009ba <putval>:
     9ba:	20 fd       	sbrc	r18, 0
     9bc:	09 c0       	rjmp	.+18     	; 0x9d0 <putval+0x16>
     9be:	fc 01       	movw	r30, r24
     9c0:	23 fd       	sbrc	r18, 3
     9c2:	05 c0       	rjmp	.+10     	; 0x9ce <putval+0x14>
     9c4:	22 ff       	sbrs	r18, 2
     9c6:	02 c0       	rjmp	.+4      	; 0x9cc <putval+0x12>
     9c8:	73 83       	std	Z+3, r23	; 0x03
     9ca:	62 83       	std	Z+2, r22	; 0x02
     9cc:	51 83       	std	Z+1, r21	; 0x01
     9ce:	40 83       	st	Z, r20
     9d0:	08 95       	ret

000009d2 <mulacc>:
     9d2:	44 fd       	sbrc	r20, 4
     9d4:	17 c0       	rjmp	.+46     	; 0xa04 <mulacc+0x32>
     9d6:	46 fd       	sbrc	r20, 6
     9d8:	17 c0       	rjmp	.+46     	; 0xa08 <mulacc+0x36>
     9da:	ab 01       	movw	r20, r22
     9dc:	bc 01       	movw	r22, r24
     9de:	da 01       	movw	r26, r20
     9e0:	fb 01       	movw	r30, r22
     9e2:	aa 0f       	add	r26, r26
     9e4:	bb 1f       	adc	r27, r27
     9e6:	ee 1f       	adc	r30, r30
     9e8:	ff 1f       	adc	r31, r31
     9ea:	10 94       	com	r1
     9ec:	d1 f7       	brne	.-12     	; 0x9e2 <mulacc+0x10>
     9ee:	4a 0f       	add	r20, r26
     9f0:	5b 1f       	adc	r21, r27
     9f2:	6e 1f       	adc	r22, r30
     9f4:	7f 1f       	adc	r23, r31
     9f6:	cb 01       	movw	r24, r22
     9f8:	ba 01       	movw	r22, r20
     9fa:	66 0f       	add	r22, r22
     9fc:	77 1f       	adc	r23, r23
     9fe:	88 1f       	adc	r24, r24
     a00:	99 1f       	adc	r25, r25
     a02:	09 c0       	rjmp	.+18     	; 0xa16 <mulacc+0x44>
     a04:	33 e0       	ldi	r19, 0x03	; 3
     a06:	01 c0       	rjmp	.+2      	; 0xa0a <mulacc+0x38>
     a08:	34 e0       	ldi	r19, 0x04	; 4
     a0a:	66 0f       	add	r22, r22
     a0c:	77 1f       	adc	r23, r23
     a0e:	88 1f       	adc	r24, r24
     a10:	99 1f       	adc	r25, r25
     a12:	31 50       	subi	r19, 0x01	; 1
     a14:	d1 f7       	brne	.-12     	; 0xa0a <mulacc+0x38>
     a16:	62 0f       	add	r22, r18
     a18:	71 1d       	adc	r23, r1
     a1a:	81 1d       	adc	r24, r1
     a1c:	91 1d       	adc	r25, r1
     a1e:	08 95       	ret

00000a20 <skip_spaces>:
     a20:	0f 93       	push	r16
     a22:	1f 93       	push	r17
     a24:	cf 93       	push	r28
     a26:	df 93       	push	r29
     a28:	8c 01       	movw	r16, r24
     a2a:	c8 01       	movw	r24, r16
     a2c:	0e 94 58 0b 	call	0x16b0	; 0x16b0 <fgetc>
     a30:	ec 01       	movw	r28, r24
     a32:	97 fd       	sbrc	r25, 7
     a34:	08 c0       	rjmp	.+16     	; 0xa46 <skip_spaces+0x26>
     a36:	0e 94 26 0b 	call	0x164c	; 0x164c <isspace>
     a3a:	89 2b       	or	r24, r25
     a3c:	b1 f7       	brne	.-20     	; 0xa2a <skip_spaces+0xa>
     a3e:	b8 01       	movw	r22, r16
     a40:	ce 01       	movw	r24, r28
     a42:	0e 94 d2 0b 	call	0x17a4	; 0x17a4 <ungetc>
     a46:	ce 01       	movw	r24, r28
     a48:	df 91       	pop	r29
     a4a:	cf 91       	pop	r28
     a4c:	1f 91       	pop	r17
     a4e:	0f 91       	pop	r16
     a50:	08 95       	ret

00000a52 <conv_int>:
     a52:	a0 e0       	ldi	r26, 0x00	; 0
     a54:	b0 e0       	ldi	r27, 0x00	; 0
     a56:	ef e2       	ldi	r30, 0x2F	; 47
     a58:	f5 e0       	ldi	r31, 0x05	; 5
     a5a:	0c 94 1d 0a 	jmp	0x143a	; 0x143a <__prologue_saves__+0xc>
     a5e:	7c 01       	movw	r14, r24
     a60:	8b 01       	movw	r16, r22
     a62:	6a 01       	movw	r12, r20
     a64:	d2 2f       	mov	r29, r18
     a66:	0e 94 58 0b 	call	0x16b0	; 0x16b0 <fgetc>
     a6a:	9c 01       	movw	r18, r24
     a6c:	33 27       	eor	r19, r19
     a6e:	2b 32       	cpi	r18, 0x2B	; 43
     a70:	31 05       	cpc	r19, r1
     a72:	21 f0       	breq	.+8      	; 0xa7c <conv_int+0x2a>
     a74:	2d 32       	cpi	r18, 0x2D	; 45
     a76:	31 05       	cpc	r19, r1
     a78:	59 f4       	brne	.+22     	; 0xa90 <conv_int+0x3e>
     a7a:	d0 68       	ori	r29, 0x80	; 128
     a7c:	01 50       	subi	r16, 0x01	; 1
     a7e:	11 09       	sbc	r17, r1
     a80:	11 f4       	brne	.+4      	; 0xa86 <conv_int+0x34>
     a82:	80 e0       	ldi	r24, 0x00	; 0
     a84:	6b c0       	rjmp	.+214    	; 0xb5c <conv_int+0x10a>
     a86:	c7 01       	movw	r24, r14
     a88:	0e 94 58 0b 	call	0x16b0	; 0x16b0 <fgetc>
     a8c:	97 fd       	sbrc	r25, 7
     a8e:	f9 cf       	rjmp	.-14     	; 0xa82 <conv_int+0x30>
     a90:	cd 2f       	mov	r28, r29
     a92:	cd 7f       	andi	r28, 0xFD	; 253
     a94:	2d 2f       	mov	r18, r29
     a96:	20 73       	andi	r18, 0x30	; 48
     a98:	19 f5       	brne	.+70     	; 0xae0 <conv_int+0x8e>
     a9a:	80 33       	cpi	r24, 0x30	; 48
     a9c:	09 f5       	brne	.+66     	; 0xae0 <conv_int+0x8e>
     a9e:	58 01       	movw	r10, r16
     aa0:	81 e0       	ldi	r24, 0x01	; 1
     aa2:	a8 1a       	sub	r10, r24
     aa4:	b1 08       	sbc	r11, r1
     aa6:	09 f4       	brne	.+2      	; 0xaaa <conv_int+0x58>
     aa8:	45 c0       	rjmp	.+138    	; 0xb34 <conv_int+0xe2>
     aaa:	c7 01       	movw	r24, r14
     aac:	0e 94 58 0b 	call	0x16b0	; 0x16b0 <fgetc>
     ab0:	97 fd       	sbrc	r25, 7
     ab2:	40 c0       	rjmp	.+128    	; 0xb34 <conv_int+0xe2>
     ab4:	9c 01       	movw	r18, r24
     ab6:	2f 7d       	andi	r18, 0xDF	; 223
     ab8:	33 27       	eor	r19, r19
     aba:	28 35       	cpi	r18, 0x58	; 88
     abc:	31 05       	cpc	r19, r1
     abe:	51 f4       	brne	.+20     	; 0xad4 <conv_int+0x82>
     ac0:	c2 64       	ori	r28, 0x42	; 66
     ac2:	02 50       	subi	r16, 0x02	; 2
     ac4:	11 09       	sbc	r17, r1
     ac6:	b1 f1       	breq	.+108    	; 0xb34 <conv_int+0xe2>
     ac8:	c7 01       	movw	r24, r14
     aca:	0e 94 58 0b 	call	0x16b0	; 0x16b0 <fgetc>
     ace:	97 ff       	sbrs	r25, 7
     ad0:	07 c0       	rjmp	.+14     	; 0xae0 <conv_int+0x8e>
     ad2:	30 c0       	rjmp	.+96     	; 0xb34 <conv_int+0xe2>
     ad4:	d6 ff       	sbrs	r29, 6
     ad6:	02 c0       	rjmp	.+4      	; 0xadc <conv_int+0x8a>
     ad8:	c2 60       	ori	r28, 0x02	; 2
     ada:	01 c0       	rjmp	.+2      	; 0xade <conv_int+0x8c>
     adc:	c2 61       	ori	r28, 0x12	; 18
     ade:	85 01       	movw	r16, r10
     ae0:	81 2c       	mov	r8, r1
     ae2:	91 2c       	mov	r9, r1
     ae4:	54 01       	movw	r10, r8
     ae6:	20 ed       	ldi	r18, 0xD0	; 208
     ae8:	28 0f       	add	r18, r24
     aea:	28 30       	cpi	r18, 0x08	; 8
     aec:	80 f0       	brcs	.+32     	; 0xb0e <conv_int+0xbc>
     aee:	c4 ff       	sbrs	r28, 4
     af0:	04 c0       	rjmp	.+8      	; 0xafa <conv_int+0xa8>
     af2:	b7 01       	movw	r22, r14
     af4:	0e 94 d2 0b 	call	0x17a4	; 0x17a4 <ungetc>
     af8:	1a c0       	rjmp	.+52     	; 0xb2e <conv_int+0xdc>
     afa:	2a 30       	cpi	r18, 0x0A	; 10
     afc:	40 f0       	brcs	.+16     	; 0xb0e <conv_int+0xbc>
     afe:	c6 ff       	sbrs	r28, 6
     b00:	f8 cf       	rjmp	.-16     	; 0xaf2 <conv_int+0xa0>
     b02:	2f 7d       	andi	r18, 0xDF	; 223
     b04:	3f ee       	ldi	r19, 0xEF	; 239
     b06:	32 0f       	add	r19, r18
     b08:	36 30       	cpi	r19, 0x06	; 6
     b0a:	98 f7       	brcc	.-26     	; 0xaf2 <conv_int+0xa0>
     b0c:	27 50       	subi	r18, 0x07	; 7
     b0e:	4c 2f       	mov	r20, r28
     b10:	c5 01       	movw	r24, r10
     b12:	b4 01       	movw	r22, r8
     b14:	0e 94 e9 04 	call	0x9d2	; 0x9d2 <mulacc>
     b18:	4b 01       	movw	r8, r22
     b1a:	5c 01       	movw	r10, r24
     b1c:	c2 60       	ori	r28, 0x02	; 2
     b1e:	01 50       	subi	r16, 0x01	; 1
     b20:	11 09       	sbc	r17, r1
     b22:	59 f0       	breq	.+22     	; 0xb3a <conv_int+0xe8>
     b24:	c7 01       	movw	r24, r14
     b26:	0e 94 58 0b 	call	0x16b0	; 0x16b0 <fgetc>
     b2a:	97 ff       	sbrs	r25, 7
     b2c:	dc cf       	rjmp	.-72     	; 0xae6 <conv_int+0x94>
     b2e:	c1 fd       	sbrc	r28, 1
     b30:	04 c0       	rjmp	.+8      	; 0xb3a <conv_int+0xe8>
     b32:	a7 cf       	rjmp	.-178    	; 0xa82 <conv_int+0x30>
     b34:	81 2c       	mov	r8, r1
     b36:	91 2c       	mov	r9, r1
     b38:	54 01       	movw	r10, r8
     b3a:	c7 ff       	sbrs	r28, 7
     b3c:	08 c0       	rjmp	.+16     	; 0xb4e <conv_int+0xfc>
     b3e:	b0 94       	com	r11
     b40:	a0 94       	com	r10
     b42:	90 94       	com	r9
     b44:	80 94       	com	r8
     b46:	81 1c       	adc	r8, r1
     b48:	91 1c       	adc	r9, r1
     b4a:	a1 1c       	adc	r10, r1
     b4c:	b1 1c       	adc	r11, r1
     b4e:	2c 2f       	mov	r18, r28
     b50:	b5 01       	movw	r22, r10
     b52:	a4 01       	movw	r20, r8
     b54:	c6 01       	movw	r24, r12
     b56:	0e 94 dd 04 	call	0x9ba	; 0x9ba <putval>
     b5a:	81 e0       	ldi	r24, 0x01	; 1
     b5c:	cd b7       	in	r28, 0x3d	; 61
     b5e:	de b7       	in	r29, 0x3e	; 62
     b60:	ec e0       	ldi	r30, 0x0C	; 12
     b62:	0c 94 39 0a 	jmp	0x1472	; 0x1472 <__epilogue_restores__+0xc>

00000b66 <conv_brk>:
     b66:	a0 e2       	ldi	r26, 0x20	; 32
     b68:	b0 e0       	ldi	r27, 0x00	; 0
     b6a:	e9 eb       	ldi	r30, 0xB9	; 185
     b6c:	f5 e0       	ldi	r31, 0x05	; 5
     b6e:	0c 94 19 0a 	jmp	0x1432	; 0x1432 <__prologue_saves__+0x4>
     b72:	5c 01       	movw	r10, r24
     b74:	4b 01       	movw	r8, r22
     b76:	7a 01       	movw	r14, r20
     b78:	8e 01       	movw	r16, r28
     b7a:	0f 5f       	subi	r16, 0xFF	; 255
     b7c:	1f 4f       	sbci	r17, 0xFF	; 255
     b7e:	68 01       	movw	r12, r16
     b80:	80 e2       	ldi	r24, 0x20	; 32
     b82:	f8 01       	movw	r30, r16
     b84:	11 92       	st	Z+, r1
     b86:	8a 95       	dec	r24
     b88:	e9 f7       	brne	.-6      	; 0xb84 <conv_brk+0x1e>
     b8a:	f5 01       	movw	r30, r10
     b8c:	53 80       	ldd	r5, Z+3	; 0x03
     b8e:	40 e0       	ldi	r20, 0x00	; 0
     b90:	50 e0       	ldi	r21, 0x00	; 0
     b92:	61 2c       	mov	r6, r1
     b94:	90 e0       	ldi	r25, 0x00	; 0
     b96:	71 2c       	mov	r7, r1
     b98:	a1 e0       	ldi	r26, 0x01	; 1
     b9a:	b0 e0       	ldi	r27, 0x00	; 0
     b9c:	f9 01       	movw	r30, r18
     b9e:	53 fc       	sbrc	r5, 3
     ba0:	85 91       	lpm	r24, Z+
     ba2:	53 fe       	sbrs	r5, 3
     ba4:	81 91       	ld	r24, Z+
     ba6:	8f 01       	movw	r16, r30
     ba8:	48 2e       	mov	r4, r24
     baa:	9f 01       	movw	r18, r30
     bac:	81 11       	cpse	r24, r1
     bae:	03 c0       	rjmp	.+6      	; 0xbb6 <conv_brk+0x50>
     bb0:	80 e0       	ldi	r24, 0x00	; 0
     bb2:	90 e0       	ldi	r25, 0x00	; 0
     bb4:	96 c0       	rjmp	.+300    	; 0xce2 <conv_brk+0x17c>
     bb6:	8e 35       	cpi	r24, 0x5E	; 94
     bb8:	19 f4       	brne	.+6      	; 0xbc0 <conv_brk+0x5a>
     bba:	41 15       	cp	r20, r1
     bbc:	51 05       	cpc	r21, r1
     bbe:	51 f1       	breq	.+84     	; 0xc14 <conv_brk+0xae>
     bc0:	67 2d       	mov	r22, r7
     bc2:	70 e0       	ldi	r23, 0x00	; 0
     bc4:	64 17       	cp	r22, r20
     bc6:	75 07       	cpc	r23, r21
     bc8:	3c f4       	brge	.+14     	; 0xbd8 <conv_brk+0x72>
     bca:	8d 35       	cpi	r24, 0x5D	; 93
     bcc:	61 f1       	breq	.+88     	; 0xc26 <conv_brk+0xc0>
     bce:	8d 32       	cpi	r24, 0x2D	; 45
     bd0:	19 f4       	brne	.+6      	; 0xbd8 <conv_brk+0x72>
     bd2:	99 23       	and	r25, r25
     bd4:	11 f1       	breq	.+68     	; 0xc1a <conv_brk+0xb4>
     bd6:	03 c0       	rjmp	.+6      	; 0xbde <conv_brk+0x78>
     bd8:	99 23       	and	r25, r25
     bda:	09 f4       	brne	.+2      	; 0xbde <conv_brk+0x78>
     bdc:	6d c0       	rjmp	.+218    	; 0xcb8 <conv_brk+0x152>
     bde:	84 2d       	mov	r24, r4
     be0:	86 95       	lsr	r24
     be2:	86 95       	lsr	r24
     be4:	86 95       	lsr	r24
     be6:	f6 01       	movw	r30, r12
     be8:	e8 0f       	add	r30, r24
     bea:	f1 1d       	adc	r31, r1
     bec:	84 2d       	mov	r24, r4
     bee:	87 70       	andi	r24, 0x07	; 7
     bf0:	8d 01       	movw	r16, r26
     bf2:	02 c0       	rjmp	.+4      	; 0xbf8 <conv_brk+0x92>
     bf4:	00 0f       	add	r16, r16
     bf6:	11 1f       	adc	r17, r17
     bf8:	8a 95       	dec	r24
     bfa:	e2 f7       	brpl	.-8      	; 0xbf4 <conv_brk+0x8e>
     bfc:	c8 01       	movw	r24, r16
     bfe:	90 81       	ld	r25, Z
     c00:	89 2b       	or	r24, r25
     c02:	80 83       	st	Z, r24
     c04:	64 14       	cp	r6, r4
     c06:	59 f0       	breq	.+22     	; 0xc1e <conv_brk+0xb8>
     c08:	46 14       	cp	r4, r6
     c0a:	10 f4       	brcc	.+4      	; 0xc10 <conv_brk+0xaa>
     c0c:	43 94       	inc	r4
     c0e:	e7 cf       	rjmp	.-50     	; 0xbde <conv_brk+0x78>
     c10:	4a 94       	dec	r4
     c12:	e5 cf       	rjmp	.-54     	; 0xbde <conv_brk+0x78>
     c14:	77 24       	eor	r7, r7
     c16:	73 94       	inc	r7
     c18:	03 c0       	rjmp	.+6      	; 0xc20 <conv_brk+0xba>
     c1a:	91 e0       	ldi	r25, 0x01	; 1
     c1c:	01 c0       	rjmp	.+2      	; 0xc20 <conv_brk+0xba>
     c1e:	90 e0       	ldi	r25, 0x00	; 0
     c20:	4f 5f       	subi	r20, 0xFF	; 255
     c22:	5f 4f       	sbci	r21, 0xFF	; 255
     c24:	bb cf       	rjmp	.-138    	; 0xb9c <conv_brk+0x36>
     c26:	99 23       	and	r25, r25
     c28:	19 f0       	breq	.+6      	; 0xc30 <conv_brk+0xca>
     c2a:	8e 81       	ldd	r24, Y+6	; 0x06
     c2c:	80 62       	ori	r24, 0x20	; 32
     c2e:	8e 83       	std	Y+6, r24	; 0x06
     c30:	71 10       	cpse	r7, r1
     c32:	03 c0       	rjmp	.+6      	; 0xc3a <conv_brk+0xd4>
     c34:	77 24       	eor	r7, r7
     c36:	73 94       	inc	r7
     c38:	19 c0       	rjmp	.+50     	; 0xc6c <conv_brk+0x106>
     c3a:	f6 01       	movw	r30, r12
     c3c:	9e 01       	movw	r18, r28
     c3e:	2f 5d       	subi	r18, 0xDF	; 223
     c40:	3f 4f       	sbci	r19, 0xFF	; 255
     c42:	80 81       	ld	r24, Z
     c44:	80 95       	com	r24
     c46:	81 93       	st	Z+, r24
     c48:	2e 17       	cp	r18, r30
     c4a:	3f 07       	cpc	r19, r31
     c4c:	d1 f7       	brne	.-12     	; 0xc42 <conv_brk+0xdc>
     c4e:	f2 cf       	rjmp	.-28     	; 0xc34 <conv_brk+0xce>
     c50:	e1 14       	cp	r14, r1
     c52:	f1 04       	cpc	r15, r1
     c54:	31 f0       	breq	.+12     	; 0xc62 <conv_brk+0xfc>
     c56:	f7 01       	movw	r30, r14
     c58:	80 83       	st	Z, r24
     c5a:	b7 01       	movw	r22, r14
     c5c:	6f 5f       	subi	r22, 0xFF	; 255
     c5e:	7f 4f       	sbci	r23, 0xFF	; 255
     c60:	7b 01       	movw	r14, r22
     c62:	71 e0       	ldi	r23, 0x01	; 1
     c64:	87 1a       	sub	r8, r23
     c66:	91 08       	sbc	r9, r1
     c68:	71 2c       	mov	r7, r1
     c6a:	f9 f0       	breq	.+62     	; 0xcaa <conv_brk+0x144>
     c6c:	c5 01       	movw	r24, r10
     c6e:	0e 94 58 0b 	call	0x16b0	; 0x16b0 <fgetc>
     c72:	97 fd       	sbrc	r25, 7
     c74:	18 c0       	rjmp	.+48     	; 0xca6 <conv_brk+0x140>
     c76:	fc 01       	movw	r30, r24
     c78:	ff 27       	eor	r31, r31
     c7a:	23 e0       	ldi	r18, 0x03	; 3
     c7c:	f5 95       	asr	r31
     c7e:	e7 95       	ror	r30
     c80:	2a 95       	dec	r18
     c82:	e1 f7       	brne	.-8      	; 0xc7c <conv_brk+0x116>
     c84:	ec 0d       	add	r30, r12
     c86:	fd 1d       	adc	r31, r13
     c88:	20 81       	ld	r18, Z
     c8a:	30 e0       	ldi	r19, 0x00	; 0
     c8c:	ac 01       	movw	r20, r24
     c8e:	47 70       	andi	r20, 0x07	; 7
     c90:	55 27       	eor	r21, r21
     c92:	02 c0       	rjmp	.+4      	; 0xc98 <conv_brk+0x132>
     c94:	35 95       	asr	r19
     c96:	27 95       	ror	r18
     c98:	4a 95       	dec	r20
     c9a:	e2 f7       	brpl	.-8      	; 0xc94 <conv_brk+0x12e>
     c9c:	20 fd       	sbrc	r18, 0
     c9e:	d8 cf       	rjmp	.-80     	; 0xc50 <conv_brk+0xea>
     ca0:	b5 01       	movw	r22, r10
     ca2:	0e 94 d2 0b 	call	0x17a4	; 0x17a4 <ungetc>
     ca6:	71 10       	cpse	r7, r1
     ca8:	83 cf       	rjmp	.-250    	; 0xbb0 <conv_brk+0x4a>
     caa:	e1 14       	cp	r14, r1
     cac:	f1 04       	cpc	r15, r1
     cae:	11 f0       	breq	.+4      	; 0xcb4 <conv_brk+0x14e>
     cb0:	f7 01       	movw	r30, r14
     cb2:	10 82       	st	Z, r1
     cb4:	c8 01       	movw	r24, r16
     cb6:	15 c0       	rjmp	.+42     	; 0xce2 <conv_brk+0x17c>
     cb8:	68 2f       	mov	r22, r24
     cba:	66 95       	lsr	r22
     cbc:	66 95       	lsr	r22
     cbe:	66 95       	lsr	r22
     cc0:	f6 01       	movw	r30, r12
     cc2:	e6 0f       	add	r30, r22
     cc4:	f1 1d       	adc	r31, r1
     cc6:	68 2f       	mov	r22, r24
     cc8:	67 70       	andi	r22, 0x07	; 7
     cca:	8d 01       	movw	r16, r26
     ccc:	02 c0       	rjmp	.+4      	; 0xcd2 <conv_brk+0x16c>
     cce:	00 0f       	add	r16, r16
     cd0:	11 1f       	adc	r17, r17
     cd2:	6a 95       	dec	r22
     cd4:	e2 f7       	brpl	.-8      	; 0xcce <conv_brk+0x168>
     cd6:	b8 01       	movw	r22, r16
     cd8:	70 81       	ld	r23, Z
     cda:	67 2b       	or	r22, r23
     cdc:	60 83       	st	Z, r22
     cde:	68 2e       	mov	r6, r24
     ce0:	9f cf       	rjmp	.-194    	; 0xc20 <conv_brk+0xba>
     ce2:	a0 96       	adiw	r28, 0x20	; 32
     ce4:	e0 e1       	ldi	r30, 0x10	; 16
     ce6:	0c 94 35 0a 	jmp	0x146a	; 0x146a <__epilogue_restores__+0x4>

00000cea <conv_flt>:
     cea:	2f 92       	push	r2
     cec:	3f 92       	push	r3
     cee:	4f 92       	push	r4
     cf0:	5f 92       	push	r5
     cf2:	6f 92       	push	r6
     cf4:	7f 92       	push	r7
     cf6:	9f 92       	push	r9
     cf8:	af 92       	push	r10
     cfa:	bf 92       	push	r11
     cfc:	cf 92       	push	r12
     cfe:	df 92       	push	r13
     d00:	ef 92       	push	r14
     d02:	ff 92       	push	r15
     d04:	0f 93       	push	r16
     d06:	1f 93       	push	r17
     d08:	cf 93       	push	r28
     d0a:	df 93       	push	r29
     d0c:	6c 01       	movw	r12, r24
     d0e:	8b 01       	movw	r16, r22
     d10:	1a 01       	movw	r2, r20
     d12:	0e 94 58 0b 	call	0x16b0	; 0x16b0 <fgetc>
     d16:	ec 01       	movw	r28, r24
     d18:	99 27       	eor	r25, r25
     d1a:	8b 32       	cpi	r24, 0x2B	; 43
     d1c:	91 05       	cpc	r25, r1
     d1e:	29 f0       	breq	.+10     	; 0xd2a <conv_flt+0x40>
     d20:	8d 97       	sbiw	r24, 0x2d	; 45
     d22:	81 f4       	brne	.+32     	; 0xd44 <conv_flt+0x5a>
     d24:	30 e8       	ldi	r19, 0x80	; 128
     d26:	93 2e       	mov	r9, r19
     d28:	01 c0       	rjmp	.+2      	; 0xd2c <conv_flt+0x42>
     d2a:	91 2c       	mov	r9, r1
     d2c:	01 50       	subi	r16, 0x01	; 1
     d2e:	11 09       	sbc	r17, r1
     d30:	11 f4       	brne	.+4      	; 0xd36 <conv_flt+0x4c>
     d32:	80 e0       	ldi	r24, 0x00	; 0
     d34:	0c c1       	rjmp	.+536    	; 0xf4e <conv_flt+0x264>
     d36:	c6 01       	movw	r24, r12
     d38:	0e 94 58 0b 	call	0x16b0	; 0x16b0 <fgetc>
     d3c:	ec 01       	movw	r28, r24
     d3e:	97 ff       	sbrs	r25, 7
     d40:	02 c0       	rjmp	.+4      	; 0xd46 <conv_flt+0x5c>
     d42:	f7 cf       	rjmp	.-18     	; 0xd32 <conv_flt+0x48>
     d44:	91 2c       	mov	r9, r1
     d46:	ce 01       	movw	r24, r28
     d48:	0e 94 2f 0b 	call	0x165e	; 0x165e <tolower>
     d4c:	89 36       	cpi	r24, 0x69	; 105
     d4e:	91 05       	cpc	r25, r1
     d50:	31 f0       	breq	.+12     	; 0xd5e <conv_flt+0x74>
     d52:	8e 36       	cpi	r24, 0x6E	; 110
     d54:	91 05       	cpc	r25, r1
     d56:	99 f5       	brne	.+102    	; 0xdbe <conv_flt+0xd4>
     d58:	cc e7       	ldi	r28, 0x7C	; 124
     d5a:	d1 e0       	ldi	r29, 0x01	; 1
     d5c:	02 c0       	rjmp	.+4      	; 0xd62 <conv_flt+0x78>
     d5e:	cf e7       	ldi	r28, 0x7F	; 127
     d60:	d1 e0       	ldi	r29, 0x01	; 1
     d62:	21 96       	adiw	r28, 0x01	; 1
     d64:	fe 01       	movw	r30, r28
     d66:	31 97       	sbiw	r30, 0x01	; 1
     d68:	b4 90       	lpm	r11, Z
     d6a:	bb 20       	and	r11, r11
     d6c:	c9 f0       	breq	.+50     	; 0xda0 <conv_flt+0xb6>
     d6e:	01 50       	subi	r16, 0x01	; 1
     d70:	11 09       	sbc	r17, r1
     d72:	91 f0       	breq	.+36     	; 0xd98 <conv_flt+0xae>
     d74:	c6 01       	movw	r24, r12
     d76:	0e 94 58 0b 	call	0x16b0	; 0x16b0 <fgetc>
     d7a:	7c 01       	movw	r14, r24
     d7c:	97 fd       	sbrc	r25, 7
     d7e:	0c c0       	rjmp	.+24     	; 0xd98 <conv_flt+0xae>
     d80:	0e 94 2f 0b 	call	0x165e	; 0x165e <tolower>
     d84:	99 27       	eor	r25, r25
     d86:	eb 2d       	mov	r30, r11
     d88:	f0 e0       	ldi	r31, 0x00	; 0
     d8a:	8e 17       	cp	r24, r30
     d8c:	9f 07       	cpc	r25, r31
     d8e:	49 f3       	breq	.-46     	; 0xd62 <conv_flt+0x78>
     d90:	b6 01       	movw	r22, r12
     d92:	c7 01       	movw	r24, r14
     d94:	0e 94 d2 0b 	call	0x17a4	; 0x17a4 <ungetc>
     d98:	c2 58       	subi	r28, 0x82	; 130
     d9a:	d1 40       	sbci	r29, 0x01	; 1
     d9c:	51 f6       	brne	.-108    	; 0xd32 <conv_flt+0x48>
     d9e:	03 c0       	rjmp	.+6      	; 0xda6 <conv_flt+0xbc>
     da0:	cf 57       	subi	r28, 0x7F	; 127
     da2:	d1 40       	sbci	r29, 0x01	; 1
     da4:	29 f0       	breq	.+10     	; 0xdb0 <conv_flt+0xc6>
     da6:	80 e0       	ldi	r24, 0x00	; 0
     da8:	90 e0       	ldi	r25, 0x00	; 0
     daa:	a0 e8       	ldi	r26, 0x80	; 128
     dac:	bf e7       	ldi	r27, 0x7F	; 127
     dae:	04 c0       	rjmp	.+8      	; 0xdb8 <conv_flt+0xce>
     db0:	80 e0       	ldi	r24, 0x00	; 0
     db2:	90 e0       	ldi	r25, 0x00	; 0
     db4:	a0 ec       	ldi	r26, 0xC0	; 192
     db6:	bf e7       	ldi	r27, 0x7F	; 127
     db8:	bc 01       	movw	r22, r24
     dba:	cd 01       	movw	r24, r26
     dbc:	b8 c0       	rjmp	.+368    	; 0xf2e <conv_flt+0x244>
     dbe:	41 2c       	mov	r4, r1
     dc0:	51 2c       	mov	r5, r1
     dc2:	32 01       	movw	r6, r4
     dc4:	e1 2c       	mov	r14, r1
     dc6:	f1 2c       	mov	r15, r1
     dc8:	2c 2f       	mov	r18, r28
     dca:	20 53       	subi	r18, 0x30	; 48
     dcc:	2a 30       	cpi	r18, 0x0A	; 10
     dce:	10 f5       	brcc	.+68     	; 0xe14 <conv_flt+0x12a>
     dd0:	e9 2d       	mov	r30, r9
     dd2:	e2 60       	ori	r30, 0x02	; 2
     dd4:	be 2e       	mov	r11, r30
     dd6:	89 2d       	mov	r24, r9
     dd8:	88 70       	andi	r24, 0x08	; 8
     dda:	92 fe       	sbrs	r9, 2
     ddc:	06 c0       	rjmp	.+12     	; 0xdea <conv_flt+0x100>
     dde:	81 11       	cpse	r24, r1
     de0:	20 c0       	rjmp	.+64     	; 0xe22 <conv_flt+0x138>
     de2:	ff ef       	ldi	r31, 0xFF	; 255
     de4:	ef 1a       	sub	r14, r31
     de6:	ff 0a       	sbc	r15, r31
     de8:	1c c0       	rjmp	.+56     	; 0xe22 <conv_flt+0x138>
     dea:	88 23       	and	r24, r24
     dec:	19 f0       	breq	.+6      	; 0xdf4 <conv_flt+0x10a>
     dee:	81 e0       	ldi	r24, 0x01	; 1
     df0:	e8 1a       	sub	r14, r24
     df2:	f1 08       	sbc	r15, r1
     df4:	40 e2       	ldi	r20, 0x20	; 32
     df6:	c3 01       	movw	r24, r6
     df8:	b2 01       	movw	r22, r4
     dfa:	0e 94 e9 04 	call	0x9d2	; 0x9d2 <mulacc>
     dfe:	2b 01       	movw	r4, r22
     e00:	3c 01       	movw	r6, r24
     e02:	68 39       	cpi	r22, 0x98	; 152
     e04:	79 49       	sbci	r23, 0x99	; 153
     e06:	89 49       	sbci	r24, 0x99	; 153
     e08:	99 41       	sbci	r25, 0x19	; 25
     e0a:	58 f0       	brcs	.+22     	; 0xe22 <conv_flt+0x138>
     e0c:	f9 2d       	mov	r31, r9
     e0e:	f6 60       	ori	r31, 0x06	; 6
     e10:	bf 2e       	mov	r11, r31
     e12:	07 c0       	rjmp	.+14     	; 0xe22 <conv_flt+0x138>
     e14:	2e 3f       	cpi	r18, 0xFE	; 254
     e16:	89 f4       	brne	.+34     	; 0xe3a <conv_flt+0x150>
     e18:	93 fc       	sbrc	r9, 3
     e1a:	0f c0       	rjmp	.+30     	; 0xe3a <conv_flt+0x150>
     e1c:	29 2d       	mov	r18, r9
     e1e:	28 60       	ori	r18, 0x08	; 8
     e20:	b2 2e       	mov	r11, r18
     e22:	01 50       	subi	r16, 0x01	; 1
     e24:	11 09       	sbc	r17, r1
     e26:	41 f0       	breq	.+16     	; 0xe38 <conv_flt+0x14e>
     e28:	c6 01       	movw	r24, r12
     e2a:	0e 94 58 0b 	call	0x16b0	; 0x16b0 <fgetc>
     e2e:	ec 01       	movw	r28, r24
     e30:	9b 2c       	mov	r9, r11
     e32:	97 ff       	sbrs	r25, 7
     e34:	c9 cf       	rjmp	.-110    	; 0xdc8 <conv_flt+0xde>
     e36:	01 c0       	rjmp	.+2      	; 0xe3a <conv_flt+0x150>
     e38:	9b 2c       	mov	r9, r11
     e3a:	91 fe       	sbrs	r9, 1
     e3c:	7a cf       	rjmp	.-268    	; 0xd32 <conv_flt+0x48>
     e3e:	ce 01       	movw	r24, r28
     e40:	8f 7d       	andi	r24, 0xDF	; 223
     e42:	99 27       	eor	r25, r25
     e44:	85 34       	cpi	r24, 0x45	; 69
     e46:	91 05       	cpc	r25, r1
     e48:	09 f0       	breq	.+2      	; 0xe4c <conv_flt+0x162>
     e4a:	42 c0       	rjmp	.+132    	; 0xed0 <conv_flt+0x1e6>
     e4c:	58 01       	movw	r10, r16
     e4e:	81 e0       	ldi	r24, 0x01	; 1
     e50:	a8 1a       	sub	r10, r24
     e52:	b1 08       	sbc	r11, r1
     e54:	09 f4       	brne	.+2      	; 0xe58 <conv_flt+0x16e>
     e56:	6d cf       	rjmp	.-294    	; 0xd32 <conv_flt+0x48>
     e58:	c6 01       	movw	r24, r12
     e5a:	0e 94 58 0b 	call	0x16b0	; 0x16b0 <fgetc>
     e5e:	ec 01       	movw	r28, r24
     e60:	97 fd       	sbrc	r25, 7
     e62:	67 cf       	rjmp	.-306    	; 0xd32 <conv_flt+0x48>
     e64:	99 27       	eor	r25, r25
     e66:	8b 32       	cpi	r24, 0x2B	; 43
     e68:	91 05       	cpc	r25, r1
     e6a:	29 f0       	breq	.+10     	; 0xe76 <conv_flt+0x18c>
     e6c:	8d 97       	sbiw	r24, 0x2d	; 45
     e6e:	69 f4       	brne	.+26     	; 0xe8a <conv_flt+0x1a0>
     e70:	e9 2d       	mov	r30, r9
     e72:	e0 61       	ori	r30, 0x10	; 16
     e74:	9e 2e       	mov	r9, r30
     e76:	58 01       	movw	r10, r16
     e78:	f2 e0       	ldi	r31, 0x02	; 2
     e7a:	af 1a       	sub	r10, r31
     e7c:	b1 08       	sbc	r11, r1
     e7e:	09 f4       	brne	.+2      	; 0xe82 <conv_flt+0x198>
     e80:	58 cf       	rjmp	.-336    	; 0xd32 <conv_flt+0x48>
     e82:	c6 01       	movw	r24, r12
     e84:	0e 94 58 0b 	call	0x16b0	; 0x16b0 <fgetc>
     e88:	ec 01       	movw	r28, r24
     e8a:	ce 01       	movw	r24, r28
     e8c:	c0 97       	sbiw	r24, 0x30	; 48
     e8e:	0a 97       	sbiw	r24, 0x0a	; 10
     e90:	08 f0       	brcs	.+2      	; 0xe94 <conv_flt+0x1aa>
     e92:	4f cf       	rjmp	.-354    	; 0xd32 <conv_flt+0x48>
     e94:	85 01       	movw	r16, r10
     e96:	a1 2c       	mov	r10, r1
     e98:	b1 2c       	mov	r11, r1
     e9a:	b5 01       	movw	r22, r10
     e9c:	bb 0c       	add	r11, r11
     e9e:	88 0b       	sbc	r24, r24
     ea0:	99 0b       	sbc	r25, r25
     ea2:	2c 2f       	mov	r18, r28
     ea4:	20 53       	subi	r18, 0x30	; 48
     ea6:	40 e2       	ldi	r20, 0x20	; 32
     ea8:	0e 94 e9 04 	call	0x9d2	; 0x9d2 <mulacc>
     eac:	5b 01       	movw	r10, r22
     eae:	01 50       	subi	r16, 0x01	; 1
     eb0:	11 09       	sbc	r17, r1
     eb2:	39 f0       	breq	.+14     	; 0xec2 <conv_flt+0x1d8>
     eb4:	c6 01       	movw	r24, r12
     eb6:	0e 94 58 0b 	call	0x16b0	; 0x16b0 <fgetc>
     eba:	ec 01       	movw	r28, r24
     ebc:	c0 97       	sbiw	r24, 0x30	; 48
     ebe:	0a 97       	sbiw	r24, 0x0a	; 10
     ec0:	60 f3       	brcs	.-40     	; 0xe9a <conv_flt+0x1b0>
     ec2:	94 fe       	sbrs	r9, 4
     ec4:	03 c0       	rjmp	.+6      	; 0xecc <conv_flt+0x1e2>
     ec6:	b1 94       	neg	r11
     ec8:	a1 94       	neg	r10
     eca:	b1 08       	sbc	r11, r1
     ecc:	ea 0c       	add	r14, r10
     ece:	fb 1c       	adc	r15, r11
     ed0:	01 2b       	or	r16, r17
     ed2:	31 f0       	breq	.+12     	; 0xee0 <conv_flt+0x1f6>
     ed4:	d7 fd       	sbrc	r29, 7
     ed6:	04 c0       	rjmp	.+8      	; 0xee0 <conv_flt+0x1f6>
     ed8:	b6 01       	movw	r22, r12
     eda:	ce 01       	movw	r24, r28
     edc:	0e 94 d2 0b 	call	0x17a4	; 0x17a4 <ungetc>
     ee0:	c3 01       	movw	r24, r6
     ee2:	b2 01       	movw	r22, r4
     ee4:	0e 94 eb 08 	call	0x11d6	; 0x11d6 <__floatunsisf>
     ee8:	f7 fe       	sbrs	r15, 7
     eea:	06 c0       	rjmp	.+12     	; 0xef8 <conv_flt+0x20e>
     eec:	f1 94       	neg	r15
     eee:	e1 94       	neg	r14
     ef0:	f1 08       	sbc	r15, r1
     ef2:	cb e9       	ldi	r28, 0x9B	; 155
     ef4:	d1 e0       	ldi	r29, 0x01	; 1
     ef6:	02 c0       	rjmp	.+4      	; 0xefc <conv_flt+0x212>
     ef8:	c3 eb       	ldi	r28, 0xB3	; 179
     efa:	d1 e0       	ldi	r29, 0x01	; 1
     efc:	6e 01       	movw	r12, r28
     efe:	28 e1       	ldi	r18, 0x18	; 24
     f00:	c2 1a       	sub	r12, r18
     f02:	d1 08       	sbc	r13, r1
     f04:	00 e2       	ldi	r16, 0x20	; 32
     f06:	10 e0       	ldi	r17, 0x00	; 0
     f08:	e0 16       	cp	r14, r16
     f0a:	f1 06       	cpc	r15, r17
     f0c:	50 f0       	brcs	.+20     	; 0xf22 <conv_flt+0x238>
     f0e:	fe 01       	movw	r30, r28
     f10:	25 91       	lpm	r18, Z+
     f12:	35 91       	lpm	r19, Z+
     f14:	45 91       	lpm	r20, Z+
     f16:	54 91       	lpm	r21, Z
     f18:	0e 94 28 09 	call	0x1250	; 0x1250 <__mulsf3>
     f1c:	e0 1a       	sub	r14, r16
     f1e:	f1 0a       	sbc	r15, r17
     f20:	f3 cf       	rjmp	.-26     	; 0xf08 <conv_flt+0x21e>
     f22:	24 97       	sbiw	r28, 0x04	; 4
     f24:	16 95       	lsr	r17
     f26:	07 95       	ror	r16
     f28:	cc 16       	cp	r12, r28
     f2a:	dd 06       	cpc	r13, r29
     f2c:	69 f7       	brne	.-38     	; 0xf08 <conv_flt+0x21e>
     f2e:	97 fe       	sbrs	r9, 7
     f30:	05 c0       	rjmp	.+10     	; 0xf3c <conv_flt+0x252>
     f32:	dc 01       	movw	r26, r24
     f34:	cb 01       	movw	r24, r22
     f36:	b0 58       	subi	r27, 0x80	; 128
     f38:	bc 01       	movw	r22, r24
     f3a:	cd 01       	movw	r24, r26
     f3c:	21 14       	cp	r2, r1
     f3e:	31 04       	cpc	r3, r1
     f40:	29 f0       	breq	.+10     	; 0xf4c <conv_flt+0x262>
     f42:	f1 01       	movw	r30, r2
     f44:	60 83       	st	Z, r22
     f46:	71 83       	std	Z+1, r23	; 0x01
     f48:	82 83       	std	Z+2, r24	; 0x02
     f4a:	93 83       	std	Z+3, r25	; 0x03
     f4c:	81 e0       	ldi	r24, 0x01	; 1
     f4e:	df 91       	pop	r29
     f50:	cf 91       	pop	r28
     f52:	1f 91       	pop	r17
     f54:	0f 91       	pop	r16
     f56:	ff 90       	pop	r15
     f58:	ef 90       	pop	r14
     f5a:	df 90       	pop	r13
     f5c:	cf 90       	pop	r12
     f5e:	bf 90       	pop	r11
     f60:	af 90       	pop	r10
     f62:	9f 90       	pop	r9
     f64:	7f 90       	pop	r7
     f66:	6f 90       	pop	r6
     f68:	5f 90       	pop	r5
     f6a:	4f 90       	pop	r4
     f6c:	3f 90       	pop	r3
     f6e:	2f 90       	pop	r2
     f70:	08 95       	ret

00000f72 <vfscanf>:
     f72:	a0 e0       	ldi	r26, 0x00	; 0
     f74:	b0 e0       	ldi	r27, 0x00	; 0
     f76:	ef eb       	ldi	r30, 0xBF	; 191
     f78:	f7 e0       	ldi	r31, 0x07	; 7
     f7a:	0c 94 1b 0a 	jmp	0x1436	; 0x1436 <__prologue_saves__+0x8>
     f7e:	5c 01       	movw	r10, r24
     f80:	eb 01       	movw	r28, r22
     f82:	4a 01       	movw	r8, r20
     f84:	fc 01       	movw	r30, r24
     f86:	17 82       	std	Z+7, r1	; 0x07
     f88:	16 82       	std	Z+6, r1	; 0x06
     f8a:	61 2c       	mov	r6, r1
     f8c:	f5 01       	movw	r30, r10
     f8e:	03 81       	ldd	r16, Z+3	; 0x03
     f90:	fe 01       	movw	r30, r28
     f92:	03 fd       	sbrc	r16, 3
     f94:	85 91       	lpm	r24, Z+
     f96:	03 ff       	sbrs	r16, 3
     f98:	81 91       	ld	r24, Z+
     f9a:	18 2f       	mov	r17, r24
     f9c:	ef 01       	movw	r28, r30
     f9e:	88 23       	and	r24, r24
     fa0:	09 f4       	brne	.+2      	; 0xfa4 <vfscanf+0x32>
     fa2:	0f c1       	rjmp	.+542    	; 0x11c2 <vfscanf+0x250>
     fa4:	90 e0       	ldi	r25, 0x00	; 0
     fa6:	0e 94 26 0b 	call	0x164c	; 0x164c <isspace>
     faa:	89 2b       	or	r24, r25
     fac:	21 f0       	breq	.+8      	; 0xfb6 <vfscanf+0x44>
     fae:	c5 01       	movw	r24, r10
     fb0:	0e 94 10 05 	call	0xa20	; 0xa20 <skip_spaces>
     fb4:	eb cf       	rjmp	.-42     	; 0xf8c <vfscanf+0x1a>
     fb6:	15 32       	cpi	r17, 0x25	; 37
     fb8:	41 f4       	brne	.+16     	; 0xfca <vfscanf+0x58>
     fba:	fe 01       	movw	r30, r28
     fbc:	03 fd       	sbrc	r16, 3
     fbe:	15 91       	lpm	r17, Z+
     fc0:	03 ff       	sbrs	r16, 3
     fc2:	11 91       	ld	r17, Z+
     fc4:	ef 01       	movw	r28, r30
     fc6:	15 32       	cpi	r17, 0x25	; 37
     fc8:	81 f4       	brne	.+32     	; 0xfea <vfscanf+0x78>
     fca:	c5 01       	movw	r24, r10
     fcc:	0e 94 58 0b 	call	0x16b0	; 0x16b0 <fgetc>
     fd0:	97 fd       	sbrc	r25, 7
     fd2:	f5 c0       	rjmp	.+490    	; 0x11be <vfscanf+0x24c>
     fd4:	41 2f       	mov	r20, r17
     fd6:	50 e0       	ldi	r21, 0x00	; 0
     fd8:	9c 01       	movw	r18, r24
     fda:	33 27       	eor	r19, r19
     fdc:	24 17       	cp	r18, r20
     fde:	35 07       	cpc	r19, r21
     fe0:	a9 f2       	breq	.-86     	; 0xf8c <vfscanf+0x1a>
     fe2:	b5 01       	movw	r22, r10
     fe4:	0e 94 d2 0b 	call	0x17a4	; 0x17a4 <ungetc>
     fe8:	ec c0       	rjmp	.+472    	; 0x11c2 <vfscanf+0x250>
     fea:	1a 32       	cpi	r17, 0x2A	; 42
     fec:	41 f4       	brne	.+16     	; 0xffe <vfscanf+0x8c>
     fee:	03 fd       	sbrc	r16, 3
     ff0:	15 91       	lpm	r17, Z+
     ff2:	03 ff       	sbrs	r16, 3
     ff4:	11 91       	ld	r17, Z+
     ff6:	ef 01       	movw	r28, r30
     ff8:	77 24       	eor	r7, r7
     ffa:	73 94       	inc	r7
     ffc:	01 c0       	rjmp	.+2      	; 0x1000 <vfscanf+0x8e>
     ffe:	71 2c       	mov	r7, r1
    1000:	e1 2c       	mov	r14, r1
    1002:	f1 2c       	mov	r15, r1
    1004:	20 ed       	ldi	r18, 0xD0	; 208
    1006:	21 0f       	add	r18, r17
    1008:	2a 30       	cpi	r18, 0x0A	; 10
    100a:	88 f4       	brcc	.+34     	; 0x102e <vfscanf+0xbc>
    100c:	f7 2d       	mov	r31, r7
    100e:	f2 60       	ori	r31, 0x02	; 2
    1010:	7f 2e       	mov	r7, r31
    1012:	b7 01       	movw	r22, r14
    1014:	80 e0       	ldi	r24, 0x00	; 0
    1016:	90 e0       	ldi	r25, 0x00	; 0
    1018:	40 e2       	ldi	r20, 0x20	; 32
    101a:	0e 94 e9 04 	call	0x9d2	; 0x9d2 <mulacc>
    101e:	7b 01       	movw	r14, r22
    1020:	fe 01       	movw	r30, r28
    1022:	03 fd       	sbrc	r16, 3
    1024:	15 91       	lpm	r17, Z+
    1026:	03 ff       	sbrs	r16, 3
    1028:	11 91       	ld	r17, Z+
    102a:	ef 01       	movw	r28, r30
    102c:	eb cf       	rjmp	.-42     	; 0x1004 <vfscanf+0x92>
    102e:	71 fe       	sbrs	r7, 1
    1030:	04 c0       	rjmp	.+8      	; 0x103a <vfscanf+0xc8>
    1032:	e1 14       	cp	r14, r1
    1034:	f1 04       	cpc	r15, r1
    1036:	21 f4       	brne	.+8      	; 0x1040 <vfscanf+0xce>
    1038:	c4 c0       	rjmp	.+392    	; 0x11c2 <vfscanf+0x250>
    103a:	ee 24       	eor	r14, r14
    103c:	ea 94       	dec	r14
    103e:	fe 2c       	mov	r15, r14
    1040:	18 36       	cpi	r17, 0x68	; 104
    1042:	19 f0       	breq	.+6      	; 0x104a <vfscanf+0xd8>
    1044:	1c 36       	cpi	r17, 0x6C	; 108
    1046:	61 f0       	breq	.+24     	; 0x1060 <vfscanf+0xee>
    1048:	14 c0       	rjmp	.+40     	; 0x1072 <vfscanf+0x100>
    104a:	fe 01       	movw	r30, r28
    104c:	03 fd       	sbrc	r16, 3
    104e:	15 91       	lpm	r17, Z+
    1050:	03 ff       	sbrs	r16, 3
    1052:	11 91       	ld	r17, Z+
    1054:	ef 01       	movw	r28, r30
    1056:	18 36       	cpi	r17, 0x68	; 104
    1058:	61 f4       	brne	.+24     	; 0x1072 <vfscanf+0x100>
    105a:	87 2d       	mov	r24, r7
    105c:	88 60       	ori	r24, 0x08	; 8
    105e:	78 2e       	mov	r7, r24
    1060:	97 2d       	mov	r25, r7
    1062:	94 60       	ori	r25, 0x04	; 4
    1064:	79 2e       	mov	r7, r25
    1066:	fe 01       	movw	r30, r28
    1068:	03 fd       	sbrc	r16, 3
    106a:	15 91       	lpm	r17, Z+
    106c:	03 ff       	sbrs	r16, 3
    106e:	11 91       	ld	r17, Z+
    1070:	ef 01       	movw	r28, r30
    1072:	11 23       	and	r17, r17
    1074:	09 f4       	brne	.+2      	; 0x1078 <vfscanf+0x106>
    1076:	a5 c0       	rjmp	.+330    	; 0x11c2 <vfscanf+0x250>
    1078:	61 2f       	mov	r22, r17
    107a:	70 e0       	ldi	r23, 0x00	; 0
    107c:	8a e6       	ldi	r24, 0x6A	; 106
    107e:	91 e0       	ldi	r25, 0x01	; 1
    1080:	0e 94 37 0b 	call	0x166e	; 0x166e <strchr_P>
    1084:	89 2b       	or	r24, r25
    1086:	09 f4       	brne	.+2      	; 0x108a <vfscanf+0x118>
    1088:	9c c0       	rjmp	.+312    	; 0x11c2 <vfscanf+0x250>
    108a:	70 fc       	sbrc	r7, 0
    108c:	07 c0       	rjmp	.+14     	; 0x109c <vfscanf+0x12a>
    108e:	f4 01       	movw	r30, r8
    1090:	c0 80       	ld	r12, Z
    1092:	d1 80       	ldd	r13, Z+1	; 0x01
    1094:	c4 01       	movw	r24, r8
    1096:	02 96       	adiw	r24, 0x02	; 2
    1098:	4c 01       	movw	r8, r24
    109a:	02 c0       	rjmp	.+4      	; 0x10a0 <vfscanf+0x12e>
    109c:	c1 2c       	mov	r12, r1
    109e:	d1 2c       	mov	r13, r1
    10a0:	1e 36       	cpi	r17, 0x6E	; 110
    10a2:	51 f4       	brne	.+20     	; 0x10b8 <vfscanf+0x146>
    10a4:	f5 01       	movw	r30, r10
    10a6:	46 81       	ldd	r20, Z+6	; 0x06
    10a8:	57 81       	ldd	r21, Z+7	; 0x07
    10aa:	60 e0       	ldi	r22, 0x00	; 0
    10ac:	70 e0       	ldi	r23, 0x00	; 0
    10ae:	27 2d       	mov	r18, r7
    10b0:	c6 01       	movw	r24, r12
    10b2:	0e 94 dd 04 	call	0x9ba	; 0x9ba <putval>
    10b6:	6a cf       	rjmp	.-300    	; 0xf8c <vfscanf+0x1a>
    10b8:	13 36       	cpi	r17, 0x63	; 99
    10ba:	b9 f4       	brne	.+46     	; 0x10ea <vfscanf+0x178>
    10bc:	71 fc       	sbrc	r7, 1
    10be:	03 c0       	rjmp	.+6      	; 0x10c6 <vfscanf+0x154>
    10c0:	ee 24       	eor	r14, r14
    10c2:	e3 94       	inc	r14
    10c4:	f1 2c       	mov	r15, r1
    10c6:	c5 01       	movw	r24, r10
    10c8:	0e 94 58 0b 	call	0x16b0	; 0x16b0 <fgetc>
    10cc:	97 fd       	sbrc	r25, 7
    10ce:	77 c0       	rjmp	.+238    	; 0x11be <vfscanf+0x24c>
    10d0:	c1 14       	cp	r12, r1
    10d2:	d1 04       	cpc	r13, r1
    10d4:	29 f0       	breq	.+10     	; 0x10e0 <vfscanf+0x16e>
    10d6:	f6 01       	movw	r30, r12
    10d8:	80 83       	st	Z, r24
    10da:	c6 01       	movw	r24, r12
    10dc:	01 96       	adiw	r24, 0x01	; 1
    10de:	6c 01       	movw	r12, r24
    10e0:	91 e0       	ldi	r25, 0x01	; 1
    10e2:	e9 1a       	sub	r14, r25
    10e4:	f1 08       	sbc	r15, r1
    10e6:	79 f7       	brne	.-34     	; 0x10c6 <vfscanf+0x154>
    10e8:	66 c0       	rjmp	.+204    	; 0x11b6 <vfscanf+0x244>
    10ea:	1b 35       	cpi	r17, 0x5B	; 91
    10ec:	59 f4       	brne	.+22     	; 0x1104 <vfscanf+0x192>
    10ee:	9e 01       	movw	r18, r28
    10f0:	a6 01       	movw	r20, r12
    10f2:	b7 01       	movw	r22, r14
    10f4:	c5 01       	movw	r24, r10
    10f6:	0e 94 b3 05 	call	0xb66	; 0xb66 <conv_brk>
    10fa:	ec 01       	movw	r28, r24
    10fc:	89 2b       	or	r24, r25
    10fe:	09 f0       	breq	.+2      	; 0x1102 <vfscanf+0x190>
    1100:	5a c0       	rjmp	.+180    	; 0x11b6 <vfscanf+0x244>
    1102:	54 c0       	rjmp	.+168    	; 0x11ac <vfscanf+0x23a>
    1104:	c5 01       	movw	r24, r10
    1106:	0e 94 10 05 	call	0xa20	; 0xa20 <skip_spaces>
    110a:	97 fd       	sbrc	r25, 7
    110c:	58 c0       	rjmp	.+176    	; 0x11be <vfscanf+0x24c>
    110e:	1f 36       	cpi	r17, 0x6F	; 111
    1110:	e1 f1       	breq	.+120    	; 0x118a <vfscanf+0x218>
    1112:	40 f4       	brcc	.+16     	; 0x1124 <vfscanf+0x1b2>
    1114:	14 36       	cpi	r17, 0x64	; 100
    1116:	a9 f1       	breq	.+106    	; 0x1182 <vfscanf+0x210>
    1118:	19 36       	cpi	r17, 0x69	; 105
    111a:	d1 f1       	breq	.+116    	; 0x1190 <vfscanf+0x21e>
    111c:	18 35       	cpi	r17, 0x58	; 88
    111e:	09 f0       	breq	.+2      	; 0x1122 <vfscanf+0x1b0>
    1120:	3e c0       	rjmp	.+124    	; 0x119e <vfscanf+0x22c>
    1122:	2b c0       	rjmp	.+86     	; 0x117a <vfscanf+0x208>
    1124:	13 37       	cpi	r17, 0x73	; 115
    1126:	a9 f0       	breq	.+42     	; 0x1152 <vfscanf+0x1e0>
    1128:	18 f4       	brcc	.+6      	; 0x1130 <vfscanf+0x1be>
    112a:	10 37       	cpi	r17, 0x70	; 112
    112c:	31 f1       	breq	.+76     	; 0x117a <vfscanf+0x208>
    112e:	37 c0       	rjmp	.+110    	; 0x119e <vfscanf+0x22c>
    1130:	15 37       	cpi	r17, 0x75	; 117
    1132:	39 f1       	breq	.+78     	; 0x1182 <vfscanf+0x210>
    1134:	18 37       	cpi	r17, 0x78	; 120
    1136:	09 f1       	breq	.+66     	; 0x117a <vfscanf+0x208>
    1138:	32 c0       	rjmp	.+100    	; 0x119e <vfscanf+0x22c>
    113a:	c1 14       	cp	r12, r1
    113c:	d1 04       	cpc	r13, r1
    113e:	29 f0       	breq	.+10     	; 0x114a <vfscanf+0x1d8>
    1140:	f6 01       	movw	r30, r12
    1142:	00 83       	st	Z, r16
    1144:	c6 01       	movw	r24, r12
    1146:	01 96       	adiw	r24, 0x01	; 1
    1148:	6c 01       	movw	r12, r24
    114a:	91 e0       	ldi	r25, 0x01	; 1
    114c:	e9 1a       	sub	r14, r25
    114e:	f1 08       	sbc	r15, r1
    1150:	71 f0       	breq	.+28     	; 0x116e <vfscanf+0x1fc>
    1152:	c5 01       	movw	r24, r10
    1154:	0e 94 58 0b 	call	0x16b0	; 0x16b0 <fgetc>
    1158:	8c 01       	movw	r16, r24
    115a:	97 fd       	sbrc	r25, 7
    115c:	08 c0       	rjmp	.+16     	; 0x116e <vfscanf+0x1fc>
    115e:	0e 94 26 0b 	call	0x164c	; 0x164c <isspace>
    1162:	89 2b       	or	r24, r25
    1164:	51 f3       	breq	.-44     	; 0x113a <vfscanf+0x1c8>
    1166:	b5 01       	movw	r22, r10
    1168:	c8 01       	movw	r24, r16
    116a:	0e 94 d2 0b 	call	0x17a4	; 0x17a4 <ungetc>
    116e:	c1 14       	cp	r12, r1
    1170:	d1 04       	cpc	r13, r1
    1172:	09 f1       	breq	.+66     	; 0x11b6 <vfscanf+0x244>
    1174:	f6 01       	movw	r30, r12
    1176:	10 82       	st	Z, r1
    1178:	1e c0       	rjmp	.+60     	; 0x11b6 <vfscanf+0x244>
    117a:	f7 2d       	mov	r31, r7
    117c:	f0 64       	ori	r31, 0x40	; 64
    117e:	7f 2e       	mov	r7, r31
    1180:	07 c0       	rjmp	.+14     	; 0x1190 <vfscanf+0x21e>
    1182:	87 2d       	mov	r24, r7
    1184:	80 62       	ori	r24, 0x20	; 32
    1186:	78 2e       	mov	r7, r24
    1188:	03 c0       	rjmp	.+6      	; 0x1190 <vfscanf+0x21e>
    118a:	97 2d       	mov	r25, r7
    118c:	90 61       	ori	r25, 0x10	; 16
    118e:	79 2e       	mov	r7, r25
    1190:	27 2d       	mov	r18, r7
    1192:	a6 01       	movw	r20, r12
    1194:	b7 01       	movw	r22, r14
    1196:	c5 01       	movw	r24, r10
    1198:	0e 94 29 05 	call	0xa52	; 0xa52 <conv_int>
    119c:	05 c0       	rjmp	.+10     	; 0x11a8 <vfscanf+0x236>
    119e:	a6 01       	movw	r20, r12
    11a0:	b7 01       	movw	r22, r14
    11a2:	c5 01       	movw	r24, r10
    11a4:	0e 94 75 06 	call	0xcea	; 0xcea <conv_flt>
    11a8:	81 11       	cpse	r24, r1
    11aa:	05 c0       	rjmp	.+10     	; 0x11b6 <vfscanf+0x244>
    11ac:	f5 01       	movw	r30, r10
    11ae:	83 81       	ldd	r24, Z+3	; 0x03
    11b0:	80 73       	andi	r24, 0x30	; 48
    11b2:	29 f4       	brne	.+10     	; 0x11be <vfscanf+0x24c>
    11b4:	06 c0       	rjmp	.+12     	; 0x11c2 <vfscanf+0x250>
    11b6:	70 fc       	sbrc	r7, 0
    11b8:	e9 ce       	rjmp	.-558    	; 0xf8c <vfscanf+0x1a>
    11ba:	63 94       	inc	r6
    11bc:	e7 ce       	rjmp	.-562    	; 0xf8c <vfscanf+0x1a>
    11be:	66 20       	and	r6, r6
    11c0:	19 f0       	breq	.+6      	; 0x11c8 <vfscanf+0x256>
    11c2:	86 2d       	mov	r24, r6
    11c4:	90 e0       	ldi	r25, 0x00	; 0
    11c6:	02 c0       	rjmp	.+4      	; 0x11cc <vfscanf+0x25a>
    11c8:	8f ef       	ldi	r24, 0xFF	; 255
    11ca:	9f ef       	ldi	r25, 0xFF	; 255
    11cc:	cd b7       	in	r28, 0x3d	; 61
    11ce:	de b7       	in	r29, 0x3e	; 62
    11d0:	ee e0       	ldi	r30, 0x0E	; 14
    11d2:	0c 94 37 0a 	jmp	0x146e	; 0x146e <__epilogue_restores__+0x8>

000011d6 <__floatunsisf>:
    11d6:	e8 94       	clt
    11d8:	09 c0       	rjmp	.+18     	; 0x11ec <__floatsisf+0x12>

000011da <__floatsisf>:
    11da:	97 fb       	bst	r25, 7
    11dc:	3e f4       	brtc	.+14     	; 0x11ec <__floatsisf+0x12>
    11de:	90 95       	com	r25
    11e0:	80 95       	com	r24
    11e2:	70 95       	com	r23
    11e4:	61 95       	neg	r22
    11e6:	7f 4f       	sbci	r23, 0xFF	; 255
    11e8:	8f 4f       	sbci	r24, 0xFF	; 255
    11ea:	9f 4f       	sbci	r25, 0xFF	; 255
    11ec:	99 23       	and	r25, r25
    11ee:	a9 f0       	breq	.+42     	; 0x121a <__floatsisf+0x40>
    11f0:	f9 2f       	mov	r31, r25
    11f2:	96 e9       	ldi	r25, 0x96	; 150
    11f4:	bb 27       	eor	r27, r27
    11f6:	93 95       	inc	r25
    11f8:	f6 95       	lsr	r31
    11fa:	87 95       	ror	r24
    11fc:	77 95       	ror	r23
    11fe:	67 95       	ror	r22
    1200:	b7 95       	ror	r27
    1202:	f1 11       	cpse	r31, r1
    1204:	f8 cf       	rjmp	.-16     	; 0x11f6 <__floatsisf+0x1c>
    1206:	fa f4       	brpl	.+62     	; 0x1246 <__floatsisf+0x6c>
    1208:	bb 0f       	add	r27, r27
    120a:	11 f4       	brne	.+4      	; 0x1210 <__floatsisf+0x36>
    120c:	60 ff       	sbrs	r22, 0
    120e:	1b c0       	rjmp	.+54     	; 0x1246 <__floatsisf+0x6c>
    1210:	6f 5f       	subi	r22, 0xFF	; 255
    1212:	7f 4f       	sbci	r23, 0xFF	; 255
    1214:	8f 4f       	sbci	r24, 0xFF	; 255
    1216:	9f 4f       	sbci	r25, 0xFF	; 255
    1218:	16 c0       	rjmp	.+44     	; 0x1246 <__floatsisf+0x6c>
    121a:	88 23       	and	r24, r24
    121c:	11 f0       	breq	.+4      	; 0x1222 <__floatsisf+0x48>
    121e:	96 e9       	ldi	r25, 0x96	; 150
    1220:	11 c0       	rjmp	.+34     	; 0x1244 <__floatsisf+0x6a>
    1222:	77 23       	and	r23, r23
    1224:	21 f0       	breq	.+8      	; 0x122e <__floatsisf+0x54>
    1226:	9e e8       	ldi	r25, 0x8E	; 142
    1228:	87 2f       	mov	r24, r23
    122a:	76 2f       	mov	r23, r22
    122c:	05 c0       	rjmp	.+10     	; 0x1238 <__floatsisf+0x5e>
    122e:	66 23       	and	r22, r22
    1230:	71 f0       	breq	.+28     	; 0x124e <__floatsisf+0x74>
    1232:	96 e8       	ldi	r25, 0x86	; 134
    1234:	86 2f       	mov	r24, r22
    1236:	70 e0       	ldi	r23, 0x00	; 0
    1238:	60 e0       	ldi	r22, 0x00	; 0
    123a:	2a f0       	brmi	.+10     	; 0x1246 <__floatsisf+0x6c>
    123c:	9a 95       	dec	r25
    123e:	66 0f       	add	r22, r22
    1240:	77 1f       	adc	r23, r23
    1242:	88 1f       	adc	r24, r24
    1244:	da f7       	brpl	.-10     	; 0x123c <__floatsisf+0x62>
    1246:	88 0f       	add	r24, r24
    1248:	96 95       	lsr	r25
    124a:	87 95       	ror	r24
    124c:	97 f9       	bld	r25, 7
    124e:	08 95       	ret

00001250 <__mulsf3>:
    1250:	0e 94 3b 09 	call	0x1276	; 0x1276 <__mulsf3x>
    1254:	0c 94 ac 09 	jmp	0x1358	; 0x1358 <__fp_round>
    1258:	0e 94 9e 09 	call	0x133c	; 0x133c <__fp_pscA>
    125c:	38 f0       	brcs	.+14     	; 0x126c <__mulsf3+0x1c>
    125e:	0e 94 a5 09 	call	0x134a	; 0x134a <__fp_pscB>
    1262:	20 f0       	brcs	.+8      	; 0x126c <__mulsf3+0x1c>
    1264:	95 23       	and	r25, r21
    1266:	11 f0       	breq	.+4      	; 0x126c <__mulsf3+0x1c>
    1268:	0c 94 95 09 	jmp	0x132a	; 0x132a <__fp_inf>
    126c:	0c 94 9b 09 	jmp	0x1336	; 0x1336 <__fp_nan>
    1270:	11 24       	eor	r1, r1
    1272:	0c 94 e0 09 	jmp	0x13c0	; 0x13c0 <__fp_szero>

00001276 <__mulsf3x>:
    1276:	0e 94 bd 09 	call	0x137a	; 0x137a <__fp_split3>
    127a:	70 f3       	brcs	.-36     	; 0x1258 <__mulsf3+0x8>

0000127c <__mulsf3_pse>:
    127c:	95 9f       	mul	r25, r21
    127e:	c1 f3       	breq	.-16     	; 0x1270 <__mulsf3+0x20>
    1280:	95 0f       	add	r25, r21
    1282:	50 e0       	ldi	r21, 0x00	; 0
    1284:	55 1f       	adc	r21, r21
    1286:	62 9f       	mul	r22, r18
    1288:	f0 01       	movw	r30, r0
    128a:	72 9f       	mul	r23, r18
    128c:	bb 27       	eor	r27, r27
    128e:	f0 0d       	add	r31, r0
    1290:	b1 1d       	adc	r27, r1
    1292:	63 9f       	mul	r22, r19
    1294:	aa 27       	eor	r26, r26
    1296:	f0 0d       	add	r31, r0
    1298:	b1 1d       	adc	r27, r1
    129a:	aa 1f       	adc	r26, r26
    129c:	64 9f       	mul	r22, r20
    129e:	66 27       	eor	r22, r22
    12a0:	b0 0d       	add	r27, r0
    12a2:	a1 1d       	adc	r26, r1
    12a4:	66 1f       	adc	r22, r22
    12a6:	82 9f       	mul	r24, r18
    12a8:	22 27       	eor	r18, r18
    12aa:	b0 0d       	add	r27, r0
    12ac:	a1 1d       	adc	r26, r1
    12ae:	62 1f       	adc	r22, r18
    12b0:	73 9f       	mul	r23, r19
    12b2:	b0 0d       	add	r27, r0
    12b4:	a1 1d       	adc	r26, r1
    12b6:	62 1f       	adc	r22, r18
    12b8:	83 9f       	mul	r24, r19
    12ba:	a0 0d       	add	r26, r0
    12bc:	61 1d       	adc	r22, r1
    12be:	22 1f       	adc	r18, r18
    12c0:	74 9f       	mul	r23, r20
    12c2:	33 27       	eor	r19, r19
    12c4:	a0 0d       	add	r26, r0
    12c6:	61 1d       	adc	r22, r1
    12c8:	23 1f       	adc	r18, r19
    12ca:	84 9f       	mul	r24, r20
    12cc:	60 0d       	add	r22, r0
    12ce:	21 1d       	adc	r18, r1
    12d0:	82 2f       	mov	r24, r18
    12d2:	76 2f       	mov	r23, r22
    12d4:	6a 2f       	mov	r22, r26
    12d6:	11 24       	eor	r1, r1
    12d8:	9f 57       	subi	r25, 0x7F	; 127
    12da:	50 40       	sbci	r21, 0x00	; 0
    12dc:	9a f0       	brmi	.+38     	; 0x1304 <__mulsf3_pse+0x88>
    12de:	f1 f0       	breq	.+60     	; 0x131c <__mulsf3_pse+0xa0>
    12e0:	88 23       	and	r24, r24
    12e2:	4a f0       	brmi	.+18     	; 0x12f6 <__mulsf3_pse+0x7a>
    12e4:	ee 0f       	add	r30, r30
    12e6:	ff 1f       	adc	r31, r31
    12e8:	bb 1f       	adc	r27, r27
    12ea:	66 1f       	adc	r22, r22
    12ec:	77 1f       	adc	r23, r23
    12ee:	88 1f       	adc	r24, r24
    12f0:	91 50       	subi	r25, 0x01	; 1
    12f2:	50 40       	sbci	r21, 0x00	; 0
    12f4:	a9 f7       	brne	.-22     	; 0x12e0 <__mulsf3_pse+0x64>
    12f6:	9e 3f       	cpi	r25, 0xFE	; 254
    12f8:	51 05       	cpc	r21, r1
    12fa:	80 f0       	brcs	.+32     	; 0x131c <__mulsf3_pse+0xa0>
    12fc:	0c 94 95 09 	jmp	0x132a	; 0x132a <__fp_inf>
    1300:	0c 94 e0 09 	jmp	0x13c0	; 0x13c0 <__fp_szero>
    1304:	5f 3f       	cpi	r21, 0xFF	; 255
    1306:	e4 f3       	brlt	.-8      	; 0x1300 <__mulsf3_pse+0x84>
    1308:	98 3e       	cpi	r25, 0xE8	; 232
    130a:	d4 f3       	brlt	.-12     	; 0x1300 <__mulsf3_pse+0x84>
    130c:	86 95       	lsr	r24
    130e:	77 95       	ror	r23
    1310:	67 95       	ror	r22
    1312:	b7 95       	ror	r27
    1314:	f7 95       	ror	r31
    1316:	e7 95       	ror	r30
    1318:	9f 5f       	subi	r25, 0xFF	; 255
    131a:	c1 f7       	brne	.-16     	; 0x130c <__mulsf3_pse+0x90>
    131c:	fe 2b       	or	r31, r30
    131e:	88 0f       	add	r24, r24
    1320:	91 1d       	adc	r25, r1
    1322:	96 95       	lsr	r25
    1324:	87 95       	ror	r24
    1326:	97 f9       	bld	r25, 7
    1328:	08 95       	ret

0000132a <__fp_inf>:
    132a:	97 f9       	bld	r25, 7
    132c:	9f 67       	ori	r25, 0x7F	; 127
    132e:	80 e8       	ldi	r24, 0x80	; 128
    1330:	70 e0       	ldi	r23, 0x00	; 0
    1332:	60 e0       	ldi	r22, 0x00	; 0
    1334:	08 95       	ret

00001336 <__fp_nan>:
    1336:	9f ef       	ldi	r25, 0xFF	; 255
    1338:	80 ec       	ldi	r24, 0xC0	; 192
    133a:	08 95       	ret

0000133c <__fp_pscA>:
    133c:	00 24       	eor	r0, r0
    133e:	0a 94       	dec	r0
    1340:	16 16       	cp	r1, r22
    1342:	17 06       	cpc	r1, r23
    1344:	18 06       	cpc	r1, r24
    1346:	09 06       	cpc	r0, r25
    1348:	08 95       	ret

0000134a <__fp_pscB>:
    134a:	00 24       	eor	r0, r0
    134c:	0a 94       	dec	r0
    134e:	12 16       	cp	r1, r18
    1350:	13 06       	cpc	r1, r19
    1352:	14 06       	cpc	r1, r20
    1354:	05 06       	cpc	r0, r21
    1356:	08 95       	ret

00001358 <__fp_round>:
    1358:	09 2e       	mov	r0, r25
    135a:	03 94       	inc	r0
    135c:	00 0c       	add	r0, r0
    135e:	11 f4       	brne	.+4      	; 0x1364 <__fp_round+0xc>
    1360:	88 23       	and	r24, r24
    1362:	52 f0       	brmi	.+20     	; 0x1378 <__fp_round+0x20>
    1364:	bb 0f       	add	r27, r27
    1366:	40 f4       	brcc	.+16     	; 0x1378 <__fp_round+0x20>
    1368:	bf 2b       	or	r27, r31
    136a:	11 f4       	brne	.+4      	; 0x1370 <__fp_round+0x18>
    136c:	60 ff       	sbrs	r22, 0
    136e:	04 c0       	rjmp	.+8      	; 0x1378 <__fp_round+0x20>
    1370:	6f 5f       	subi	r22, 0xFF	; 255
    1372:	7f 4f       	sbci	r23, 0xFF	; 255
    1374:	8f 4f       	sbci	r24, 0xFF	; 255
    1376:	9f 4f       	sbci	r25, 0xFF	; 255
    1378:	08 95       	ret

0000137a <__fp_split3>:
    137a:	57 fd       	sbrc	r21, 7
    137c:	90 58       	subi	r25, 0x80	; 128
    137e:	44 0f       	add	r20, r20
    1380:	55 1f       	adc	r21, r21
    1382:	59 f0       	breq	.+22     	; 0x139a <__fp_splitA+0x10>
    1384:	5f 3f       	cpi	r21, 0xFF	; 255
    1386:	71 f0       	breq	.+28     	; 0x13a4 <__fp_splitA+0x1a>
    1388:	47 95       	ror	r20

0000138a <__fp_splitA>:
    138a:	88 0f       	add	r24, r24
    138c:	97 fb       	bst	r25, 7
    138e:	99 1f       	adc	r25, r25
    1390:	61 f0       	breq	.+24     	; 0x13aa <__fp_splitA+0x20>
    1392:	9f 3f       	cpi	r25, 0xFF	; 255
    1394:	79 f0       	breq	.+30     	; 0x13b4 <__fp_splitA+0x2a>
    1396:	87 95       	ror	r24
    1398:	08 95       	ret
    139a:	12 16       	cp	r1, r18
    139c:	13 06       	cpc	r1, r19
    139e:	14 06       	cpc	r1, r20
    13a0:	55 1f       	adc	r21, r21
    13a2:	f2 cf       	rjmp	.-28     	; 0x1388 <__fp_split3+0xe>
    13a4:	46 95       	lsr	r20
    13a6:	f1 df       	rcall	.-30     	; 0x138a <__fp_splitA>
    13a8:	08 c0       	rjmp	.+16     	; 0x13ba <__fp_splitA+0x30>
    13aa:	16 16       	cp	r1, r22
    13ac:	17 06       	cpc	r1, r23
    13ae:	18 06       	cpc	r1, r24
    13b0:	99 1f       	adc	r25, r25
    13b2:	f1 cf       	rjmp	.-30     	; 0x1396 <__fp_splitA+0xc>
    13b4:	86 95       	lsr	r24
    13b6:	71 05       	cpc	r23, r1
    13b8:	61 05       	cpc	r22, r1
    13ba:	08 94       	sec
    13bc:	08 95       	ret

000013be <__fp_zero>:
    13be:	e8 94       	clt

000013c0 <__fp_szero>:
    13c0:	bb 27       	eor	r27, r27
    13c2:	66 27       	eor	r22, r22
    13c4:	77 27       	eor	r23, r23
    13c6:	cb 01       	movw	r24, r22
    13c8:	97 f9       	bld	r25, 7
    13ca:	08 95       	ret

000013cc <__udivmodsi4>:
    13cc:	a1 e2       	ldi	r26, 0x21	; 33
    13ce:	1a 2e       	mov	r1, r26
    13d0:	aa 1b       	sub	r26, r26
    13d2:	bb 1b       	sub	r27, r27
    13d4:	fd 01       	movw	r30, r26
    13d6:	0d c0       	rjmp	.+26     	; 0x13f2 <__udivmodsi4_ep>

000013d8 <__udivmodsi4_loop>:
    13d8:	aa 1f       	adc	r26, r26
    13da:	bb 1f       	adc	r27, r27
    13dc:	ee 1f       	adc	r30, r30
    13de:	ff 1f       	adc	r31, r31
    13e0:	a2 17       	cp	r26, r18
    13e2:	b3 07       	cpc	r27, r19
    13e4:	e4 07       	cpc	r30, r20
    13e6:	f5 07       	cpc	r31, r21
    13e8:	20 f0       	brcs	.+8      	; 0x13f2 <__udivmodsi4_ep>
    13ea:	a2 1b       	sub	r26, r18
    13ec:	b3 0b       	sbc	r27, r19
    13ee:	e4 0b       	sbc	r30, r20
    13f0:	f5 0b       	sbc	r31, r21

000013f2 <__udivmodsi4_ep>:
    13f2:	66 1f       	adc	r22, r22
    13f4:	77 1f       	adc	r23, r23
    13f6:	88 1f       	adc	r24, r24
    13f8:	99 1f       	adc	r25, r25
    13fa:	1a 94       	dec	r1
    13fc:	69 f7       	brne	.-38     	; 0x13d8 <__udivmodsi4_loop>
    13fe:	60 95       	com	r22
    1400:	70 95       	com	r23
    1402:	80 95       	com	r24
    1404:	90 95       	com	r25
    1406:	9b 01       	movw	r18, r22
    1408:	ac 01       	movw	r20, r24
    140a:	bd 01       	movw	r22, r26
    140c:	cf 01       	movw	r24, r30
    140e:	08 95       	ret

00001410 <__umulhisi3>:
    1410:	a2 9f       	mul	r26, r18
    1412:	b0 01       	movw	r22, r0
    1414:	b3 9f       	mul	r27, r19
    1416:	c0 01       	movw	r24, r0
    1418:	a3 9f       	mul	r26, r19
    141a:	70 0d       	add	r23, r0
    141c:	81 1d       	adc	r24, r1
    141e:	11 24       	eor	r1, r1
    1420:	91 1d       	adc	r25, r1
    1422:	b2 9f       	mul	r27, r18
    1424:	70 0d       	add	r23, r0
    1426:	81 1d       	adc	r24, r1
    1428:	11 24       	eor	r1, r1
    142a:	91 1d       	adc	r25, r1
    142c:	08 95       	ret

0000142e <__prologue_saves__>:
    142e:	2f 92       	push	r2
    1430:	3f 92       	push	r3
    1432:	4f 92       	push	r4
    1434:	5f 92       	push	r5
    1436:	6f 92       	push	r6
    1438:	7f 92       	push	r7
    143a:	8f 92       	push	r8
    143c:	9f 92       	push	r9
    143e:	af 92       	push	r10
    1440:	bf 92       	push	r11
    1442:	cf 92       	push	r12
    1444:	df 92       	push	r13
    1446:	ef 92       	push	r14
    1448:	ff 92       	push	r15
    144a:	0f 93       	push	r16
    144c:	1f 93       	push	r17
    144e:	cf 93       	push	r28
    1450:	df 93       	push	r29
    1452:	cd b7       	in	r28, 0x3d	; 61
    1454:	de b7       	in	r29, 0x3e	; 62
    1456:	ca 1b       	sub	r28, r26
    1458:	db 0b       	sbc	r29, r27
    145a:	0f b6       	in	r0, 0x3f	; 63
    145c:	f8 94       	cli
    145e:	de bf       	out	0x3e, r29	; 62
    1460:	0f be       	out	0x3f, r0	; 63
    1462:	cd bf       	out	0x3d, r28	; 61
    1464:	09 94       	ijmp

00001466 <__epilogue_restores__>:
    1466:	2a 88       	ldd	r2, Y+18	; 0x12
    1468:	39 88       	ldd	r3, Y+17	; 0x11
    146a:	48 88       	ldd	r4, Y+16	; 0x10
    146c:	5f 84       	ldd	r5, Y+15	; 0x0f
    146e:	6e 84       	ldd	r6, Y+14	; 0x0e
    1470:	7d 84       	ldd	r7, Y+13	; 0x0d
    1472:	8c 84       	ldd	r8, Y+12	; 0x0c
    1474:	9b 84       	ldd	r9, Y+11	; 0x0b
    1476:	aa 84       	ldd	r10, Y+10	; 0x0a
    1478:	b9 84       	ldd	r11, Y+9	; 0x09
    147a:	c8 84       	ldd	r12, Y+8	; 0x08
    147c:	df 80       	ldd	r13, Y+7	; 0x07
    147e:	ee 80       	ldd	r14, Y+6	; 0x06
    1480:	fd 80       	ldd	r15, Y+5	; 0x05
    1482:	0c 81       	ldd	r16, Y+4	; 0x04
    1484:	1b 81       	ldd	r17, Y+3	; 0x03
    1486:	aa 81       	ldd	r26, Y+2	; 0x02
    1488:	b9 81       	ldd	r27, Y+1	; 0x01
    148a:	ce 0f       	add	r28, r30
    148c:	d1 1d       	adc	r29, r1
    148e:	0f b6       	in	r0, 0x3f	; 63
    1490:	f8 94       	cli
    1492:	de bf       	out	0x3e, r29	; 62
    1494:	0f be       	out	0x3f, r0	; 63
    1496:	cd bf       	out	0x3d, r28	; 61
    1498:	ed 01       	movw	r28, r26
    149a:	08 95       	ret

0000149c <__ftoa_engine>:
    149c:	28 30       	cpi	r18, 0x08	; 8
    149e:	08 f0       	brcs	.+2      	; 0x14a2 <__ftoa_engine+0x6>
    14a0:	27 e0       	ldi	r18, 0x07	; 7
    14a2:	33 27       	eor	r19, r19
    14a4:	da 01       	movw	r26, r20
    14a6:	99 0f       	add	r25, r25
    14a8:	31 1d       	adc	r19, r1
    14aa:	87 fd       	sbrc	r24, 7
    14ac:	91 60       	ori	r25, 0x01	; 1
    14ae:	00 96       	adiw	r24, 0x00	; 0
    14b0:	61 05       	cpc	r22, r1
    14b2:	71 05       	cpc	r23, r1
    14b4:	39 f4       	brne	.+14     	; 0x14c4 <__ftoa_engine+0x28>
    14b6:	32 60       	ori	r19, 0x02	; 2
    14b8:	2e 5f       	subi	r18, 0xFE	; 254
    14ba:	3d 93       	st	X+, r19
    14bc:	30 e3       	ldi	r19, 0x30	; 48
    14be:	2a 95       	dec	r18
    14c0:	e1 f7       	brne	.-8      	; 0x14ba <__ftoa_engine+0x1e>
    14c2:	08 95       	ret
    14c4:	9f 3f       	cpi	r25, 0xFF	; 255
    14c6:	30 f0       	brcs	.+12     	; 0x14d4 <__ftoa_engine+0x38>
    14c8:	80 38       	cpi	r24, 0x80	; 128
    14ca:	71 05       	cpc	r23, r1
    14cc:	61 05       	cpc	r22, r1
    14ce:	09 f0       	breq	.+2      	; 0x14d2 <__ftoa_engine+0x36>
    14d0:	3c 5f       	subi	r19, 0xFC	; 252
    14d2:	3c 5f       	subi	r19, 0xFC	; 252
    14d4:	3d 93       	st	X+, r19
    14d6:	91 30       	cpi	r25, 0x01	; 1
    14d8:	08 f0       	brcs	.+2      	; 0x14dc <__ftoa_engine+0x40>
    14da:	80 68       	ori	r24, 0x80	; 128
    14dc:	91 1d       	adc	r25, r1
    14de:	df 93       	push	r29
    14e0:	cf 93       	push	r28
    14e2:	1f 93       	push	r17
    14e4:	0f 93       	push	r16
    14e6:	ff 92       	push	r15
    14e8:	ef 92       	push	r14
    14ea:	19 2f       	mov	r17, r25
    14ec:	98 7f       	andi	r25, 0xF8	; 248
    14ee:	96 95       	lsr	r25
    14f0:	e9 2f       	mov	r30, r25
    14f2:	96 95       	lsr	r25
    14f4:	96 95       	lsr	r25
    14f6:	e9 0f       	add	r30, r25
    14f8:	ff 27       	eor	r31, r31
    14fa:	e6 53       	subi	r30, 0x36	; 54
    14fc:	ff 4f       	sbci	r31, 0xFF	; 255
    14fe:	99 27       	eor	r25, r25
    1500:	33 27       	eor	r19, r19
    1502:	ee 24       	eor	r14, r14
    1504:	ff 24       	eor	r15, r15
    1506:	a7 01       	movw	r20, r14
    1508:	e7 01       	movw	r28, r14
    150a:	05 90       	lpm	r0, Z+
    150c:	08 94       	sec
    150e:	07 94       	ror	r0
    1510:	28 f4       	brcc	.+10     	; 0x151c <__ftoa_engine+0x80>
    1512:	36 0f       	add	r19, r22
    1514:	e7 1e       	adc	r14, r23
    1516:	f8 1e       	adc	r15, r24
    1518:	49 1f       	adc	r20, r25
    151a:	51 1d       	adc	r21, r1
    151c:	66 0f       	add	r22, r22
    151e:	77 1f       	adc	r23, r23
    1520:	88 1f       	adc	r24, r24
    1522:	99 1f       	adc	r25, r25
    1524:	06 94       	lsr	r0
    1526:	a1 f7       	brne	.-24     	; 0x1510 <__ftoa_engine+0x74>
    1528:	05 90       	lpm	r0, Z+
    152a:	07 94       	ror	r0
    152c:	28 f4       	brcc	.+10     	; 0x1538 <__ftoa_engine+0x9c>
    152e:	e7 0e       	add	r14, r23
    1530:	f8 1e       	adc	r15, r24
    1532:	49 1f       	adc	r20, r25
    1534:	56 1f       	adc	r21, r22
    1536:	c1 1d       	adc	r28, r1
    1538:	77 0f       	add	r23, r23
    153a:	88 1f       	adc	r24, r24
    153c:	99 1f       	adc	r25, r25
    153e:	66 1f       	adc	r22, r22
    1540:	06 94       	lsr	r0
    1542:	a1 f7       	brne	.-24     	; 0x152c <__ftoa_engine+0x90>
    1544:	05 90       	lpm	r0, Z+
    1546:	07 94       	ror	r0
    1548:	28 f4       	brcc	.+10     	; 0x1554 <__ftoa_engine+0xb8>
    154a:	f8 0e       	add	r15, r24
    154c:	49 1f       	adc	r20, r25
    154e:	56 1f       	adc	r21, r22
    1550:	c7 1f       	adc	r28, r23
    1552:	d1 1d       	adc	r29, r1
    1554:	88 0f       	add	r24, r24
    1556:	99 1f       	adc	r25, r25
    1558:	66 1f       	adc	r22, r22
    155a:	77 1f       	adc	r23, r23
    155c:	06 94       	lsr	r0
    155e:	a1 f7       	brne	.-24     	; 0x1548 <__ftoa_engine+0xac>
    1560:	05 90       	lpm	r0, Z+
    1562:	07 94       	ror	r0
    1564:	20 f4       	brcc	.+8      	; 0x156e <__ftoa_engine+0xd2>
    1566:	49 0f       	add	r20, r25
    1568:	56 1f       	adc	r21, r22
    156a:	c7 1f       	adc	r28, r23
    156c:	d8 1f       	adc	r29, r24
    156e:	99 0f       	add	r25, r25
    1570:	66 1f       	adc	r22, r22
    1572:	77 1f       	adc	r23, r23
    1574:	88 1f       	adc	r24, r24
    1576:	06 94       	lsr	r0
    1578:	a9 f7       	brne	.-22     	; 0x1564 <__ftoa_engine+0xc8>
    157a:	84 91       	lpm	r24, Z
    157c:	10 95       	com	r17
    157e:	17 70       	andi	r17, 0x07	; 7
    1580:	41 f0       	breq	.+16     	; 0x1592 <__ftoa_engine+0xf6>
    1582:	d6 95       	lsr	r29
    1584:	c7 95       	ror	r28
    1586:	57 95       	ror	r21
    1588:	47 95       	ror	r20
    158a:	f7 94       	ror	r15
    158c:	e7 94       	ror	r14
    158e:	1a 95       	dec	r17
    1590:	c1 f7       	brne	.-16     	; 0x1582 <__ftoa_engine+0xe6>
    1592:	e0 e7       	ldi	r30, 0x70	; 112
    1594:	f0 e0       	ldi	r31, 0x00	; 0
    1596:	68 94       	set
    1598:	15 90       	lpm	r1, Z+
    159a:	15 91       	lpm	r17, Z+
    159c:	35 91       	lpm	r19, Z+
    159e:	65 91       	lpm	r22, Z+
    15a0:	95 91       	lpm	r25, Z+
    15a2:	05 90       	lpm	r0, Z+
    15a4:	7f e2       	ldi	r23, 0x2F	; 47
    15a6:	73 95       	inc	r23
    15a8:	e1 18       	sub	r14, r1
    15aa:	f1 0a       	sbc	r15, r17
    15ac:	43 0b       	sbc	r20, r19
    15ae:	56 0b       	sbc	r21, r22
    15b0:	c9 0b       	sbc	r28, r25
    15b2:	d0 09       	sbc	r29, r0
    15b4:	c0 f7       	brcc	.-16     	; 0x15a6 <__ftoa_engine+0x10a>
    15b6:	e1 0c       	add	r14, r1
    15b8:	f1 1e       	adc	r15, r17
    15ba:	43 1f       	adc	r20, r19
    15bc:	56 1f       	adc	r21, r22
    15be:	c9 1f       	adc	r28, r25
    15c0:	d0 1d       	adc	r29, r0
    15c2:	7e f4       	brtc	.+30     	; 0x15e2 <__ftoa_engine+0x146>
    15c4:	70 33       	cpi	r23, 0x30	; 48
    15c6:	11 f4       	brne	.+4      	; 0x15cc <__ftoa_engine+0x130>
    15c8:	8a 95       	dec	r24
    15ca:	e6 cf       	rjmp	.-52     	; 0x1598 <__ftoa_engine+0xfc>
    15cc:	e8 94       	clt
    15ce:	01 50       	subi	r16, 0x01	; 1
    15d0:	30 f0       	brcs	.+12     	; 0x15de <__ftoa_engine+0x142>
    15d2:	08 0f       	add	r16, r24
    15d4:	0a f4       	brpl	.+2      	; 0x15d8 <__ftoa_engine+0x13c>
    15d6:	00 27       	eor	r16, r16
    15d8:	02 17       	cp	r16, r18
    15da:	08 f4       	brcc	.+2      	; 0x15de <__ftoa_engine+0x142>
    15dc:	20 2f       	mov	r18, r16
    15de:	23 95       	inc	r18
    15e0:	02 2f       	mov	r16, r18
    15e2:	7a 33       	cpi	r23, 0x3A	; 58
    15e4:	28 f0       	brcs	.+10     	; 0x15f0 <__ftoa_engine+0x154>
    15e6:	79 e3       	ldi	r23, 0x39	; 57
    15e8:	7d 93       	st	X+, r23
    15ea:	2a 95       	dec	r18
    15ec:	e9 f7       	brne	.-6      	; 0x15e8 <__ftoa_engine+0x14c>
    15ee:	10 c0       	rjmp	.+32     	; 0x1610 <__ftoa_engine+0x174>
    15f0:	7d 93       	st	X+, r23
    15f2:	2a 95       	dec	r18
    15f4:	89 f6       	brne	.-94     	; 0x1598 <__ftoa_engine+0xfc>
    15f6:	06 94       	lsr	r0
    15f8:	97 95       	ror	r25
    15fa:	67 95       	ror	r22
    15fc:	37 95       	ror	r19
    15fe:	17 95       	ror	r17
    1600:	17 94       	ror	r1
    1602:	e1 18       	sub	r14, r1
    1604:	f1 0a       	sbc	r15, r17
    1606:	43 0b       	sbc	r20, r19
    1608:	56 0b       	sbc	r21, r22
    160a:	c9 0b       	sbc	r28, r25
    160c:	d0 09       	sbc	r29, r0
    160e:	98 f0       	brcs	.+38     	; 0x1636 <__ftoa_engine+0x19a>
    1610:	23 95       	inc	r18
    1612:	7e 91       	ld	r23, -X
    1614:	73 95       	inc	r23
    1616:	7a 33       	cpi	r23, 0x3A	; 58
    1618:	08 f0       	brcs	.+2      	; 0x161c <__ftoa_engine+0x180>
    161a:	70 e3       	ldi	r23, 0x30	; 48
    161c:	7c 93       	st	X, r23
    161e:	20 13       	cpse	r18, r16
    1620:	b8 f7       	brcc	.-18     	; 0x1610 <__ftoa_engine+0x174>
    1622:	7e 91       	ld	r23, -X
    1624:	70 61       	ori	r23, 0x10	; 16
    1626:	7d 93       	st	X+, r23
    1628:	30 f0       	brcs	.+12     	; 0x1636 <__ftoa_engine+0x19a>
    162a:	83 95       	inc	r24
    162c:	71 e3       	ldi	r23, 0x31	; 49
    162e:	7d 93       	st	X+, r23
    1630:	70 e3       	ldi	r23, 0x30	; 48
    1632:	2a 95       	dec	r18
    1634:	e1 f7       	brne	.-8      	; 0x162e <__ftoa_engine+0x192>
    1636:	11 24       	eor	r1, r1
    1638:	ef 90       	pop	r14
    163a:	ff 90       	pop	r15
    163c:	0f 91       	pop	r16
    163e:	1f 91       	pop	r17
    1640:	cf 91       	pop	r28
    1642:	df 91       	pop	r29
    1644:	99 27       	eor	r25, r25
    1646:	87 fd       	sbrc	r24, 7
    1648:	90 95       	com	r25
    164a:	08 95       	ret

0000164c <isspace>:
    164c:	91 11       	cpse	r25, r1
    164e:	0c 94 49 0c 	jmp	0x1892	; 0x1892 <__ctype_isfalse>
    1652:	80 32       	cpi	r24, 0x20	; 32
    1654:	19 f0       	breq	.+6      	; 0x165c <isspace+0x10>
    1656:	89 50       	subi	r24, 0x09	; 9
    1658:	85 50       	subi	r24, 0x05	; 5
    165a:	c8 f7       	brcc	.-14     	; 0x164e <isspace+0x2>
    165c:	08 95       	ret

0000165e <tolower>:
    165e:	91 11       	cpse	r25, r1
    1660:	08 95       	ret
    1662:	81 54       	subi	r24, 0x41	; 65
    1664:	8a 51       	subi	r24, 0x1A	; 26
    1666:	08 f4       	brcc	.+2      	; 0x166a <tolower+0xc>
    1668:	80 5e       	subi	r24, 0xE0	; 224
    166a:	85 5a       	subi	r24, 0xA5	; 165
    166c:	08 95       	ret

0000166e <strchr_P>:
    166e:	fc 01       	movw	r30, r24
    1670:	05 90       	lpm	r0, Z+
    1672:	06 16       	cp	r0, r22
    1674:	21 f0       	breq	.+8      	; 0x167e <strchr_P+0x10>
    1676:	00 20       	and	r0, r0
    1678:	d9 f7       	brne	.-10     	; 0x1670 <strchr_P+0x2>
    167a:	c0 01       	movw	r24, r0
    167c:	08 95       	ret
    167e:	31 97       	sbiw	r30, 0x01	; 1
    1680:	cf 01       	movw	r24, r30
    1682:	08 95       	ret

00001684 <strnlen_P>:
    1684:	fc 01       	movw	r30, r24
    1686:	05 90       	lpm	r0, Z+
    1688:	61 50       	subi	r22, 0x01	; 1
    168a:	70 40       	sbci	r23, 0x00	; 0
    168c:	01 10       	cpse	r0, r1
    168e:	d8 f7       	brcc	.-10     	; 0x1686 <strnlen_P+0x2>
    1690:	80 95       	com	r24
    1692:	90 95       	com	r25
    1694:	8e 0f       	add	r24, r30
    1696:	9f 1f       	adc	r25, r31
    1698:	08 95       	ret

0000169a <strnlen>:
    169a:	fc 01       	movw	r30, r24
    169c:	61 50       	subi	r22, 0x01	; 1
    169e:	70 40       	sbci	r23, 0x00	; 0
    16a0:	01 90       	ld	r0, Z+
    16a2:	01 10       	cpse	r0, r1
    16a4:	d8 f7       	brcc	.-10     	; 0x169c <strnlen+0x2>
    16a6:	80 95       	com	r24
    16a8:	90 95       	com	r25
    16aa:	8e 0f       	add	r24, r30
    16ac:	9f 1f       	adc	r25, r31
    16ae:	08 95       	ret

000016b0 <fgetc>:
    16b0:	cf 93       	push	r28
    16b2:	df 93       	push	r29
    16b4:	ec 01       	movw	r28, r24
    16b6:	2b 81       	ldd	r18, Y+3	; 0x03
    16b8:	20 ff       	sbrs	r18, 0
    16ba:	33 c0       	rjmp	.+102    	; 0x1722 <fgetc+0x72>
    16bc:	26 ff       	sbrs	r18, 6
    16be:	0a c0       	rjmp	.+20     	; 0x16d4 <fgetc+0x24>
    16c0:	2f 7b       	andi	r18, 0xBF	; 191
    16c2:	2b 83       	std	Y+3, r18	; 0x03
    16c4:	8e 81       	ldd	r24, Y+6	; 0x06
    16c6:	9f 81       	ldd	r25, Y+7	; 0x07
    16c8:	01 96       	adiw	r24, 0x01	; 1
    16ca:	9f 83       	std	Y+7, r25	; 0x07
    16cc:	8e 83       	std	Y+6, r24	; 0x06
    16ce:	8a 81       	ldd	r24, Y+2	; 0x02
    16d0:	90 e0       	ldi	r25, 0x00	; 0
    16d2:	29 c0       	rjmp	.+82     	; 0x1726 <fgetc+0x76>
    16d4:	22 ff       	sbrs	r18, 2
    16d6:	0f c0       	rjmp	.+30     	; 0x16f6 <fgetc+0x46>
    16d8:	e8 81       	ld	r30, Y
    16da:	f9 81       	ldd	r31, Y+1	; 0x01
    16dc:	80 81       	ld	r24, Z
    16de:	08 2e       	mov	r0, r24
    16e0:	00 0c       	add	r0, r0
    16e2:	99 0b       	sbc	r25, r25
    16e4:	00 97       	sbiw	r24, 0x00	; 0
    16e6:	19 f4       	brne	.+6      	; 0x16ee <fgetc+0x3e>
    16e8:	20 62       	ori	r18, 0x20	; 32
    16ea:	2b 83       	std	Y+3, r18	; 0x03
    16ec:	1a c0       	rjmp	.+52     	; 0x1722 <fgetc+0x72>
    16ee:	31 96       	adiw	r30, 0x01	; 1
    16f0:	f9 83       	std	Y+1, r31	; 0x01
    16f2:	e8 83       	st	Y, r30
    16f4:	0e c0       	rjmp	.+28     	; 0x1712 <fgetc+0x62>
    16f6:	ea 85       	ldd	r30, Y+10	; 0x0a
    16f8:	fb 85       	ldd	r31, Y+11	; 0x0b
    16fa:	09 95       	icall
    16fc:	97 ff       	sbrs	r25, 7
    16fe:	09 c0       	rjmp	.+18     	; 0x1712 <fgetc+0x62>
    1700:	2b 81       	ldd	r18, Y+3	; 0x03
    1702:	01 96       	adiw	r24, 0x01	; 1
    1704:	11 f0       	breq	.+4      	; 0x170a <fgetc+0x5a>
    1706:	80 e2       	ldi	r24, 0x20	; 32
    1708:	01 c0       	rjmp	.+2      	; 0x170c <fgetc+0x5c>
    170a:	80 e1       	ldi	r24, 0x10	; 16
    170c:	82 2b       	or	r24, r18
    170e:	8b 83       	std	Y+3, r24	; 0x03
    1710:	08 c0       	rjmp	.+16     	; 0x1722 <fgetc+0x72>
    1712:	2e 81       	ldd	r18, Y+6	; 0x06
    1714:	3f 81       	ldd	r19, Y+7	; 0x07
    1716:	2f 5f       	subi	r18, 0xFF	; 255
    1718:	3f 4f       	sbci	r19, 0xFF	; 255
    171a:	3f 83       	std	Y+7, r19	; 0x07
    171c:	2e 83       	std	Y+6, r18	; 0x06
    171e:	99 27       	eor	r25, r25
    1720:	02 c0       	rjmp	.+4      	; 0x1726 <fgetc+0x76>
    1722:	8f ef       	ldi	r24, 0xFF	; 255
    1724:	9f ef       	ldi	r25, 0xFF	; 255
    1726:	df 91       	pop	r29
    1728:	cf 91       	pop	r28
    172a:	08 95       	ret

0000172c <fputc>:
    172c:	0f 93       	push	r16
    172e:	1f 93       	push	r17
    1730:	cf 93       	push	r28
    1732:	df 93       	push	r29
    1734:	fb 01       	movw	r30, r22
    1736:	23 81       	ldd	r18, Z+3	; 0x03
    1738:	21 fd       	sbrc	r18, 1
    173a:	03 c0       	rjmp	.+6      	; 0x1742 <fputc+0x16>
    173c:	8f ef       	ldi	r24, 0xFF	; 255
    173e:	9f ef       	ldi	r25, 0xFF	; 255
    1740:	2c c0       	rjmp	.+88     	; 0x179a <fputc+0x6e>
    1742:	22 ff       	sbrs	r18, 2
    1744:	16 c0       	rjmp	.+44     	; 0x1772 <fputc+0x46>
    1746:	46 81       	ldd	r20, Z+6	; 0x06
    1748:	57 81       	ldd	r21, Z+7	; 0x07
    174a:	24 81       	ldd	r18, Z+4	; 0x04
    174c:	35 81       	ldd	r19, Z+5	; 0x05
    174e:	42 17       	cp	r20, r18
    1750:	53 07       	cpc	r21, r19
    1752:	44 f4       	brge	.+16     	; 0x1764 <fputc+0x38>
    1754:	a0 81       	ld	r26, Z
    1756:	b1 81       	ldd	r27, Z+1	; 0x01
    1758:	9d 01       	movw	r18, r26
    175a:	2f 5f       	subi	r18, 0xFF	; 255
    175c:	3f 4f       	sbci	r19, 0xFF	; 255
    175e:	31 83       	std	Z+1, r19	; 0x01
    1760:	20 83       	st	Z, r18
    1762:	8c 93       	st	X, r24
    1764:	26 81       	ldd	r18, Z+6	; 0x06
    1766:	37 81       	ldd	r19, Z+7	; 0x07
    1768:	2f 5f       	subi	r18, 0xFF	; 255
    176a:	3f 4f       	sbci	r19, 0xFF	; 255
    176c:	37 83       	std	Z+7, r19	; 0x07
    176e:	26 83       	std	Z+6, r18	; 0x06
    1770:	14 c0       	rjmp	.+40     	; 0x179a <fputc+0x6e>
    1772:	8b 01       	movw	r16, r22
    1774:	ec 01       	movw	r28, r24
    1776:	fb 01       	movw	r30, r22
    1778:	00 84       	ldd	r0, Z+8	; 0x08
    177a:	f1 85       	ldd	r31, Z+9	; 0x09
    177c:	e0 2d       	mov	r30, r0
    177e:	09 95       	icall
    1780:	89 2b       	or	r24, r25
    1782:	e1 f6       	brne	.-72     	; 0x173c <fputc+0x10>
    1784:	d8 01       	movw	r26, r16
    1786:	16 96       	adiw	r26, 0x06	; 6
    1788:	8d 91       	ld	r24, X+
    178a:	9c 91       	ld	r25, X
    178c:	17 97       	sbiw	r26, 0x07	; 7
    178e:	01 96       	adiw	r24, 0x01	; 1
    1790:	17 96       	adiw	r26, 0x07	; 7
    1792:	9c 93       	st	X, r25
    1794:	8e 93       	st	-X, r24
    1796:	16 97       	sbiw	r26, 0x06	; 6
    1798:	ce 01       	movw	r24, r28
    179a:	df 91       	pop	r29
    179c:	cf 91       	pop	r28
    179e:	1f 91       	pop	r17
    17a0:	0f 91       	pop	r16
    17a2:	08 95       	ret

000017a4 <ungetc>:
    17a4:	fb 01       	movw	r30, r22
    17a6:	23 81       	ldd	r18, Z+3	; 0x03
    17a8:	20 ff       	sbrs	r18, 0
    17aa:	12 c0       	rjmp	.+36     	; 0x17d0 <ungetc+0x2c>
    17ac:	26 fd       	sbrc	r18, 6
    17ae:	10 c0       	rjmp	.+32     	; 0x17d0 <ungetc+0x2c>
    17b0:	8f 3f       	cpi	r24, 0xFF	; 255
    17b2:	3f ef       	ldi	r19, 0xFF	; 255
    17b4:	93 07       	cpc	r25, r19
    17b6:	61 f0       	breq	.+24     	; 0x17d0 <ungetc+0x2c>
    17b8:	82 83       	std	Z+2, r24	; 0x02
    17ba:	2f 7d       	andi	r18, 0xDF	; 223
    17bc:	20 64       	ori	r18, 0x40	; 64
    17be:	23 83       	std	Z+3, r18	; 0x03
    17c0:	26 81       	ldd	r18, Z+6	; 0x06
    17c2:	37 81       	ldd	r19, Z+7	; 0x07
    17c4:	21 50       	subi	r18, 0x01	; 1
    17c6:	31 09       	sbc	r19, r1
    17c8:	37 83       	std	Z+7, r19	; 0x07
    17ca:	26 83       	std	Z+6, r18	; 0x06
    17cc:	99 27       	eor	r25, r25
    17ce:	08 95       	ret
    17d0:	8f ef       	ldi	r24, 0xFF	; 255
    17d2:	9f ef       	ldi	r25, 0xFF	; 255
    17d4:	08 95       	ret

000017d6 <__ultoa_invert>:
    17d6:	fa 01       	movw	r30, r20
    17d8:	aa 27       	eor	r26, r26
    17da:	28 30       	cpi	r18, 0x08	; 8
    17dc:	51 f1       	breq	.+84     	; 0x1832 <__ultoa_invert+0x5c>
    17de:	20 31       	cpi	r18, 0x10	; 16
    17e0:	81 f1       	breq	.+96     	; 0x1842 <__ultoa_invert+0x6c>
    17e2:	e8 94       	clt
    17e4:	6f 93       	push	r22
    17e6:	6e 7f       	andi	r22, 0xFE	; 254
    17e8:	6e 5f       	subi	r22, 0xFE	; 254
    17ea:	7f 4f       	sbci	r23, 0xFF	; 255
    17ec:	8f 4f       	sbci	r24, 0xFF	; 255
    17ee:	9f 4f       	sbci	r25, 0xFF	; 255
    17f0:	af 4f       	sbci	r26, 0xFF	; 255
    17f2:	b1 e0       	ldi	r27, 0x01	; 1
    17f4:	3e d0       	rcall	.+124    	; 0x1872 <__ultoa_invert+0x9c>
    17f6:	b4 e0       	ldi	r27, 0x04	; 4
    17f8:	3c d0       	rcall	.+120    	; 0x1872 <__ultoa_invert+0x9c>
    17fa:	67 0f       	add	r22, r23
    17fc:	78 1f       	adc	r23, r24
    17fe:	89 1f       	adc	r24, r25
    1800:	9a 1f       	adc	r25, r26
    1802:	a1 1d       	adc	r26, r1
    1804:	68 0f       	add	r22, r24
    1806:	79 1f       	adc	r23, r25
    1808:	8a 1f       	adc	r24, r26
    180a:	91 1d       	adc	r25, r1
    180c:	a1 1d       	adc	r26, r1
    180e:	6a 0f       	add	r22, r26
    1810:	71 1d       	adc	r23, r1
    1812:	81 1d       	adc	r24, r1
    1814:	91 1d       	adc	r25, r1
    1816:	a1 1d       	adc	r26, r1
    1818:	20 d0       	rcall	.+64     	; 0x185a <__ultoa_invert+0x84>
    181a:	09 f4       	brne	.+2      	; 0x181e <__ultoa_invert+0x48>
    181c:	68 94       	set
    181e:	3f 91       	pop	r19
    1820:	2a e0       	ldi	r18, 0x0A	; 10
    1822:	26 9f       	mul	r18, r22
    1824:	11 24       	eor	r1, r1
    1826:	30 19       	sub	r19, r0
    1828:	30 5d       	subi	r19, 0xD0	; 208
    182a:	31 93       	st	Z+, r19
    182c:	de f6       	brtc	.-74     	; 0x17e4 <__ultoa_invert+0xe>
    182e:	cf 01       	movw	r24, r30
    1830:	08 95       	ret
    1832:	46 2f       	mov	r20, r22
    1834:	47 70       	andi	r20, 0x07	; 7
    1836:	40 5d       	subi	r20, 0xD0	; 208
    1838:	41 93       	st	Z+, r20
    183a:	b3 e0       	ldi	r27, 0x03	; 3
    183c:	0f d0       	rcall	.+30     	; 0x185c <__ultoa_invert+0x86>
    183e:	c9 f7       	brne	.-14     	; 0x1832 <__ultoa_invert+0x5c>
    1840:	f6 cf       	rjmp	.-20     	; 0x182e <__ultoa_invert+0x58>
    1842:	46 2f       	mov	r20, r22
    1844:	4f 70       	andi	r20, 0x0F	; 15
    1846:	40 5d       	subi	r20, 0xD0	; 208
    1848:	4a 33       	cpi	r20, 0x3A	; 58
    184a:	18 f0       	brcs	.+6      	; 0x1852 <__ultoa_invert+0x7c>
    184c:	49 5d       	subi	r20, 0xD9	; 217
    184e:	31 fd       	sbrc	r19, 1
    1850:	40 52       	subi	r20, 0x20	; 32
    1852:	41 93       	st	Z+, r20
    1854:	02 d0       	rcall	.+4      	; 0x185a <__ultoa_invert+0x84>
    1856:	a9 f7       	brne	.-22     	; 0x1842 <__ultoa_invert+0x6c>
    1858:	ea cf       	rjmp	.-44     	; 0x182e <__ultoa_invert+0x58>
    185a:	b4 e0       	ldi	r27, 0x04	; 4
    185c:	a6 95       	lsr	r26
    185e:	97 95       	ror	r25
    1860:	87 95       	ror	r24
    1862:	77 95       	ror	r23
    1864:	67 95       	ror	r22
    1866:	ba 95       	dec	r27
    1868:	c9 f7       	brne	.-14     	; 0x185c <__ultoa_invert+0x86>
    186a:	00 97       	sbiw	r24, 0x00	; 0
    186c:	61 05       	cpc	r22, r1
    186e:	71 05       	cpc	r23, r1
    1870:	08 95       	ret
    1872:	9b 01       	movw	r18, r22
    1874:	ac 01       	movw	r20, r24
    1876:	0a 2e       	mov	r0, r26
    1878:	06 94       	lsr	r0
    187a:	57 95       	ror	r21
    187c:	47 95       	ror	r20
    187e:	37 95       	ror	r19
    1880:	27 95       	ror	r18
    1882:	ba 95       	dec	r27
    1884:	c9 f7       	brne	.-14     	; 0x1878 <__ultoa_invert+0xa2>
    1886:	62 0f       	add	r22, r18
    1888:	73 1f       	adc	r23, r19
    188a:	84 1f       	adc	r24, r20
    188c:	95 1f       	adc	r25, r21
    188e:	a0 1d       	adc	r26, r0
    1890:	08 95       	ret

00001892 <__ctype_isfalse>:
    1892:	99 27       	eor	r25, r25
    1894:	88 27       	eor	r24, r24

00001896 <__ctype_istrue>:
    1896:	08 95       	ret

00001898 <_exit>:
    1898:	f8 94       	cli

0000189a <__stop_program>:
    189a:	ff cf       	rjmp	.-2      	; 0x189a <__stop_program>
