
task2.elf:     file format elf32-avr

Sections:
Idx Name          Size      VMA       LMA       File off  Algn
  0 .data         0000001a  00800100  00001b58  00001bec  2**0
                  CONTENTS, ALLOC, LOAD, DATA
  1 .text         00001b58  00000000  00000000  00000094  2**1
                  CONTENTS, ALLOC, LOAD, READONLY, CODE
  2 .bss          00000007  0080011a  0080011a  00001c06  2**0
                  ALLOC
  3 .stab         00000f84  00000000  00000000  00001c08  2**2
                  CONTENTS, READONLY, DEBUGGING
  4 .stabstr      00000f7d  00000000  00000000  00002b8c  2**0
                  CONTENTS, READONLY, DEBUGGING
  5 .comment      00000011  00000000  00000000  00003b09  2**0
                  CONTENTS, READONLY
  6 .note.gnu.avr.deviceinfo 00000040  00000000  00000000  00003b1c  2**2
                  CONTENTS, READONLY
  7 .debug_info   000005f4  00000000  00000000  00003b5c  2**0
                  CONTENTS, READONLY, DEBUGGING
  8 .debug_abbrev 000005a2  00000000  00000000  00004150  2**0
                  CONTENTS, READONLY, DEBUGGING
  9 .debug_line   0000001a  00000000  00000000  000046f2  2**0
                  CONTENTS, READONLY, DEBUGGING
 10 .debug_str    00000208  00000000  00000000  0000470c  2**0
                  CONTENTS, READONLY, DEBUGGING

Disassembly of section .text:

00000000 <__vectors>:
       0:	0c 94 dc 00 	jmp	0x1b8	; 0x1b8 <__ctors_end>
       4:	0c 94 f9 00 	jmp	0x1f2	; 0x1f2 <__bad_interrupt>
       8:	0c 94 f9 00 	jmp	0x1f2	; 0x1f2 <__bad_interrupt>
       c:	0c 94 f9 00 	jmp	0x1f2	; 0x1f2 <__bad_interrupt>
      10:	0c 94 f9 00 	jmp	0x1f2	; 0x1f2 <__bad_interrupt>
      14:	0c 94 f9 00 	jmp	0x1f2	; 0x1f2 <__bad_interrupt>
      18:	0c 94 f9 00 	jmp	0x1f2	; 0x1f2 <__bad_interrupt>
      1c:	0c 94 f9 00 	jmp	0x1f2	; 0x1f2 <__bad_interrupt>
      20:	0c 94 f9 00 	jmp	0x1f2	; 0x1f2 <__bad_interrupt>
      24:	0c 94 f9 00 	jmp	0x1f2	; 0x1f2 <__bad_interrupt>
      28:	0c 94 3c 01 	jmp	0x278	; 0x278 <__vector_10>
      2c:	0c 94 f9 00 	jmp	0x1f2	; 0x1f2 <__bad_interrupt>
      30:	0c 94 f9 00 	jmp	0x1f2	; 0x1f2 <__bad_interrupt>
      34:	0c 94 1a 01 	jmp	0x234	; 0x234 <__vector_13>
      38:	0c 94 f9 00 	jmp	0x1f2	; 0x1f2 <__bad_interrupt>
      3c:	0c 94 f9 00 	jmp	0x1f2	; 0x1f2 <__bad_interrupt>
      40:	0c 94 f9 00 	jmp	0x1f2	; 0x1f2 <__bad_interrupt>
      44:	0c 94 f9 00 	jmp	0x1f2	; 0x1f2 <__bad_interrupt>
      48:	0c 94 f9 00 	jmp	0x1f2	; 0x1f2 <__bad_interrupt>
      4c:	0c 94 f9 00 	jmp	0x1f2	; 0x1f2 <__bad_interrupt>
      50:	0c 94 f9 00 	jmp	0x1f2	; 0x1f2 <__bad_interrupt>
      54:	0c 94 5e 01 	jmp	0x2bc	; 0x2bc <__vector_21>
      58:	0c 94 f9 00 	jmp	0x1f2	; 0x1f2 <__bad_interrupt>
      5c:	0c 94 f9 00 	jmp	0x1f2	; 0x1f2 <__bad_interrupt>
      60:	0c 94 f9 00 	jmp	0x1f2	; 0x1f2 <__bad_interrupt>
      64:	0c 94 f9 00 	jmp	0x1f2	; 0x1f2 <__bad_interrupt>

00000068 <__trampolines_end>:
      68:	6e 61       	ori	r22, 0x1E	; 30
      6a:	6e 00       	.word	0x006e	; ????

0000006c <__c.2332>:
      6c:	69 6e 66 00 00 40 7a 10 f3 5a 00 a0 72 4e 18 09     inf..@z..Z..rN..
      7c:	00 10 a5 d4 e8 00 00 e8 76 48 17 00 00 e4 0b 54     ........vH.....T
      8c:	02 00 00 ca 9a 3b 00 00 00 e1 f5 05 00 00 80 96     .....;..........
      9c:	98 00 00 00 40 42 0f 00 00 00 a0 86 01 00 00 00     ....@B..........
      ac:	10 27 00 00 00 00 e8 03 00 00 00 00 64 00 00 00     .'..........d...
      bc:	00 00 0a 00 00 00 00 00 01 00 00 00 00 00 2c 76     ..............,v
      cc:	d8 88 dc 67 4f 08 23 df c1 df ae 59 e1 b1 b7 96     ...gO.#....Y....
      dc:	e5 e3 e4 53 c6 3a e6 51 99 76 96 e8 e6 c2 84 26     ...S.:.Q.v.....&
      ec:	eb 89 8c 9b 62 ed 40 7c 6f fc ef bc 9c 9f 40 f2     ....b.@|o.....@.
      fc:	ba a5 6f a5 f4 90 05 5a 2a f7 5c 93 6b 6c f9 67     ..o....Z*.\.kl.g
     10c:	6d c1 1b fc e0 e4 0d 47 fe f5 20 e6 b5 00 d0 ed     m......G.. .....
     11c:	90 2e 03 00 94 35 77 05 00 80 84 1e 08 00 00 20     .....5w........ 
     12c:	4e 0a 00 00 00 c8 0c 33 33 33 33 0f 98 6e 12 83     N......3333..n..
     13c:	11 41 ef 8d 21 14 89 3b e6 55 16 cf fe e6 db 18     .A..!..;.U......
     14c:	d1 84 4b 38 1b f7 7c 1d 90 1d a4 bb e4 24 20 32     ..K8..|......$ 2
     15c:	84 72 5e 22 81 00 c9 f1 24 ec a1 e5 3d 27           .r^"....$...='

0000016a <__c.2529>:
     16a:	63 64 69 6e 6f 70 73 75 78 58 5b 65 66 67 45 46     cdinopsuxX[efgEF
     17a:	47 00                                               G.

0000017c <pstr_an>:
     17c:	61 6e 00                                            an.

0000017f <pstr_nfinity>:
     17f:	6e 66 69 6e 69 74 79 00                             nfinity.

00000187 <pwr_m10>:
     187:	cd cc cc 3d 0a d7 23 3c 17 b7 d1 38 77 cc 2b 32     ...=..#<...8w.+2
     197:	95 95 e6 24 1f b1 4f 0a                             ...$..O.

0000019f <pwr_p10>:
     19f:	00 00 20 41 00 00 c8 42 00 40 1c 46 20 bc be 4c     .. A...B.@.F ..L
     1af:	ca 1b 0e 5a ae c5 9d 74 00                          ...Z...t.

000001b8 <__ctors_end>:
     1b8:	11 24       	eor	r1, r1
     1ba:	1f be       	out	0x3f, r1	; 63
     1bc:	cf ef       	ldi	r28, 0xFF	; 255
     1be:	d8 e0       	ldi	r29, 0x08	; 8
     1c0:	de bf       	out	0x3e, r29	; 62
     1c2:	cd bf       	out	0x3d, r28	; 61

000001c4 <__do_copy_data>:
     1c4:	11 e0       	ldi	r17, 0x01	; 1
     1c6:	a0 e0       	ldi	r26, 0x00	; 0
     1c8:	b1 e0       	ldi	r27, 0x01	; 1
     1ca:	e8 e5       	ldi	r30, 0x58	; 88
     1cc:	fb e1       	ldi	r31, 0x1B	; 27
     1ce:	02 c0       	rjmp	.+4      	; 0x1d4 <__do_copy_data+0x10>
     1d0:	05 90       	lpm	r0, Z+
     1d2:	0d 92       	st	X+, r0
     1d4:	aa 31       	cpi	r26, 0x1A	; 26
     1d6:	b1 07       	cpc	r27, r17
     1d8:	d9 f7       	brne	.-10     	; 0x1d0 <__do_copy_data+0xc>

000001da <__do_clear_bss>:
     1da:	21 e0       	ldi	r18, 0x01	; 1
     1dc:	aa e1       	ldi	r26, 0x1A	; 26
     1de:	b1 e0       	ldi	r27, 0x01	; 1
     1e0:	01 c0       	rjmp	.+2      	; 0x1e4 <.do_clear_bss_start>

000001e2 <.do_clear_bss_loop>:
     1e2:	1d 92       	st	X+, r1

000001e4 <.do_clear_bss_start>:
     1e4:	a1 32       	cpi	r26, 0x21	; 33
     1e6:	b2 07       	cpc	r27, r18
     1e8:	e1 f7       	brne	.-8      	; 0x1e2 <.do_clear_bss_loop>
     1ea:	0e 94 33 02 	call	0x466	; 0x466 <main>
     1ee:	0c 94 aa 0d 	jmp	0x1b54	; 0x1b54 <_exit>

000001f2 <__bad_interrupt>:
     1f2:	0c 94 00 00 	jmp	0	; 0x0 <__vectors>

000001f6 <adc_init>:
static volatile uint16_t g_v_off_mv = 0;
static volatile uint8_t  g_new_pair = 0;


void adc_init() {
    ADMUX  = _BV(REFS0); // AVcc
     1f6:	80 e4       	ldi	r24, 0x40	; 64
     1f8:	80 93 7c 00 	sts	0x007C, r24	; 0x80007c <__TEXT_REGION_LENGTH__+0x7f807c>
    ADCSRA = _BV(ADEN) | // enable adc
     1fc:	8f e8       	ldi	r24, 0x8F	; 143
     1fe:	80 93 7a 00 	sts	0x007A, r24	; 0x80007a <__TEXT_REGION_LENGTH__+0x7f807a>
             _BV(ADIE) | // enable interrupt
             _BV(ADPS2) | _BV(ADPS1) | _BV(ADPS0); // 128
    DIDR0  = _BV(ADC0D) | _BV(ADC1D);
     202:	83 e0       	ldi	r24, 0x03	; 3
     204:	80 93 7e 00 	sts	0x007E, r24	; 0x80007e <__TEXT_REGION_LENGTH__+0x7f807e>
     208:	08 95       	ret

0000020a <timer1_pwm_init_pf_correct_1khz>:
}

void timer1_pwm_init_pf_correct_1khz() {
    DDRB |= _BV(DDB1); // OC1A output
     20a:	21 9a       	sbi	0x04, 1	; 4

    TCCR1A = _BV(COM1A1);
     20c:	80 e8       	ldi	r24, 0x80	; 128
     20e:	80 93 80 00 	sts	0x0080, r24	; 0x800080 <__TEXT_REGION_LENGTH__+0x7f8080>
    TCCR1B = _BV(WGM13) | _BV(CS11); // prescaler 8
     212:	82 e1       	ldi	r24, 0x12	; 18
     214:	80 93 81 00 	sts	0x0081, r24	; 0x800081 <__TEXT_REGION_LENGTH__+0x7f8081>

    ICR1  = 1000; // 1 kHz
     218:	88 ee       	ldi	r24, 0xE8	; 232
     21a:	93 e0       	ldi	r25, 0x03	; 3
     21c:	90 93 87 00 	sts	0x0087, r25	; 0x800087 <__TEXT_REGION_LENGTH__+0x7f8087>
     220:	80 93 86 00 	sts	0x0086, r24	; 0x800086 <__TEXT_REGION_LENGTH__+0x7f8086>
    OCR1A = 0;
     224:	10 92 89 00 	sts	0x0089, r1	; 0x800089 <__TEXT_REGION_LENGTH__+0x7f8089>
     228:	10 92 88 00 	sts	0x0088, r1	; 0x800088 <__TEXT_REGION_LENGTH__+0x7f8088>

    // OVF (BOTTOM) + CAPT (TOP)
    TIMSK1 = _BV(TOIE1) | _BV(ICIE1);
     22c:	81 e2       	ldi	r24, 0x21	; 33
     22e:	80 93 6f 00 	sts	0x006F, r24	; 0x80006f <__TEXT_REGION_LENGTH__+0x7f806f>
     232:	08 95       	ret

00000234 <__vector_13>:
}

// bottom, ocr1a = 1000
ISR(TIMER1_OVF_vect) {
     234:	1f 92       	push	r1
     236:	0f 92       	push	r0
     238:	0f b6       	in	r0, 0x3f	; 63
     23a:	0f 92       	push	r0
     23c:	11 24       	eor	r1, r1
     23e:	8f 93       	push	r24
     240:	9f 93       	push	r25
    // BOTTOM: middle of ON time
    if (!(ADCSRA & _BV(ADSC))) {
     242:	80 91 7a 00 	lds	r24, 0x007A	; 0x80007a <__TEXT_REGION_LENGTH__+0x7f807a>
     246:	86 fd       	sbrc	r24, 6
     248:	10 c0       	rjmp	.+32     	; 0x26a <__vector_13+0x36>
        ADMUX |= 1;
     24a:	80 91 7c 00 	lds	r24, 0x007C	; 0x80007c <__TEXT_REGION_LENGTH__+0x7f807c>
     24e:	81 60       	ori	r24, 0x01	; 1
     250:	80 93 7c 00 	sts	0x007C, r24	; 0x80007c <__TEXT_REGION_LENGTH__+0x7f807c>
        g_adc_state = ADC_MEAS_ON;
     254:	81 e0       	ldi	r24, 0x01	; 1
     256:	90 e0       	ldi	r25, 0x00	; 0
     258:	90 93 20 01 	sts	0x0120, r25	; 0x800120 <g_adc_state+0x1>
     25c:	80 93 1f 01 	sts	0x011F, r24	; 0x80011f <g_adc_state>
        ADCSRA |= _BV(ADSC);
     260:	80 91 7a 00 	lds	r24, 0x007A	; 0x80007a <__TEXT_REGION_LENGTH__+0x7f807a>
     264:	80 64       	ori	r24, 0x40	; 64
     266:	80 93 7a 00 	sts	0x007A, r24	; 0x80007a <__TEXT_REGION_LENGTH__+0x7f807a>
    }
}
     26a:	9f 91       	pop	r25
     26c:	8f 91       	pop	r24
     26e:	0f 90       	pop	r0
     270:	0f be       	out	0x3f, r0	; 63
     272:	0f 90       	pop	r0
     274:	1f 90       	pop	r1
     276:	18 95       	reti

00000278 <__vector_10>:

ISR(TIMER1_CAPT_vect) {
     278:	1f 92       	push	r1
     27a:	0f 92       	push	r0
     27c:	0f b6       	in	r0, 0x3f	; 63
     27e:	0f 92       	push	r0
     280:	11 24       	eor	r1, r1
     282:	8f 93       	push	r24
     284:	9f 93       	push	r25
    // TOP: middle of OFF time
    if (!(ADCSRA & _BV(ADSC))) {
     286:	80 91 7a 00 	lds	r24, 0x007A	; 0x80007a <__TEXT_REGION_LENGTH__+0x7f807a>
     28a:	86 fd       	sbrc	r24, 6
     28c:	10 c0       	rjmp	.+32     	; 0x2ae <__vector_10+0x36>
        g_adc_state = ADC_MEAS_OFF;
     28e:	82 e0       	ldi	r24, 0x02	; 2
     290:	90 e0       	ldi	r25, 0x00	; 0
     292:	90 93 20 01 	sts	0x0120, r25	; 0x800120 <g_adc_state+0x1>
     296:	80 93 1f 01 	sts	0x011F, r24	; 0x80011f <g_adc_state>
        ADMUX |= 1;
     29a:	80 91 7c 00 	lds	r24, 0x007C	; 0x80007c <__TEXT_REGION_LENGTH__+0x7f807c>
     29e:	81 60       	ori	r24, 0x01	; 1
     2a0:	80 93 7c 00 	sts	0x007C, r24	; 0x80007c <__TEXT_REGION_LENGTH__+0x7f807c>
        ADCSRA |= _BV(ADSC);
     2a4:	80 91 7a 00 	lds	r24, 0x007A	; 0x80007a <__TEXT_REGION_LENGTH__+0x7f807a>
     2a8:	80 64       	ori	r24, 0x40	; 64
     2aa:	80 93 7a 00 	sts	0x007A, r24	; 0x80007a <__TEXT_REGION_LENGTH__+0x7f807a>
    }
}
     2ae:	9f 91       	pop	r25
     2b0:	8f 91       	pop	r24
     2b2:	0f 90       	pop	r0
     2b4:	0f be       	out	0x3f, r0	; 63
     2b6:	0f 90       	pop	r0
     2b8:	1f 90       	pop	r1
     2ba:	18 95       	reti

000002bc <__vector_21>:

ISR(ADC_vect) {
     2bc:	1f 92       	push	r1
     2be:	0f 92       	push	r0
     2c0:	0f b6       	in	r0, 0x3f	; 63
     2c2:	0f 92       	push	r0
     2c4:	11 24       	eor	r1, r1
     2c6:	2f 93       	push	r18
     2c8:	3f 93       	push	r19
     2ca:	4f 93       	push	r20
     2cc:	5f 93       	push	r21
     2ce:	6f 93       	push	r22
     2d0:	7f 93       	push	r23
     2d2:	8f 93       	push	r24
     2d4:	9f 93       	push	r25
     2d6:	af 93       	push	r26
     2d8:	bf 93       	push	r27
     2da:	ef 93       	push	r30
     2dc:	ff 93       	push	r31
    uint16_t raw = ADC;
     2de:	20 91 78 00 	lds	r18, 0x0078	; 0x800078 <__TEXT_REGION_LENGTH__+0x7f8078>
     2e2:	30 91 79 00 	lds	r19, 0x0079	; 0x800079 <__TEXT_REGION_LENGTH__+0x7f8079>

    switch (g_adc_state) {
     2e6:	80 91 1f 01 	lds	r24, 0x011F	; 0x80011f <g_adc_state>
     2ea:	90 91 20 01 	lds	r25, 0x0120	; 0x800120 <g_adc_state+0x1>
     2ee:	82 30       	cpi	r24, 0x02	; 2
     2f0:	91 05       	cpc	r25, r1
     2f2:	09 f4       	brne	.+2      	; 0x2f6 <__vector_21+0x3a>
     2f4:	4e c0       	rjmp	.+156    	; 0x392 <__vector_21+0xd6>
     2f6:	83 30       	cpi	r24, 0x03	; 3
     2f8:	91 05       	cpc	r25, r1
     2fa:	b1 f1       	breq	.+108    	; 0x368 <__vector_21+0xac>
     2fc:	01 97       	sbiw	r24, 0x01	; 1
     2fe:	a9 f0       	breq	.+42     	; 0x32a <__vector_21+0x6e>
            g_adc_state = ADC_IDLE;
            break;
        }

        default:
            g_adc_state = ADC_IDLE;
     300:	10 92 20 01 	sts	0x0120, r1	; 0x800120 <g_adc_state+0x1>
     304:	10 92 1f 01 	sts	0x011F, r1	; 0x80011f <g_adc_state>
            break;
    }
}
     308:	ff 91       	pop	r31
     30a:	ef 91       	pop	r30
     30c:	bf 91       	pop	r27
     30e:	af 91       	pop	r26
     310:	9f 91       	pop	r25
     312:	8f 91       	pop	r24
     314:	7f 91       	pop	r23
     316:	6f 91       	pop	r22
     318:	5f 91       	pop	r21
     31a:	4f 91       	pop	r20
     31c:	3f 91       	pop	r19
     31e:	2f 91       	pop	r18
     320:	0f 90       	pop	r0
     322:	0f be       	out	0x3f, r0	; 63
     324:	0f 90       	pop	r0
     326:	1f 90       	pop	r1
     328:	18 95       	reti
ISR(ADC_vect) {
    uint16_t raw = ADC;

    switch (g_adc_state) {
        case ADC_MEAS_ON:
            g_v_on_mv = (uint16_t)((uint32_t)raw * VCC_MV / 1023UL);
     32a:	a8 e8       	ldi	r26, 0x88	; 136
     32c:	b3 e1       	ldi	r27, 0x13	; 19
     32e:	0e 94 31 0b 	call	0x1662	; 0x1662 <__umulhisi3>
     332:	2f ef       	ldi	r18, 0xFF	; 255
     334:	33 e0       	ldi	r19, 0x03	; 3
     336:	40 e0       	ldi	r20, 0x00	; 0
     338:	50 e0       	ldi	r21, 0x00	; 0
     33a:	0e 94 0f 0b 	call	0x161e	; 0x161e <__udivmodsi4>
     33e:	30 93 1e 01 	sts	0x011E, r19	; 0x80011e <g_v_on_mv+0x1>
     342:	20 93 1d 01 	sts	0x011D, r18	; 0x80011d <g_v_on_mv>
            g_adc_state = ADC_POT;
     346:	83 e0       	ldi	r24, 0x03	; 3
     348:	90 e0       	ldi	r25, 0x00	; 0
     34a:	90 93 20 01 	sts	0x0120, r25	; 0x800120 <g_adc_state+0x1>
     34e:	80 93 1f 01 	sts	0x011F, r24	; 0x80011f <g_adc_state>
            ADMUX &= ~1;
     352:	80 91 7c 00 	lds	r24, 0x007C	; 0x80007c <__TEXT_REGION_LENGTH__+0x7f807c>
     356:	8e 7f       	andi	r24, 0xFE	; 254
     358:	80 93 7c 00 	sts	0x007C, r24	; 0x80007c <__TEXT_REGION_LENGTH__+0x7f807c>
            ADCSRA |= _BV(ADSC);
     35c:	80 91 7a 00 	lds	r24, 0x007A	; 0x80007a <__TEXT_REGION_LENGTH__+0x7f807a>
     360:	80 64       	ori	r24, 0x40	; 64
     362:	80 93 7a 00 	sts	0x007A, r24	; 0x80007a <__TEXT_REGION_LENGTH__+0x7f807a>
            break;
     366:	d0 cf       	rjmp	.-96     	; 0x308 <__vector_21+0x4c>
            g_adc_state = ADC_IDLE;
            break;

        case ADC_POT: {
            uint16_t pot = raw;
            uint16_t duty = (uint16_t)((uint32_t)pot * (uint32_t)ICR1 / 1023UL);
     368:	a0 91 86 00 	lds	r26, 0x0086	; 0x800086 <__TEXT_REGION_LENGTH__+0x7f8086>
     36c:	b0 91 87 00 	lds	r27, 0x0087	; 0x800087 <__TEXT_REGION_LENGTH__+0x7f8087>
     370:	0e 94 31 0b 	call	0x1662	; 0x1662 <__umulhisi3>
     374:	2f ef       	ldi	r18, 0xFF	; 255
     376:	33 e0       	ldi	r19, 0x03	; 3
     378:	40 e0       	ldi	r20, 0x00	; 0
     37a:	50 e0       	ldi	r21, 0x00	; 0
     37c:	0e 94 0f 0b 	call	0x161e	; 0x161e <__udivmodsi4>
            OCR1A = duty;
     380:	30 93 89 00 	sts	0x0089, r19	; 0x800089 <__TEXT_REGION_LENGTH__+0x7f8089>
     384:	20 93 88 00 	sts	0x0088, r18	; 0x800088 <__TEXT_REGION_LENGTH__+0x7f8088>
            g_adc_state = ADC_IDLE;
     388:	10 92 20 01 	sts	0x0120, r1	; 0x800120 <g_adc_state+0x1>
     38c:	10 92 1f 01 	sts	0x011F, r1	; 0x80011f <g_adc_state>
            break;
     390:	bb cf       	rjmp	.-138    	; 0x308 <__vector_21+0x4c>
            ADMUX &= ~1;
            ADCSRA |= _BV(ADSC);
            break;

        case ADC_MEAS_OFF:
            g_v_off_mv = (uint16_t)((uint32_t)raw * VCC_MV / 1023UL);
     392:	a8 e8       	ldi	r26, 0x88	; 136
     394:	b3 e1       	ldi	r27, 0x13	; 19
     396:	0e 94 31 0b 	call	0x1662	; 0x1662 <__umulhisi3>
     39a:	2f ef       	ldi	r18, 0xFF	; 255
     39c:	33 e0       	ldi	r19, 0x03	; 3
     39e:	40 e0       	ldi	r20, 0x00	; 0
     3a0:	50 e0       	ldi	r21, 0x00	; 0
     3a2:	0e 94 0f 0b 	call	0x161e	; 0x161e <__udivmodsi4>
     3a6:	30 93 1c 01 	sts	0x011C, r19	; 0x80011c <g_v_off_mv+0x1>
     3aa:	20 93 1b 01 	sts	0x011B, r18	; 0x80011b <g_v_off_mv>
            g_new_pair = 1;
     3ae:	81 e0       	ldi	r24, 0x01	; 1
     3b0:	80 93 1a 01 	sts	0x011A, r24	; 0x80011a <__data_end>
            g_adc_state = ADC_IDLE;
     3b4:	10 92 20 01 	sts	0x0120, r1	; 0x800120 <g_adc_state+0x1>
     3b8:	10 92 1f 01 	sts	0x011F, r1	; 0x80011f <g_adc_state>
            break;
     3bc:	a5 cf       	rjmp	.-182    	; 0x308 <__vector_21+0x4c>

000003be <uart_init>:

// inicjalizacja UART
void uart_init()
{
  // ustaw baudrate
  UBRR0 = UBRR_VALUE;
     3be:	87 e6       	ldi	r24, 0x67	; 103
     3c0:	90 e0       	ldi	r25, 0x00	; 0
     3c2:	90 93 c5 00 	sts	0x00C5, r25	; 0x8000c5 <__TEXT_REGION_LENGTH__+0x7f80c5>
     3c6:	80 93 c4 00 	sts	0x00C4, r24	; 0x8000c4 <__TEXT_REGION_LENGTH__+0x7f80c4>
  // wyczyść rejestr UCSR0A
  UCSR0A = 0;
     3ca:	10 92 c0 00 	sts	0x00C0, r1	; 0x8000c0 <__TEXT_REGION_LENGTH__+0x7f80c0>
  // włącz odbiornik i nadajnik
  UCSR0B = _BV(RXEN0) | _BV(TXEN0);
     3ce:	88 e1       	ldi	r24, 0x18	; 24
     3d0:	80 93 c1 00 	sts	0x00C1, r24	; 0x8000c1 <__TEXT_REGION_LENGTH__+0x7f80c1>
  // ustaw format 8n1
  UCSR0C = _BV(UCSZ00) | _BV(UCSZ01);
     3d4:	86 e0       	ldi	r24, 0x06	; 6
     3d6:	80 93 c2 00 	sts	0x00C2, r24	; 0x8000c2 <__TEXT_REGION_LENGTH__+0x7f80c2>
     3da:	08 95       	ret

000003dc <uart_transmit>:

// transmisja jednego znaku
int uart_transmit(char data)
{
  // czekaj aż transmiter gotowy
  while(!(UCSR0A & _BV(UDRE0)));
     3dc:	90 91 c0 00 	lds	r25, 0x00C0	; 0x8000c0 <__TEXT_REGION_LENGTH__+0x7f80c0>
     3e0:	95 ff       	sbrs	r25, 5
     3e2:	fc cf       	rjmp	.-8      	; 0x3dc <uart_transmit>
  UDR0 = data;
     3e4:	80 93 c6 00 	sts	0x00C6, r24	; 0x8000c6 <__TEXT_REGION_LENGTH__+0x7f80c6>
  return 0;
}
     3e8:	80 e0       	ldi	r24, 0x00	; 0
     3ea:	90 e0       	ldi	r25, 0x00	; 0
     3ec:	08 95       	ret

000003ee <uart_receive>:

// odczyt jednego znaku
int uart_receive()
{
  // czekaj aż znak dostępny
  while (!(UCSR0A & _BV(RXC0)));
     3ee:	80 91 c0 00 	lds	r24, 0x00C0	; 0x8000c0 <__TEXT_REGION_LENGTH__+0x7f80c0>
     3f2:	87 ff       	sbrs	r24, 7
     3f4:	fc cf       	rjmp	.-8      	; 0x3ee <uart_receive>
  return UDR0;
     3f6:	80 91 c6 00 	lds	r24, 0x00C6	; 0x8000c6 <__TEXT_REGION_LENGTH__+0x7f80c6>
}
     3fa:	90 e0       	ldi	r25, 0x00	; 0
     3fc:	08 95       	ret

000003fe <uart_puts>:


void uart_puts(const char*s){ while(*s) uart_transmit(*s++); }
     3fe:	fc 01       	movw	r30, r24
     400:	20 81       	ld	r18, Z
     402:	22 23       	and	r18, r18
     404:	51 f0       	breq	.+20     	; 0x41a <__EEPROM_REGION_LENGTH__+0x1a>
     406:	31 96       	adiw	r30, 0x01	; 1

// transmisja jednego znaku
int uart_transmit(char data)
{
  // czekaj aż transmiter gotowy
  while(!(UCSR0A & _BV(UDRE0)));
     408:	90 91 c0 00 	lds	r25, 0x00C0	; 0x8000c0 <__TEXT_REGION_LENGTH__+0x7f80c0>
     40c:	95 ff       	sbrs	r25, 5
     40e:	fc cf       	rjmp	.-8      	; 0x408 <__EEPROM_REGION_LENGTH__+0x8>
  UDR0 = data;
     410:	20 93 c6 00 	sts	0x00C6, r18	; 0x8000c6 <__TEXT_REGION_LENGTH__+0x7f80c6>
  while (!(UCSR0A & _BV(RXC0)));
  return UDR0;
}


void uart_puts(const char*s){ while(*s) uart_transmit(*s++); }
     414:	21 91       	ld	r18, Z+
     416:	21 11       	cpse	r18, r1
     418:	f7 cf       	rjmp	.-18     	; 0x408 <__EEPROM_REGION_LENGTH__+0x8>
     41a:	08 95       	ret

0000041c <uart_put_u16>:
     41c:	cf 93       	push	r28
     41e:	df 93       	push	r29
     420:	00 d0       	rcall	.+0      	; 0x422 <uart_put_u16+0x6>
     422:	00 d0       	rcall	.+0      	; 0x424 <uart_put_u16+0x8>
     424:	00 d0       	rcall	.+0      	; 0x426 <uart_put_u16+0xa>
     426:	cd b7       	in	r28, 0x3d	; 61
     428:	de b7       	in	r29, 0x3e	; 62
     42a:	4a e0       	ldi	r20, 0x0A	; 10
     42c:	50 e0       	ldi	r21, 0x00	; 0
     42e:	be 01       	movw	r22, r28
     430:	6f 5f       	subi	r22, 0xFF	; 255
     432:	7f 4f       	sbci	r23, 0xFF	; 255
     434:	0e 94 81 0c 	call	0x1902	; 0x1902 <utoa>
     438:	99 81       	ldd	r25, Y+1	; 0x01
     43a:	99 23       	and	r25, r25
     43c:	59 f0       	breq	.+22     	; 0x454 <uart_put_u16+0x38>
     43e:	fe 01       	movw	r30, r28
     440:	32 96       	adiw	r30, 0x02	; 2
     442:	80 91 c0 00 	lds	r24, 0x00C0	; 0x8000c0 <__TEXT_REGION_LENGTH__+0x7f80c0>
     446:	85 ff       	sbrs	r24, 5
     448:	fc cf       	rjmp	.-8      	; 0x442 <uart_put_u16+0x26>
     44a:	90 93 c6 00 	sts	0x00C6, r25	; 0x8000c6 <__TEXT_REGION_LENGTH__+0x7f80c6>
     44e:	91 91       	ld	r25, Z+
     450:	91 11       	cpse	r25, r1
     452:	f7 cf       	rjmp	.-18     	; 0x442 <uart_put_u16+0x26>
     454:	26 96       	adiw	r28, 0x06	; 6
     456:	0f b6       	in	r0, 0x3f	; 63
     458:	f8 94       	cli
     45a:	de bf       	out	0x3e, r29	; 62
     45c:	0f be       	out	0x3f, r0	; 63
     45e:	cd bf       	out	0x3d, r28	; 61
     460:	df 91       	pop	r29
     462:	cf 91       	pop	r28
     464:	08 95       	ret

00000466 <main>:
            break;
    }
}

int main(void) {
    uart_init();
     466:	0e 94 df 01 	call	0x3be	; 0x3be <uart_init>
static volatile uint16_t g_v_off_mv = 0;
static volatile uint8_t  g_new_pair = 0;


void adc_init() {
    ADMUX  = _BV(REFS0); // AVcc
     46a:	80 e4       	ldi	r24, 0x40	; 64
     46c:	80 93 7c 00 	sts	0x007C, r24	; 0x80007c <__TEXT_REGION_LENGTH__+0x7f807c>
    ADCSRA = _BV(ADEN) | // enable adc
     470:	8f e8       	ldi	r24, 0x8F	; 143
     472:	80 93 7a 00 	sts	0x007A, r24	; 0x80007a <__TEXT_REGION_LENGTH__+0x7f807a>
             _BV(ADIE) | // enable interrupt
             _BV(ADPS2) | _BV(ADPS1) | _BV(ADPS0); // 128
    DIDR0  = _BV(ADC0D) | _BV(ADC1D);
     476:	83 e0       	ldi	r24, 0x03	; 3
     478:	80 93 7e 00 	sts	0x007E, r24	; 0x80007e <__TEXT_REGION_LENGTH__+0x7f807e>
}

void timer1_pwm_init_pf_correct_1khz() {
    DDRB |= _BV(DDB1); // OC1A output
     47c:	21 9a       	sbi	0x04, 1	; 4

    TCCR1A = _BV(COM1A1);
     47e:	80 e8       	ldi	r24, 0x80	; 128
     480:	80 93 80 00 	sts	0x0080, r24	; 0x800080 <__TEXT_REGION_LENGTH__+0x7f8080>
    TCCR1B = _BV(WGM13) | _BV(CS11); // prescaler 8
     484:	82 e1       	ldi	r24, 0x12	; 18
     486:	80 93 81 00 	sts	0x0081, r24	; 0x800081 <__TEXT_REGION_LENGTH__+0x7f8081>

    ICR1  = 1000; // 1 kHz
     48a:	88 ee       	ldi	r24, 0xE8	; 232
     48c:	93 e0       	ldi	r25, 0x03	; 3
     48e:	90 93 87 00 	sts	0x0087, r25	; 0x800087 <__TEXT_REGION_LENGTH__+0x7f8087>
     492:	80 93 86 00 	sts	0x0086, r24	; 0x800086 <__TEXT_REGION_LENGTH__+0x7f8086>
    OCR1A = 0;
     496:	10 92 89 00 	sts	0x0089, r1	; 0x800089 <__TEXT_REGION_LENGTH__+0x7f8089>
     49a:	10 92 88 00 	sts	0x0088, r1	; 0x800088 <__TEXT_REGION_LENGTH__+0x7f8088>

    // OVF (BOTTOM) + CAPT (TOP)
    TIMSK1 = _BV(TOIE1) | _BV(ICIE1);
     49e:	81 e2       	ldi	r24, 0x21	; 33
     4a0:	80 93 6f 00 	sts	0x006F, r24	; 0x80006f <__TEXT_REGION_LENGTH__+0x7f806f>
int main(void) {
    uart_init();
    adc_init();
    timer1_pwm_init_pf_correct_1khz();

    sei();
     4a4:	78 94       	sei

            // Print ~20 Hz to not flood UART
            if (++decim >= 50) {
                decim = 0;

                uint16_t v_emf = (v_off <= (uint16_t)VCC_MV) ? (uint16_t)(VCC_MV - v_off) : 0;
     4a6:	88 e8       	ldi	r24, 0x88	; 136
     4a8:	e8 2e       	mov	r14, r24
     4aa:	83 e1       	ldi	r24, 0x13	; 19
     4ac:	f8 2e       	mov	r15, r24
            g_adc_state = ADC_IDLE;
            break;
    }
}

int main(void) {
     4ae:	22 e3       	ldi	r18, 0x32	; 50
     4b0:	30 e0       	ldi	r19, 0x00	; 0
    sei();

    uint16_t decim = 0;

    for (;;) {
        if (g_new_pair) {
     4b2:	80 91 1a 01 	lds	r24, 0x011A	; 0x80011a <__data_end>
     4b6:	88 23       	and	r24, r24
     4b8:	e1 f3       	breq	.-8      	; 0x4b2 <main+0x4c>
            uint16_t v_on, v_off;

            cli();
     4ba:	f8 94       	cli
            v_on  = g_v_on_mv;
     4bc:	c0 91 1d 01 	lds	r28, 0x011D	; 0x80011d <g_v_on_mv>
     4c0:	d0 91 1e 01 	lds	r29, 0x011E	; 0x80011e <g_v_on_mv+0x1>
            v_off = g_v_off_mv;
     4c4:	80 91 1b 01 	lds	r24, 0x011B	; 0x80011b <g_v_off_mv>
     4c8:	90 91 1c 01 	lds	r25, 0x011C	; 0x80011c <g_v_off_mv+0x1>
            g_new_pair = 0;
     4cc:	10 92 1a 01 	sts	0x011A, r1	; 0x80011a <__data_end>
            sei();
     4d0:	78 94       	sei
     4d2:	21 50       	subi	r18, 0x01	; 1
     4d4:	31 09       	sbc	r19, r1

            // Print ~20 Hz to not flood UART
            if (++decim >= 50) {
     4d6:	69 f7       	brne	.-38     	; 0x4b2 <main+0x4c>
                decim = 0;

                uint16_t v_emf = (v_off <= (uint16_t)VCC_MV) ? (uint16_t)(VCC_MV - v_off) : 0;
     4d8:	89 38       	cpi	r24, 0x89	; 137
     4da:	23 e1       	ldi	r18, 0x13	; 19
     4dc:	92 07       	cpc	r25, r18
     4de:	b0 f4       	brcc	.+44     	; 0x50c <main+0xa6>
     4e0:	87 01       	movw	r16, r14
     4e2:	08 1b       	sub	r16, r24
     4e4:	19 0b       	sbc	r17, r25

                uart_puts("U_open=");
     4e6:	80 e0       	ldi	r24, 0x00	; 0
     4e8:	91 e0       	ldi	r25, 0x01	; 1
     4ea:	0e 94 ff 01 	call	0x3fe	; 0x3fe <uart_puts>
                uart_put_u16(v_on);
     4ee:	ce 01       	movw	r24, r28
     4f0:	0e 94 0e 02 	call	0x41c	; 0x41c <uart_put_u16>
                uart_puts("mV  U_close=");
     4f4:	88 e0       	ldi	r24, 0x08	; 8
     4f6:	91 e0       	ldi	r25, 0x01	; 1
     4f8:	0e 94 ff 01 	call	0x3fe	; 0x3fe <uart_puts>
                uart_put_u16(v_emf);
     4fc:	c8 01       	movw	r24, r16
     4fe:	0e 94 0e 02 	call	0x41c	; 0x41c <uart_put_u16>
                uart_puts("mV\r\n");
     502:	85 e1       	ldi	r24, 0x15	; 21
     504:	91 e0       	ldi	r25, 0x01	; 1
     506:	0e 94 ff 01 	call	0x3fe	; 0x3fe <uart_puts>
     50a:	d1 cf       	rjmp	.-94     	; 0x4ae <main+0x48>

            // Print ~20 Hz to not flood UART
            if (++decim >= 50) {
                decim = 0;

                uint16_t v_emf = (v_off <= (uint16_t)VCC_MV) ? (uint16_t)(VCC_MV - v_off) : 0;
     50c:	00 e0       	ldi	r16, 0x00	; 0
     50e:	10 e0       	ldi	r17, 0x00	; 0
     510:	ea cf       	rjmp	.-44     	; 0x4e6 <main+0x80>

00000512 <vfprintf>:
     512:	a0 e1       	ldi	r26, 0x10	; 16
     514:	b0 e0       	ldi	r27, 0x00	; 0
     516:	ef e8       	ldi	r30, 0x8F	; 143
     518:	f2 e0       	ldi	r31, 0x02	; 2
     51a:	0c 94 40 0b 	jmp	0x1680	; 0x1680 <__prologue_saves__>
     51e:	7c 01       	movw	r14, r24
     520:	1b 01       	movw	r2, r22
     522:	6a 01       	movw	r12, r20
     524:	fc 01       	movw	r30, r24
     526:	17 82       	std	Z+7, r1	; 0x07
     528:	16 82       	std	Z+6, r1	; 0x06
     52a:	83 81       	ldd	r24, Z+3	; 0x03
     52c:	81 ff       	sbrs	r24, 1
     52e:	44 c3       	rjmp	.+1672   	; 0xbb8 <__stack+0x2b9>
     530:	9e 01       	movw	r18, r28
     532:	2f 5f       	subi	r18, 0xFF	; 255
     534:	3f 4f       	sbci	r19, 0xFF	; 255
     536:	39 01       	movw	r6, r18
     538:	f7 01       	movw	r30, r14
     53a:	93 81       	ldd	r25, Z+3	; 0x03
     53c:	f1 01       	movw	r30, r2
     53e:	93 fd       	sbrc	r25, 3
     540:	85 91       	lpm	r24, Z+
     542:	93 ff       	sbrs	r25, 3
     544:	81 91       	ld	r24, Z+
     546:	1f 01       	movw	r2, r30
     548:	88 23       	and	r24, r24
     54a:	09 f4       	brne	.+2      	; 0x54e <vfprintf+0x3c>
     54c:	31 c3       	rjmp	.+1634   	; 0xbb0 <__stack+0x2b1>
     54e:	85 32       	cpi	r24, 0x25	; 37
     550:	39 f4       	brne	.+14     	; 0x560 <vfprintf+0x4e>
     552:	93 fd       	sbrc	r25, 3
     554:	85 91       	lpm	r24, Z+
     556:	93 ff       	sbrs	r25, 3
     558:	81 91       	ld	r24, Z+
     55a:	1f 01       	movw	r2, r30
     55c:	85 32       	cpi	r24, 0x25	; 37
     55e:	39 f4       	brne	.+14     	; 0x56e <vfprintf+0x5c>
     560:	b7 01       	movw	r22, r14
     562:	90 e0       	ldi	r25, 0x00	; 0
     564:	0e 94 e4 0c 	call	0x19c8	; 0x19c8 <fputc>
     568:	56 01       	movw	r10, r12
     56a:	65 01       	movw	r12, r10
     56c:	e5 cf       	rjmp	.-54     	; 0x538 <vfprintf+0x26>
     56e:	10 e0       	ldi	r17, 0x00	; 0
     570:	51 2c       	mov	r5, r1
     572:	91 2c       	mov	r9, r1
     574:	ff e1       	ldi	r31, 0x1F	; 31
     576:	f9 15       	cp	r31, r9
     578:	d8 f0       	brcs	.+54     	; 0x5b0 <vfprintf+0x9e>
     57a:	8b 32       	cpi	r24, 0x2B	; 43
     57c:	79 f0       	breq	.+30     	; 0x59c <vfprintf+0x8a>
     57e:	38 f4       	brcc	.+14     	; 0x58e <vfprintf+0x7c>
     580:	80 32       	cpi	r24, 0x20	; 32
     582:	79 f0       	breq	.+30     	; 0x5a2 <vfprintf+0x90>
     584:	83 32       	cpi	r24, 0x23	; 35
     586:	a1 f4       	brne	.+40     	; 0x5b0 <vfprintf+0x9e>
     588:	f9 2d       	mov	r31, r9
     58a:	f0 61       	ori	r31, 0x10	; 16
     58c:	2e c0       	rjmp	.+92     	; 0x5ea <vfprintf+0xd8>
     58e:	8d 32       	cpi	r24, 0x2D	; 45
     590:	61 f0       	breq	.+24     	; 0x5aa <vfprintf+0x98>
     592:	80 33       	cpi	r24, 0x30	; 48
     594:	69 f4       	brne	.+26     	; 0x5b0 <vfprintf+0x9e>
     596:	29 2d       	mov	r18, r9
     598:	21 60       	ori	r18, 0x01	; 1
     59a:	2d c0       	rjmp	.+90     	; 0x5f6 <vfprintf+0xe4>
     59c:	39 2d       	mov	r19, r9
     59e:	32 60       	ori	r19, 0x02	; 2
     5a0:	93 2e       	mov	r9, r19
     5a2:	89 2d       	mov	r24, r9
     5a4:	84 60       	ori	r24, 0x04	; 4
     5a6:	98 2e       	mov	r9, r24
     5a8:	2a c0       	rjmp	.+84     	; 0x5fe <vfprintf+0xec>
     5aa:	e9 2d       	mov	r30, r9
     5ac:	e8 60       	ori	r30, 0x08	; 8
     5ae:	15 c0       	rjmp	.+42     	; 0x5da <vfprintf+0xc8>
     5b0:	97 fc       	sbrc	r9, 7
     5b2:	2d c0       	rjmp	.+90     	; 0x60e <vfprintf+0xfc>
     5b4:	20 ed       	ldi	r18, 0xD0	; 208
     5b6:	28 0f       	add	r18, r24
     5b8:	2a 30       	cpi	r18, 0x0A	; 10
     5ba:	88 f4       	brcc	.+34     	; 0x5de <vfprintf+0xcc>
     5bc:	96 fe       	sbrs	r9, 6
     5be:	06 c0       	rjmp	.+12     	; 0x5cc <vfprintf+0xba>
     5c0:	3a e0       	ldi	r19, 0x0A	; 10
     5c2:	13 9f       	mul	r17, r19
     5c4:	20 0d       	add	r18, r0
     5c6:	11 24       	eor	r1, r1
     5c8:	12 2f       	mov	r17, r18
     5ca:	19 c0       	rjmp	.+50     	; 0x5fe <vfprintf+0xec>
     5cc:	8a e0       	ldi	r24, 0x0A	; 10
     5ce:	58 9e       	mul	r5, r24
     5d0:	20 0d       	add	r18, r0
     5d2:	11 24       	eor	r1, r1
     5d4:	52 2e       	mov	r5, r18
     5d6:	e9 2d       	mov	r30, r9
     5d8:	e0 62       	ori	r30, 0x20	; 32
     5da:	9e 2e       	mov	r9, r30
     5dc:	10 c0       	rjmp	.+32     	; 0x5fe <vfprintf+0xec>
     5de:	8e 32       	cpi	r24, 0x2E	; 46
     5e0:	31 f4       	brne	.+12     	; 0x5ee <vfprintf+0xdc>
     5e2:	96 fc       	sbrc	r9, 6
     5e4:	e5 c2       	rjmp	.+1482   	; 0xbb0 <__stack+0x2b1>
     5e6:	f9 2d       	mov	r31, r9
     5e8:	f0 64       	ori	r31, 0x40	; 64
     5ea:	9f 2e       	mov	r9, r31
     5ec:	08 c0       	rjmp	.+16     	; 0x5fe <vfprintf+0xec>
     5ee:	8c 36       	cpi	r24, 0x6C	; 108
     5f0:	21 f4       	brne	.+8      	; 0x5fa <vfprintf+0xe8>
     5f2:	29 2d       	mov	r18, r9
     5f4:	20 68       	ori	r18, 0x80	; 128
     5f6:	92 2e       	mov	r9, r18
     5f8:	02 c0       	rjmp	.+4      	; 0x5fe <vfprintf+0xec>
     5fa:	88 36       	cpi	r24, 0x68	; 104
     5fc:	41 f4       	brne	.+16     	; 0x60e <vfprintf+0xfc>
     5fe:	f1 01       	movw	r30, r2
     600:	93 fd       	sbrc	r25, 3
     602:	85 91       	lpm	r24, Z+
     604:	93 ff       	sbrs	r25, 3
     606:	81 91       	ld	r24, Z+
     608:	1f 01       	movw	r2, r30
     60a:	81 11       	cpse	r24, r1
     60c:	b3 cf       	rjmp	.-154    	; 0x574 <vfprintf+0x62>
     60e:	9b eb       	ldi	r25, 0xBB	; 187
     610:	98 0f       	add	r25, r24
     612:	93 30       	cpi	r25, 0x03	; 3
     614:	20 f4       	brcc	.+8      	; 0x61e <vfprintf+0x10c>
     616:	99 2d       	mov	r25, r9
     618:	90 61       	ori	r25, 0x10	; 16
     61a:	80 5e       	subi	r24, 0xE0	; 224
     61c:	07 c0       	rjmp	.+14     	; 0x62c <vfprintf+0x11a>
     61e:	9b e9       	ldi	r25, 0x9B	; 155
     620:	98 0f       	add	r25, r24
     622:	93 30       	cpi	r25, 0x03	; 3
     624:	08 f0       	brcs	.+2      	; 0x628 <vfprintf+0x116>
     626:	66 c1       	rjmp	.+716    	; 0x8f4 <__DATA_REGION_LENGTH__+0xf4>
     628:	99 2d       	mov	r25, r9
     62a:	9f 7e       	andi	r25, 0xEF	; 239
     62c:	96 ff       	sbrs	r25, 6
     62e:	16 e0       	ldi	r17, 0x06	; 6
     630:	9f 73       	andi	r25, 0x3F	; 63
     632:	99 2e       	mov	r9, r25
     634:	85 36       	cpi	r24, 0x65	; 101
     636:	19 f4       	brne	.+6      	; 0x63e <vfprintf+0x12c>
     638:	90 64       	ori	r25, 0x40	; 64
     63a:	99 2e       	mov	r9, r25
     63c:	08 c0       	rjmp	.+16     	; 0x64e <vfprintf+0x13c>
     63e:	86 36       	cpi	r24, 0x66	; 102
     640:	21 f4       	brne	.+8      	; 0x64a <vfprintf+0x138>
     642:	39 2f       	mov	r19, r25
     644:	30 68       	ori	r19, 0x80	; 128
     646:	93 2e       	mov	r9, r19
     648:	02 c0       	rjmp	.+4      	; 0x64e <vfprintf+0x13c>
     64a:	11 11       	cpse	r17, r1
     64c:	11 50       	subi	r17, 0x01	; 1
     64e:	97 fe       	sbrs	r9, 7
     650:	07 c0       	rjmp	.+14     	; 0x660 <vfprintf+0x14e>
     652:	1c 33       	cpi	r17, 0x3C	; 60
     654:	50 f4       	brcc	.+20     	; 0x66a <vfprintf+0x158>
     656:	44 24       	eor	r4, r4
     658:	43 94       	inc	r4
     65a:	41 0e       	add	r4, r17
     65c:	27 e0       	ldi	r18, 0x07	; 7
     65e:	0b c0       	rjmp	.+22     	; 0x676 <vfprintf+0x164>
     660:	18 30       	cpi	r17, 0x08	; 8
     662:	38 f0       	brcs	.+14     	; 0x672 <vfprintf+0x160>
     664:	27 e0       	ldi	r18, 0x07	; 7
     666:	17 e0       	ldi	r17, 0x07	; 7
     668:	05 c0       	rjmp	.+10     	; 0x674 <vfprintf+0x162>
     66a:	27 e0       	ldi	r18, 0x07	; 7
     66c:	9c e3       	ldi	r25, 0x3C	; 60
     66e:	49 2e       	mov	r4, r25
     670:	02 c0       	rjmp	.+4      	; 0x676 <vfprintf+0x164>
     672:	21 2f       	mov	r18, r17
     674:	41 2c       	mov	r4, r1
     676:	56 01       	movw	r10, r12
     678:	84 e0       	ldi	r24, 0x04	; 4
     67a:	a8 0e       	add	r10, r24
     67c:	b1 1c       	adc	r11, r1
     67e:	f6 01       	movw	r30, r12
     680:	60 81       	ld	r22, Z
     682:	71 81       	ldd	r23, Z+1	; 0x01
     684:	82 81       	ldd	r24, Z+2	; 0x02
     686:	93 81       	ldd	r25, Z+3	; 0x03
     688:	04 2d       	mov	r16, r4
     68a:	a3 01       	movw	r20, r6
     68c:	0e 94 77 0b 	call	0x16ee	; 0x16ee <__ftoa_engine>
     690:	6c 01       	movw	r12, r24
     692:	f9 81       	ldd	r31, Y+1	; 0x01
     694:	fc 87       	std	Y+12, r31	; 0x0c
     696:	f0 ff       	sbrs	r31, 0
     698:	02 c0       	rjmp	.+4      	; 0x69e <vfprintf+0x18c>
     69a:	f3 ff       	sbrs	r31, 3
     69c:	06 c0       	rjmp	.+12     	; 0x6aa <vfprintf+0x198>
     69e:	91 fc       	sbrc	r9, 1
     6a0:	06 c0       	rjmp	.+12     	; 0x6ae <vfprintf+0x19c>
     6a2:	92 fe       	sbrs	r9, 2
     6a4:	06 c0       	rjmp	.+12     	; 0x6b2 <vfprintf+0x1a0>
     6a6:	00 e2       	ldi	r16, 0x20	; 32
     6a8:	05 c0       	rjmp	.+10     	; 0x6b4 <vfprintf+0x1a2>
     6aa:	0d e2       	ldi	r16, 0x2D	; 45
     6ac:	03 c0       	rjmp	.+6      	; 0x6b4 <vfprintf+0x1a2>
     6ae:	0b e2       	ldi	r16, 0x2B	; 43
     6b0:	01 c0       	rjmp	.+2      	; 0x6b4 <vfprintf+0x1a2>
     6b2:	00 e0       	ldi	r16, 0x00	; 0
     6b4:	8c 85       	ldd	r24, Y+12	; 0x0c
     6b6:	8c 70       	andi	r24, 0x0C	; 12
     6b8:	19 f0       	breq	.+6      	; 0x6c0 <vfprintf+0x1ae>
     6ba:	01 11       	cpse	r16, r1
     6bc:	5a c2       	rjmp	.+1204   	; 0xb72 <__stack+0x273>
     6be:	9b c2       	rjmp	.+1334   	; 0xbf6 <__stack+0x2f7>
     6c0:	97 fe       	sbrs	r9, 7
     6c2:	10 c0       	rjmp	.+32     	; 0x6e4 <vfprintf+0x1d2>
     6c4:	4c 0c       	add	r4, r12
     6c6:	fc 85       	ldd	r31, Y+12	; 0x0c
     6c8:	f4 ff       	sbrs	r31, 4
     6ca:	04 c0       	rjmp	.+8      	; 0x6d4 <vfprintf+0x1c2>
     6cc:	8a 81       	ldd	r24, Y+2	; 0x02
     6ce:	81 33       	cpi	r24, 0x31	; 49
     6d0:	09 f4       	brne	.+2      	; 0x6d4 <vfprintf+0x1c2>
     6d2:	4a 94       	dec	r4
     6d4:	14 14       	cp	r1, r4
     6d6:	74 f5       	brge	.+92     	; 0x734 <vfprintf+0x222>
     6d8:	28 e0       	ldi	r18, 0x08	; 8
     6da:	24 15       	cp	r18, r4
     6dc:	78 f5       	brcc	.+94     	; 0x73c <vfprintf+0x22a>
     6de:	88 e0       	ldi	r24, 0x08	; 8
     6e0:	48 2e       	mov	r4, r24
     6e2:	2c c0       	rjmp	.+88     	; 0x73c <vfprintf+0x22a>
     6e4:	96 fc       	sbrc	r9, 6
     6e6:	2a c0       	rjmp	.+84     	; 0x73c <vfprintf+0x22a>
     6e8:	81 2f       	mov	r24, r17
     6ea:	90 e0       	ldi	r25, 0x00	; 0
     6ec:	8c 15       	cp	r24, r12
     6ee:	9d 05       	cpc	r25, r13
     6f0:	9c f0       	brlt	.+38     	; 0x718 <vfprintf+0x206>
     6f2:	3c ef       	ldi	r19, 0xFC	; 252
     6f4:	c3 16       	cp	r12, r19
     6f6:	3f ef       	ldi	r19, 0xFF	; 255
     6f8:	d3 06       	cpc	r13, r19
     6fa:	74 f0       	brlt	.+28     	; 0x718 <vfprintf+0x206>
     6fc:	89 2d       	mov	r24, r9
     6fe:	80 68       	ori	r24, 0x80	; 128
     700:	98 2e       	mov	r9, r24
     702:	0a c0       	rjmp	.+20     	; 0x718 <vfprintf+0x206>
     704:	e2 e0       	ldi	r30, 0x02	; 2
     706:	f0 e0       	ldi	r31, 0x00	; 0
     708:	ec 0f       	add	r30, r28
     70a:	fd 1f       	adc	r31, r29
     70c:	e1 0f       	add	r30, r17
     70e:	f1 1d       	adc	r31, r1
     710:	80 81       	ld	r24, Z
     712:	80 33       	cpi	r24, 0x30	; 48
     714:	19 f4       	brne	.+6      	; 0x71c <vfprintf+0x20a>
     716:	11 50       	subi	r17, 0x01	; 1
     718:	11 11       	cpse	r17, r1
     71a:	f4 cf       	rjmp	.-24     	; 0x704 <vfprintf+0x1f2>
     71c:	97 fe       	sbrs	r9, 7
     71e:	0e c0       	rjmp	.+28     	; 0x73c <vfprintf+0x22a>
     720:	44 24       	eor	r4, r4
     722:	43 94       	inc	r4
     724:	41 0e       	add	r4, r17
     726:	81 2f       	mov	r24, r17
     728:	90 e0       	ldi	r25, 0x00	; 0
     72a:	c8 16       	cp	r12, r24
     72c:	d9 06       	cpc	r13, r25
     72e:	2c f4       	brge	.+10     	; 0x73a <vfprintf+0x228>
     730:	1c 19       	sub	r17, r12
     732:	04 c0       	rjmp	.+8      	; 0x73c <vfprintf+0x22a>
     734:	44 24       	eor	r4, r4
     736:	43 94       	inc	r4
     738:	01 c0       	rjmp	.+2      	; 0x73c <vfprintf+0x22a>
     73a:	10 e0       	ldi	r17, 0x00	; 0
     73c:	97 fe       	sbrs	r9, 7
     73e:	06 c0       	rjmp	.+12     	; 0x74c <vfprintf+0x23a>
     740:	1c 14       	cp	r1, r12
     742:	1d 04       	cpc	r1, r13
     744:	34 f4       	brge	.+12     	; 0x752 <vfprintf+0x240>
     746:	c6 01       	movw	r24, r12
     748:	01 96       	adiw	r24, 0x01	; 1
     74a:	05 c0       	rjmp	.+10     	; 0x756 <vfprintf+0x244>
     74c:	85 e0       	ldi	r24, 0x05	; 5
     74e:	90 e0       	ldi	r25, 0x00	; 0
     750:	02 c0       	rjmp	.+4      	; 0x756 <vfprintf+0x244>
     752:	81 e0       	ldi	r24, 0x01	; 1
     754:	90 e0       	ldi	r25, 0x00	; 0
     756:	01 11       	cpse	r16, r1
     758:	01 96       	adiw	r24, 0x01	; 1
     75a:	11 23       	and	r17, r17
     75c:	31 f0       	breq	.+12     	; 0x76a <vfprintf+0x258>
     75e:	21 2f       	mov	r18, r17
     760:	30 e0       	ldi	r19, 0x00	; 0
     762:	2f 5f       	subi	r18, 0xFF	; 255
     764:	3f 4f       	sbci	r19, 0xFF	; 255
     766:	82 0f       	add	r24, r18
     768:	93 1f       	adc	r25, r19
     76a:	25 2d       	mov	r18, r5
     76c:	30 e0       	ldi	r19, 0x00	; 0
     76e:	82 17       	cp	r24, r18
     770:	93 07       	cpc	r25, r19
     772:	14 f4       	brge	.+4      	; 0x778 <vfprintf+0x266>
     774:	58 1a       	sub	r5, r24
     776:	01 c0       	rjmp	.+2      	; 0x77a <vfprintf+0x268>
     778:	51 2c       	mov	r5, r1
     77a:	89 2d       	mov	r24, r9
     77c:	89 70       	andi	r24, 0x09	; 9
     77e:	49 f4       	brne	.+18     	; 0x792 <vfprintf+0x280>
     780:	55 20       	and	r5, r5
     782:	39 f0       	breq	.+14     	; 0x792 <vfprintf+0x280>
     784:	b7 01       	movw	r22, r14
     786:	80 e2       	ldi	r24, 0x20	; 32
     788:	90 e0       	ldi	r25, 0x00	; 0
     78a:	0e 94 e4 0c 	call	0x19c8	; 0x19c8 <fputc>
     78e:	5a 94       	dec	r5
     790:	f7 cf       	rjmp	.-18     	; 0x780 <vfprintf+0x26e>
     792:	00 23       	and	r16, r16
     794:	29 f0       	breq	.+10     	; 0x7a0 <vfprintf+0x28e>
     796:	b7 01       	movw	r22, r14
     798:	80 2f       	mov	r24, r16
     79a:	90 e0       	ldi	r25, 0x00	; 0
     79c:	0e 94 e4 0c 	call	0x19c8	; 0x19c8 <fputc>
     7a0:	93 fc       	sbrc	r9, 3
     7a2:	09 c0       	rjmp	.+18     	; 0x7b6 <vfprintf+0x2a4>
     7a4:	55 20       	and	r5, r5
     7a6:	39 f0       	breq	.+14     	; 0x7b6 <vfprintf+0x2a4>
     7a8:	b7 01       	movw	r22, r14
     7aa:	80 e3       	ldi	r24, 0x30	; 48
     7ac:	90 e0       	ldi	r25, 0x00	; 0
     7ae:	0e 94 e4 0c 	call	0x19c8	; 0x19c8 <fputc>
     7b2:	5a 94       	dec	r5
     7b4:	f7 cf       	rjmp	.-18     	; 0x7a4 <vfprintf+0x292>
     7b6:	97 fe       	sbrs	r9, 7
     7b8:	4c c0       	rjmp	.+152    	; 0x852 <__DATA_REGION_LENGTH__+0x52>
     7ba:	46 01       	movw	r8, r12
     7bc:	d7 fe       	sbrs	r13, 7
     7be:	02 c0       	rjmp	.+4      	; 0x7c4 <vfprintf+0x2b2>
     7c0:	81 2c       	mov	r8, r1
     7c2:	91 2c       	mov	r9, r1
     7c4:	c6 01       	movw	r24, r12
     7c6:	88 19       	sub	r24, r8
     7c8:	99 09       	sbc	r25, r9
     7ca:	f3 01       	movw	r30, r6
     7cc:	e8 0f       	add	r30, r24
     7ce:	f9 1f       	adc	r31, r25
     7d0:	fe 87       	std	Y+14, r31	; 0x0e
     7d2:	ed 87       	std	Y+13, r30	; 0x0d
     7d4:	96 01       	movw	r18, r12
     7d6:	24 19       	sub	r18, r4
     7d8:	31 09       	sbc	r19, r1
     7da:	38 8b       	std	Y+16, r19	; 0x10
     7dc:	2f 87       	std	Y+15, r18	; 0x0f
     7de:	01 2f       	mov	r16, r17
     7e0:	10 e0       	ldi	r17, 0x00	; 0
     7e2:	11 95       	neg	r17
     7e4:	01 95       	neg	r16
     7e6:	11 09       	sbc	r17, r1
     7e8:	3f ef       	ldi	r19, 0xFF	; 255
     7ea:	83 16       	cp	r8, r19
     7ec:	93 06       	cpc	r9, r19
     7ee:	29 f4       	brne	.+10     	; 0x7fa <vfprintf+0x2e8>
     7f0:	b7 01       	movw	r22, r14
     7f2:	8e e2       	ldi	r24, 0x2E	; 46
     7f4:	90 e0       	ldi	r25, 0x00	; 0
     7f6:	0e 94 e4 0c 	call	0x19c8	; 0x19c8 <fputc>
     7fa:	c8 14       	cp	r12, r8
     7fc:	d9 04       	cpc	r13, r9
     7fe:	4c f0       	brlt	.+18     	; 0x812 <__DATA_REGION_LENGTH__+0x12>
     800:	8f 85       	ldd	r24, Y+15	; 0x0f
     802:	98 89       	ldd	r25, Y+16	; 0x10
     804:	88 15       	cp	r24, r8
     806:	99 05       	cpc	r25, r9
     808:	24 f4       	brge	.+8      	; 0x812 <__DATA_REGION_LENGTH__+0x12>
     80a:	ed 85       	ldd	r30, Y+13	; 0x0d
     80c:	fe 85       	ldd	r31, Y+14	; 0x0e
     80e:	81 81       	ldd	r24, Z+1	; 0x01
     810:	01 c0       	rjmp	.+2      	; 0x814 <__DATA_REGION_LENGTH__+0x14>
     812:	80 e3       	ldi	r24, 0x30	; 48
     814:	f1 e0       	ldi	r31, 0x01	; 1
     816:	8f 1a       	sub	r8, r31
     818:	91 08       	sbc	r9, r1
     81a:	2d 85       	ldd	r18, Y+13	; 0x0d
     81c:	3e 85       	ldd	r19, Y+14	; 0x0e
     81e:	2f 5f       	subi	r18, 0xFF	; 255
     820:	3f 4f       	sbci	r19, 0xFF	; 255
     822:	3e 87       	std	Y+14, r19	; 0x0e
     824:	2d 87       	std	Y+13, r18	; 0x0d
     826:	80 16       	cp	r8, r16
     828:	91 06       	cpc	r9, r17
     82a:	2c f0       	brlt	.+10     	; 0x836 <__DATA_REGION_LENGTH__+0x36>
     82c:	b7 01       	movw	r22, r14
     82e:	90 e0       	ldi	r25, 0x00	; 0
     830:	0e 94 e4 0c 	call	0x19c8	; 0x19c8 <fputc>
     834:	d9 cf       	rjmp	.-78     	; 0x7e8 <vfprintf+0x2d6>
     836:	c8 14       	cp	r12, r8
     838:	d9 04       	cpc	r13, r9
     83a:	41 f4       	brne	.+16     	; 0x84c <__DATA_REGION_LENGTH__+0x4c>
     83c:	9a 81       	ldd	r25, Y+2	; 0x02
     83e:	96 33       	cpi	r25, 0x36	; 54
     840:	20 f4       	brcc	.+8      	; 0x84a <__DATA_REGION_LENGTH__+0x4a>
     842:	95 33       	cpi	r25, 0x35	; 53
     844:	19 f4       	brne	.+6      	; 0x84c <__DATA_REGION_LENGTH__+0x4c>
     846:	3c 85       	ldd	r19, Y+12	; 0x0c
     848:	34 ff       	sbrs	r19, 4
     84a:	81 e3       	ldi	r24, 0x31	; 49
     84c:	b7 01       	movw	r22, r14
     84e:	90 e0       	ldi	r25, 0x00	; 0
     850:	4e c0       	rjmp	.+156    	; 0x8ee <__DATA_REGION_LENGTH__+0xee>
     852:	8a 81       	ldd	r24, Y+2	; 0x02
     854:	81 33       	cpi	r24, 0x31	; 49
     856:	19 f0       	breq	.+6      	; 0x85e <__DATA_REGION_LENGTH__+0x5e>
     858:	9c 85       	ldd	r25, Y+12	; 0x0c
     85a:	9f 7e       	andi	r25, 0xEF	; 239
     85c:	9c 87       	std	Y+12, r25	; 0x0c
     85e:	b7 01       	movw	r22, r14
     860:	90 e0       	ldi	r25, 0x00	; 0
     862:	0e 94 e4 0c 	call	0x19c8	; 0x19c8 <fputc>
     866:	11 11       	cpse	r17, r1
     868:	05 c0       	rjmp	.+10     	; 0x874 <__DATA_REGION_LENGTH__+0x74>
     86a:	94 fc       	sbrc	r9, 4
     86c:	18 c0       	rjmp	.+48     	; 0x89e <__DATA_REGION_LENGTH__+0x9e>
     86e:	85 e6       	ldi	r24, 0x65	; 101
     870:	90 e0       	ldi	r25, 0x00	; 0
     872:	17 c0       	rjmp	.+46     	; 0x8a2 <__DATA_REGION_LENGTH__+0xa2>
     874:	b7 01       	movw	r22, r14
     876:	8e e2       	ldi	r24, 0x2E	; 46
     878:	90 e0       	ldi	r25, 0x00	; 0
     87a:	0e 94 e4 0c 	call	0x19c8	; 0x19c8 <fputc>
     87e:	1e 5f       	subi	r17, 0xFE	; 254
     880:	82 e0       	ldi	r24, 0x02	; 2
     882:	01 e0       	ldi	r16, 0x01	; 1
     884:	08 0f       	add	r16, r24
     886:	f3 01       	movw	r30, r6
     888:	e8 0f       	add	r30, r24
     88a:	f1 1d       	adc	r31, r1
     88c:	80 81       	ld	r24, Z
     88e:	b7 01       	movw	r22, r14
     890:	90 e0       	ldi	r25, 0x00	; 0
     892:	0e 94 e4 0c 	call	0x19c8	; 0x19c8 <fputc>
     896:	80 2f       	mov	r24, r16
     898:	01 13       	cpse	r16, r17
     89a:	f3 cf       	rjmp	.-26     	; 0x882 <__DATA_REGION_LENGTH__+0x82>
     89c:	e6 cf       	rjmp	.-52     	; 0x86a <__DATA_REGION_LENGTH__+0x6a>
     89e:	85 e4       	ldi	r24, 0x45	; 69
     8a0:	90 e0       	ldi	r25, 0x00	; 0
     8a2:	b7 01       	movw	r22, r14
     8a4:	0e 94 e4 0c 	call	0x19c8	; 0x19c8 <fputc>
     8a8:	d7 fc       	sbrc	r13, 7
     8aa:	06 c0       	rjmp	.+12     	; 0x8b8 <__DATA_REGION_LENGTH__+0xb8>
     8ac:	c1 14       	cp	r12, r1
     8ae:	d1 04       	cpc	r13, r1
     8b0:	41 f4       	brne	.+16     	; 0x8c2 <__DATA_REGION_LENGTH__+0xc2>
     8b2:	ec 85       	ldd	r30, Y+12	; 0x0c
     8b4:	e4 ff       	sbrs	r30, 4
     8b6:	05 c0       	rjmp	.+10     	; 0x8c2 <__DATA_REGION_LENGTH__+0xc2>
     8b8:	d1 94       	neg	r13
     8ba:	c1 94       	neg	r12
     8bc:	d1 08       	sbc	r13, r1
     8be:	8d e2       	ldi	r24, 0x2D	; 45
     8c0:	01 c0       	rjmp	.+2      	; 0x8c4 <__DATA_REGION_LENGTH__+0xc4>
     8c2:	8b e2       	ldi	r24, 0x2B	; 43
     8c4:	b7 01       	movw	r22, r14
     8c6:	90 e0       	ldi	r25, 0x00	; 0
     8c8:	0e 94 e4 0c 	call	0x19c8	; 0x19c8 <fputc>
     8cc:	80 e3       	ldi	r24, 0x30	; 48
     8ce:	2a e0       	ldi	r18, 0x0A	; 10
     8d0:	c2 16       	cp	r12, r18
     8d2:	d1 04       	cpc	r13, r1
     8d4:	2c f0       	brlt	.+10     	; 0x8e0 <__DATA_REGION_LENGTH__+0xe0>
     8d6:	8f 5f       	subi	r24, 0xFF	; 255
     8d8:	fa e0       	ldi	r31, 0x0A	; 10
     8da:	cf 1a       	sub	r12, r31
     8dc:	d1 08       	sbc	r13, r1
     8de:	f7 cf       	rjmp	.-18     	; 0x8ce <__DATA_REGION_LENGTH__+0xce>
     8e0:	b7 01       	movw	r22, r14
     8e2:	90 e0       	ldi	r25, 0x00	; 0
     8e4:	0e 94 e4 0c 	call	0x19c8	; 0x19c8 <fputc>
     8e8:	b7 01       	movw	r22, r14
     8ea:	c6 01       	movw	r24, r12
     8ec:	c0 96       	adiw	r24, 0x30	; 48
     8ee:	0e 94 e4 0c 	call	0x19c8	; 0x19c8 <fputc>
     8f2:	54 c1       	rjmp	.+680    	; 0xb9c <__stack+0x29d>
     8f4:	83 36       	cpi	r24, 0x63	; 99
     8f6:	31 f0       	breq	.+12     	; 0x904 <__stack+0x5>
     8f8:	83 37       	cpi	r24, 0x73	; 115
     8fa:	79 f0       	breq	.+30     	; 0x91a <__stack+0x1b>
     8fc:	83 35       	cpi	r24, 0x53	; 83
     8fe:	09 f0       	breq	.+2      	; 0x902 <__stack+0x3>
     900:	56 c0       	rjmp	.+172    	; 0x9ae <__stack+0xaf>
     902:	20 c0       	rjmp	.+64     	; 0x944 <__stack+0x45>
     904:	56 01       	movw	r10, r12
     906:	32 e0       	ldi	r19, 0x02	; 2
     908:	a3 0e       	add	r10, r19
     90a:	b1 1c       	adc	r11, r1
     90c:	f6 01       	movw	r30, r12
     90e:	80 81       	ld	r24, Z
     910:	89 83       	std	Y+1, r24	; 0x01
     912:	01 e0       	ldi	r16, 0x01	; 1
     914:	10 e0       	ldi	r17, 0x00	; 0
     916:	63 01       	movw	r12, r6
     918:	12 c0       	rjmp	.+36     	; 0x93e <__stack+0x3f>
     91a:	56 01       	movw	r10, r12
     91c:	f2 e0       	ldi	r31, 0x02	; 2
     91e:	af 0e       	add	r10, r31
     920:	b1 1c       	adc	r11, r1
     922:	f6 01       	movw	r30, r12
     924:	c0 80       	ld	r12, Z
     926:	d1 80       	ldd	r13, Z+1	; 0x01
     928:	96 fe       	sbrs	r9, 6
     92a:	03 c0       	rjmp	.+6      	; 0x932 <__stack+0x33>
     92c:	61 2f       	mov	r22, r17
     92e:	70 e0       	ldi	r23, 0x00	; 0
     930:	02 c0       	rjmp	.+4      	; 0x936 <__stack+0x37>
     932:	6f ef       	ldi	r22, 0xFF	; 255
     934:	7f ef       	ldi	r23, 0xFF	; 255
     936:	c6 01       	movw	r24, r12
     938:	0e 94 76 0c 	call	0x18ec	; 0x18ec <strnlen>
     93c:	8c 01       	movw	r16, r24
     93e:	f9 2d       	mov	r31, r9
     940:	ff 77       	andi	r31, 0x7F	; 127
     942:	14 c0       	rjmp	.+40     	; 0x96c <__stack+0x6d>
     944:	56 01       	movw	r10, r12
     946:	22 e0       	ldi	r18, 0x02	; 2
     948:	a2 0e       	add	r10, r18
     94a:	b1 1c       	adc	r11, r1
     94c:	f6 01       	movw	r30, r12
     94e:	c0 80       	ld	r12, Z
     950:	d1 80       	ldd	r13, Z+1	; 0x01
     952:	96 fe       	sbrs	r9, 6
     954:	03 c0       	rjmp	.+6      	; 0x95c <__stack+0x5d>
     956:	61 2f       	mov	r22, r17
     958:	70 e0       	ldi	r23, 0x00	; 0
     95a:	02 c0       	rjmp	.+4      	; 0x960 <__stack+0x61>
     95c:	6f ef       	ldi	r22, 0xFF	; 255
     95e:	7f ef       	ldi	r23, 0xFF	; 255
     960:	c6 01       	movw	r24, r12
     962:	0e 94 6b 0c 	call	0x18d6	; 0x18d6 <strnlen_P>
     966:	8c 01       	movw	r16, r24
     968:	f9 2d       	mov	r31, r9
     96a:	f0 68       	ori	r31, 0x80	; 128
     96c:	9f 2e       	mov	r9, r31
     96e:	f3 fd       	sbrc	r31, 3
     970:	1a c0       	rjmp	.+52     	; 0x9a6 <__stack+0xa7>
     972:	85 2d       	mov	r24, r5
     974:	90 e0       	ldi	r25, 0x00	; 0
     976:	08 17       	cp	r16, r24
     978:	19 07       	cpc	r17, r25
     97a:	a8 f4       	brcc	.+42     	; 0x9a6 <__stack+0xa7>
     97c:	b7 01       	movw	r22, r14
     97e:	80 e2       	ldi	r24, 0x20	; 32
     980:	90 e0       	ldi	r25, 0x00	; 0
     982:	0e 94 e4 0c 	call	0x19c8	; 0x19c8 <fputc>
     986:	5a 94       	dec	r5
     988:	f4 cf       	rjmp	.-24     	; 0x972 <__stack+0x73>
     98a:	f6 01       	movw	r30, r12
     98c:	97 fc       	sbrc	r9, 7
     98e:	85 91       	lpm	r24, Z+
     990:	97 fe       	sbrs	r9, 7
     992:	81 91       	ld	r24, Z+
     994:	6f 01       	movw	r12, r30
     996:	b7 01       	movw	r22, r14
     998:	90 e0       	ldi	r25, 0x00	; 0
     99a:	0e 94 e4 0c 	call	0x19c8	; 0x19c8 <fputc>
     99e:	51 10       	cpse	r5, r1
     9a0:	5a 94       	dec	r5
     9a2:	01 50       	subi	r16, 0x01	; 1
     9a4:	11 09       	sbc	r17, r1
     9a6:	01 15       	cp	r16, r1
     9a8:	11 05       	cpc	r17, r1
     9aa:	79 f7       	brne	.-34     	; 0x98a <__stack+0x8b>
     9ac:	f7 c0       	rjmp	.+494    	; 0xb9c <__stack+0x29d>
     9ae:	84 36       	cpi	r24, 0x64	; 100
     9b0:	11 f0       	breq	.+4      	; 0x9b6 <__stack+0xb7>
     9b2:	89 36       	cpi	r24, 0x69	; 105
     9b4:	61 f5       	brne	.+88     	; 0xa0e <__stack+0x10f>
     9b6:	56 01       	movw	r10, r12
     9b8:	97 fe       	sbrs	r9, 7
     9ba:	09 c0       	rjmp	.+18     	; 0x9ce <__stack+0xcf>
     9bc:	24 e0       	ldi	r18, 0x04	; 4
     9be:	a2 0e       	add	r10, r18
     9c0:	b1 1c       	adc	r11, r1
     9c2:	f6 01       	movw	r30, r12
     9c4:	60 81       	ld	r22, Z
     9c6:	71 81       	ldd	r23, Z+1	; 0x01
     9c8:	82 81       	ldd	r24, Z+2	; 0x02
     9ca:	93 81       	ldd	r25, Z+3	; 0x03
     9cc:	0a c0       	rjmp	.+20     	; 0x9e2 <__stack+0xe3>
     9ce:	f2 e0       	ldi	r31, 0x02	; 2
     9d0:	af 0e       	add	r10, r31
     9d2:	b1 1c       	adc	r11, r1
     9d4:	f6 01       	movw	r30, r12
     9d6:	60 81       	ld	r22, Z
     9d8:	71 81       	ldd	r23, Z+1	; 0x01
     9da:	07 2e       	mov	r0, r23
     9dc:	00 0c       	add	r0, r0
     9de:	88 0b       	sbc	r24, r24
     9e0:	99 0b       	sbc	r25, r25
     9e2:	f9 2d       	mov	r31, r9
     9e4:	ff 76       	andi	r31, 0x6F	; 111
     9e6:	9f 2e       	mov	r9, r31
     9e8:	97 ff       	sbrs	r25, 7
     9ea:	09 c0       	rjmp	.+18     	; 0x9fe <__stack+0xff>
     9ec:	90 95       	com	r25
     9ee:	80 95       	com	r24
     9f0:	70 95       	com	r23
     9f2:	61 95       	neg	r22
     9f4:	7f 4f       	sbci	r23, 0xFF	; 255
     9f6:	8f 4f       	sbci	r24, 0xFF	; 255
     9f8:	9f 4f       	sbci	r25, 0xFF	; 255
     9fa:	f0 68       	ori	r31, 0x80	; 128
     9fc:	9f 2e       	mov	r9, r31
     9fe:	2a e0       	ldi	r18, 0x0A	; 10
     a00:	30 e0       	ldi	r19, 0x00	; 0
     a02:	a3 01       	movw	r20, r6
     a04:	0e 94 39 0d 	call	0x1a72	; 0x1a72 <__ultoa_invert>
     a08:	c8 2e       	mov	r12, r24
     a0a:	c6 18       	sub	r12, r6
     a0c:	3f c0       	rjmp	.+126    	; 0xa8c <__stack+0x18d>
     a0e:	09 2d       	mov	r16, r9
     a10:	85 37       	cpi	r24, 0x75	; 117
     a12:	21 f4       	brne	.+8      	; 0xa1c <__stack+0x11d>
     a14:	0f 7e       	andi	r16, 0xEF	; 239
     a16:	2a e0       	ldi	r18, 0x0A	; 10
     a18:	30 e0       	ldi	r19, 0x00	; 0
     a1a:	1d c0       	rjmp	.+58     	; 0xa56 <__stack+0x157>
     a1c:	09 7f       	andi	r16, 0xF9	; 249
     a1e:	8f 36       	cpi	r24, 0x6F	; 111
     a20:	91 f0       	breq	.+36     	; 0xa46 <__stack+0x147>
     a22:	18 f4       	brcc	.+6      	; 0xa2a <__stack+0x12b>
     a24:	88 35       	cpi	r24, 0x58	; 88
     a26:	59 f0       	breq	.+22     	; 0xa3e <__stack+0x13f>
     a28:	c3 c0       	rjmp	.+390    	; 0xbb0 <__stack+0x2b1>
     a2a:	80 37       	cpi	r24, 0x70	; 112
     a2c:	19 f0       	breq	.+6      	; 0xa34 <__stack+0x135>
     a2e:	88 37       	cpi	r24, 0x78	; 120
     a30:	11 f0       	breq	.+4      	; 0xa36 <__stack+0x137>
     a32:	be c0       	rjmp	.+380    	; 0xbb0 <__stack+0x2b1>
     a34:	00 61       	ori	r16, 0x10	; 16
     a36:	04 ff       	sbrs	r16, 4
     a38:	09 c0       	rjmp	.+18     	; 0xa4c <__stack+0x14d>
     a3a:	04 60       	ori	r16, 0x04	; 4
     a3c:	07 c0       	rjmp	.+14     	; 0xa4c <__stack+0x14d>
     a3e:	94 fe       	sbrs	r9, 4
     a40:	08 c0       	rjmp	.+16     	; 0xa52 <__stack+0x153>
     a42:	06 60       	ori	r16, 0x06	; 6
     a44:	06 c0       	rjmp	.+12     	; 0xa52 <__stack+0x153>
     a46:	28 e0       	ldi	r18, 0x08	; 8
     a48:	30 e0       	ldi	r19, 0x00	; 0
     a4a:	05 c0       	rjmp	.+10     	; 0xa56 <__stack+0x157>
     a4c:	20 e1       	ldi	r18, 0x10	; 16
     a4e:	30 e0       	ldi	r19, 0x00	; 0
     a50:	02 c0       	rjmp	.+4      	; 0xa56 <__stack+0x157>
     a52:	20 e1       	ldi	r18, 0x10	; 16
     a54:	32 e0       	ldi	r19, 0x02	; 2
     a56:	56 01       	movw	r10, r12
     a58:	07 ff       	sbrs	r16, 7
     a5a:	09 c0       	rjmp	.+18     	; 0xa6e <__stack+0x16f>
     a5c:	84 e0       	ldi	r24, 0x04	; 4
     a5e:	a8 0e       	add	r10, r24
     a60:	b1 1c       	adc	r11, r1
     a62:	f6 01       	movw	r30, r12
     a64:	60 81       	ld	r22, Z
     a66:	71 81       	ldd	r23, Z+1	; 0x01
     a68:	82 81       	ldd	r24, Z+2	; 0x02
     a6a:	93 81       	ldd	r25, Z+3	; 0x03
     a6c:	08 c0       	rjmp	.+16     	; 0xa7e <__stack+0x17f>
     a6e:	f2 e0       	ldi	r31, 0x02	; 2
     a70:	af 0e       	add	r10, r31
     a72:	b1 1c       	adc	r11, r1
     a74:	f6 01       	movw	r30, r12
     a76:	60 81       	ld	r22, Z
     a78:	71 81       	ldd	r23, Z+1	; 0x01
     a7a:	80 e0       	ldi	r24, 0x00	; 0
     a7c:	90 e0       	ldi	r25, 0x00	; 0
     a7e:	a3 01       	movw	r20, r6
     a80:	0e 94 39 0d 	call	0x1a72	; 0x1a72 <__ultoa_invert>
     a84:	c8 2e       	mov	r12, r24
     a86:	c6 18       	sub	r12, r6
     a88:	0f 77       	andi	r16, 0x7F	; 127
     a8a:	90 2e       	mov	r9, r16
     a8c:	96 fe       	sbrs	r9, 6
     a8e:	0b c0       	rjmp	.+22     	; 0xaa6 <__stack+0x1a7>
     a90:	09 2d       	mov	r16, r9
     a92:	0e 7f       	andi	r16, 0xFE	; 254
     a94:	c1 16       	cp	r12, r17
     a96:	50 f4       	brcc	.+20     	; 0xaac <__stack+0x1ad>
     a98:	94 fe       	sbrs	r9, 4
     a9a:	0a c0       	rjmp	.+20     	; 0xab0 <__stack+0x1b1>
     a9c:	92 fc       	sbrc	r9, 2
     a9e:	08 c0       	rjmp	.+16     	; 0xab0 <__stack+0x1b1>
     aa0:	09 2d       	mov	r16, r9
     aa2:	0e 7e       	andi	r16, 0xEE	; 238
     aa4:	05 c0       	rjmp	.+10     	; 0xab0 <__stack+0x1b1>
     aa6:	dc 2c       	mov	r13, r12
     aa8:	09 2d       	mov	r16, r9
     aaa:	03 c0       	rjmp	.+6      	; 0xab2 <__stack+0x1b3>
     aac:	dc 2c       	mov	r13, r12
     aae:	01 c0       	rjmp	.+2      	; 0xab2 <__stack+0x1b3>
     ab0:	d1 2e       	mov	r13, r17
     ab2:	04 ff       	sbrs	r16, 4
     ab4:	0d c0       	rjmp	.+26     	; 0xad0 <__stack+0x1d1>
     ab6:	fe 01       	movw	r30, r28
     ab8:	ec 0d       	add	r30, r12
     aba:	f1 1d       	adc	r31, r1
     abc:	80 81       	ld	r24, Z
     abe:	80 33       	cpi	r24, 0x30	; 48
     ac0:	11 f4       	brne	.+4      	; 0xac6 <__stack+0x1c7>
     ac2:	09 7e       	andi	r16, 0xE9	; 233
     ac4:	09 c0       	rjmp	.+18     	; 0xad8 <__stack+0x1d9>
     ac6:	02 ff       	sbrs	r16, 2
     ac8:	06 c0       	rjmp	.+12     	; 0xad6 <__stack+0x1d7>
     aca:	d3 94       	inc	r13
     acc:	d3 94       	inc	r13
     ace:	04 c0       	rjmp	.+8      	; 0xad8 <__stack+0x1d9>
     ad0:	80 2f       	mov	r24, r16
     ad2:	86 78       	andi	r24, 0x86	; 134
     ad4:	09 f0       	breq	.+2      	; 0xad8 <__stack+0x1d9>
     ad6:	d3 94       	inc	r13
     ad8:	03 fd       	sbrc	r16, 3
     ada:	11 c0       	rjmp	.+34     	; 0xafe <__stack+0x1ff>
     adc:	00 ff       	sbrs	r16, 0
     ade:	06 c0       	rjmp	.+12     	; 0xaec <__stack+0x1ed>
     ae0:	1c 2d       	mov	r17, r12
     ae2:	d5 14       	cp	r13, r5
     ae4:	80 f4       	brcc	.+32     	; 0xb06 <__stack+0x207>
     ae6:	15 0d       	add	r17, r5
     ae8:	1d 19       	sub	r17, r13
     aea:	0d c0       	rjmp	.+26     	; 0xb06 <__stack+0x207>
     aec:	d5 14       	cp	r13, r5
     aee:	58 f4       	brcc	.+22     	; 0xb06 <__stack+0x207>
     af0:	b7 01       	movw	r22, r14
     af2:	80 e2       	ldi	r24, 0x20	; 32
     af4:	90 e0       	ldi	r25, 0x00	; 0
     af6:	0e 94 e4 0c 	call	0x19c8	; 0x19c8 <fputc>
     afa:	d3 94       	inc	r13
     afc:	f7 cf       	rjmp	.-18     	; 0xaec <__stack+0x1ed>
     afe:	d5 14       	cp	r13, r5
     b00:	10 f4       	brcc	.+4      	; 0xb06 <__stack+0x207>
     b02:	5d 18       	sub	r5, r13
     b04:	01 c0       	rjmp	.+2      	; 0xb08 <__stack+0x209>
     b06:	51 2c       	mov	r5, r1
     b08:	04 ff       	sbrs	r16, 4
     b0a:	10 c0       	rjmp	.+32     	; 0xb2c <__stack+0x22d>
     b0c:	b7 01       	movw	r22, r14
     b0e:	80 e3       	ldi	r24, 0x30	; 48
     b10:	90 e0       	ldi	r25, 0x00	; 0
     b12:	0e 94 e4 0c 	call	0x19c8	; 0x19c8 <fputc>
     b16:	02 ff       	sbrs	r16, 2
     b18:	17 c0       	rjmp	.+46     	; 0xb48 <__stack+0x249>
     b1a:	01 fd       	sbrc	r16, 1
     b1c:	03 c0       	rjmp	.+6      	; 0xb24 <__stack+0x225>
     b1e:	88 e7       	ldi	r24, 0x78	; 120
     b20:	90 e0       	ldi	r25, 0x00	; 0
     b22:	02 c0       	rjmp	.+4      	; 0xb28 <__stack+0x229>
     b24:	88 e5       	ldi	r24, 0x58	; 88
     b26:	90 e0       	ldi	r25, 0x00	; 0
     b28:	b7 01       	movw	r22, r14
     b2a:	0c c0       	rjmp	.+24     	; 0xb44 <__stack+0x245>
     b2c:	80 2f       	mov	r24, r16
     b2e:	86 78       	andi	r24, 0x86	; 134
     b30:	59 f0       	breq	.+22     	; 0xb48 <__stack+0x249>
     b32:	01 ff       	sbrs	r16, 1
     b34:	02 c0       	rjmp	.+4      	; 0xb3a <__stack+0x23b>
     b36:	8b e2       	ldi	r24, 0x2B	; 43
     b38:	01 c0       	rjmp	.+2      	; 0xb3c <__stack+0x23d>
     b3a:	80 e2       	ldi	r24, 0x20	; 32
     b3c:	07 fd       	sbrc	r16, 7
     b3e:	8d e2       	ldi	r24, 0x2D	; 45
     b40:	b7 01       	movw	r22, r14
     b42:	90 e0       	ldi	r25, 0x00	; 0
     b44:	0e 94 e4 0c 	call	0x19c8	; 0x19c8 <fputc>
     b48:	c1 16       	cp	r12, r17
     b4a:	38 f4       	brcc	.+14     	; 0xb5a <__stack+0x25b>
     b4c:	b7 01       	movw	r22, r14
     b4e:	80 e3       	ldi	r24, 0x30	; 48
     b50:	90 e0       	ldi	r25, 0x00	; 0
     b52:	0e 94 e4 0c 	call	0x19c8	; 0x19c8 <fputc>
     b56:	11 50       	subi	r17, 0x01	; 1
     b58:	f7 cf       	rjmp	.-18     	; 0xb48 <__stack+0x249>
     b5a:	ca 94       	dec	r12
     b5c:	f3 01       	movw	r30, r6
     b5e:	ec 0d       	add	r30, r12
     b60:	f1 1d       	adc	r31, r1
     b62:	80 81       	ld	r24, Z
     b64:	b7 01       	movw	r22, r14
     b66:	90 e0       	ldi	r25, 0x00	; 0
     b68:	0e 94 e4 0c 	call	0x19c8	; 0x19c8 <fputc>
     b6c:	c1 10       	cpse	r12, r1
     b6e:	f5 cf       	rjmp	.-22     	; 0xb5a <__stack+0x25b>
     b70:	15 c0       	rjmp	.+42     	; 0xb9c <__stack+0x29d>
     b72:	f4 e0       	ldi	r31, 0x04	; 4
     b74:	f5 15       	cp	r31, r5
     b76:	60 f5       	brcc	.+88     	; 0xbd0 <__stack+0x2d1>
     b78:	84 e0       	ldi	r24, 0x04	; 4
     b7a:	58 1a       	sub	r5, r24
     b7c:	93 fe       	sbrs	r9, 3
     b7e:	1f c0       	rjmp	.+62     	; 0xbbe <__stack+0x2bf>
     b80:	01 11       	cpse	r16, r1
     b82:	27 c0       	rjmp	.+78     	; 0xbd2 <__stack+0x2d3>
     b84:	2c 85       	ldd	r18, Y+12	; 0x0c
     b86:	23 ff       	sbrs	r18, 3
     b88:	2a c0       	rjmp	.+84     	; 0xbde <__stack+0x2df>
     b8a:	08 e6       	ldi	r16, 0x68	; 104
     b8c:	10 e0       	ldi	r17, 0x00	; 0
     b8e:	39 2d       	mov	r19, r9
     b90:	30 71       	andi	r19, 0x10	; 16
     b92:	93 2e       	mov	r9, r19
     b94:	f8 01       	movw	r30, r16
     b96:	84 91       	lpm	r24, Z
     b98:	81 11       	cpse	r24, r1
     b9a:	24 c0       	rjmp	.+72     	; 0xbe4 <__stack+0x2e5>
     b9c:	55 20       	and	r5, r5
     b9e:	09 f4       	brne	.+2      	; 0xba2 <__stack+0x2a3>
     ba0:	e4 cc       	rjmp	.-1592   	; 0x56a <vfprintf+0x58>
     ba2:	b7 01       	movw	r22, r14
     ba4:	80 e2       	ldi	r24, 0x20	; 32
     ba6:	90 e0       	ldi	r25, 0x00	; 0
     ba8:	0e 94 e4 0c 	call	0x19c8	; 0x19c8 <fputc>
     bac:	5a 94       	dec	r5
     bae:	f6 cf       	rjmp	.-20     	; 0xb9c <__stack+0x29d>
     bb0:	f7 01       	movw	r30, r14
     bb2:	86 81       	ldd	r24, Z+6	; 0x06
     bb4:	97 81       	ldd	r25, Z+7	; 0x07
     bb6:	26 c0       	rjmp	.+76     	; 0xc04 <__stack+0x305>
     bb8:	8f ef       	ldi	r24, 0xFF	; 255
     bba:	9f ef       	ldi	r25, 0xFF	; 255
     bbc:	23 c0       	rjmp	.+70     	; 0xc04 <__stack+0x305>
     bbe:	b7 01       	movw	r22, r14
     bc0:	80 e2       	ldi	r24, 0x20	; 32
     bc2:	90 e0       	ldi	r25, 0x00	; 0
     bc4:	0e 94 e4 0c 	call	0x19c8	; 0x19c8 <fputc>
     bc8:	5a 94       	dec	r5
     bca:	51 10       	cpse	r5, r1
     bcc:	f8 cf       	rjmp	.-16     	; 0xbbe <__stack+0x2bf>
     bce:	d8 cf       	rjmp	.-80     	; 0xb80 <__stack+0x281>
     bd0:	51 2c       	mov	r5, r1
     bd2:	b7 01       	movw	r22, r14
     bd4:	80 2f       	mov	r24, r16
     bd6:	90 e0       	ldi	r25, 0x00	; 0
     bd8:	0e 94 e4 0c 	call	0x19c8	; 0x19c8 <fputc>
     bdc:	d3 cf       	rjmp	.-90     	; 0xb84 <__stack+0x285>
     bde:	0c e6       	ldi	r16, 0x6C	; 108
     be0:	10 e0       	ldi	r17, 0x00	; 0
     be2:	d5 cf       	rjmp	.-86     	; 0xb8e <__stack+0x28f>
     be4:	91 10       	cpse	r9, r1
     be6:	80 52       	subi	r24, 0x20	; 32
     be8:	b7 01       	movw	r22, r14
     bea:	90 e0       	ldi	r25, 0x00	; 0
     bec:	0e 94 e4 0c 	call	0x19c8	; 0x19c8 <fputc>
     bf0:	0f 5f       	subi	r16, 0xFF	; 255
     bf2:	1f 4f       	sbci	r17, 0xFF	; 255
     bf4:	cf cf       	rjmp	.-98     	; 0xb94 <__stack+0x295>
     bf6:	23 e0       	ldi	r18, 0x03	; 3
     bf8:	25 15       	cp	r18, r5
     bfa:	10 f4       	brcc	.+4      	; 0xc00 <__stack+0x301>
     bfc:	83 e0       	ldi	r24, 0x03	; 3
     bfe:	bd cf       	rjmp	.-134    	; 0xb7a <__stack+0x27b>
     c00:	51 2c       	mov	r5, r1
     c02:	c0 cf       	rjmp	.-128    	; 0xb84 <__stack+0x285>
     c04:	60 96       	adiw	r28, 0x10	; 16
     c06:	e2 e1       	ldi	r30, 0x12	; 18
     c08:	0c 94 5c 0b 	jmp	0x16b8	; 0x16b8 <__epilogue_restores__>

00000c0c <putval>:
     c0c:	20 fd       	sbrc	r18, 0
     c0e:	09 c0       	rjmp	.+18     	; 0xc22 <putval+0x16>
     c10:	fc 01       	movw	r30, r24
     c12:	23 fd       	sbrc	r18, 3
     c14:	05 c0       	rjmp	.+10     	; 0xc20 <putval+0x14>
     c16:	22 ff       	sbrs	r18, 2
     c18:	02 c0       	rjmp	.+4      	; 0xc1e <putval+0x12>
     c1a:	73 83       	std	Z+3, r23	; 0x03
     c1c:	62 83       	std	Z+2, r22	; 0x02
     c1e:	51 83       	std	Z+1, r21	; 0x01
     c20:	40 83       	st	Z, r20
     c22:	08 95       	ret

00000c24 <mulacc>:
     c24:	44 fd       	sbrc	r20, 4
     c26:	17 c0       	rjmp	.+46     	; 0xc56 <mulacc+0x32>
     c28:	46 fd       	sbrc	r20, 6
     c2a:	17 c0       	rjmp	.+46     	; 0xc5a <mulacc+0x36>
     c2c:	ab 01       	movw	r20, r22
     c2e:	bc 01       	movw	r22, r24
     c30:	da 01       	movw	r26, r20
     c32:	fb 01       	movw	r30, r22
     c34:	aa 0f       	add	r26, r26
     c36:	bb 1f       	adc	r27, r27
     c38:	ee 1f       	adc	r30, r30
     c3a:	ff 1f       	adc	r31, r31
     c3c:	10 94       	com	r1
     c3e:	d1 f7       	brne	.-12     	; 0xc34 <mulacc+0x10>
     c40:	4a 0f       	add	r20, r26
     c42:	5b 1f       	adc	r21, r27
     c44:	6e 1f       	adc	r22, r30
     c46:	7f 1f       	adc	r23, r31
     c48:	cb 01       	movw	r24, r22
     c4a:	ba 01       	movw	r22, r20
     c4c:	66 0f       	add	r22, r22
     c4e:	77 1f       	adc	r23, r23
     c50:	88 1f       	adc	r24, r24
     c52:	99 1f       	adc	r25, r25
     c54:	09 c0       	rjmp	.+18     	; 0xc68 <mulacc+0x44>
     c56:	33 e0       	ldi	r19, 0x03	; 3
     c58:	01 c0       	rjmp	.+2      	; 0xc5c <mulacc+0x38>
     c5a:	34 e0       	ldi	r19, 0x04	; 4
     c5c:	66 0f       	add	r22, r22
     c5e:	77 1f       	adc	r23, r23
     c60:	88 1f       	adc	r24, r24
     c62:	99 1f       	adc	r25, r25
     c64:	31 50       	subi	r19, 0x01	; 1
     c66:	d1 f7       	brne	.-12     	; 0xc5c <mulacc+0x38>
     c68:	62 0f       	add	r22, r18
     c6a:	71 1d       	adc	r23, r1
     c6c:	81 1d       	adc	r24, r1
     c6e:	91 1d       	adc	r25, r1
     c70:	08 95       	ret

00000c72 <skip_spaces>:
     c72:	0f 93       	push	r16
     c74:	1f 93       	push	r17
     c76:	cf 93       	push	r28
     c78:	df 93       	push	r29
     c7a:	8c 01       	movw	r16, r24
     c7c:	c8 01       	movw	r24, r16
     c7e:	0e 94 a6 0c 	call	0x194c	; 0x194c <fgetc>
     c82:	ec 01       	movw	r28, r24
     c84:	97 fd       	sbrc	r25, 7
     c86:	08 c0       	rjmp	.+16     	; 0xc98 <skip_spaces+0x26>
     c88:	0e 94 4f 0c 	call	0x189e	; 0x189e <isspace>
     c8c:	89 2b       	or	r24, r25
     c8e:	b1 f7       	brne	.-20     	; 0xc7c <skip_spaces+0xa>
     c90:	b8 01       	movw	r22, r16
     c92:	ce 01       	movw	r24, r28
     c94:	0e 94 20 0d 	call	0x1a40	; 0x1a40 <ungetc>
     c98:	ce 01       	movw	r24, r28
     c9a:	df 91       	pop	r29
     c9c:	cf 91       	pop	r28
     c9e:	1f 91       	pop	r17
     ca0:	0f 91       	pop	r16
     ca2:	08 95       	ret

00000ca4 <conv_int>:
     ca4:	a0 e0       	ldi	r26, 0x00	; 0
     ca6:	b0 e0       	ldi	r27, 0x00	; 0
     ca8:	e8 e5       	ldi	r30, 0x58	; 88
     caa:	f6 e0       	ldi	r31, 0x06	; 6
     cac:	0c 94 46 0b 	jmp	0x168c	; 0x168c <__prologue_saves__+0xc>
     cb0:	7c 01       	movw	r14, r24
     cb2:	8b 01       	movw	r16, r22
     cb4:	6a 01       	movw	r12, r20
     cb6:	d2 2f       	mov	r29, r18
     cb8:	0e 94 a6 0c 	call	0x194c	; 0x194c <fgetc>
     cbc:	9c 01       	movw	r18, r24
     cbe:	33 27       	eor	r19, r19
     cc0:	2b 32       	cpi	r18, 0x2B	; 43
     cc2:	31 05       	cpc	r19, r1
     cc4:	21 f0       	breq	.+8      	; 0xcce <conv_int+0x2a>
     cc6:	2d 32       	cpi	r18, 0x2D	; 45
     cc8:	31 05       	cpc	r19, r1
     cca:	59 f4       	brne	.+22     	; 0xce2 <conv_int+0x3e>
     ccc:	d0 68       	ori	r29, 0x80	; 128
     cce:	01 50       	subi	r16, 0x01	; 1
     cd0:	11 09       	sbc	r17, r1
     cd2:	11 f4       	brne	.+4      	; 0xcd8 <conv_int+0x34>
     cd4:	80 e0       	ldi	r24, 0x00	; 0
     cd6:	6b c0       	rjmp	.+214    	; 0xdae <conv_int+0x10a>
     cd8:	c7 01       	movw	r24, r14
     cda:	0e 94 a6 0c 	call	0x194c	; 0x194c <fgetc>
     cde:	97 fd       	sbrc	r25, 7
     ce0:	f9 cf       	rjmp	.-14     	; 0xcd4 <conv_int+0x30>
     ce2:	cd 2f       	mov	r28, r29
     ce4:	cd 7f       	andi	r28, 0xFD	; 253
     ce6:	2d 2f       	mov	r18, r29
     ce8:	20 73       	andi	r18, 0x30	; 48
     cea:	19 f5       	brne	.+70     	; 0xd32 <conv_int+0x8e>
     cec:	80 33       	cpi	r24, 0x30	; 48
     cee:	09 f5       	brne	.+66     	; 0xd32 <conv_int+0x8e>
     cf0:	58 01       	movw	r10, r16
     cf2:	81 e0       	ldi	r24, 0x01	; 1
     cf4:	a8 1a       	sub	r10, r24
     cf6:	b1 08       	sbc	r11, r1
     cf8:	09 f4       	brne	.+2      	; 0xcfc <conv_int+0x58>
     cfa:	45 c0       	rjmp	.+138    	; 0xd86 <conv_int+0xe2>
     cfc:	c7 01       	movw	r24, r14
     cfe:	0e 94 a6 0c 	call	0x194c	; 0x194c <fgetc>
     d02:	97 fd       	sbrc	r25, 7
     d04:	40 c0       	rjmp	.+128    	; 0xd86 <conv_int+0xe2>
     d06:	9c 01       	movw	r18, r24
     d08:	2f 7d       	andi	r18, 0xDF	; 223
     d0a:	33 27       	eor	r19, r19
     d0c:	28 35       	cpi	r18, 0x58	; 88
     d0e:	31 05       	cpc	r19, r1
     d10:	51 f4       	brne	.+20     	; 0xd26 <conv_int+0x82>
     d12:	c2 64       	ori	r28, 0x42	; 66
     d14:	02 50       	subi	r16, 0x02	; 2
     d16:	11 09       	sbc	r17, r1
     d18:	b1 f1       	breq	.+108    	; 0xd86 <conv_int+0xe2>
     d1a:	c7 01       	movw	r24, r14
     d1c:	0e 94 a6 0c 	call	0x194c	; 0x194c <fgetc>
     d20:	97 ff       	sbrs	r25, 7
     d22:	07 c0       	rjmp	.+14     	; 0xd32 <conv_int+0x8e>
     d24:	30 c0       	rjmp	.+96     	; 0xd86 <conv_int+0xe2>
     d26:	d6 ff       	sbrs	r29, 6
     d28:	02 c0       	rjmp	.+4      	; 0xd2e <conv_int+0x8a>
     d2a:	c2 60       	ori	r28, 0x02	; 2
     d2c:	01 c0       	rjmp	.+2      	; 0xd30 <conv_int+0x8c>
     d2e:	c2 61       	ori	r28, 0x12	; 18
     d30:	85 01       	movw	r16, r10
     d32:	81 2c       	mov	r8, r1
     d34:	91 2c       	mov	r9, r1
     d36:	54 01       	movw	r10, r8
     d38:	20 ed       	ldi	r18, 0xD0	; 208
     d3a:	28 0f       	add	r18, r24
     d3c:	28 30       	cpi	r18, 0x08	; 8
     d3e:	80 f0       	brcs	.+32     	; 0xd60 <conv_int+0xbc>
     d40:	c4 ff       	sbrs	r28, 4
     d42:	04 c0       	rjmp	.+8      	; 0xd4c <conv_int+0xa8>
     d44:	b7 01       	movw	r22, r14
     d46:	0e 94 20 0d 	call	0x1a40	; 0x1a40 <ungetc>
     d4a:	1a c0       	rjmp	.+52     	; 0xd80 <conv_int+0xdc>
     d4c:	2a 30       	cpi	r18, 0x0A	; 10
     d4e:	40 f0       	brcs	.+16     	; 0xd60 <conv_int+0xbc>
     d50:	c6 ff       	sbrs	r28, 6
     d52:	f8 cf       	rjmp	.-16     	; 0xd44 <conv_int+0xa0>
     d54:	2f 7d       	andi	r18, 0xDF	; 223
     d56:	3f ee       	ldi	r19, 0xEF	; 239
     d58:	32 0f       	add	r19, r18
     d5a:	36 30       	cpi	r19, 0x06	; 6
     d5c:	98 f7       	brcc	.-26     	; 0xd44 <conv_int+0xa0>
     d5e:	27 50       	subi	r18, 0x07	; 7
     d60:	4c 2f       	mov	r20, r28
     d62:	c5 01       	movw	r24, r10
     d64:	b4 01       	movw	r22, r8
     d66:	0e 94 12 06 	call	0xc24	; 0xc24 <mulacc>
     d6a:	4b 01       	movw	r8, r22
     d6c:	5c 01       	movw	r10, r24
     d6e:	c2 60       	ori	r28, 0x02	; 2
     d70:	01 50       	subi	r16, 0x01	; 1
     d72:	11 09       	sbc	r17, r1
     d74:	59 f0       	breq	.+22     	; 0xd8c <conv_int+0xe8>
     d76:	c7 01       	movw	r24, r14
     d78:	0e 94 a6 0c 	call	0x194c	; 0x194c <fgetc>
     d7c:	97 ff       	sbrs	r25, 7
     d7e:	dc cf       	rjmp	.-72     	; 0xd38 <conv_int+0x94>
     d80:	c1 fd       	sbrc	r28, 1
     d82:	04 c0       	rjmp	.+8      	; 0xd8c <conv_int+0xe8>
     d84:	a7 cf       	rjmp	.-178    	; 0xcd4 <conv_int+0x30>
     d86:	81 2c       	mov	r8, r1
     d88:	91 2c       	mov	r9, r1
     d8a:	54 01       	movw	r10, r8
     d8c:	c7 ff       	sbrs	r28, 7
     d8e:	08 c0       	rjmp	.+16     	; 0xda0 <conv_int+0xfc>
     d90:	b0 94       	com	r11
     d92:	a0 94       	com	r10
     d94:	90 94       	com	r9
     d96:	80 94       	com	r8
     d98:	81 1c       	adc	r8, r1
     d9a:	91 1c       	adc	r9, r1
     d9c:	a1 1c       	adc	r10, r1
     d9e:	b1 1c       	adc	r11, r1
     da0:	2c 2f       	mov	r18, r28
     da2:	b5 01       	movw	r22, r10
     da4:	a4 01       	movw	r20, r8
     da6:	c6 01       	movw	r24, r12
     da8:	0e 94 06 06 	call	0xc0c	; 0xc0c <putval>
     dac:	81 e0       	ldi	r24, 0x01	; 1
     dae:	cd b7       	in	r28, 0x3d	; 61
     db0:	de b7       	in	r29, 0x3e	; 62
     db2:	ec e0       	ldi	r30, 0x0C	; 12
     db4:	0c 94 62 0b 	jmp	0x16c4	; 0x16c4 <__epilogue_restores__+0xc>

00000db8 <conv_brk>:
     db8:	a0 e2       	ldi	r26, 0x20	; 32
     dba:	b0 e0       	ldi	r27, 0x00	; 0
     dbc:	e2 ee       	ldi	r30, 0xE2	; 226
     dbe:	f6 e0       	ldi	r31, 0x06	; 6
     dc0:	0c 94 42 0b 	jmp	0x1684	; 0x1684 <__prologue_saves__+0x4>
     dc4:	5c 01       	movw	r10, r24
     dc6:	4b 01       	movw	r8, r22
     dc8:	7a 01       	movw	r14, r20
     dca:	8e 01       	movw	r16, r28
     dcc:	0f 5f       	subi	r16, 0xFF	; 255
     dce:	1f 4f       	sbci	r17, 0xFF	; 255
     dd0:	68 01       	movw	r12, r16
     dd2:	80 e2       	ldi	r24, 0x20	; 32
     dd4:	f8 01       	movw	r30, r16
     dd6:	11 92       	st	Z+, r1
     dd8:	8a 95       	dec	r24
     dda:	e9 f7       	brne	.-6      	; 0xdd6 <conv_brk+0x1e>
     ddc:	f5 01       	movw	r30, r10
     dde:	53 80       	ldd	r5, Z+3	; 0x03
     de0:	40 e0       	ldi	r20, 0x00	; 0
     de2:	50 e0       	ldi	r21, 0x00	; 0
     de4:	61 2c       	mov	r6, r1
     de6:	90 e0       	ldi	r25, 0x00	; 0
     de8:	71 2c       	mov	r7, r1
     dea:	a1 e0       	ldi	r26, 0x01	; 1
     dec:	b0 e0       	ldi	r27, 0x00	; 0
     dee:	f9 01       	movw	r30, r18
     df0:	53 fc       	sbrc	r5, 3
     df2:	85 91       	lpm	r24, Z+
     df4:	53 fe       	sbrs	r5, 3
     df6:	81 91       	ld	r24, Z+
     df8:	8f 01       	movw	r16, r30
     dfa:	48 2e       	mov	r4, r24
     dfc:	9f 01       	movw	r18, r30
     dfe:	81 11       	cpse	r24, r1
     e00:	03 c0       	rjmp	.+6      	; 0xe08 <conv_brk+0x50>
     e02:	80 e0       	ldi	r24, 0x00	; 0
     e04:	90 e0       	ldi	r25, 0x00	; 0
     e06:	96 c0       	rjmp	.+300    	; 0xf34 <conv_brk+0x17c>
     e08:	8e 35       	cpi	r24, 0x5E	; 94
     e0a:	19 f4       	brne	.+6      	; 0xe12 <conv_brk+0x5a>
     e0c:	41 15       	cp	r20, r1
     e0e:	51 05       	cpc	r21, r1
     e10:	51 f1       	breq	.+84     	; 0xe66 <conv_brk+0xae>
     e12:	67 2d       	mov	r22, r7
     e14:	70 e0       	ldi	r23, 0x00	; 0
     e16:	64 17       	cp	r22, r20
     e18:	75 07       	cpc	r23, r21
     e1a:	3c f4       	brge	.+14     	; 0xe2a <conv_brk+0x72>
     e1c:	8d 35       	cpi	r24, 0x5D	; 93
     e1e:	61 f1       	breq	.+88     	; 0xe78 <conv_brk+0xc0>
     e20:	8d 32       	cpi	r24, 0x2D	; 45
     e22:	19 f4       	brne	.+6      	; 0xe2a <conv_brk+0x72>
     e24:	99 23       	and	r25, r25
     e26:	11 f1       	breq	.+68     	; 0xe6c <conv_brk+0xb4>
     e28:	03 c0       	rjmp	.+6      	; 0xe30 <conv_brk+0x78>
     e2a:	99 23       	and	r25, r25
     e2c:	09 f4       	brne	.+2      	; 0xe30 <conv_brk+0x78>
     e2e:	6d c0       	rjmp	.+218    	; 0xf0a <conv_brk+0x152>
     e30:	84 2d       	mov	r24, r4
     e32:	86 95       	lsr	r24
     e34:	86 95       	lsr	r24
     e36:	86 95       	lsr	r24
     e38:	f6 01       	movw	r30, r12
     e3a:	e8 0f       	add	r30, r24
     e3c:	f1 1d       	adc	r31, r1
     e3e:	84 2d       	mov	r24, r4
     e40:	87 70       	andi	r24, 0x07	; 7
     e42:	8d 01       	movw	r16, r26
     e44:	02 c0       	rjmp	.+4      	; 0xe4a <conv_brk+0x92>
     e46:	00 0f       	add	r16, r16
     e48:	11 1f       	adc	r17, r17
     e4a:	8a 95       	dec	r24
     e4c:	e2 f7       	brpl	.-8      	; 0xe46 <conv_brk+0x8e>
     e4e:	c8 01       	movw	r24, r16
     e50:	90 81       	ld	r25, Z
     e52:	89 2b       	or	r24, r25
     e54:	80 83       	st	Z, r24
     e56:	64 14       	cp	r6, r4
     e58:	59 f0       	breq	.+22     	; 0xe70 <conv_brk+0xb8>
     e5a:	46 14       	cp	r4, r6
     e5c:	10 f4       	brcc	.+4      	; 0xe62 <conv_brk+0xaa>
     e5e:	43 94       	inc	r4
     e60:	e7 cf       	rjmp	.-50     	; 0xe30 <conv_brk+0x78>
     e62:	4a 94       	dec	r4
     e64:	e5 cf       	rjmp	.-54     	; 0xe30 <conv_brk+0x78>
     e66:	77 24       	eor	r7, r7
     e68:	73 94       	inc	r7
     e6a:	03 c0       	rjmp	.+6      	; 0xe72 <conv_brk+0xba>
     e6c:	91 e0       	ldi	r25, 0x01	; 1
     e6e:	01 c0       	rjmp	.+2      	; 0xe72 <conv_brk+0xba>
     e70:	90 e0       	ldi	r25, 0x00	; 0
     e72:	4f 5f       	subi	r20, 0xFF	; 255
     e74:	5f 4f       	sbci	r21, 0xFF	; 255
     e76:	bb cf       	rjmp	.-138    	; 0xdee <conv_brk+0x36>
     e78:	99 23       	and	r25, r25
     e7a:	19 f0       	breq	.+6      	; 0xe82 <conv_brk+0xca>
     e7c:	8e 81       	ldd	r24, Y+6	; 0x06
     e7e:	80 62       	ori	r24, 0x20	; 32
     e80:	8e 83       	std	Y+6, r24	; 0x06
     e82:	71 10       	cpse	r7, r1
     e84:	03 c0       	rjmp	.+6      	; 0xe8c <conv_brk+0xd4>
     e86:	77 24       	eor	r7, r7
     e88:	73 94       	inc	r7
     e8a:	19 c0       	rjmp	.+50     	; 0xebe <conv_brk+0x106>
     e8c:	f6 01       	movw	r30, r12
     e8e:	9e 01       	movw	r18, r28
     e90:	2f 5d       	subi	r18, 0xDF	; 223
     e92:	3f 4f       	sbci	r19, 0xFF	; 255
     e94:	80 81       	ld	r24, Z
     e96:	80 95       	com	r24
     e98:	81 93       	st	Z+, r24
     e9a:	2e 17       	cp	r18, r30
     e9c:	3f 07       	cpc	r19, r31
     e9e:	d1 f7       	brne	.-12     	; 0xe94 <conv_brk+0xdc>
     ea0:	f2 cf       	rjmp	.-28     	; 0xe86 <conv_brk+0xce>
     ea2:	e1 14       	cp	r14, r1
     ea4:	f1 04       	cpc	r15, r1
     ea6:	31 f0       	breq	.+12     	; 0xeb4 <conv_brk+0xfc>
     ea8:	f7 01       	movw	r30, r14
     eaa:	80 83       	st	Z, r24
     eac:	b7 01       	movw	r22, r14
     eae:	6f 5f       	subi	r22, 0xFF	; 255
     eb0:	7f 4f       	sbci	r23, 0xFF	; 255
     eb2:	7b 01       	movw	r14, r22
     eb4:	71 e0       	ldi	r23, 0x01	; 1
     eb6:	87 1a       	sub	r8, r23
     eb8:	91 08       	sbc	r9, r1
     eba:	71 2c       	mov	r7, r1
     ebc:	f9 f0       	breq	.+62     	; 0xefc <conv_brk+0x144>
     ebe:	c5 01       	movw	r24, r10
     ec0:	0e 94 a6 0c 	call	0x194c	; 0x194c <fgetc>
     ec4:	97 fd       	sbrc	r25, 7
     ec6:	18 c0       	rjmp	.+48     	; 0xef8 <conv_brk+0x140>
     ec8:	fc 01       	movw	r30, r24
     eca:	ff 27       	eor	r31, r31
     ecc:	23 e0       	ldi	r18, 0x03	; 3
     ece:	f5 95       	asr	r31
     ed0:	e7 95       	ror	r30
     ed2:	2a 95       	dec	r18
     ed4:	e1 f7       	brne	.-8      	; 0xece <conv_brk+0x116>
     ed6:	ec 0d       	add	r30, r12
     ed8:	fd 1d       	adc	r31, r13
     eda:	20 81       	ld	r18, Z
     edc:	30 e0       	ldi	r19, 0x00	; 0
     ede:	ac 01       	movw	r20, r24
     ee0:	47 70       	andi	r20, 0x07	; 7
     ee2:	55 27       	eor	r21, r21
     ee4:	02 c0       	rjmp	.+4      	; 0xeea <conv_brk+0x132>
     ee6:	35 95       	asr	r19
     ee8:	27 95       	ror	r18
     eea:	4a 95       	dec	r20
     eec:	e2 f7       	brpl	.-8      	; 0xee6 <conv_brk+0x12e>
     eee:	20 fd       	sbrc	r18, 0
     ef0:	d8 cf       	rjmp	.-80     	; 0xea2 <conv_brk+0xea>
     ef2:	b5 01       	movw	r22, r10
     ef4:	0e 94 20 0d 	call	0x1a40	; 0x1a40 <ungetc>
     ef8:	71 10       	cpse	r7, r1
     efa:	83 cf       	rjmp	.-250    	; 0xe02 <conv_brk+0x4a>
     efc:	e1 14       	cp	r14, r1
     efe:	f1 04       	cpc	r15, r1
     f00:	11 f0       	breq	.+4      	; 0xf06 <conv_brk+0x14e>
     f02:	f7 01       	movw	r30, r14
     f04:	10 82       	st	Z, r1
     f06:	c8 01       	movw	r24, r16
     f08:	15 c0       	rjmp	.+42     	; 0xf34 <conv_brk+0x17c>
     f0a:	68 2f       	mov	r22, r24
     f0c:	66 95       	lsr	r22
     f0e:	66 95       	lsr	r22
     f10:	66 95       	lsr	r22
     f12:	f6 01       	movw	r30, r12
     f14:	e6 0f       	add	r30, r22
     f16:	f1 1d       	adc	r31, r1
     f18:	68 2f       	mov	r22, r24
     f1a:	67 70       	andi	r22, 0x07	; 7
     f1c:	8d 01       	movw	r16, r26
     f1e:	02 c0       	rjmp	.+4      	; 0xf24 <conv_brk+0x16c>
     f20:	00 0f       	add	r16, r16
     f22:	11 1f       	adc	r17, r17
     f24:	6a 95       	dec	r22
     f26:	e2 f7       	brpl	.-8      	; 0xf20 <conv_brk+0x168>
     f28:	b8 01       	movw	r22, r16
     f2a:	70 81       	ld	r23, Z
     f2c:	67 2b       	or	r22, r23
     f2e:	60 83       	st	Z, r22
     f30:	68 2e       	mov	r6, r24
     f32:	9f cf       	rjmp	.-194    	; 0xe72 <conv_brk+0xba>
     f34:	a0 96       	adiw	r28, 0x20	; 32
     f36:	e0 e1       	ldi	r30, 0x10	; 16
     f38:	0c 94 5e 0b 	jmp	0x16bc	; 0x16bc <__epilogue_restores__+0x4>

00000f3c <conv_flt>:
     f3c:	2f 92       	push	r2
     f3e:	3f 92       	push	r3
     f40:	4f 92       	push	r4
     f42:	5f 92       	push	r5
     f44:	6f 92       	push	r6
     f46:	7f 92       	push	r7
     f48:	9f 92       	push	r9
     f4a:	af 92       	push	r10
     f4c:	bf 92       	push	r11
     f4e:	cf 92       	push	r12
     f50:	df 92       	push	r13
     f52:	ef 92       	push	r14
     f54:	ff 92       	push	r15
     f56:	0f 93       	push	r16
     f58:	1f 93       	push	r17
     f5a:	cf 93       	push	r28
     f5c:	df 93       	push	r29
     f5e:	6c 01       	movw	r12, r24
     f60:	8b 01       	movw	r16, r22
     f62:	1a 01       	movw	r2, r20
     f64:	0e 94 a6 0c 	call	0x194c	; 0x194c <fgetc>
     f68:	ec 01       	movw	r28, r24
     f6a:	99 27       	eor	r25, r25
     f6c:	8b 32       	cpi	r24, 0x2B	; 43
     f6e:	91 05       	cpc	r25, r1
     f70:	29 f0       	breq	.+10     	; 0xf7c <conv_flt+0x40>
     f72:	8d 97       	sbiw	r24, 0x2d	; 45
     f74:	81 f4       	brne	.+32     	; 0xf96 <conv_flt+0x5a>
     f76:	30 e8       	ldi	r19, 0x80	; 128
     f78:	93 2e       	mov	r9, r19
     f7a:	01 c0       	rjmp	.+2      	; 0xf7e <conv_flt+0x42>
     f7c:	91 2c       	mov	r9, r1
     f7e:	01 50       	subi	r16, 0x01	; 1
     f80:	11 09       	sbc	r17, r1
     f82:	11 f4       	brne	.+4      	; 0xf88 <conv_flt+0x4c>
     f84:	80 e0       	ldi	r24, 0x00	; 0
     f86:	0c c1       	rjmp	.+536    	; 0x11a0 <conv_flt+0x264>
     f88:	c6 01       	movw	r24, r12
     f8a:	0e 94 a6 0c 	call	0x194c	; 0x194c <fgetc>
     f8e:	ec 01       	movw	r28, r24
     f90:	97 ff       	sbrs	r25, 7
     f92:	02 c0       	rjmp	.+4      	; 0xf98 <conv_flt+0x5c>
     f94:	f7 cf       	rjmp	.-18     	; 0xf84 <conv_flt+0x48>
     f96:	91 2c       	mov	r9, r1
     f98:	ce 01       	movw	r24, r28
     f9a:	0e 94 58 0c 	call	0x18b0	; 0x18b0 <tolower>
     f9e:	89 36       	cpi	r24, 0x69	; 105
     fa0:	91 05       	cpc	r25, r1
     fa2:	31 f0       	breq	.+12     	; 0xfb0 <conv_flt+0x74>
     fa4:	8e 36       	cpi	r24, 0x6E	; 110
     fa6:	91 05       	cpc	r25, r1
     fa8:	99 f5       	brne	.+102    	; 0x1010 <conv_flt+0xd4>
     faa:	cc e7       	ldi	r28, 0x7C	; 124
     fac:	d1 e0       	ldi	r29, 0x01	; 1
     fae:	02 c0       	rjmp	.+4      	; 0xfb4 <conv_flt+0x78>
     fb0:	cf e7       	ldi	r28, 0x7F	; 127
     fb2:	d1 e0       	ldi	r29, 0x01	; 1
     fb4:	21 96       	adiw	r28, 0x01	; 1
     fb6:	fe 01       	movw	r30, r28
     fb8:	31 97       	sbiw	r30, 0x01	; 1
     fba:	b4 90       	lpm	r11, Z
     fbc:	bb 20       	and	r11, r11
     fbe:	c9 f0       	breq	.+50     	; 0xff2 <conv_flt+0xb6>
     fc0:	01 50       	subi	r16, 0x01	; 1
     fc2:	11 09       	sbc	r17, r1
     fc4:	91 f0       	breq	.+36     	; 0xfea <conv_flt+0xae>
     fc6:	c6 01       	movw	r24, r12
     fc8:	0e 94 a6 0c 	call	0x194c	; 0x194c <fgetc>
     fcc:	7c 01       	movw	r14, r24
     fce:	97 fd       	sbrc	r25, 7
     fd0:	0c c0       	rjmp	.+24     	; 0xfea <conv_flt+0xae>
     fd2:	0e 94 58 0c 	call	0x18b0	; 0x18b0 <tolower>
     fd6:	99 27       	eor	r25, r25
     fd8:	eb 2d       	mov	r30, r11
     fda:	f0 e0       	ldi	r31, 0x00	; 0
     fdc:	8e 17       	cp	r24, r30
     fde:	9f 07       	cpc	r25, r31
     fe0:	49 f3       	breq	.-46     	; 0xfb4 <conv_flt+0x78>
     fe2:	b6 01       	movw	r22, r12
     fe4:	c7 01       	movw	r24, r14
     fe6:	0e 94 20 0d 	call	0x1a40	; 0x1a40 <ungetc>
     fea:	c2 58       	subi	r28, 0x82	; 130
     fec:	d1 40       	sbci	r29, 0x01	; 1
     fee:	51 f6       	brne	.-108    	; 0xf84 <conv_flt+0x48>
     ff0:	03 c0       	rjmp	.+6      	; 0xff8 <conv_flt+0xbc>
     ff2:	cf 57       	subi	r28, 0x7F	; 127
     ff4:	d1 40       	sbci	r29, 0x01	; 1
     ff6:	29 f0       	breq	.+10     	; 0x1002 <conv_flt+0xc6>
     ff8:	80 e0       	ldi	r24, 0x00	; 0
     ffa:	90 e0       	ldi	r25, 0x00	; 0
     ffc:	a0 e8       	ldi	r26, 0x80	; 128
     ffe:	bf e7       	ldi	r27, 0x7F	; 127
    1000:	04 c0       	rjmp	.+8      	; 0x100a <conv_flt+0xce>
    1002:	80 e0       	ldi	r24, 0x00	; 0
    1004:	90 e0       	ldi	r25, 0x00	; 0
    1006:	a0 ec       	ldi	r26, 0xC0	; 192
    1008:	bf e7       	ldi	r27, 0x7F	; 127
    100a:	bc 01       	movw	r22, r24
    100c:	cd 01       	movw	r24, r26
    100e:	b8 c0       	rjmp	.+368    	; 0x1180 <conv_flt+0x244>
    1010:	41 2c       	mov	r4, r1
    1012:	51 2c       	mov	r5, r1
    1014:	32 01       	movw	r6, r4
    1016:	e1 2c       	mov	r14, r1
    1018:	f1 2c       	mov	r15, r1
    101a:	2c 2f       	mov	r18, r28
    101c:	20 53       	subi	r18, 0x30	; 48
    101e:	2a 30       	cpi	r18, 0x0A	; 10
    1020:	10 f5       	brcc	.+68     	; 0x1066 <conv_flt+0x12a>
    1022:	e9 2d       	mov	r30, r9
    1024:	e2 60       	ori	r30, 0x02	; 2
    1026:	be 2e       	mov	r11, r30
    1028:	89 2d       	mov	r24, r9
    102a:	88 70       	andi	r24, 0x08	; 8
    102c:	92 fe       	sbrs	r9, 2
    102e:	06 c0       	rjmp	.+12     	; 0x103c <conv_flt+0x100>
    1030:	81 11       	cpse	r24, r1
    1032:	20 c0       	rjmp	.+64     	; 0x1074 <conv_flt+0x138>
    1034:	ff ef       	ldi	r31, 0xFF	; 255
    1036:	ef 1a       	sub	r14, r31
    1038:	ff 0a       	sbc	r15, r31
    103a:	1c c0       	rjmp	.+56     	; 0x1074 <conv_flt+0x138>
    103c:	88 23       	and	r24, r24
    103e:	19 f0       	breq	.+6      	; 0x1046 <conv_flt+0x10a>
    1040:	81 e0       	ldi	r24, 0x01	; 1
    1042:	e8 1a       	sub	r14, r24
    1044:	f1 08       	sbc	r15, r1
    1046:	40 e2       	ldi	r20, 0x20	; 32
    1048:	c3 01       	movw	r24, r6
    104a:	b2 01       	movw	r22, r4
    104c:	0e 94 12 06 	call	0xc24	; 0xc24 <mulacc>
    1050:	2b 01       	movw	r4, r22
    1052:	3c 01       	movw	r6, r24
    1054:	68 39       	cpi	r22, 0x98	; 152
    1056:	79 49       	sbci	r23, 0x99	; 153
    1058:	89 49       	sbci	r24, 0x99	; 153
    105a:	99 41       	sbci	r25, 0x19	; 25
    105c:	58 f0       	brcs	.+22     	; 0x1074 <conv_flt+0x138>
    105e:	f9 2d       	mov	r31, r9
    1060:	f6 60       	ori	r31, 0x06	; 6
    1062:	bf 2e       	mov	r11, r31
    1064:	07 c0       	rjmp	.+14     	; 0x1074 <conv_flt+0x138>
    1066:	2e 3f       	cpi	r18, 0xFE	; 254
    1068:	89 f4       	brne	.+34     	; 0x108c <conv_flt+0x150>
    106a:	93 fc       	sbrc	r9, 3
    106c:	0f c0       	rjmp	.+30     	; 0x108c <conv_flt+0x150>
    106e:	29 2d       	mov	r18, r9
    1070:	28 60       	ori	r18, 0x08	; 8
    1072:	b2 2e       	mov	r11, r18
    1074:	01 50       	subi	r16, 0x01	; 1
    1076:	11 09       	sbc	r17, r1
    1078:	41 f0       	breq	.+16     	; 0x108a <conv_flt+0x14e>
    107a:	c6 01       	movw	r24, r12
    107c:	0e 94 a6 0c 	call	0x194c	; 0x194c <fgetc>
    1080:	ec 01       	movw	r28, r24
    1082:	9b 2c       	mov	r9, r11
    1084:	97 ff       	sbrs	r25, 7
    1086:	c9 cf       	rjmp	.-110    	; 0x101a <conv_flt+0xde>
    1088:	01 c0       	rjmp	.+2      	; 0x108c <conv_flt+0x150>
    108a:	9b 2c       	mov	r9, r11
    108c:	91 fe       	sbrs	r9, 1
    108e:	7a cf       	rjmp	.-268    	; 0xf84 <conv_flt+0x48>
    1090:	ce 01       	movw	r24, r28
    1092:	8f 7d       	andi	r24, 0xDF	; 223
    1094:	99 27       	eor	r25, r25
    1096:	85 34       	cpi	r24, 0x45	; 69
    1098:	91 05       	cpc	r25, r1
    109a:	09 f0       	breq	.+2      	; 0x109e <conv_flt+0x162>
    109c:	42 c0       	rjmp	.+132    	; 0x1122 <conv_flt+0x1e6>
    109e:	58 01       	movw	r10, r16
    10a0:	81 e0       	ldi	r24, 0x01	; 1
    10a2:	a8 1a       	sub	r10, r24
    10a4:	b1 08       	sbc	r11, r1
    10a6:	09 f4       	brne	.+2      	; 0x10aa <conv_flt+0x16e>
    10a8:	6d cf       	rjmp	.-294    	; 0xf84 <conv_flt+0x48>
    10aa:	c6 01       	movw	r24, r12
    10ac:	0e 94 a6 0c 	call	0x194c	; 0x194c <fgetc>
    10b0:	ec 01       	movw	r28, r24
    10b2:	97 fd       	sbrc	r25, 7
    10b4:	67 cf       	rjmp	.-306    	; 0xf84 <conv_flt+0x48>
    10b6:	99 27       	eor	r25, r25
    10b8:	8b 32       	cpi	r24, 0x2B	; 43
    10ba:	91 05       	cpc	r25, r1
    10bc:	29 f0       	breq	.+10     	; 0x10c8 <conv_flt+0x18c>
    10be:	8d 97       	sbiw	r24, 0x2d	; 45
    10c0:	69 f4       	brne	.+26     	; 0x10dc <conv_flt+0x1a0>
    10c2:	e9 2d       	mov	r30, r9
    10c4:	e0 61       	ori	r30, 0x10	; 16
    10c6:	9e 2e       	mov	r9, r30
    10c8:	58 01       	movw	r10, r16
    10ca:	f2 e0       	ldi	r31, 0x02	; 2
    10cc:	af 1a       	sub	r10, r31
    10ce:	b1 08       	sbc	r11, r1
    10d0:	09 f4       	brne	.+2      	; 0x10d4 <conv_flt+0x198>
    10d2:	58 cf       	rjmp	.-336    	; 0xf84 <conv_flt+0x48>
    10d4:	c6 01       	movw	r24, r12
    10d6:	0e 94 a6 0c 	call	0x194c	; 0x194c <fgetc>
    10da:	ec 01       	movw	r28, r24
    10dc:	ce 01       	movw	r24, r28
    10de:	c0 97       	sbiw	r24, 0x30	; 48
    10e0:	0a 97       	sbiw	r24, 0x0a	; 10
    10e2:	08 f0       	brcs	.+2      	; 0x10e6 <conv_flt+0x1aa>
    10e4:	4f cf       	rjmp	.-354    	; 0xf84 <conv_flt+0x48>
    10e6:	85 01       	movw	r16, r10
    10e8:	a1 2c       	mov	r10, r1
    10ea:	b1 2c       	mov	r11, r1
    10ec:	b5 01       	movw	r22, r10
    10ee:	bb 0c       	add	r11, r11
    10f0:	88 0b       	sbc	r24, r24
    10f2:	99 0b       	sbc	r25, r25
    10f4:	2c 2f       	mov	r18, r28
    10f6:	20 53       	subi	r18, 0x30	; 48
    10f8:	40 e2       	ldi	r20, 0x20	; 32
    10fa:	0e 94 12 06 	call	0xc24	; 0xc24 <mulacc>
    10fe:	5b 01       	movw	r10, r22
    1100:	01 50       	subi	r16, 0x01	; 1
    1102:	11 09       	sbc	r17, r1
    1104:	39 f0       	breq	.+14     	; 0x1114 <conv_flt+0x1d8>
    1106:	c6 01       	movw	r24, r12
    1108:	0e 94 a6 0c 	call	0x194c	; 0x194c <fgetc>
    110c:	ec 01       	movw	r28, r24
    110e:	c0 97       	sbiw	r24, 0x30	; 48
    1110:	0a 97       	sbiw	r24, 0x0a	; 10
    1112:	60 f3       	brcs	.-40     	; 0x10ec <conv_flt+0x1b0>
    1114:	94 fe       	sbrs	r9, 4
    1116:	03 c0       	rjmp	.+6      	; 0x111e <conv_flt+0x1e2>
    1118:	b1 94       	neg	r11
    111a:	a1 94       	neg	r10
    111c:	b1 08       	sbc	r11, r1
    111e:	ea 0c       	add	r14, r10
    1120:	fb 1c       	adc	r15, r11
    1122:	01 2b       	or	r16, r17
    1124:	31 f0       	breq	.+12     	; 0x1132 <conv_flt+0x1f6>
    1126:	d7 fd       	sbrc	r29, 7
    1128:	04 c0       	rjmp	.+8      	; 0x1132 <conv_flt+0x1f6>
    112a:	b6 01       	movw	r22, r12
    112c:	ce 01       	movw	r24, r28
    112e:	0e 94 20 0d 	call	0x1a40	; 0x1a40 <ungetc>
    1132:	c3 01       	movw	r24, r6
    1134:	b2 01       	movw	r22, r4
    1136:	0e 94 14 0a 	call	0x1428	; 0x1428 <__floatunsisf>
    113a:	f7 fe       	sbrs	r15, 7
    113c:	06 c0       	rjmp	.+12     	; 0x114a <conv_flt+0x20e>
    113e:	f1 94       	neg	r15
    1140:	e1 94       	neg	r14
    1142:	f1 08       	sbc	r15, r1
    1144:	cb e9       	ldi	r28, 0x9B	; 155
    1146:	d1 e0       	ldi	r29, 0x01	; 1
    1148:	02 c0       	rjmp	.+4      	; 0x114e <conv_flt+0x212>
    114a:	c3 eb       	ldi	r28, 0xB3	; 179
    114c:	d1 e0       	ldi	r29, 0x01	; 1
    114e:	6e 01       	movw	r12, r28
    1150:	28 e1       	ldi	r18, 0x18	; 24
    1152:	c2 1a       	sub	r12, r18
    1154:	d1 08       	sbc	r13, r1
    1156:	00 e2       	ldi	r16, 0x20	; 32
    1158:	10 e0       	ldi	r17, 0x00	; 0
    115a:	e0 16       	cp	r14, r16
    115c:	f1 06       	cpc	r15, r17
    115e:	50 f0       	brcs	.+20     	; 0x1174 <conv_flt+0x238>
    1160:	fe 01       	movw	r30, r28
    1162:	25 91       	lpm	r18, Z+
    1164:	35 91       	lpm	r19, Z+
    1166:	45 91       	lpm	r20, Z+
    1168:	54 91       	lpm	r21, Z
    116a:	0e 94 51 0a 	call	0x14a2	; 0x14a2 <__mulsf3>
    116e:	e0 1a       	sub	r14, r16
    1170:	f1 0a       	sbc	r15, r17
    1172:	f3 cf       	rjmp	.-26     	; 0x115a <conv_flt+0x21e>
    1174:	24 97       	sbiw	r28, 0x04	; 4
    1176:	16 95       	lsr	r17
    1178:	07 95       	ror	r16
    117a:	cc 16       	cp	r12, r28
    117c:	dd 06       	cpc	r13, r29
    117e:	69 f7       	brne	.-38     	; 0x115a <conv_flt+0x21e>
    1180:	97 fe       	sbrs	r9, 7
    1182:	05 c0       	rjmp	.+10     	; 0x118e <conv_flt+0x252>
    1184:	dc 01       	movw	r26, r24
    1186:	cb 01       	movw	r24, r22
    1188:	b0 58       	subi	r27, 0x80	; 128
    118a:	bc 01       	movw	r22, r24
    118c:	cd 01       	movw	r24, r26
    118e:	21 14       	cp	r2, r1
    1190:	31 04       	cpc	r3, r1
    1192:	29 f0       	breq	.+10     	; 0x119e <conv_flt+0x262>
    1194:	f1 01       	movw	r30, r2
    1196:	60 83       	st	Z, r22
    1198:	71 83       	std	Z+1, r23	; 0x01
    119a:	82 83       	std	Z+2, r24	; 0x02
    119c:	93 83       	std	Z+3, r25	; 0x03
    119e:	81 e0       	ldi	r24, 0x01	; 1
    11a0:	df 91       	pop	r29
    11a2:	cf 91       	pop	r28
    11a4:	1f 91       	pop	r17
    11a6:	0f 91       	pop	r16
    11a8:	ff 90       	pop	r15
    11aa:	ef 90       	pop	r14
    11ac:	df 90       	pop	r13
    11ae:	cf 90       	pop	r12
    11b0:	bf 90       	pop	r11
    11b2:	af 90       	pop	r10
    11b4:	9f 90       	pop	r9
    11b6:	7f 90       	pop	r7
    11b8:	6f 90       	pop	r6
    11ba:	5f 90       	pop	r5
    11bc:	4f 90       	pop	r4
    11be:	3f 90       	pop	r3
    11c0:	2f 90       	pop	r2
    11c2:	08 95       	ret

000011c4 <vfscanf>:
    11c4:	a0 e0       	ldi	r26, 0x00	; 0
    11c6:	b0 e0       	ldi	r27, 0x00	; 0
    11c8:	e8 ee       	ldi	r30, 0xE8	; 232
    11ca:	f8 e0       	ldi	r31, 0x08	; 8
    11cc:	0c 94 44 0b 	jmp	0x1688	; 0x1688 <__prologue_saves__+0x8>
    11d0:	5c 01       	movw	r10, r24
    11d2:	eb 01       	movw	r28, r22
    11d4:	4a 01       	movw	r8, r20
    11d6:	fc 01       	movw	r30, r24
    11d8:	17 82       	std	Z+7, r1	; 0x07
    11da:	16 82       	std	Z+6, r1	; 0x06
    11dc:	61 2c       	mov	r6, r1
    11de:	f5 01       	movw	r30, r10
    11e0:	03 81       	ldd	r16, Z+3	; 0x03
    11e2:	fe 01       	movw	r30, r28
    11e4:	03 fd       	sbrc	r16, 3
    11e6:	85 91       	lpm	r24, Z+
    11e8:	03 ff       	sbrs	r16, 3
    11ea:	81 91       	ld	r24, Z+
    11ec:	18 2f       	mov	r17, r24
    11ee:	ef 01       	movw	r28, r30
    11f0:	88 23       	and	r24, r24
    11f2:	09 f4       	brne	.+2      	; 0x11f6 <vfscanf+0x32>
    11f4:	0f c1       	rjmp	.+542    	; 0x1414 <vfscanf+0x250>
    11f6:	90 e0       	ldi	r25, 0x00	; 0
    11f8:	0e 94 4f 0c 	call	0x189e	; 0x189e <isspace>
    11fc:	89 2b       	or	r24, r25
    11fe:	21 f0       	breq	.+8      	; 0x1208 <vfscanf+0x44>
    1200:	c5 01       	movw	r24, r10
    1202:	0e 94 39 06 	call	0xc72	; 0xc72 <skip_spaces>
    1206:	eb cf       	rjmp	.-42     	; 0x11de <vfscanf+0x1a>
    1208:	15 32       	cpi	r17, 0x25	; 37
    120a:	41 f4       	brne	.+16     	; 0x121c <vfscanf+0x58>
    120c:	fe 01       	movw	r30, r28
    120e:	03 fd       	sbrc	r16, 3
    1210:	15 91       	lpm	r17, Z+
    1212:	03 ff       	sbrs	r16, 3
    1214:	11 91       	ld	r17, Z+
    1216:	ef 01       	movw	r28, r30
    1218:	15 32       	cpi	r17, 0x25	; 37
    121a:	81 f4       	brne	.+32     	; 0x123c <vfscanf+0x78>
    121c:	c5 01       	movw	r24, r10
    121e:	0e 94 a6 0c 	call	0x194c	; 0x194c <fgetc>
    1222:	97 fd       	sbrc	r25, 7
    1224:	f5 c0       	rjmp	.+490    	; 0x1410 <vfscanf+0x24c>
    1226:	41 2f       	mov	r20, r17
    1228:	50 e0       	ldi	r21, 0x00	; 0
    122a:	9c 01       	movw	r18, r24
    122c:	33 27       	eor	r19, r19
    122e:	24 17       	cp	r18, r20
    1230:	35 07       	cpc	r19, r21
    1232:	a9 f2       	breq	.-86     	; 0x11de <vfscanf+0x1a>
    1234:	b5 01       	movw	r22, r10
    1236:	0e 94 20 0d 	call	0x1a40	; 0x1a40 <ungetc>
    123a:	ec c0       	rjmp	.+472    	; 0x1414 <vfscanf+0x250>
    123c:	1a 32       	cpi	r17, 0x2A	; 42
    123e:	41 f4       	brne	.+16     	; 0x1250 <vfscanf+0x8c>
    1240:	03 fd       	sbrc	r16, 3
    1242:	15 91       	lpm	r17, Z+
    1244:	03 ff       	sbrs	r16, 3
    1246:	11 91       	ld	r17, Z+
    1248:	ef 01       	movw	r28, r30
    124a:	77 24       	eor	r7, r7
    124c:	73 94       	inc	r7
    124e:	01 c0       	rjmp	.+2      	; 0x1252 <vfscanf+0x8e>
    1250:	71 2c       	mov	r7, r1
    1252:	e1 2c       	mov	r14, r1
    1254:	f1 2c       	mov	r15, r1
    1256:	20 ed       	ldi	r18, 0xD0	; 208
    1258:	21 0f       	add	r18, r17
    125a:	2a 30       	cpi	r18, 0x0A	; 10
    125c:	88 f4       	brcc	.+34     	; 0x1280 <vfscanf+0xbc>
    125e:	f7 2d       	mov	r31, r7
    1260:	f2 60       	ori	r31, 0x02	; 2
    1262:	7f 2e       	mov	r7, r31
    1264:	b7 01       	movw	r22, r14
    1266:	80 e0       	ldi	r24, 0x00	; 0
    1268:	90 e0       	ldi	r25, 0x00	; 0
    126a:	40 e2       	ldi	r20, 0x20	; 32
    126c:	0e 94 12 06 	call	0xc24	; 0xc24 <mulacc>
    1270:	7b 01       	movw	r14, r22
    1272:	fe 01       	movw	r30, r28
    1274:	03 fd       	sbrc	r16, 3
    1276:	15 91       	lpm	r17, Z+
    1278:	03 ff       	sbrs	r16, 3
    127a:	11 91       	ld	r17, Z+
    127c:	ef 01       	movw	r28, r30
    127e:	eb cf       	rjmp	.-42     	; 0x1256 <vfscanf+0x92>
    1280:	71 fe       	sbrs	r7, 1
    1282:	04 c0       	rjmp	.+8      	; 0x128c <vfscanf+0xc8>
    1284:	e1 14       	cp	r14, r1
    1286:	f1 04       	cpc	r15, r1
    1288:	21 f4       	brne	.+8      	; 0x1292 <vfscanf+0xce>
    128a:	c4 c0       	rjmp	.+392    	; 0x1414 <vfscanf+0x250>
    128c:	ee 24       	eor	r14, r14
    128e:	ea 94       	dec	r14
    1290:	fe 2c       	mov	r15, r14
    1292:	18 36       	cpi	r17, 0x68	; 104
    1294:	19 f0       	breq	.+6      	; 0x129c <vfscanf+0xd8>
    1296:	1c 36       	cpi	r17, 0x6C	; 108
    1298:	61 f0       	breq	.+24     	; 0x12b2 <vfscanf+0xee>
    129a:	14 c0       	rjmp	.+40     	; 0x12c4 <vfscanf+0x100>
    129c:	fe 01       	movw	r30, r28
    129e:	03 fd       	sbrc	r16, 3
    12a0:	15 91       	lpm	r17, Z+
    12a2:	03 ff       	sbrs	r16, 3
    12a4:	11 91       	ld	r17, Z+
    12a6:	ef 01       	movw	r28, r30
    12a8:	18 36       	cpi	r17, 0x68	; 104
    12aa:	61 f4       	brne	.+24     	; 0x12c4 <vfscanf+0x100>
    12ac:	87 2d       	mov	r24, r7
    12ae:	88 60       	ori	r24, 0x08	; 8
    12b0:	78 2e       	mov	r7, r24
    12b2:	97 2d       	mov	r25, r7
    12b4:	94 60       	ori	r25, 0x04	; 4
    12b6:	79 2e       	mov	r7, r25
    12b8:	fe 01       	movw	r30, r28
    12ba:	03 fd       	sbrc	r16, 3
    12bc:	15 91       	lpm	r17, Z+
    12be:	03 ff       	sbrs	r16, 3
    12c0:	11 91       	ld	r17, Z+
    12c2:	ef 01       	movw	r28, r30
    12c4:	11 23       	and	r17, r17
    12c6:	09 f4       	brne	.+2      	; 0x12ca <vfscanf+0x106>
    12c8:	a5 c0       	rjmp	.+330    	; 0x1414 <vfscanf+0x250>
    12ca:	61 2f       	mov	r22, r17
    12cc:	70 e0       	ldi	r23, 0x00	; 0
    12ce:	8a e6       	ldi	r24, 0x6A	; 106
    12d0:	91 e0       	ldi	r25, 0x01	; 1
    12d2:	0e 94 60 0c 	call	0x18c0	; 0x18c0 <strchr_P>
    12d6:	89 2b       	or	r24, r25
    12d8:	09 f4       	brne	.+2      	; 0x12dc <vfscanf+0x118>
    12da:	9c c0       	rjmp	.+312    	; 0x1414 <vfscanf+0x250>
    12dc:	70 fc       	sbrc	r7, 0
    12de:	07 c0       	rjmp	.+14     	; 0x12ee <vfscanf+0x12a>
    12e0:	f4 01       	movw	r30, r8
    12e2:	c0 80       	ld	r12, Z
    12e4:	d1 80       	ldd	r13, Z+1	; 0x01
    12e6:	c4 01       	movw	r24, r8
    12e8:	02 96       	adiw	r24, 0x02	; 2
    12ea:	4c 01       	movw	r8, r24
    12ec:	02 c0       	rjmp	.+4      	; 0x12f2 <vfscanf+0x12e>
    12ee:	c1 2c       	mov	r12, r1
    12f0:	d1 2c       	mov	r13, r1
    12f2:	1e 36       	cpi	r17, 0x6E	; 110
    12f4:	51 f4       	brne	.+20     	; 0x130a <vfscanf+0x146>
    12f6:	f5 01       	movw	r30, r10
    12f8:	46 81       	ldd	r20, Z+6	; 0x06
    12fa:	57 81       	ldd	r21, Z+7	; 0x07
    12fc:	60 e0       	ldi	r22, 0x00	; 0
    12fe:	70 e0       	ldi	r23, 0x00	; 0
    1300:	27 2d       	mov	r18, r7
    1302:	c6 01       	movw	r24, r12
    1304:	0e 94 06 06 	call	0xc0c	; 0xc0c <putval>
    1308:	6a cf       	rjmp	.-300    	; 0x11de <vfscanf+0x1a>
    130a:	13 36       	cpi	r17, 0x63	; 99
    130c:	b9 f4       	brne	.+46     	; 0x133c <vfscanf+0x178>
    130e:	71 fc       	sbrc	r7, 1
    1310:	03 c0       	rjmp	.+6      	; 0x1318 <vfscanf+0x154>
    1312:	ee 24       	eor	r14, r14
    1314:	e3 94       	inc	r14
    1316:	f1 2c       	mov	r15, r1
    1318:	c5 01       	movw	r24, r10
    131a:	0e 94 a6 0c 	call	0x194c	; 0x194c <fgetc>
    131e:	97 fd       	sbrc	r25, 7
    1320:	77 c0       	rjmp	.+238    	; 0x1410 <vfscanf+0x24c>
    1322:	c1 14       	cp	r12, r1
    1324:	d1 04       	cpc	r13, r1
    1326:	29 f0       	breq	.+10     	; 0x1332 <vfscanf+0x16e>
    1328:	f6 01       	movw	r30, r12
    132a:	80 83       	st	Z, r24
    132c:	c6 01       	movw	r24, r12
    132e:	01 96       	adiw	r24, 0x01	; 1
    1330:	6c 01       	movw	r12, r24
    1332:	91 e0       	ldi	r25, 0x01	; 1
    1334:	e9 1a       	sub	r14, r25
    1336:	f1 08       	sbc	r15, r1
    1338:	79 f7       	brne	.-34     	; 0x1318 <vfscanf+0x154>
    133a:	66 c0       	rjmp	.+204    	; 0x1408 <vfscanf+0x244>
    133c:	1b 35       	cpi	r17, 0x5B	; 91
    133e:	59 f4       	brne	.+22     	; 0x1356 <vfscanf+0x192>
    1340:	9e 01       	movw	r18, r28
    1342:	a6 01       	movw	r20, r12
    1344:	b7 01       	movw	r22, r14
    1346:	c5 01       	movw	r24, r10
    1348:	0e 94 dc 06 	call	0xdb8	; 0xdb8 <conv_brk>
    134c:	ec 01       	movw	r28, r24
    134e:	89 2b       	or	r24, r25
    1350:	09 f0       	breq	.+2      	; 0x1354 <vfscanf+0x190>
    1352:	5a c0       	rjmp	.+180    	; 0x1408 <vfscanf+0x244>
    1354:	54 c0       	rjmp	.+168    	; 0x13fe <vfscanf+0x23a>
    1356:	c5 01       	movw	r24, r10
    1358:	0e 94 39 06 	call	0xc72	; 0xc72 <skip_spaces>
    135c:	97 fd       	sbrc	r25, 7
    135e:	58 c0       	rjmp	.+176    	; 0x1410 <vfscanf+0x24c>
    1360:	1f 36       	cpi	r17, 0x6F	; 111
    1362:	e1 f1       	breq	.+120    	; 0x13dc <vfscanf+0x218>
    1364:	40 f4       	brcc	.+16     	; 0x1376 <vfscanf+0x1b2>
    1366:	14 36       	cpi	r17, 0x64	; 100
    1368:	a9 f1       	breq	.+106    	; 0x13d4 <vfscanf+0x210>
    136a:	19 36       	cpi	r17, 0x69	; 105
    136c:	d1 f1       	breq	.+116    	; 0x13e2 <vfscanf+0x21e>
    136e:	18 35       	cpi	r17, 0x58	; 88
    1370:	09 f0       	breq	.+2      	; 0x1374 <vfscanf+0x1b0>
    1372:	3e c0       	rjmp	.+124    	; 0x13f0 <vfscanf+0x22c>
    1374:	2b c0       	rjmp	.+86     	; 0x13cc <vfscanf+0x208>
    1376:	13 37       	cpi	r17, 0x73	; 115
    1378:	a9 f0       	breq	.+42     	; 0x13a4 <vfscanf+0x1e0>
    137a:	18 f4       	brcc	.+6      	; 0x1382 <vfscanf+0x1be>
    137c:	10 37       	cpi	r17, 0x70	; 112
    137e:	31 f1       	breq	.+76     	; 0x13cc <vfscanf+0x208>
    1380:	37 c0       	rjmp	.+110    	; 0x13f0 <vfscanf+0x22c>
    1382:	15 37       	cpi	r17, 0x75	; 117
    1384:	39 f1       	breq	.+78     	; 0x13d4 <vfscanf+0x210>
    1386:	18 37       	cpi	r17, 0x78	; 120
    1388:	09 f1       	breq	.+66     	; 0x13cc <vfscanf+0x208>
    138a:	32 c0       	rjmp	.+100    	; 0x13f0 <vfscanf+0x22c>
    138c:	c1 14       	cp	r12, r1
    138e:	d1 04       	cpc	r13, r1
    1390:	29 f0       	breq	.+10     	; 0x139c <vfscanf+0x1d8>
    1392:	f6 01       	movw	r30, r12
    1394:	00 83       	st	Z, r16
    1396:	c6 01       	movw	r24, r12
    1398:	01 96       	adiw	r24, 0x01	; 1
    139a:	6c 01       	movw	r12, r24
    139c:	91 e0       	ldi	r25, 0x01	; 1
    139e:	e9 1a       	sub	r14, r25
    13a0:	f1 08       	sbc	r15, r1
    13a2:	71 f0       	breq	.+28     	; 0x13c0 <vfscanf+0x1fc>
    13a4:	c5 01       	movw	r24, r10
    13a6:	0e 94 a6 0c 	call	0x194c	; 0x194c <fgetc>
    13aa:	8c 01       	movw	r16, r24
    13ac:	97 fd       	sbrc	r25, 7
    13ae:	08 c0       	rjmp	.+16     	; 0x13c0 <vfscanf+0x1fc>
    13b0:	0e 94 4f 0c 	call	0x189e	; 0x189e <isspace>
    13b4:	89 2b       	or	r24, r25
    13b6:	51 f3       	breq	.-44     	; 0x138c <vfscanf+0x1c8>
    13b8:	b5 01       	movw	r22, r10
    13ba:	c8 01       	movw	r24, r16
    13bc:	0e 94 20 0d 	call	0x1a40	; 0x1a40 <ungetc>
    13c0:	c1 14       	cp	r12, r1
    13c2:	d1 04       	cpc	r13, r1
    13c4:	09 f1       	breq	.+66     	; 0x1408 <vfscanf+0x244>
    13c6:	f6 01       	movw	r30, r12
    13c8:	10 82       	st	Z, r1
    13ca:	1e c0       	rjmp	.+60     	; 0x1408 <vfscanf+0x244>
    13cc:	f7 2d       	mov	r31, r7
    13ce:	f0 64       	ori	r31, 0x40	; 64
    13d0:	7f 2e       	mov	r7, r31
    13d2:	07 c0       	rjmp	.+14     	; 0x13e2 <vfscanf+0x21e>
    13d4:	87 2d       	mov	r24, r7
    13d6:	80 62       	ori	r24, 0x20	; 32
    13d8:	78 2e       	mov	r7, r24
    13da:	03 c0       	rjmp	.+6      	; 0x13e2 <vfscanf+0x21e>
    13dc:	97 2d       	mov	r25, r7
    13de:	90 61       	ori	r25, 0x10	; 16
    13e0:	79 2e       	mov	r7, r25
    13e2:	27 2d       	mov	r18, r7
    13e4:	a6 01       	movw	r20, r12
    13e6:	b7 01       	movw	r22, r14
    13e8:	c5 01       	movw	r24, r10
    13ea:	0e 94 52 06 	call	0xca4	; 0xca4 <conv_int>
    13ee:	05 c0       	rjmp	.+10     	; 0x13fa <vfscanf+0x236>
    13f0:	a6 01       	movw	r20, r12
    13f2:	b7 01       	movw	r22, r14
    13f4:	c5 01       	movw	r24, r10
    13f6:	0e 94 9e 07 	call	0xf3c	; 0xf3c <conv_flt>
    13fa:	81 11       	cpse	r24, r1
    13fc:	05 c0       	rjmp	.+10     	; 0x1408 <vfscanf+0x244>
    13fe:	f5 01       	movw	r30, r10
    1400:	83 81       	ldd	r24, Z+3	; 0x03
    1402:	80 73       	andi	r24, 0x30	; 48
    1404:	29 f4       	brne	.+10     	; 0x1410 <vfscanf+0x24c>
    1406:	06 c0       	rjmp	.+12     	; 0x1414 <vfscanf+0x250>
    1408:	70 fc       	sbrc	r7, 0
    140a:	e9 ce       	rjmp	.-558    	; 0x11de <vfscanf+0x1a>
    140c:	63 94       	inc	r6
    140e:	e7 ce       	rjmp	.-562    	; 0x11de <vfscanf+0x1a>
    1410:	66 20       	and	r6, r6
    1412:	19 f0       	breq	.+6      	; 0x141a <vfscanf+0x256>
    1414:	86 2d       	mov	r24, r6
    1416:	90 e0       	ldi	r25, 0x00	; 0
    1418:	02 c0       	rjmp	.+4      	; 0x141e <vfscanf+0x25a>
    141a:	8f ef       	ldi	r24, 0xFF	; 255
    141c:	9f ef       	ldi	r25, 0xFF	; 255
    141e:	cd b7       	in	r28, 0x3d	; 61
    1420:	de b7       	in	r29, 0x3e	; 62
    1422:	ee e0       	ldi	r30, 0x0E	; 14
    1424:	0c 94 60 0b 	jmp	0x16c0	; 0x16c0 <__epilogue_restores__+0x8>

00001428 <__floatunsisf>:
    1428:	e8 94       	clt
    142a:	09 c0       	rjmp	.+18     	; 0x143e <__floatsisf+0x12>

0000142c <__floatsisf>:
    142c:	97 fb       	bst	r25, 7
    142e:	3e f4       	brtc	.+14     	; 0x143e <__floatsisf+0x12>
    1430:	90 95       	com	r25
    1432:	80 95       	com	r24
    1434:	70 95       	com	r23
    1436:	61 95       	neg	r22
    1438:	7f 4f       	sbci	r23, 0xFF	; 255
    143a:	8f 4f       	sbci	r24, 0xFF	; 255
    143c:	9f 4f       	sbci	r25, 0xFF	; 255
    143e:	99 23       	and	r25, r25
    1440:	a9 f0       	breq	.+42     	; 0x146c <__floatsisf+0x40>
    1442:	f9 2f       	mov	r31, r25
    1444:	96 e9       	ldi	r25, 0x96	; 150
    1446:	bb 27       	eor	r27, r27
    1448:	93 95       	inc	r25
    144a:	f6 95       	lsr	r31
    144c:	87 95       	ror	r24
    144e:	77 95       	ror	r23
    1450:	67 95       	ror	r22
    1452:	b7 95       	ror	r27
    1454:	f1 11       	cpse	r31, r1
    1456:	f8 cf       	rjmp	.-16     	; 0x1448 <__floatsisf+0x1c>
    1458:	fa f4       	brpl	.+62     	; 0x1498 <__floatsisf+0x6c>
    145a:	bb 0f       	add	r27, r27
    145c:	11 f4       	brne	.+4      	; 0x1462 <__floatsisf+0x36>
    145e:	60 ff       	sbrs	r22, 0
    1460:	1b c0       	rjmp	.+54     	; 0x1498 <__floatsisf+0x6c>
    1462:	6f 5f       	subi	r22, 0xFF	; 255
    1464:	7f 4f       	sbci	r23, 0xFF	; 255
    1466:	8f 4f       	sbci	r24, 0xFF	; 255
    1468:	9f 4f       	sbci	r25, 0xFF	; 255
    146a:	16 c0       	rjmp	.+44     	; 0x1498 <__floatsisf+0x6c>
    146c:	88 23       	and	r24, r24
    146e:	11 f0       	breq	.+4      	; 0x1474 <__floatsisf+0x48>
    1470:	96 e9       	ldi	r25, 0x96	; 150
    1472:	11 c0       	rjmp	.+34     	; 0x1496 <__floatsisf+0x6a>
    1474:	77 23       	and	r23, r23
    1476:	21 f0       	breq	.+8      	; 0x1480 <__floatsisf+0x54>
    1478:	9e e8       	ldi	r25, 0x8E	; 142
    147a:	87 2f       	mov	r24, r23
    147c:	76 2f       	mov	r23, r22
    147e:	05 c0       	rjmp	.+10     	; 0x148a <__floatsisf+0x5e>
    1480:	66 23       	and	r22, r22
    1482:	71 f0       	breq	.+28     	; 0x14a0 <__floatsisf+0x74>
    1484:	96 e8       	ldi	r25, 0x86	; 134
    1486:	86 2f       	mov	r24, r22
    1488:	70 e0       	ldi	r23, 0x00	; 0
    148a:	60 e0       	ldi	r22, 0x00	; 0
    148c:	2a f0       	brmi	.+10     	; 0x1498 <__floatsisf+0x6c>
    148e:	9a 95       	dec	r25
    1490:	66 0f       	add	r22, r22
    1492:	77 1f       	adc	r23, r23
    1494:	88 1f       	adc	r24, r24
    1496:	da f7       	brpl	.-10     	; 0x148e <__floatsisf+0x62>
    1498:	88 0f       	add	r24, r24
    149a:	96 95       	lsr	r25
    149c:	87 95       	ror	r24
    149e:	97 f9       	bld	r25, 7
    14a0:	08 95       	ret

000014a2 <__mulsf3>:
    14a2:	0e 94 64 0a 	call	0x14c8	; 0x14c8 <__mulsf3x>
    14a6:	0c 94 d5 0a 	jmp	0x15aa	; 0x15aa <__fp_round>
    14aa:	0e 94 c7 0a 	call	0x158e	; 0x158e <__fp_pscA>
    14ae:	38 f0       	brcs	.+14     	; 0x14be <__mulsf3+0x1c>
    14b0:	0e 94 ce 0a 	call	0x159c	; 0x159c <__fp_pscB>
    14b4:	20 f0       	brcs	.+8      	; 0x14be <__mulsf3+0x1c>
    14b6:	95 23       	and	r25, r21
    14b8:	11 f0       	breq	.+4      	; 0x14be <__mulsf3+0x1c>
    14ba:	0c 94 be 0a 	jmp	0x157c	; 0x157c <__fp_inf>
    14be:	0c 94 c4 0a 	jmp	0x1588	; 0x1588 <__fp_nan>
    14c2:	11 24       	eor	r1, r1
    14c4:	0c 94 09 0b 	jmp	0x1612	; 0x1612 <__fp_szero>

000014c8 <__mulsf3x>:
    14c8:	0e 94 e6 0a 	call	0x15cc	; 0x15cc <__fp_split3>
    14cc:	70 f3       	brcs	.-36     	; 0x14aa <__mulsf3+0x8>

000014ce <__mulsf3_pse>:
    14ce:	95 9f       	mul	r25, r21
    14d0:	c1 f3       	breq	.-16     	; 0x14c2 <__mulsf3+0x20>
    14d2:	95 0f       	add	r25, r21
    14d4:	50 e0       	ldi	r21, 0x00	; 0
    14d6:	55 1f       	adc	r21, r21
    14d8:	62 9f       	mul	r22, r18
    14da:	f0 01       	movw	r30, r0
    14dc:	72 9f       	mul	r23, r18
    14de:	bb 27       	eor	r27, r27
    14e0:	f0 0d       	add	r31, r0
    14e2:	b1 1d       	adc	r27, r1
    14e4:	63 9f       	mul	r22, r19
    14e6:	aa 27       	eor	r26, r26
    14e8:	f0 0d       	add	r31, r0
    14ea:	b1 1d       	adc	r27, r1
    14ec:	aa 1f       	adc	r26, r26
    14ee:	64 9f       	mul	r22, r20
    14f0:	66 27       	eor	r22, r22
    14f2:	b0 0d       	add	r27, r0
    14f4:	a1 1d       	adc	r26, r1
    14f6:	66 1f       	adc	r22, r22
    14f8:	82 9f       	mul	r24, r18
    14fa:	22 27       	eor	r18, r18
    14fc:	b0 0d       	add	r27, r0
    14fe:	a1 1d       	adc	r26, r1
    1500:	62 1f       	adc	r22, r18
    1502:	73 9f       	mul	r23, r19
    1504:	b0 0d       	add	r27, r0
    1506:	a1 1d       	adc	r26, r1
    1508:	62 1f       	adc	r22, r18
    150a:	83 9f       	mul	r24, r19
    150c:	a0 0d       	add	r26, r0
    150e:	61 1d       	adc	r22, r1
    1510:	22 1f       	adc	r18, r18
    1512:	74 9f       	mul	r23, r20
    1514:	33 27       	eor	r19, r19
    1516:	a0 0d       	add	r26, r0
    1518:	61 1d       	adc	r22, r1
    151a:	23 1f       	adc	r18, r19
    151c:	84 9f       	mul	r24, r20
    151e:	60 0d       	add	r22, r0
    1520:	21 1d       	adc	r18, r1
    1522:	82 2f       	mov	r24, r18
    1524:	76 2f       	mov	r23, r22
    1526:	6a 2f       	mov	r22, r26
    1528:	11 24       	eor	r1, r1
    152a:	9f 57       	subi	r25, 0x7F	; 127
    152c:	50 40       	sbci	r21, 0x00	; 0
    152e:	9a f0       	brmi	.+38     	; 0x1556 <__mulsf3_pse+0x88>
    1530:	f1 f0       	breq	.+60     	; 0x156e <__mulsf3_pse+0xa0>
    1532:	88 23       	and	r24, r24
    1534:	4a f0       	brmi	.+18     	; 0x1548 <__mulsf3_pse+0x7a>
    1536:	ee 0f       	add	r30, r30
    1538:	ff 1f       	adc	r31, r31
    153a:	bb 1f       	adc	r27, r27
    153c:	66 1f       	adc	r22, r22
    153e:	77 1f       	adc	r23, r23
    1540:	88 1f       	adc	r24, r24
    1542:	91 50       	subi	r25, 0x01	; 1
    1544:	50 40       	sbci	r21, 0x00	; 0
    1546:	a9 f7       	brne	.-22     	; 0x1532 <__mulsf3_pse+0x64>
    1548:	9e 3f       	cpi	r25, 0xFE	; 254
    154a:	51 05       	cpc	r21, r1
    154c:	80 f0       	brcs	.+32     	; 0x156e <__mulsf3_pse+0xa0>
    154e:	0c 94 be 0a 	jmp	0x157c	; 0x157c <__fp_inf>
    1552:	0c 94 09 0b 	jmp	0x1612	; 0x1612 <__fp_szero>
    1556:	5f 3f       	cpi	r21, 0xFF	; 255
    1558:	e4 f3       	brlt	.-8      	; 0x1552 <__mulsf3_pse+0x84>
    155a:	98 3e       	cpi	r25, 0xE8	; 232
    155c:	d4 f3       	brlt	.-12     	; 0x1552 <__mulsf3_pse+0x84>
    155e:	86 95       	lsr	r24
    1560:	77 95       	ror	r23
    1562:	67 95       	ror	r22
    1564:	b7 95       	ror	r27
    1566:	f7 95       	ror	r31
    1568:	e7 95       	ror	r30
    156a:	9f 5f       	subi	r25, 0xFF	; 255
    156c:	c1 f7       	brne	.-16     	; 0x155e <__mulsf3_pse+0x90>
    156e:	fe 2b       	or	r31, r30
    1570:	88 0f       	add	r24, r24
    1572:	91 1d       	adc	r25, r1
    1574:	96 95       	lsr	r25
    1576:	87 95       	ror	r24
    1578:	97 f9       	bld	r25, 7
    157a:	08 95       	ret

0000157c <__fp_inf>:
    157c:	97 f9       	bld	r25, 7
    157e:	9f 67       	ori	r25, 0x7F	; 127
    1580:	80 e8       	ldi	r24, 0x80	; 128
    1582:	70 e0       	ldi	r23, 0x00	; 0
    1584:	60 e0       	ldi	r22, 0x00	; 0
    1586:	08 95       	ret

00001588 <__fp_nan>:
    1588:	9f ef       	ldi	r25, 0xFF	; 255
    158a:	80 ec       	ldi	r24, 0xC0	; 192
    158c:	08 95       	ret

0000158e <__fp_pscA>:
    158e:	00 24       	eor	r0, r0
    1590:	0a 94       	dec	r0
    1592:	16 16       	cp	r1, r22
    1594:	17 06       	cpc	r1, r23
    1596:	18 06       	cpc	r1, r24
    1598:	09 06       	cpc	r0, r25
    159a:	08 95       	ret

0000159c <__fp_pscB>:
    159c:	00 24       	eor	r0, r0
    159e:	0a 94       	dec	r0
    15a0:	12 16       	cp	r1, r18
    15a2:	13 06       	cpc	r1, r19
    15a4:	14 06       	cpc	r1, r20
    15a6:	05 06       	cpc	r0, r21
    15a8:	08 95       	ret

000015aa <__fp_round>:
    15aa:	09 2e       	mov	r0, r25
    15ac:	03 94       	inc	r0
    15ae:	00 0c       	add	r0, r0
    15b0:	11 f4       	brne	.+4      	; 0x15b6 <__fp_round+0xc>
    15b2:	88 23       	and	r24, r24
    15b4:	52 f0       	brmi	.+20     	; 0x15ca <__fp_round+0x20>
    15b6:	bb 0f       	add	r27, r27
    15b8:	40 f4       	brcc	.+16     	; 0x15ca <__fp_round+0x20>
    15ba:	bf 2b       	or	r27, r31
    15bc:	11 f4       	brne	.+4      	; 0x15c2 <__fp_round+0x18>
    15be:	60 ff       	sbrs	r22, 0
    15c0:	04 c0       	rjmp	.+8      	; 0x15ca <__fp_round+0x20>
    15c2:	6f 5f       	subi	r22, 0xFF	; 255
    15c4:	7f 4f       	sbci	r23, 0xFF	; 255
    15c6:	8f 4f       	sbci	r24, 0xFF	; 255
    15c8:	9f 4f       	sbci	r25, 0xFF	; 255
    15ca:	08 95       	ret

000015cc <__fp_split3>:
    15cc:	57 fd       	sbrc	r21, 7
    15ce:	90 58       	subi	r25, 0x80	; 128
    15d0:	44 0f       	add	r20, r20
    15d2:	55 1f       	adc	r21, r21
    15d4:	59 f0       	breq	.+22     	; 0x15ec <__fp_splitA+0x10>
    15d6:	5f 3f       	cpi	r21, 0xFF	; 255
    15d8:	71 f0       	breq	.+28     	; 0x15f6 <__fp_splitA+0x1a>
    15da:	47 95       	ror	r20

000015dc <__fp_splitA>:
    15dc:	88 0f       	add	r24, r24
    15de:	97 fb       	bst	r25, 7
    15e0:	99 1f       	adc	r25, r25
    15e2:	61 f0       	breq	.+24     	; 0x15fc <__fp_splitA+0x20>
    15e4:	9f 3f       	cpi	r25, 0xFF	; 255
    15e6:	79 f0       	breq	.+30     	; 0x1606 <__fp_splitA+0x2a>
    15e8:	87 95       	ror	r24
    15ea:	08 95       	ret
    15ec:	12 16       	cp	r1, r18
    15ee:	13 06       	cpc	r1, r19
    15f0:	14 06       	cpc	r1, r20
    15f2:	55 1f       	adc	r21, r21
    15f4:	f2 cf       	rjmp	.-28     	; 0x15da <__fp_split3+0xe>
    15f6:	46 95       	lsr	r20
    15f8:	f1 df       	rcall	.-30     	; 0x15dc <__fp_splitA>
    15fa:	08 c0       	rjmp	.+16     	; 0x160c <__fp_splitA+0x30>
    15fc:	16 16       	cp	r1, r22
    15fe:	17 06       	cpc	r1, r23
    1600:	18 06       	cpc	r1, r24
    1602:	99 1f       	adc	r25, r25
    1604:	f1 cf       	rjmp	.-30     	; 0x15e8 <__fp_splitA+0xc>
    1606:	86 95       	lsr	r24
    1608:	71 05       	cpc	r23, r1
    160a:	61 05       	cpc	r22, r1
    160c:	08 94       	sec
    160e:	08 95       	ret

00001610 <__fp_zero>:
    1610:	e8 94       	clt

00001612 <__fp_szero>:
    1612:	bb 27       	eor	r27, r27
    1614:	66 27       	eor	r22, r22
    1616:	77 27       	eor	r23, r23
    1618:	cb 01       	movw	r24, r22
    161a:	97 f9       	bld	r25, 7
    161c:	08 95       	ret

0000161e <__udivmodsi4>:
    161e:	a1 e2       	ldi	r26, 0x21	; 33
    1620:	1a 2e       	mov	r1, r26
    1622:	aa 1b       	sub	r26, r26
    1624:	bb 1b       	sub	r27, r27
    1626:	fd 01       	movw	r30, r26
    1628:	0d c0       	rjmp	.+26     	; 0x1644 <__udivmodsi4_ep>

0000162a <__udivmodsi4_loop>:
    162a:	aa 1f       	adc	r26, r26
    162c:	bb 1f       	adc	r27, r27
    162e:	ee 1f       	adc	r30, r30
    1630:	ff 1f       	adc	r31, r31
    1632:	a2 17       	cp	r26, r18
    1634:	b3 07       	cpc	r27, r19
    1636:	e4 07       	cpc	r30, r20
    1638:	f5 07       	cpc	r31, r21
    163a:	20 f0       	brcs	.+8      	; 0x1644 <__udivmodsi4_ep>
    163c:	a2 1b       	sub	r26, r18
    163e:	b3 0b       	sbc	r27, r19
    1640:	e4 0b       	sbc	r30, r20
    1642:	f5 0b       	sbc	r31, r21

00001644 <__udivmodsi4_ep>:
    1644:	66 1f       	adc	r22, r22
    1646:	77 1f       	adc	r23, r23
    1648:	88 1f       	adc	r24, r24
    164a:	99 1f       	adc	r25, r25
    164c:	1a 94       	dec	r1
    164e:	69 f7       	brne	.-38     	; 0x162a <__udivmodsi4_loop>
    1650:	60 95       	com	r22
    1652:	70 95       	com	r23
    1654:	80 95       	com	r24
    1656:	90 95       	com	r25
    1658:	9b 01       	movw	r18, r22
    165a:	ac 01       	movw	r20, r24
    165c:	bd 01       	movw	r22, r26
    165e:	cf 01       	movw	r24, r30
    1660:	08 95       	ret

00001662 <__umulhisi3>:
    1662:	a2 9f       	mul	r26, r18
    1664:	b0 01       	movw	r22, r0
    1666:	b3 9f       	mul	r27, r19
    1668:	c0 01       	movw	r24, r0
    166a:	a3 9f       	mul	r26, r19
    166c:	70 0d       	add	r23, r0
    166e:	81 1d       	adc	r24, r1
    1670:	11 24       	eor	r1, r1
    1672:	91 1d       	adc	r25, r1
    1674:	b2 9f       	mul	r27, r18
    1676:	70 0d       	add	r23, r0
    1678:	81 1d       	adc	r24, r1
    167a:	11 24       	eor	r1, r1
    167c:	91 1d       	adc	r25, r1
    167e:	08 95       	ret

00001680 <__prologue_saves__>:
    1680:	2f 92       	push	r2
    1682:	3f 92       	push	r3
    1684:	4f 92       	push	r4
    1686:	5f 92       	push	r5
    1688:	6f 92       	push	r6
    168a:	7f 92       	push	r7
    168c:	8f 92       	push	r8
    168e:	9f 92       	push	r9
    1690:	af 92       	push	r10
    1692:	bf 92       	push	r11
    1694:	cf 92       	push	r12
    1696:	df 92       	push	r13
    1698:	ef 92       	push	r14
    169a:	ff 92       	push	r15
    169c:	0f 93       	push	r16
    169e:	1f 93       	push	r17
    16a0:	cf 93       	push	r28
    16a2:	df 93       	push	r29
    16a4:	cd b7       	in	r28, 0x3d	; 61
    16a6:	de b7       	in	r29, 0x3e	; 62
    16a8:	ca 1b       	sub	r28, r26
    16aa:	db 0b       	sbc	r29, r27
    16ac:	0f b6       	in	r0, 0x3f	; 63
    16ae:	f8 94       	cli
    16b0:	de bf       	out	0x3e, r29	; 62
    16b2:	0f be       	out	0x3f, r0	; 63
    16b4:	cd bf       	out	0x3d, r28	; 61
    16b6:	09 94       	ijmp

000016b8 <__epilogue_restores__>:
    16b8:	2a 88       	ldd	r2, Y+18	; 0x12
    16ba:	39 88       	ldd	r3, Y+17	; 0x11
    16bc:	48 88       	ldd	r4, Y+16	; 0x10
    16be:	5f 84       	ldd	r5, Y+15	; 0x0f
    16c0:	6e 84       	ldd	r6, Y+14	; 0x0e
    16c2:	7d 84       	ldd	r7, Y+13	; 0x0d
    16c4:	8c 84       	ldd	r8, Y+12	; 0x0c
    16c6:	9b 84       	ldd	r9, Y+11	; 0x0b
    16c8:	aa 84       	ldd	r10, Y+10	; 0x0a
    16ca:	b9 84       	ldd	r11, Y+9	; 0x09
    16cc:	c8 84       	ldd	r12, Y+8	; 0x08
    16ce:	df 80       	ldd	r13, Y+7	; 0x07
    16d0:	ee 80       	ldd	r14, Y+6	; 0x06
    16d2:	fd 80       	ldd	r15, Y+5	; 0x05
    16d4:	0c 81       	ldd	r16, Y+4	; 0x04
    16d6:	1b 81       	ldd	r17, Y+3	; 0x03
    16d8:	aa 81       	ldd	r26, Y+2	; 0x02
    16da:	b9 81       	ldd	r27, Y+1	; 0x01
    16dc:	ce 0f       	add	r28, r30
    16de:	d1 1d       	adc	r29, r1
    16e0:	0f b6       	in	r0, 0x3f	; 63
    16e2:	f8 94       	cli
    16e4:	de bf       	out	0x3e, r29	; 62
    16e6:	0f be       	out	0x3f, r0	; 63
    16e8:	cd bf       	out	0x3d, r28	; 61
    16ea:	ed 01       	movw	r28, r26
    16ec:	08 95       	ret

000016ee <__ftoa_engine>:
    16ee:	28 30       	cpi	r18, 0x08	; 8
    16f0:	08 f0       	brcs	.+2      	; 0x16f4 <__ftoa_engine+0x6>
    16f2:	27 e0       	ldi	r18, 0x07	; 7
    16f4:	33 27       	eor	r19, r19
    16f6:	da 01       	movw	r26, r20
    16f8:	99 0f       	add	r25, r25
    16fa:	31 1d       	adc	r19, r1
    16fc:	87 fd       	sbrc	r24, 7
    16fe:	91 60       	ori	r25, 0x01	; 1
    1700:	00 96       	adiw	r24, 0x00	; 0
    1702:	61 05       	cpc	r22, r1
    1704:	71 05       	cpc	r23, r1
    1706:	39 f4       	brne	.+14     	; 0x1716 <__ftoa_engine+0x28>
    1708:	32 60       	ori	r19, 0x02	; 2
    170a:	2e 5f       	subi	r18, 0xFE	; 254
    170c:	3d 93       	st	X+, r19
    170e:	30 e3       	ldi	r19, 0x30	; 48
    1710:	2a 95       	dec	r18
    1712:	e1 f7       	brne	.-8      	; 0x170c <__ftoa_engine+0x1e>
    1714:	08 95       	ret
    1716:	9f 3f       	cpi	r25, 0xFF	; 255
    1718:	30 f0       	brcs	.+12     	; 0x1726 <__ftoa_engine+0x38>
    171a:	80 38       	cpi	r24, 0x80	; 128
    171c:	71 05       	cpc	r23, r1
    171e:	61 05       	cpc	r22, r1
    1720:	09 f0       	breq	.+2      	; 0x1724 <__ftoa_engine+0x36>
    1722:	3c 5f       	subi	r19, 0xFC	; 252
    1724:	3c 5f       	subi	r19, 0xFC	; 252
    1726:	3d 93       	st	X+, r19
    1728:	91 30       	cpi	r25, 0x01	; 1
    172a:	08 f0       	brcs	.+2      	; 0x172e <__ftoa_engine+0x40>
    172c:	80 68       	ori	r24, 0x80	; 128
    172e:	91 1d       	adc	r25, r1
    1730:	df 93       	push	r29
    1732:	cf 93       	push	r28
    1734:	1f 93       	push	r17
    1736:	0f 93       	push	r16
    1738:	ff 92       	push	r15
    173a:	ef 92       	push	r14
    173c:	19 2f       	mov	r17, r25
    173e:	98 7f       	andi	r25, 0xF8	; 248
    1740:	96 95       	lsr	r25
    1742:	e9 2f       	mov	r30, r25
    1744:	96 95       	lsr	r25
    1746:	96 95       	lsr	r25
    1748:	e9 0f       	add	r30, r25
    174a:	ff 27       	eor	r31, r31
    174c:	e6 53       	subi	r30, 0x36	; 54
    174e:	ff 4f       	sbci	r31, 0xFF	; 255
    1750:	99 27       	eor	r25, r25
    1752:	33 27       	eor	r19, r19
    1754:	ee 24       	eor	r14, r14
    1756:	ff 24       	eor	r15, r15
    1758:	a7 01       	movw	r20, r14
    175a:	e7 01       	movw	r28, r14
    175c:	05 90       	lpm	r0, Z+
    175e:	08 94       	sec
    1760:	07 94       	ror	r0
    1762:	28 f4       	brcc	.+10     	; 0x176e <__ftoa_engine+0x80>
    1764:	36 0f       	add	r19, r22
    1766:	e7 1e       	adc	r14, r23
    1768:	f8 1e       	adc	r15, r24
    176a:	49 1f       	adc	r20, r25
    176c:	51 1d       	adc	r21, r1
    176e:	66 0f       	add	r22, r22
    1770:	77 1f       	adc	r23, r23
    1772:	88 1f       	adc	r24, r24
    1774:	99 1f       	adc	r25, r25
    1776:	06 94       	lsr	r0
    1778:	a1 f7       	brne	.-24     	; 0x1762 <__ftoa_engine+0x74>
    177a:	05 90       	lpm	r0, Z+
    177c:	07 94       	ror	r0
    177e:	28 f4       	brcc	.+10     	; 0x178a <__ftoa_engine+0x9c>
    1780:	e7 0e       	add	r14, r23
    1782:	f8 1e       	adc	r15, r24
    1784:	49 1f       	adc	r20, r25
    1786:	56 1f       	adc	r21, r22
    1788:	c1 1d       	adc	r28, r1
    178a:	77 0f       	add	r23, r23
    178c:	88 1f       	adc	r24, r24
    178e:	99 1f       	adc	r25, r25
    1790:	66 1f       	adc	r22, r22
    1792:	06 94       	lsr	r0
    1794:	a1 f7       	brne	.-24     	; 0x177e <__ftoa_engine+0x90>
    1796:	05 90       	lpm	r0, Z+
    1798:	07 94       	ror	r0
    179a:	28 f4       	brcc	.+10     	; 0x17a6 <__ftoa_engine+0xb8>
    179c:	f8 0e       	add	r15, r24
    179e:	49 1f       	adc	r20, r25
    17a0:	56 1f       	adc	r21, r22
    17a2:	c7 1f       	adc	r28, r23
    17a4:	d1 1d       	adc	r29, r1
    17a6:	88 0f       	add	r24, r24
    17a8:	99 1f       	adc	r25, r25
    17aa:	66 1f       	adc	r22, r22
    17ac:	77 1f       	adc	r23, r23
    17ae:	06 94       	lsr	r0
    17b0:	a1 f7       	brne	.-24     	; 0x179a <__ftoa_engine+0xac>
    17b2:	05 90       	lpm	r0, Z+
    17b4:	07 94       	ror	r0
    17b6:	20 f4       	brcc	.+8      	; 0x17c0 <__ftoa_engine+0xd2>
    17b8:	49 0f       	add	r20, r25
    17ba:	56 1f       	adc	r21, r22
    17bc:	c7 1f       	adc	r28, r23
    17be:	d8 1f       	adc	r29, r24
    17c0:	99 0f       	add	r25, r25
    17c2:	66 1f       	adc	r22, r22
    17c4:	77 1f       	adc	r23, r23
    17c6:	88 1f       	adc	r24, r24
    17c8:	06 94       	lsr	r0
    17ca:	a9 f7       	brne	.-22     	; 0x17b6 <__ftoa_engine+0xc8>
    17cc:	84 91       	lpm	r24, Z
    17ce:	10 95       	com	r17
    17d0:	17 70       	andi	r17, 0x07	; 7
    17d2:	41 f0       	breq	.+16     	; 0x17e4 <__ftoa_engine+0xf6>
    17d4:	d6 95       	lsr	r29
    17d6:	c7 95       	ror	r28
    17d8:	57 95       	ror	r21
    17da:	47 95       	ror	r20
    17dc:	f7 94       	ror	r15
    17de:	e7 94       	ror	r14
    17e0:	1a 95       	dec	r17
    17e2:	c1 f7       	brne	.-16     	; 0x17d4 <__ftoa_engine+0xe6>
    17e4:	e0 e7       	ldi	r30, 0x70	; 112
    17e6:	f0 e0       	ldi	r31, 0x00	; 0
    17e8:	68 94       	set
    17ea:	15 90       	lpm	r1, Z+
    17ec:	15 91       	lpm	r17, Z+
    17ee:	35 91       	lpm	r19, Z+
    17f0:	65 91       	lpm	r22, Z+
    17f2:	95 91       	lpm	r25, Z+
    17f4:	05 90       	lpm	r0, Z+
    17f6:	7f e2       	ldi	r23, 0x2F	; 47
    17f8:	73 95       	inc	r23
    17fa:	e1 18       	sub	r14, r1
    17fc:	f1 0a       	sbc	r15, r17
    17fe:	43 0b       	sbc	r20, r19
    1800:	56 0b       	sbc	r21, r22
    1802:	c9 0b       	sbc	r28, r25
    1804:	d0 09       	sbc	r29, r0
    1806:	c0 f7       	brcc	.-16     	; 0x17f8 <__ftoa_engine+0x10a>
    1808:	e1 0c       	add	r14, r1
    180a:	f1 1e       	adc	r15, r17
    180c:	43 1f       	adc	r20, r19
    180e:	56 1f       	adc	r21, r22
    1810:	c9 1f       	adc	r28, r25
    1812:	d0 1d       	adc	r29, r0
    1814:	7e f4       	brtc	.+30     	; 0x1834 <__ftoa_engine+0x146>
    1816:	70 33       	cpi	r23, 0x30	; 48
    1818:	11 f4       	brne	.+4      	; 0x181e <__ftoa_engine+0x130>
    181a:	8a 95       	dec	r24
    181c:	e6 cf       	rjmp	.-52     	; 0x17ea <__ftoa_engine+0xfc>
    181e:	e8 94       	clt
    1820:	01 50       	subi	r16, 0x01	; 1
    1822:	30 f0       	brcs	.+12     	; 0x1830 <__ftoa_engine+0x142>
    1824:	08 0f       	add	r16, r24
    1826:	0a f4       	brpl	.+2      	; 0x182a <__ftoa_engine+0x13c>
    1828:	00 27       	eor	r16, r16
    182a:	02 17       	cp	r16, r18
    182c:	08 f4       	brcc	.+2      	; 0x1830 <__ftoa_engine+0x142>
    182e:	20 2f       	mov	r18, r16
    1830:	23 95       	inc	r18
    1832:	02 2f       	mov	r16, r18
    1834:	7a 33       	cpi	r23, 0x3A	; 58
    1836:	28 f0       	brcs	.+10     	; 0x1842 <__ftoa_engine+0x154>
    1838:	79 e3       	ldi	r23, 0x39	; 57
    183a:	7d 93       	st	X+, r23
    183c:	2a 95       	dec	r18
    183e:	e9 f7       	brne	.-6      	; 0x183a <__ftoa_engine+0x14c>
    1840:	10 c0       	rjmp	.+32     	; 0x1862 <__ftoa_engine+0x174>
    1842:	7d 93       	st	X+, r23
    1844:	2a 95       	dec	r18
    1846:	89 f6       	brne	.-94     	; 0x17ea <__ftoa_engine+0xfc>
    1848:	06 94       	lsr	r0
    184a:	97 95       	ror	r25
    184c:	67 95       	ror	r22
    184e:	37 95       	ror	r19
    1850:	17 95       	ror	r17
    1852:	17 94       	ror	r1
    1854:	e1 18       	sub	r14, r1
    1856:	f1 0a       	sbc	r15, r17
    1858:	43 0b       	sbc	r20, r19
    185a:	56 0b       	sbc	r21, r22
    185c:	c9 0b       	sbc	r28, r25
    185e:	d0 09       	sbc	r29, r0
    1860:	98 f0       	brcs	.+38     	; 0x1888 <__ftoa_engine+0x19a>
    1862:	23 95       	inc	r18
    1864:	7e 91       	ld	r23, -X
    1866:	73 95       	inc	r23
    1868:	7a 33       	cpi	r23, 0x3A	; 58
    186a:	08 f0       	brcs	.+2      	; 0x186e <__ftoa_engine+0x180>
    186c:	70 e3       	ldi	r23, 0x30	; 48
    186e:	7c 93       	st	X, r23
    1870:	20 13       	cpse	r18, r16
    1872:	b8 f7       	brcc	.-18     	; 0x1862 <__ftoa_engine+0x174>
    1874:	7e 91       	ld	r23, -X
    1876:	70 61       	ori	r23, 0x10	; 16
    1878:	7d 93       	st	X+, r23
    187a:	30 f0       	brcs	.+12     	; 0x1888 <__ftoa_engine+0x19a>
    187c:	83 95       	inc	r24
    187e:	71 e3       	ldi	r23, 0x31	; 49
    1880:	7d 93       	st	X+, r23
    1882:	70 e3       	ldi	r23, 0x30	; 48
    1884:	2a 95       	dec	r18
    1886:	e1 f7       	brne	.-8      	; 0x1880 <__ftoa_engine+0x192>
    1888:	11 24       	eor	r1, r1
    188a:	ef 90       	pop	r14
    188c:	ff 90       	pop	r15
    188e:	0f 91       	pop	r16
    1890:	1f 91       	pop	r17
    1892:	cf 91       	pop	r28
    1894:	df 91       	pop	r29
    1896:	99 27       	eor	r25, r25
    1898:	87 fd       	sbrc	r24, 7
    189a:	90 95       	com	r25
    189c:	08 95       	ret

0000189e <isspace>:
    189e:	91 11       	cpse	r25, r1
    18a0:	0c 94 97 0d 	jmp	0x1b2e	; 0x1b2e <__ctype_isfalse>
    18a4:	80 32       	cpi	r24, 0x20	; 32
    18a6:	19 f0       	breq	.+6      	; 0x18ae <isspace+0x10>
    18a8:	89 50       	subi	r24, 0x09	; 9
    18aa:	85 50       	subi	r24, 0x05	; 5
    18ac:	c8 f7       	brcc	.-14     	; 0x18a0 <isspace+0x2>
    18ae:	08 95       	ret

000018b0 <tolower>:
    18b0:	91 11       	cpse	r25, r1
    18b2:	08 95       	ret
    18b4:	81 54       	subi	r24, 0x41	; 65
    18b6:	8a 51       	subi	r24, 0x1A	; 26
    18b8:	08 f4       	brcc	.+2      	; 0x18bc <tolower+0xc>
    18ba:	80 5e       	subi	r24, 0xE0	; 224
    18bc:	85 5a       	subi	r24, 0xA5	; 165
    18be:	08 95       	ret

000018c0 <strchr_P>:
    18c0:	fc 01       	movw	r30, r24
    18c2:	05 90       	lpm	r0, Z+
    18c4:	06 16       	cp	r0, r22
    18c6:	21 f0       	breq	.+8      	; 0x18d0 <strchr_P+0x10>
    18c8:	00 20       	and	r0, r0
    18ca:	d9 f7       	brne	.-10     	; 0x18c2 <strchr_P+0x2>
    18cc:	c0 01       	movw	r24, r0
    18ce:	08 95       	ret
    18d0:	31 97       	sbiw	r30, 0x01	; 1
    18d2:	cf 01       	movw	r24, r30
    18d4:	08 95       	ret

000018d6 <strnlen_P>:
    18d6:	fc 01       	movw	r30, r24
    18d8:	05 90       	lpm	r0, Z+
    18da:	61 50       	subi	r22, 0x01	; 1
    18dc:	70 40       	sbci	r23, 0x00	; 0
    18de:	01 10       	cpse	r0, r1
    18e0:	d8 f7       	brcc	.-10     	; 0x18d8 <strnlen_P+0x2>
    18e2:	80 95       	com	r24
    18e4:	90 95       	com	r25
    18e6:	8e 0f       	add	r24, r30
    18e8:	9f 1f       	adc	r25, r31
    18ea:	08 95       	ret

000018ec <strnlen>:
    18ec:	fc 01       	movw	r30, r24
    18ee:	61 50       	subi	r22, 0x01	; 1
    18f0:	70 40       	sbci	r23, 0x00	; 0
    18f2:	01 90       	ld	r0, Z+
    18f4:	01 10       	cpse	r0, r1
    18f6:	d8 f7       	brcc	.-10     	; 0x18ee <strnlen+0x2>
    18f8:	80 95       	com	r24
    18fa:	90 95       	com	r25
    18fc:	8e 0f       	add	r24, r30
    18fe:	9f 1f       	adc	r25, r31
    1900:	08 95       	ret

00001902 <utoa>:
    1902:	45 32       	cpi	r20, 0x25	; 37
    1904:	51 05       	cpc	r21, r1
    1906:	20 f4       	brcc	.+8      	; 0x1910 <utoa+0xe>
    1908:	42 30       	cpi	r20, 0x02	; 2
    190a:	10 f0       	brcs	.+4      	; 0x1910 <utoa+0xe>
    190c:	0c 94 8c 0c 	jmp	0x1918	; 0x1918 <__utoa_ncheck>
    1910:	fb 01       	movw	r30, r22
    1912:	10 82       	st	Z, r1
    1914:	cb 01       	movw	r24, r22
    1916:	08 95       	ret

00001918 <__utoa_ncheck>:
    1918:	bb 27       	eor	r27, r27

0000191a <__utoa_common>:
    191a:	fb 01       	movw	r30, r22
    191c:	55 27       	eor	r21, r21
    191e:	aa 27       	eor	r26, r26
    1920:	88 0f       	add	r24, r24
    1922:	99 1f       	adc	r25, r25
    1924:	aa 1f       	adc	r26, r26
    1926:	a4 17       	cp	r26, r20
    1928:	10 f0       	brcs	.+4      	; 0x192e <__utoa_common+0x14>
    192a:	a4 1b       	sub	r26, r20
    192c:	83 95       	inc	r24
    192e:	50 51       	subi	r21, 0x10	; 16
    1930:	b9 f7       	brne	.-18     	; 0x1920 <__utoa_common+0x6>
    1932:	a0 5d       	subi	r26, 0xD0	; 208
    1934:	aa 33       	cpi	r26, 0x3A	; 58
    1936:	08 f0       	brcs	.+2      	; 0x193a <__utoa_common+0x20>
    1938:	a9 5d       	subi	r26, 0xD9	; 217
    193a:	a1 93       	st	Z+, r26
    193c:	00 97       	sbiw	r24, 0x00	; 0
    193e:	79 f7       	brne	.-34     	; 0x191e <__utoa_common+0x4>
    1940:	b1 11       	cpse	r27, r1
    1942:	b1 93       	st	Z+, r27
    1944:	11 92       	st	Z+, r1
    1946:	cb 01       	movw	r24, r22
    1948:	0c 94 9a 0d 	jmp	0x1b34	; 0x1b34 <strrev>

0000194c <fgetc>:
    194c:	cf 93       	push	r28
    194e:	df 93       	push	r29
    1950:	ec 01       	movw	r28, r24
    1952:	2b 81       	ldd	r18, Y+3	; 0x03
    1954:	20 ff       	sbrs	r18, 0
    1956:	33 c0       	rjmp	.+102    	; 0x19be <fgetc+0x72>
    1958:	26 ff       	sbrs	r18, 6
    195a:	0a c0       	rjmp	.+20     	; 0x1970 <fgetc+0x24>
    195c:	2f 7b       	andi	r18, 0xBF	; 191
    195e:	2b 83       	std	Y+3, r18	; 0x03
    1960:	8e 81       	ldd	r24, Y+6	; 0x06
    1962:	9f 81       	ldd	r25, Y+7	; 0x07
    1964:	01 96       	adiw	r24, 0x01	; 1
    1966:	9f 83       	std	Y+7, r25	; 0x07
    1968:	8e 83       	std	Y+6, r24	; 0x06
    196a:	8a 81       	ldd	r24, Y+2	; 0x02
    196c:	90 e0       	ldi	r25, 0x00	; 0
    196e:	29 c0       	rjmp	.+82     	; 0x19c2 <fgetc+0x76>
    1970:	22 ff       	sbrs	r18, 2
    1972:	0f c0       	rjmp	.+30     	; 0x1992 <fgetc+0x46>
    1974:	e8 81       	ld	r30, Y
    1976:	f9 81       	ldd	r31, Y+1	; 0x01
    1978:	80 81       	ld	r24, Z
    197a:	08 2e       	mov	r0, r24
    197c:	00 0c       	add	r0, r0
    197e:	99 0b       	sbc	r25, r25
    1980:	00 97       	sbiw	r24, 0x00	; 0
    1982:	19 f4       	brne	.+6      	; 0x198a <fgetc+0x3e>
    1984:	20 62       	ori	r18, 0x20	; 32
    1986:	2b 83       	std	Y+3, r18	; 0x03
    1988:	1a c0       	rjmp	.+52     	; 0x19be <fgetc+0x72>
    198a:	31 96       	adiw	r30, 0x01	; 1
    198c:	f9 83       	std	Y+1, r31	; 0x01
    198e:	e8 83       	st	Y, r30
    1990:	0e c0       	rjmp	.+28     	; 0x19ae <fgetc+0x62>
    1992:	ea 85       	ldd	r30, Y+10	; 0x0a
    1994:	fb 85       	ldd	r31, Y+11	; 0x0b
    1996:	09 95       	icall
    1998:	97 ff       	sbrs	r25, 7
    199a:	09 c0       	rjmp	.+18     	; 0x19ae <fgetc+0x62>
    199c:	2b 81       	ldd	r18, Y+3	; 0x03
    199e:	01 96       	adiw	r24, 0x01	; 1
    19a0:	11 f0       	breq	.+4      	; 0x19a6 <fgetc+0x5a>
    19a2:	80 e2       	ldi	r24, 0x20	; 32
    19a4:	01 c0       	rjmp	.+2      	; 0x19a8 <fgetc+0x5c>
    19a6:	80 e1       	ldi	r24, 0x10	; 16
    19a8:	82 2b       	or	r24, r18
    19aa:	8b 83       	std	Y+3, r24	; 0x03
    19ac:	08 c0       	rjmp	.+16     	; 0x19be <fgetc+0x72>
    19ae:	2e 81       	ldd	r18, Y+6	; 0x06
    19b0:	3f 81       	ldd	r19, Y+7	; 0x07
    19b2:	2f 5f       	subi	r18, 0xFF	; 255
    19b4:	3f 4f       	sbci	r19, 0xFF	; 255
    19b6:	3f 83       	std	Y+7, r19	; 0x07
    19b8:	2e 83       	std	Y+6, r18	; 0x06
    19ba:	99 27       	eor	r25, r25
    19bc:	02 c0       	rjmp	.+4      	; 0x19c2 <fgetc+0x76>
    19be:	8f ef       	ldi	r24, 0xFF	; 255
    19c0:	9f ef       	ldi	r25, 0xFF	; 255
    19c2:	df 91       	pop	r29
    19c4:	cf 91       	pop	r28
    19c6:	08 95       	ret

000019c8 <fputc>:
    19c8:	0f 93       	push	r16
    19ca:	1f 93       	push	r17
    19cc:	cf 93       	push	r28
    19ce:	df 93       	push	r29
    19d0:	fb 01       	movw	r30, r22
    19d2:	23 81       	ldd	r18, Z+3	; 0x03
    19d4:	21 fd       	sbrc	r18, 1
    19d6:	03 c0       	rjmp	.+6      	; 0x19de <fputc+0x16>
    19d8:	8f ef       	ldi	r24, 0xFF	; 255
    19da:	9f ef       	ldi	r25, 0xFF	; 255
    19dc:	2c c0       	rjmp	.+88     	; 0x1a36 <fputc+0x6e>
    19de:	22 ff       	sbrs	r18, 2
    19e0:	16 c0       	rjmp	.+44     	; 0x1a0e <fputc+0x46>
    19e2:	46 81       	ldd	r20, Z+6	; 0x06
    19e4:	57 81       	ldd	r21, Z+7	; 0x07
    19e6:	24 81       	ldd	r18, Z+4	; 0x04
    19e8:	35 81       	ldd	r19, Z+5	; 0x05
    19ea:	42 17       	cp	r20, r18
    19ec:	53 07       	cpc	r21, r19
    19ee:	44 f4       	brge	.+16     	; 0x1a00 <fputc+0x38>
    19f0:	a0 81       	ld	r26, Z
    19f2:	b1 81       	ldd	r27, Z+1	; 0x01
    19f4:	9d 01       	movw	r18, r26
    19f6:	2f 5f       	subi	r18, 0xFF	; 255
    19f8:	3f 4f       	sbci	r19, 0xFF	; 255
    19fa:	31 83       	std	Z+1, r19	; 0x01
    19fc:	20 83       	st	Z, r18
    19fe:	8c 93       	st	X, r24
    1a00:	26 81       	ldd	r18, Z+6	; 0x06
    1a02:	37 81       	ldd	r19, Z+7	; 0x07
    1a04:	2f 5f       	subi	r18, 0xFF	; 255
    1a06:	3f 4f       	sbci	r19, 0xFF	; 255
    1a08:	37 83       	std	Z+7, r19	; 0x07
    1a0a:	26 83       	std	Z+6, r18	; 0x06
    1a0c:	14 c0       	rjmp	.+40     	; 0x1a36 <fputc+0x6e>
    1a0e:	8b 01       	movw	r16, r22
    1a10:	ec 01       	movw	r28, r24
    1a12:	fb 01       	movw	r30, r22
    1a14:	00 84       	ldd	r0, Z+8	; 0x08
    1a16:	f1 85       	ldd	r31, Z+9	; 0x09
    1a18:	e0 2d       	mov	r30, r0
    1a1a:	09 95       	icall
    1a1c:	89 2b       	or	r24, r25
    1a1e:	e1 f6       	brne	.-72     	; 0x19d8 <fputc+0x10>
    1a20:	d8 01       	movw	r26, r16
    1a22:	16 96       	adiw	r26, 0x06	; 6
    1a24:	8d 91       	ld	r24, X+
    1a26:	9c 91       	ld	r25, X
    1a28:	17 97       	sbiw	r26, 0x07	; 7
    1a2a:	01 96       	adiw	r24, 0x01	; 1
    1a2c:	17 96       	adiw	r26, 0x07	; 7
    1a2e:	9c 93       	st	X, r25
    1a30:	8e 93       	st	-X, r24
    1a32:	16 97       	sbiw	r26, 0x06	; 6
    1a34:	ce 01       	movw	r24, r28
    1a36:	df 91       	pop	r29
    1a38:	cf 91       	pop	r28
    1a3a:	1f 91       	pop	r17
    1a3c:	0f 91       	pop	r16
    1a3e:	08 95       	ret

00001a40 <ungetc>:
    1a40:	fb 01       	movw	r30, r22
    1a42:	23 81       	ldd	r18, Z+3	; 0x03
    1a44:	20 ff       	sbrs	r18, 0
    1a46:	12 c0       	rjmp	.+36     	; 0x1a6c <ungetc+0x2c>
    1a48:	26 fd       	sbrc	r18, 6
    1a4a:	10 c0       	rjmp	.+32     	; 0x1a6c <ungetc+0x2c>
    1a4c:	8f 3f       	cpi	r24, 0xFF	; 255
    1a4e:	3f ef       	ldi	r19, 0xFF	; 255
    1a50:	93 07       	cpc	r25, r19
    1a52:	61 f0       	breq	.+24     	; 0x1a6c <ungetc+0x2c>
    1a54:	82 83       	std	Z+2, r24	; 0x02
    1a56:	2f 7d       	andi	r18, 0xDF	; 223
    1a58:	20 64       	ori	r18, 0x40	; 64
    1a5a:	23 83       	std	Z+3, r18	; 0x03
    1a5c:	26 81       	ldd	r18, Z+6	; 0x06
    1a5e:	37 81       	ldd	r19, Z+7	; 0x07
    1a60:	21 50       	subi	r18, 0x01	; 1
    1a62:	31 09       	sbc	r19, r1
    1a64:	37 83       	std	Z+7, r19	; 0x07
    1a66:	26 83       	std	Z+6, r18	; 0x06
    1a68:	99 27       	eor	r25, r25
    1a6a:	08 95       	ret
    1a6c:	8f ef       	ldi	r24, 0xFF	; 255
    1a6e:	9f ef       	ldi	r25, 0xFF	; 255
    1a70:	08 95       	ret

00001a72 <__ultoa_invert>:
    1a72:	fa 01       	movw	r30, r20
    1a74:	aa 27       	eor	r26, r26
    1a76:	28 30       	cpi	r18, 0x08	; 8
    1a78:	51 f1       	breq	.+84     	; 0x1ace <__ultoa_invert+0x5c>
    1a7a:	20 31       	cpi	r18, 0x10	; 16
    1a7c:	81 f1       	breq	.+96     	; 0x1ade <__ultoa_invert+0x6c>
    1a7e:	e8 94       	clt
    1a80:	6f 93       	push	r22
    1a82:	6e 7f       	andi	r22, 0xFE	; 254
    1a84:	6e 5f       	subi	r22, 0xFE	; 254
    1a86:	7f 4f       	sbci	r23, 0xFF	; 255
    1a88:	8f 4f       	sbci	r24, 0xFF	; 255
    1a8a:	9f 4f       	sbci	r25, 0xFF	; 255
    1a8c:	af 4f       	sbci	r26, 0xFF	; 255
    1a8e:	b1 e0       	ldi	r27, 0x01	; 1
    1a90:	3e d0       	rcall	.+124    	; 0x1b0e <__ultoa_invert+0x9c>
    1a92:	b4 e0       	ldi	r27, 0x04	; 4
    1a94:	3c d0       	rcall	.+120    	; 0x1b0e <__ultoa_invert+0x9c>
    1a96:	67 0f       	add	r22, r23
    1a98:	78 1f       	adc	r23, r24
    1a9a:	89 1f       	adc	r24, r25
    1a9c:	9a 1f       	adc	r25, r26
    1a9e:	a1 1d       	adc	r26, r1
    1aa0:	68 0f       	add	r22, r24
    1aa2:	79 1f       	adc	r23, r25
    1aa4:	8a 1f       	adc	r24, r26
    1aa6:	91 1d       	adc	r25, r1
    1aa8:	a1 1d       	adc	r26, r1
    1aaa:	6a 0f       	add	r22, r26
    1aac:	71 1d       	adc	r23, r1
    1aae:	81 1d       	adc	r24, r1
    1ab0:	91 1d       	adc	r25, r1
    1ab2:	a1 1d       	adc	r26, r1
    1ab4:	20 d0       	rcall	.+64     	; 0x1af6 <__ultoa_invert+0x84>
    1ab6:	09 f4       	brne	.+2      	; 0x1aba <__ultoa_invert+0x48>
    1ab8:	68 94       	set
    1aba:	3f 91       	pop	r19
    1abc:	2a e0       	ldi	r18, 0x0A	; 10
    1abe:	26 9f       	mul	r18, r22
    1ac0:	11 24       	eor	r1, r1
    1ac2:	30 19       	sub	r19, r0
    1ac4:	30 5d       	subi	r19, 0xD0	; 208
    1ac6:	31 93       	st	Z+, r19
    1ac8:	de f6       	brtc	.-74     	; 0x1a80 <__ultoa_invert+0xe>
    1aca:	cf 01       	movw	r24, r30
    1acc:	08 95       	ret
    1ace:	46 2f       	mov	r20, r22
    1ad0:	47 70       	andi	r20, 0x07	; 7
    1ad2:	40 5d       	subi	r20, 0xD0	; 208
    1ad4:	41 93       	st	Z+, r20
    1ad6:	b3 e0       	ldi	r27, 0x03	; 3
    1ad8:	0f d0       	rcall	.+30     	; 0x1af8 <__ultoa_invert+0x86>
    1ada:	c9 f7       	brne	.-14     	; 0x1ace <__ultoa_invert+0x5c>
    1adc:	f6 cf       	rjmp	.-20     	; 0x1aca <__ultoa_invert+0x58>
    1ade:	46 2f       	mov	r20, r22
    1ae0:	4f 70       	andi	r20, 0x0F	; 15
    1ae2:	40 5d       	subi	r20, 0xD0	; 208
    1ae4:	4a 33       	cpi	r20, 0x3A	; 58
    1ae6:	18 f0       	brcs	.+6      	; 0x1aee <__ultoa_invert+0x7c>
    1ae8:	49 5d       	subi	r20, 0xD9	; 217
    1aea:	31 fd       	sbrc	r19, 1
    1aec:	40 52       	subi	r20, 0x20	; 32
    1aee:	41 93       	st	Z+, r20
    1af0:	02 d0       	rcall	.+4      	; 0x1af6 <__ultoa_invert+0x84>
    1af2:	a9 f7       	brne	.-22     	; 0x1ade <__ultoa_invert+0x6c>
    1af4:	ea cf       	rjmp	.-44     	; 0x1aca <__ultoa_invert+0x58>
    1af6:	b4 e0       	ldi	r27, 0x04	; 4
    1af8:	a6 95       	lsr	r26
    1afa:	97 95       	ror	r25
    1afc:	87 95       	ror	r24
    1afe:	77 95       	ror	r23
    1b00:	67 95       	ror	r22
    1b02:	ba 95       	dec	r27
    1b04:	c9 f7       	brne	.-14     	; 0x1af8 <__ultoa_invert+0x86>
    1b06:	00 97       	sbiw	r24, 0x00	; 0
    1b08:	61 05       	cpc	r22, r1
    1b0a:	71 05       	cpc	r23, r1
    1b0c:	08 95       	ret
    1b0e:	9b 01       	movw	r18, r22
    1b10:	ac 01       	movw	r20, r24
    1b12:	0a 2e       	mov	r0, r26
    1b14:	06 94       	lsr	r0
    1b16:	57 95       	ror	r21
    1b18:	47 95       	ror	r20
    1b1a:	37 95       	ror	r19
    1b1c:	27 95       	ror	r18
    1b1e:	ba 95       	dec	r27
    1b20:	c9 f7       	brne	.-14     	; 0x1b14 <__ultoa_invert+0xa2>
    1b22:	62 0f       	add	r22, r18
    1b24:	73 1f       	adc	r23, r19
    1b26:	84 1f       	adc	r24, r20
    1b28:	95 1f       	adc	r25, r21
    1b2a:	a0 1d       	adc	r26, r0
    1b2c:	08 95       	ret

00001b2e <__ctype_isfalse>:
    1b2e:	99 27       	eor	r25, r25
    1b30:	88 27       	eor	r24, r24

00001b32 <__ctype_istrue>:
    1b32:	08 95       	ret

00001b34 <strrev>:
    1b34:	dc 01       	movw	r26, r24
    1b36:	fc 01       	movw	r30, r24
    1b38:	67 2f       	mov	r22, r23
    1b3a:	71 91       	ld	r23, Z+
    1b3c:	77 23       	and	r23, r23
    1b3e:	e1 f7       	brne	.-8      	; 0x1b38 <strrev+0x4>
    1b40:	32 97       	sbiw	r30, 0x02	; 2
    1b42:	04 c0       	rjmp	.+8      	; 0x1b4c <strrev+0x18>
    1b44:	7c 91       	ld	r23, X
    1b46:	6d 93       	st	X+, r22
    1b48:	70 83       	st	Z, r23
    1b4a:	62 91       	ld	r22, -Z
    1b4c:	ae 17       	cp	r26, r30
    1b4e:	bf 07       	cpc	r27, r31
    1b50:	c8 f3       	brcs	.-14     	; 0x1b44 <strrev+0x10>
    1b52:	08 95       	ret

00001b54 <_exit>:
    1b54:	f8 94       	cli

00001b56 <__stop_program>:
    1b56:	ff cf       	rjmp	.-2      	; 0x1b56 <__stop_program>
