
task1.elf:     file format elf32-avr

Sections:
Idx Name          Size      VMA       LMA       File off  Algn
  0 .data         00000000  00800100  00001b5a  00001bce  2**0
                  CONTENTS, ALLOC, LOAD, DATA
  1 .text         00001b5a  00000000  00000000  00000074  2**1
                  CONTENTS, ALLOC, LOAD, READONLY, CODE
  2 .stab         00000b28  00000000  00000000  00001bd0  2**2
                  CONTENTS, READONLY, DEBUGGING
  3 .stabstr      00000f1b  00000000  00000000  000026f8  2**0
                  CONTENTS, READONLY, DEBUGGING
  4 .comment      00000011  00000000  00000000  00003613  2**0
                  CONTENTS, READONLY
  5 .note.gnu.avr.deviceinfo 00000040  00000000  00000000  00003624  2**2
                  CONTENTS, READONLY
  6 .debug_info   000005f4  00000000  00000000  00003664  2**0
                  CONTENTS, READONLY, DEBUGGING
  7 .debug_abbrev 000005a2  00000000  00000000  00003c58  2**0
                  CONTENTS, READONLY, DEBUGGING
  8 .debug_line   0000001a  00000000  00000000  000041fa  2**0
                  CONTENTS, READONLY, DEBUGGING
  9 .debug_str    00000208  00000000  00000000  00004214  2**0
                  CONTENTS, READONLY, DEBUGGING

Disassembly of section .text:

00000000 <__vectors>:
       0:	0c 94 56 01 	jmp	0x2ac	; 0x2ac <__ctors_end>
       4:	0c 94 60 01 	jmp	0x2c0	; 0x2c0 <__bad_interrupt>
       8:	0c 94 60 01 	jmp	0x2c0	; 0x2c0 <__bad_interrupt>
       c:	0c 94 60 01 	jmp	0x2c0	; 0x2c0 <__bad_interrupt>
      10:	0c 94 60 01 	jmp	0x2c0	; 0x2c0 <__bad_interrupt>
      14:	0c 94 60 01 	jmp	0x2c0	; 0x2c0 <__bad_interrupt>
      18:	0c 94 60 01 	jmp	0x2c0	; 0x2c0 <__bad_interrupt>
      1c:	0c 94 60 01 	jmp	0x2c0	; 0x2c0 <__bad_interrupt>
      20:	0c 94 60 01 	jmp	0x2c0	; 0x2c0 <__bad_interrupt>
      24:	0c 94 60 01 	jmp	0x2c0	; 0x2c0 <__bad_interrupt>
      28:	0c 94 60 01 	jmp	0x2c0	; 0x2c0 <__bad_interrupt>
      2c:	0c 94 60 01 	jmp	0x2c0	; 0x2c0 <__bad_interrupt>
      30:	0c 94 60 01 	jmp	0x2c0	; 0x2c0 <__bad_interrupt>
      34:	0c 94 60 01 	jmp	0x2c0	; 0x2c0 <__bad_interrupt>
      38:	0c 94 60 01 	jmp	0x2c0	; 0x2c0 <__bad_interrupt>
      3c:	0c 94 60 01 	jmp	0x2c0	; 0x2c0 <__bad_interrupt>
      40:	0c 94 60 01 	jmp	0x2c0	; 0x2c0 <__bad_interrupt>
      44:	0c 94 60 01 	jmp	0x2c0	; 0x2c0 <__bad_interrupt>
      48:	0c 94 60 01 	jmp	0x2c0	; 0x2c0 <__bad_interrupt>
      4c:	0c 94 60 01 	jmp	0x2c0	; 0x2c0 <__bad_interrupt>
      50:	0c 94 60 01 	jmp	0x2c0	; 0x2c0 <__bad_interrupt>
      54:	0c 94 60 01 	jmp	0x2c0	; 0x2c0 <__bad_interrupt>
      58:	0c 94 60 01 	jmp	0x2c0	; 0x2c0 <__bad_interrupt>
      5c:	0c 94 60 01 	jmp	0x2c0	; 0x2c0 <__bad_interrupt>
      60:	0c 94 60 01 	jmp	0x2c0	; 0x2c0 <__bad_interrupt>
      64:	0c 94 60 01 	jmp	0x2c0	; 0x2c0 <__bad_interrupt>

00000068 <__trampolines_end>:
      68:	6e 61       	ori	r22, 0x1E	; 30
      6a:	6e 00       	.word	0x006e	; ????

0000006c <__c.2332>:
      6c:	69 6e 66 00 00 40 7a 10 f3 5a 00 a0 72 4e 18 09     inf..@z..Z..rN..
      7c:	00 10 a5 d4 e8 00 00 e8 76 48 17 00 00 e4 0b 54     ........vH.....T
      8c:	02 00 00 ca 9a 3b 00 00 00 e1 f5 05 00 00 80 96     .....;..........
      9c:	98 00 00 00 40 42 0f 00 00 00 a0 86 01 00 00 00     ....@B..........
      ac:	10 27 00 00 00 00 e8 03 00 00 00 00 64 00 00 00     .'..........d...
      bc:	00 00 0a 00 00 00 00 00 01 00 00 00 00 00 2c 76     ..............,v
      cc:	d8 88 dc 67 4f 08 23 df c1 df ae 59 e1 b1 b7 96     ...gO.#....Y....
      dc:	e5 e3 e4 53 c6 3a e6 51 99 76 96 e8 e6 c2 84 26     ...S.:.Q.v.....&
      ec:	eb 89 8c 9b 62 ed 40 7c 6f fc ef bc 9c 9f 40 f2     ....b.@|o.....@.
      fc:	ba a5 6f a5 f4 90 05 5a 2a f7 5c 93 6b 6c f9 67     ..o....Z*.\.kl.g
     10c:	6d c1 1b fc e0 e4 0d 47 fe f5 20 e6 b5 00 d0 ed     m......G.. .....
     11c:	90 2e 03 00 94 35 77 05 00 80 84 1e 08 00 00 20     .....5w........ 
     12c:	4e 0a 00 00 00 c8 0c 33 33 33 33 0f 98 6e 12 83     N......3333..n..
     13c:	11 41 ef 8d 21 14 89 3b e6 55 16 cf fe e6 db 18     .A..!..;.U......
     14c:	d1 84 4b 38 1b f7 7c 1d 90 1d a4 bb e4 24 20 32     ..K8..|......$ 2
     15c:	84 72 5e 22 81 00 c9 f1 24 ec a1 e5 3d 27           .r^"....$...='

0000016a <melody>:
     16a:	4a 01 f4 01 4a 01 f4 01 5d 01 f4 01 88 01 f4 01     J...J...].......
     17a:	88 01 f4 01 5d 01 f4 01 4a 01 f4 01 26 01 f4 01     ....]...J...&...
     18a:	06 01 f4 01 06 01 f4 01 26 01 f4 01 4a 01 f4 01     ........&...J...
     19a:	4a 01 e8 03 26 01 f4 01 26 01 e8 03 4a 01 f4 01     J...&...&...J...
     1aa:	4a 01 f4 01 5d 01 f4 01 88 01 f4 01 88 01 f4 01     J...]...........
     1ba:	5d 01 f4 01 4a 01 f4 01 26 01 f4 01 06 01 f4 01     ]...J...&.......
     1ca:	06 01 f4 01 26 01 f4 01 4a 01 f4 01 26 01 e8 03     ....&...J...&...
     1da:	06 01 f4 01 06 01 e8 03 26 01 f4 01 26 01 f4 01     ........&...&...
     1ea:	4a 01 f4 01 06 01 f4 01 26 01 f4 01 4a 01 fa 00     J.......&...J...
     1fa:	5d 01 fa 00 4a 01 f4 01 06 01 f4 01 26 01 f4 01     ]...J.......&...
     20a:	4a 01 f4 01 06 01 f4 01 26 01 f4 01 4a 01 fa 00     J.......&...J...
     21a:	5d 01 fa 00 4a 01 f4 01 06 01 e8 03 88 01 f4 01     ]...J...........
     22a:	88 01 f4 01 5d 01 f4 01 4a 01 f4 01 26 01 f4 01     ....]...J...&...
     23a:	26 01 f4 01 4a 01 f4 01 06 01 f4 01 26 01 f4 01     &...J.......&...
     24a:	4a 01 fa 00 5d 01 fa 00 4a 01 f4 01 06 01 e8 03     J...]...J.......
     25a:	00 00 e8 03                                         ....

0000025e <__c.2529>:
     25e:	63 64 69 6e 6f 70 73 75 78 58 5b 65 66 67 45 46     cdinopsuxX[efgEF
     26e:	47 00                                               G.

00000270 <pstr_an>:
     270:	61 6e 00                                            an.

00000273 <pstr_nfinity>:
     273:	6e 66 69 6e 69 74 79 00                             nfinity.

0000027b <pwr_m10>:
     27b:	cd cc cc 3d 0a d7 23 3c 17 b7 d1 38 77 cc 2b 32     ...=..#<...8w.+2
     28b:	95 95 e6 24 1f b1 4f 0a                             ...$..O.

00000293 <pwr_p10>:
     293:	00 00 20 41 00 00 c8 42 00 40 1c 46 20 bc be 4c     .. A...B.@.F ..L
     2a3:	ca 1b 0e 5a ae c5 9d 74 00                          ...Z...t.

000002ac <__ctors_end>:
     2ac:	11 24       	eor	r1, r1
     2ae:	1f be       	out	0x3f, r1	; 63
     2b0:	cf ef       	ldi	r28, 0xFF	; 255
     2b2:	d8 e0       	ldi	r29, 0x08	; 8
     2b4:	de bf       	out	0x3e, r29	; 62
     2b6:	cd bf       	out	0x3d, r28	; 61
     2b8:	0e 94 fd 01 	call	0x3fa	; 0x3fa <main>
     2bc:	0c 94 ab 0d 	jmp	0x1b56	; 0x1b56 <_exit>

000002c0 <__bad_interrupt>:
     2c0:	0c 94 00 00 	jmp	0	; 0x0 <__vectors>

000002c4 <play>:

#define BUZZER PC0
#define BUZZER_DDR DDRC
#define BUZZER_PORT PORTC

void play(uint16_t freq, uint16_t dur) {
     2c4:	8f 92       	push	r8
     2c6:	9f 92       	push	r9
     2c8:	af 92       	push	r10
     2ca:	bf 92       	push	r11
     2cc:	cf 92       	push	r12
     2ce:	df 92       	push	r13
     2d0:	ef 92       	push	r14
     2d2:	ff 92       	push	r15
     2d4:	0f 93       	push	r16
     2d6:	1f 93       	push	r17
     2d8:	8c 01       	movw	r16, r24
     2da:	7b 01       	movw	r14, r22
	if (freq == 0) {
     2dc:	00 97       	sbiw	r24, 0x00	; 0
     2de:	61 f5       	brne	.+88     	; 0x338 <play+0x74>
		for (uint32_t j = 0; j < (dur / 10); j++)
     2e0:	9b 01       	movw	r18, r22
     2e2:	ad ec       	ldi	r26, 0xCD	; 205
     2e4:	bc ec       	ldi	r27, 0xCC	; 204
     2e6:	0e 94 5e 0b 	call	0x16bc	; 0x16bc <__umulhisi3>
     2ea:	96 95       	lsr	r25
     2ec:	87 95       	ror	r24
     2ee:	96 95       	lsr	r25
     2f0:	87 95       	ror	r24
     2f2:	96 95       	lsr	r25
     2f4:	87 95       	ror	r24
     2f6:	ac 01       	movw	r20, r24
     2f8:	60 e0       	ldi	r22, 0x00	; 0
     2fa:	70 e0       	ldi	r23, 0x00	; 0
     2fc:	89 2b       	or	r24, r25
     2fe:	89 f0       	breq	.+34     	; 0x322 <play+0x5e>
     300:	80 e0       	ldi	r24, 0x00	; 0
     302:	90 e0       	ldi	r25, 0x00	; 0
     304:	dc 01       	movw	r26, r24
	#else
		//round up by default
		__ticks_dc = (uint32_t)(ceil(fabs(__tmp)));
	#endif

	__builtin_avr_delay_cycles(__ticks_dc);
     306:	ef e3       	ldi	r30, 0x3F	; 63
     308:	fc e9       	ldi	r31, 0x9C	; 156
     30a:	31 97       	sbiw	r30, 0x01	; 1
     30c:	f1 f7       	brne	.-4      	; 0x30a <play+0x46>
     30e:	00 c0       	rjmp	.+0      	; 0x310 <play+0x4c>
     310:	00 00       	nop
     312:	01 96       	adiw	r24, 0x01	; 1
     314:	a1 1d       	adc	r26, r1
     316:	b1 1d       	adc	r27, r1
     318:	84 17       	cp	r24, r20
     31a:	95 07       	cpc	r25, r21
     31c:	a6 07       	cpc	r26, r22
     31e:	b7 07       	cpc	r27, r23
     320:	90 f3       	brcs	.-28     	; 0x306 <play+0x42>
				_delay_loop_2(5);
		BUZZER_PORT = 0;
		for (uint32_t j = 0; j < (half_us / 10); j++)
				_delay_loop_2(5);
	}
}
     322:	1f 91       	pop	r17
     324:	0f 91       	pop	r16
     326:	ff 90       	pop	r15
     328:	ef 90       	pop	r14
     32a:	df 90       	pop	r13
     32c:	cf 90       	pop	r12
     32e:	bf 90       	pop	r11
     330:	af 90       	pop	r10
     332:	9f 90       	pop	r9
     334:	8f 90       	pop	r8
     336:	08 95       	ret
		for (uint32_t j = 0; j < (dur / 10); j++)
			_delay_ms(10);
		return;
	}

	uint32_t p_us = 1000000UL / freq;
     338:	9c 01       	movw	r18, r24
     33a:	40 e0       	ldi	r20, 0x00	; 0
     33c:	50 e0       	ldi	r21, 0x00	; 0
     33e:	60 e4       	ldi	r22, 0x40	; 64
     340:	72 e4       	ldi	r23, 0x42	; 66
     342:	8f e0       	ldi	r24, 0x0F	; 15
     344:	90 e0       	ldi	r25, 0x00	; 0
     346:	0e 94 3c 0b 	call	0x1678	; 0x1678 <__udivmodsi4>
     34a:	49 01       	movw	r8, r18
     34c:	5a 01       	movw	r10, r20
	uint32_t half_us = p_us / 2;
	uint32_t cycles = (uint32_t) freq * dur / 1000UL;
     34e:	98 01       	movw	r18, r16
     350:	d7 01       	movw	r26, r14
     352:	0e 94 5e 0b 	call	0x16bc	; 0x16bc <__umulhisi3>
     356:	28 ee       	ldi	r18, 0xE8	; 232
     358:	33 e0       	ldi	r19, 0x03	; 3
     35a:	40 e0       	ldi	r20, 0x00	; 0
     35c:	50 e0       	ldi	r21, 0x00	; 0
     35e:	0e 94 3c 0b 	call	0x1678	; 0x1678 <__udivmodsi4>
     362:	69 01       	movw	r12, r18
     364:	7a 01       	movw	r14, r20

	for (uint32_t i = 0; i < cycles; i++) {
     366:	23 2b       	or	r18, r19
     368:	24 2b       	or	r18, r20
     36a:	25 2b       	or	r18, r21
     36c:	d1 f2       	breq	.-76     	; 0x322 <play+0x5e>
     36e:	c5 01       	movw	r24, r10
     370:	b4 01       	movw	r22, r8
     372:	24 e1       	ldi	r18, 0x14	; 20
     374:	30 e0       	ldi	r19, 0x00	; 0
     376:	40 e0       	ldi	r20, 0x00	; 0
     378:	50 e0       	ldi	r21, 0x00	; 0
     37a:	0e 94 3c 0b 	call	0x1678	; 0x1678 <__udivmodsi4>
     37e:	89 01       	movw	r16, r18
     380:	9a 01       	movw	r18, r20
     382:	81 2c       	mov	r8, r1
     384:	91 2c       	mov	r9, r1
     386:	54 01       	movw	r10, r8
		BUZZER_PORT = _BV(BUZZER);
     388:	61 e0       	ldi	r22, 0x01	; 1
    milliseconds can be achieved.
 */
void
_delay_loop_2(uint16_t __count)
{
	__asm__ volatile (
     38a:	45 e0       	ldi	r20, 0x05	; 5
     38c:	50 e0       	ldi	r21, 0x00	; 0
     38e:	68 b9       	out	0x08, r22	; 8
		for (uint32_t j = 0; j < (half_us / 10); j++)
     390:	01 15       	cp	r16, r1
     392:	11 05       	cpc	r17, r1
     394:	21 05       	cpc	r18, r1
     396:	31 05       	cpc	r19, r1
     398:	71 f1       	breq	.+92     	; 0x3f6 <play+0x132>
     39a:	80 e0       	ldi	r24, 0x00	; 0
     39c:	90 e0       	ldi	r25, 0x00	; 0
     39e:	dc 01       	movw	r26, r24
     3a0:	fa 01       	movw	r30, r20
     3a2:	31 97       	sbiw	r30, 0x01	; 1
     3a4:	f1 f7       	brne	.-4      	; 0x3a2 <play+0xde>
     3a6:	01 96       	adiw	r24, 0x01	; 1
     3a8:	a1 1d       	adc	r26, r1
     3aa:	b1 1d       	adc	r27, r1
     3ac:	08 17       	cp	r16, r24
     3ae:	19 07       	cpc	r17, r25
     3b0:	2a 07       	cpc	r18, r26
     3b2:	3b 07       	cpc	r19, r27
     3b4:	a9 f7       	brne	.-22     	; 0x3a0 <play+0xdc>
				_delay_loop_2(5);
		BUZZER_PORT = 0;
     3b6:	18 b8       	out	0x08, r1	; 8
     3b8:	80 e0       	ldi	r24, 0x00	; 0
     3ba:	90 e0       	ldi	r25, 0x00	; 0
     3bc:	dc 01       	movw	r26, r24
     3be:	fa 01       	movw	r30, r20
     3c0:	31 97       	sbiw	r30, 0x01	; 1
     3c2:	f1 f7       	brne	.-4      	; 0x3c0 <play+0xfc>
		for (uint32_t j = 0; j < (half_us / 10); j++)
     3c4:	01 96       	adiw	r24, 0x01	; 1
     3c6:	a1 1d       	adc	r26, r1
     3c8:	b1 1d       	adc	r27, r1
     3ca:	08 17       	cp	r16, r24
     3cc:	19 07       	cpc	r17, r25
     3ce:	2a 07       	cpc	r18, r26
     3d0:	3b 07       	cpc	r19, r27
     3d2:	a9 f7       	brne	.-22     	; 0x3be <play+0xfa>

	uint32_t p_us = 1000000UL / freq;
	uint32_t half_us = p_us / 2;
	uint32_t cycles = (uint32_t) freq * dur / 1000UL;

	for (uint32_t i = 0; i < cycles; i++) {
     3d4:	ff ef       	ldi	r31, 0xFF	; 255
     3d6:	8f 1a       	sub	r8, r31
     3d8:	9f 0a       	sbc	r9, r31
     3da:	af 0a       	sbc	r10, r31
     3dc:	bf 0a       	sbc	r11, r31
     3de:	c8 14       	cp	r12, r8
     3e0:	d9 04       	cpc	r13, r9
     3e2:	ea 04       	cpc	r14, r10
     3e4:	fb 04       	cpc	r15, r11
     3e6:	09 f4       	brne	.+2      	; 0x3ea <play+0x126>
     3e8:	9c cf       	rjmp	.-200    	; 0x322 <play+0x5e>
		BUZZER_PORT = _BV(BUZZER);
     3ea:	68 b9       	out	0x08, r22	; 8
		for (uint32_t j = 0; j < (half_us / 10); j++)
     3ec:	01 15       	cp	r16, r1
     3ee:	11 05       	cpc	r17, r1
     3f0:	21 05       	cpc	r18, r1
     3f2:	31 05       	cpc	r19, r1
     3f4:	91 f6       	brne	.-92     	; 0x39a <play+0xd6>
				_delay_loop_2(5);
		BUZZER_PORT = 0;
     3f6:	18 b8       	out	0x08, r1	; 8
     3f8:	ed cf       	rjmp	.-38     	; 0x3d4 <play+0x110>

000003fa <main>:
		for (uint32_t j = 0; j < (half_us / 10); j++)
				_delay_loop_2(5);
	}
}

int main() {
     3fa:	cf 93       	push	r28
     3fc:	df 93       	push	r29
     3fe:	00 d0       	rcall	.+0      	; 0x400 <__EEPROM_REGION_LENGTH__>
     400:	00 d0       	rcall	.+0      	; 0x402 <__EEPROM_REGION_LENGTH__+0x2>
     402:	cd b7       	in	r28, 0x3d	; 61
     404:	de b7       	in	r29, 0x3e	; 62
	BUZZER_DDR |= _BV(BUZZER);
     406:	38 9a       	sbi	0x07, 0	; 7
     408:	4e e5       	ldi	r20, 0x5E	; 94
     40a:	24 2e       	mov	r2, r20
     40c:	42 e0       	ldi	r20, 0x02	; 2
     40e:	34 2e       	mov	r3, r20
	uint32_t p_us = 1000000UL / freq;
	uint32_t half_us = p_us / 2;
	uint32_t cycles = (uint32_t) freq * dur / 1000UL;

	for (uint32_t i = 0; i < cycles; i++) {
		BUZZER_PORT = _BV(BUZZER);
     410:	dd 24       	eor	r13, r13
     412:	d3 94       	inc	r13
     414:	05 e0       	ldi	r16, 0x05	; 5
     416:	10 e0       	ldi	r17, 0x00	; 0
     418:	3a e6       	ldi	r19, 0x6A	; 106
     41a:	e3 2e       	mov	r14, r19
     41c:	31 e0       	ldi	r19, 0x01	; 1
     41e:	f3 2e       	mov	r15, r19
	BUZZER_DDR |= _BV(BUZZER);

	while (1) {
		for (int i = 0; i < MELODY_LEN; i++) {
			Note buf;
			memcpy_P(&buf, melody + i, 4);	
     420:	44 e0       	ldi	r20, 0x04	; 4
     422:	50 e0       	ldi	r21, 0x00	; 0
     424:	b7 01       	movw	r22, r14
     426:	ce 01       	movw	r24, r28
     428:	01 96       	adiw	r24, 0x01	; 1
     42a:	0e 94 8d 0c 	call	0x191a	; 0x191a <memcpy_P>
			play(buf.freq, buf.dur);
     42e:	8b 80       	ldd	r8, Y+3	; 0x03
     430:	9c 80       	ldd	r9, Y+4	; 0x04
     432:	a9 80       	ldd	r10, Y+1	; 0x01
     434:	ba 80       	ldd	r11, Y+2	; 0x02
#define BUZZER PC0
#define BUZZER_DDR DDRC
#define BUZZER_PORT PORTC

void play(uint16_t freq, uint16_t dur) {
	if (freq == 0) {
     436:	a1 14       	cp	r10, r1
     438:	b1 04       	cpc	r11, r1
     43a:	d1 f5       	brne	.+116    	; 0x4b0 <__EEPROM_REGION_LENGTH__+0xb0>
		for (uint32_t j = 0; j < (dur / 10); j++)
     43c:	94 01       	movw	r18, r8
     43e:	ad ec       	ldi	r26, 0xCD	; 205
     440:	bc ec       	ldi	r27, 0xCC	; 204
     442:	0e 94 5e 0b 	call	0x16bc	; 0x16bc <__umulhisi3>
     446:	96 95       	lsr	r25
     448:	87 95       	ror	r24
     44a:	96 95       	lsr	r25
     44c:	87 95       	ror	r24
     44e:	96 95       	lsr	r25
     450:	87 95       	ror	r24
     452:	ac 01       	movw	r20, r24
     454:	60 e0       	ldi	r22, 0x00	; 0
     456:	70 e0       	ldi	r23, 0x00	; 0
     458:	89 2b       	or	r24, r25
     45a:	89 f0       	breq	.+34     	; 0x47e <__EEPROM_REGION_LENGTH__+0x7e>
     45c:	80 e0       	ldi	r24, 0x00	; 0
     45e:	90 e0       	ldi	r25, 0x00	; 0
     460:	dc 01       	movw	r26, r24
     462:	ef e3       	ldi	r30, 0x3F	; 63
     464:	fc e9       	ldi	r31, 0x9C	; 156
     466:	31 97       	sbiw	r30, 0x01	; 1
     468:	f1 f7       	brne	.-4      	; 0x466 <__EEPROM_REGION_LENGTH__+0x66>
     46a:	00 c0       	rjmp	.+0      	; 0x46c <__EEPROM_REGION_LENGTH__+0x6c>
     46c:	00 00       	nop
     46e:	01 96       	adiw	r24, 0x01	; 1
     470:	a1 1d       	adc	r26, r1
     472:	b1 1d       	adc	r27, r1
     474:	84 17       	cp	r24, r20
     476:	95 07       	cpc	r25, r21
     478:	a6 07       	cpc	r26, r22
     47a:	b7 07       	cpc	r27, r23
     47c:	90 f3       	brcs	.-28     	; 0x462 <__EEPROM_REGION_LENGTH__+0x62>
     47e:	2f ef       	ldi	r18, 0xFF	; 255
     480:	8d ee       	ldi	r24, 0xED	; 237
     482:	92 e0       	ldi	r25, 0x02	; 2
     484:	21 50       	subi	r18, 0x01	; 1
     486:	80 40       	sbci	r24, 0x00	; 0
     488:	90 40       	sbci	r25, 0x00	; 0
     48a:	e1 f7       	brne	.-8      	; 0x484 <__EEPROM_REGION_LENGTH__+0x84>
     48c:	00 c0       	rjmp	.+0      	; 0x48e <__EEPROM_REGION_LENGTH__+0x8e>
     48e:	00 00       	nop
     490:	e4 e0       	ldi	r30, 0x04	; 4
     492:	ee 0e       	add	r14, r30
     494:	f1 1c       	adc	r15, r1

int main() {
	BUZZER_DDR |= _BV(BUZZER);

	while (1) {
		for (int i = 0; i < MELODY_LEN; i++) {
     496:	2e 14       	cp	r2, r14
     498:	3f 04       	cpc	r3, r15
     49a:	11 f6       	brne	.-124    	; 0x420 <__EEPROM_REGION_LENGTH__+0x20>
     49c:	2f ef       	ldi	r18, 0xFF	; 255
     49e:	83 ed       	ldi	r24, 0xD3	; 211
     4a0:	90 e3       	ldi	r25, 0x30	; 48
     4a2:	21 50       	subi	r18, 0x01	; 1
     4a4:	80 40       	sbci	r24, 0x00	; 0
     4a6:	90 40       	sbci	r25, 0x00	; 0
     4a8:	e1 f7       	brne	.-8      	; 0x4a2 <__EEPROM_REGION_LENGTH__+0xa2>
     4aa:	00 c0       	rjmp	.+0      	; 0x4ac <__EEPROM_REGION_LENGTH__+0xac>
     4ac:	00 00       	nop
     4ae:	b4 cf       	rjmp	.-152    	; 0x418 <__EEPROM_REGION_LENGTH__+0x18>
		for (uint32_t j = 0; j < (dur / 10); j++)
			_delay_ms(10);
		return;
	}

	uint32_t p_us = 1000000UL / freq;
     4b0:	95 01       	movw	r18, r10
     4b2:	40 e0       	ldi	r20, 0x00	; 0
     4b4:	50 e0       	ldi	r21, 0x00	; 0
     4b6:	60 e4       	ldi	r22, 0x40	; 64
     4b8:	72 e4       	ldi	r23, 0x42	; 66
     4ba:	8f e0       	ldi	r24, 0x0F	; 15
     4bc:	90 e0       	ldi	r25, 0x00	; 0
     4be:	0e 94 3c 0b 	call	0x1678	; 0x1678 <__udivmodsi4>
     4c2:	29 01       	movw	r4, r18
     4c4:	3a 01       	movw	r6, r20
	uint32_t half_us = p_us / 2;
	uint32_t cycles = (uint32_t) freq * dur / 1000UL;
     4c6:	95 01       	movw	r18, r10
     4c8:	d4 01       	movw	r26, r8
     4ca:	0e 94 5e 0b 	call	0x16bc	; 0x16bc <__umulhisi3>
     4ce:	28 ee       	ldi	r18, 0xE8	; 232
     4d0:	33 e0       	ldi	r19, 0x03	; 3
     4d2:	40 e0       	ldi	r20, 0x00	; 0
     4d4:	50 e0       	ldi	r21, 0x00	; 0
     4d6:	0e 94 3c 0b 	call	0x1678	; 0x1678 <__udivmodsi4>
     4da:	49 01       	movw	r8, r18
     4dc:	5a 01       	movw	r10, r20

	for (uint32_t i = 0; i < cycles; i++) {
     4de:	23 2b       	or	r18, r19
     4e0:	24 2b       	or	r18, r20
     4e2:	25 2b       	or	r18, r21
     4e4:	61 f2       	breq	.-104    	; 0x47e <__EEPROM_REGION_LENGTH__+0x7e>
     4e6:	c3 01       	movw	r24, r6
     4e8:	b2 01       	movw	r22, r4
     4ea:	24 e1       	ldi	r18, 0x14	; 20
     4ec:	30 e0       	ldi	r19, 0x00	; 0
     4ee:	40 e0       	ldi	r20, 0x00	; 0
     4f0:	50 e0       	ldi	r21, 0x00	; 0
     4f2:	0e 94 3c 0b 	call	0x1678	; 0x1678 <__udivmodsi4>
     4f6:	ba 01       	movw	r22, r20
     4f8:	a9 01       	movw	r20, r18
     4fa:	41 2c       	mov	r4, r1
     4fc:	51 2c       	mov	r5, r1
     4fe:	32 01       	movw	r6, r4
		BUZZER_PORT = _BV(BUZZER);
     500:	d8 b8       	out	0x08, r13	; 8
		for (uint32_t j = 0; j < (half_us / 10); j++)
     502:	41 15       	cp	r20, r1
     504:	51 05       	cpc	r21, r1
     506:	61 05       	cpc	r22, r1
     508:	71 05       	cpc	r23, r1
     50a:	71 f1       	breq	.+92     	; 0x568 <__EEPROM_REGION_LENGTH__+0x168>
     50c:	80 e0       	ldi	r24, 0x00	; 0
     50e:	90 e0       	ldi	r25, 0x00	; 0
     510:	dc 01       	movw	r26, r24
     512:	f8 01       	movw	r30, r16
     514:	31 97       	sbiw	r30, 0x01	; 1
     516:	f1 f7       	brne	.-4      	; 0x514 <__EEPROM_REGION_LENGTH__+0x114>
     518:	01 96       	adiw	r24, 0x01	; 1
     51a:	a1 1d       	adc	r26, r1
     51c:	b1 1d       	adc	r27, r1
     51e:	84 17       	cp	r24, r20
     520:	95 07       	cpc	r25, r21
     522:	a6 07       	cpc	r26, r22
     524:	b7 07       	cpc	r27, r23
     526:	a9 f7       	brne	.-22     	; 0x512 <__EEPROM_REGION_LENGTH__+0x112>
				_delay_loop_2(5);
		BUZZER_PORT = 0;
     528:	18 b8       	out	0x08, r1	; 8
     52a:	80 e0       	ldi	r24, 0x00	; 0
     52c:	90 e0       	ldi	r25, 0x00	; 0
     52e:	dc 01       	movw	r26, r24
     530:	f8 01       	movw	r30, r16
     532:	31 97       	sbiw	r30, 0x01	; 1
     534:	f1 f7       	brne	.-4      	; 0x532 <__EEPROM_REGION_LENGTH__+0x132>
		for (uint32_t j = 0; j < (half_us / 10); j++)
     536:	01 96       	adiw	r24, 0x01	; 1
     538:	a1 1d       	adc	r26, r1
     53a:	b1 1d       	adc	r27, r1
     53c:	48 17       	cp	r20, r24
     53e:	59 07       	cpc	r21, r25
     540:	6a 07       	cpc	r22, r26
     542:	7b 07       	cpc	r23, r27
     544:	a9 f7       	brne	.-22     	; 0x530 <__EEPROM_REGION_LENGTH__+0x130>

	uint32_t p_us = 1000000UL / freq;
	uint32_t half_us = p_us / 2;
	uint32_t cycles = (uint32_t) freq * dur / 1000UL;

	for (uint32_t i = 0; i < cycles; i++) {
     546:	ff ef       	ldi	r31, 0xFF	; 255
     548:	4f 1a       	sub	r4, r31
     54a:	5f 0a       	sbc	r5, r31
     54c:	6f 0a       	sbc	r6, r31
     54e:	7f 0a       	sbc	r7, r31
     550:	84 14       	cp	r8, r4
     552:	95 04       	cpc	r9, r5
     554:	a6 04       	cpc	r10, r6
     556:	b7 04       	cpc	r11, r7
     558:	09 f4       	brne	.+2      	; 0x55c <__EEPROM_REGION_LENGTH__+0x15c>
     55a:	91 cf       	rjmp	.-222    	; 0x47e <__EEPROM_REGION_LENGTH__+0x7e>
		BUZZER_PORT = _BV(BUZZER);
     55c:	d8 b8       	out	0x08, r13	; 8
		for (uint32_t j = 0; j < (half_us / 10); j++)
     55e:	41 15       	cp	r20, r1
     560:	51 05       	cpc	r21, r1
     562:	61 05       	cpc	r22, r1
     564:	71 05       	cpc	r23, r1
     566:	91 f6       	brne	.-92     	; 0x50c <__EEPROM_REGION_LENGTH__+0x10c>
				_delay_loop_2(5);
		BUZZER_PORT = 0;
     568:	18 b8       	out	0x08, r1	; 8
     56a:	ed cf       	rjmp	.-38     	; 0x546 <__EEPROM_REGION_LENGTH__+0x146>

0000056c <vfprintf>:
     56c:	a0 e1       	ldi	r26, 0x10	; 16
     56e:	b0 e0       	ldi	r27, 0x00	; 0
     570:	ec eb       	ldi	r30, 0xBC	; 188
     572:	f2 e0       	ldi	r31, 0x02	; 2
     574:	0c 94 6d 0b 	jmp	0x16da	; 0x16da <__prologue_saves__>
     578:	7c 01       	movw	r14, r24
     57a:	1b 01       	movw	r2, r22
     57c:	6a 01       	movw	r12, r20
     57e:	fc 01       	movw	r30, r24
     580:	17 82       	std	Z+7, r1	; 0x07
     582:	16 82       	std	Z+6, r1	; 0x06
     584:	83 81       	ldd	r24, Z+3	; 0x03
     586:	81 ff       	sbrs	r24, 1
     588:	44 c3       	rjmp	.+1672   	; 0xc12 <__stack+0x313>
     58a:	9e 01       	movw	r18, r28
     58c:	2f 5f       	subi	r18, 0xFF	; 255
     58e:	3f 4f       	sbci	r19, 0xFF	; 255
     590:	39 01       	movw	r6, r18
     592:	f7 01       	movw	r30, r14
     594:	93 81       	ldd	r25, Z+3	; 0x03
     596:	f1 01       	movw	r30, r2
     598:	93 fd       	sbrc	r25, 3
     59a:	85 91       	lpm	r24, Z+
     59c:	93 ff       	sbrs	r25, 3
     59e:	81 91       	ld	r24, Z+
     5a0:	1f 01       	movw	r2, r30
     5a2:	88 23       	and	r24, r24
     5a4:	09 f4       	brne	.+2      	; 0x5a8 <vfprintf+0x3c>
     5a6:	31 c3       	rjmp	.+1634   	; 0xc0a <__stack+0x30b>
     5a8:	85 32       	cpi	r24, 0x25	; 37
     5aa:	39 f4       	brne	.+14     	; 0x5ba <vfprintf+0x4e>
     5ac:	93 fd       	sbrc	r25, 3
     5ae:	85 91       	lpm	r24, Z+
     5b0:	93 ff       	sbrs	r25, 3
     5b2:	81 91       	ld	r24, Z+
     5b4:	1f 01       	movw	r2, r30
     5b6:	85 32       	cpi	r24, 0x25	; 37
     5b8:	39 f4       	brne	.+14     	; 0x5c8 <vfprintf+0x5c>
     5ba:	b7 01       	movw	r22, r14
     5bc:	90 e0       	ldi	r25, 0x00	; 0
     5be:	0e 94 f5 0c 	call	0x19ea	; 0x19ea <fputc>
     5c2:	56 01       	movw	r10, r12
     5c4:	65 01       	movw	r12, r10
     5c6:	e5 cf       	rjmp	.-54     	; 0x592 <vfprintf+0x26>
     5c8:	10 e0       	ldi	r17, 0x00	; 0
     5ca:	51 2c       	mov	r5, r1
     5cc:	91 2c       	mov	r9, r1
     5ce:	ff e1       	ldi	r31, 0x1F	; 31
     5d0:	f9 15       	cp	r31, r9
     5d2:	d8 f0       	brcs	.+54     	; 0x60a <vfprintf+0x9e>
     5d4:	8b 32       	cpi	r24, 0x2B	; 43
     5d6:	79 f0       	breq	.+30     	; 0x5f6 <vfprintf+0x8a>
     5d8:	38 f4       	brcc	.+14     	; 0x5e8 <vfprintf+0x7c>
     5da:	80 32       	cpi	r24, 0x20	; 32
     5dc:	79 f0       	breq	.+30     	; 0x5fc <vfprintf+0x90>
     5de:	83 32       	cpi	r24, 0x23	; 35
     5e0:	a1 f4       	brne	.+40     	; 0x60a <vfprintf+0x9e>
     5e2:	f9 2d       	mov	r31, r9
     5e4:	f0 61       	ori	r31, 0x10	; 16
     5e6:	2e c0       	rjmp	.+92     	; 0x644 <vfprintf+0xd8>
     5e8:	8d 32       	cpi	r24, 0x2D	; 45
     5ea:	61 f0       	breq	.+24     	; 0x604 <vfprintf+0x98>
     5ec:	80 33       	cpi	r24, 0x30	; 48
     5ee:	69 f4       	brne	.+26     	; 0x60a <vfprintf+0x9e>
     5f0:	29 2d       	mov	r18, r9
     5f2:	21 60       	ori	r18, 0x01	; 1
     5f4:	2d c0       	rjmp	.+90     	; 0x650 <vfprintf+0xe4>
     5f6:	39 2d       	mov	r19, r9
     5f8:	32 60       	ori	r19, 0x02	; 2
     5fa:	93 2e       	mov	r9, r19
     5fc:	89 2d       	mov	r24, r9
     5fe:	84 60       	ori	r24, 0x04	; 4
     600:	98 2e       	mov	r9, r24
     602:	2a c0       	rjmp	.+84     	; 0x658 <vfprintf+0xec>
     604:	e9 2d       	mov	r30, r9
     606:	e8 60       	ori	r30, 0x08	; 8
     608:	15 c0       	rjmp	.+42     	; 0x634 <vfprintf+0xc8>
     60a:	97 fc       	sbrc	r9, 7
     60c:	2d c0       	rjmp	.+90     	; 0x668 <vfprintf+0xfc>
     60e:	20 ed       	ldi	r18, 0xD0	; 208
     610:	28 0f       	add	r18, r24
     612:	2a 30       	cpi	r18, 0x0A	; 10
     614:	88 f4       	brcc	.+34     	; 0x638 <vfprintf+0xcc>
     616:	96 fe       	sbrs	r9, 6
     618:	06 c0       	rjmp	.+12     	; 0x626 <vfprintf+0xba>
     61a:	3a e0       	ldi	r19, 0x0A	; 10
     61c:	13 9f       	mul	r17, r19
     61e:	20 0d       	add	r18, r0
     620:	11 24       	eor	r1, r1
     622:	12 2f       	mov	r17, r18
     624:	19 c0       	rjmp	.+50     	; 0x658 <vfprintf+0xec>
     626:	8a e0       	ldi	r24, 0x0A	; 10
     628:	58 9e       	mul	r5, r24
     62a:	20 0d       	add	r18, r0
     62c:	11 24       	eor	r1, r1
     62e:	52 2e       	mov	r5, r18
     630:	e9 2d       	mov	r30, r9
     632:	e0 62       	ori	r30, 0x20	; 32
     634:	9e 2e       	mov	r9, r30
     636:	10 c0       	rjmp	.+32     	; 0x658 <vfprintf+0xec>
     638:	8e 32       	cpi	r24, 0x2E	; 46
     63a:	31 f4       	brne	.+12     	; 0x648 <vfprintf+0xdc>
     63c:	96 fc       	sbrc	r9, 6
     63e:	e5 c2       	rjmp	.+1482   	; 0xc0a <__stack+0x30b>
     640:	f9 2d       	mov	r31, r9
     642:	f0 64       	ori	r31, 0x40	; 64
     644:	9f 2e       	mov	r9, r31
     646:	08 c0       	rjmp	.+16     	; 0x658 <vfprintf+0xec>
     648:	8c 36       	cpi	r24, 0x6C	; 108
     64a:	21 f4       	brne	.+8      	; 0x654 <vfprintf+0xe8>
     64c:	29 2d       	mov	r18, r9
     64e:	20 68       	ori	r18, 0x80	; 128
     650:	92 2e       	mov	r9, r18
     652:	02 c0       	rjmp	.+4      	; 0x658 <vfprintf+0xec>
     654:	88 36       	cpi	r24, 0x68	; 104
     656:	41 f4       	brne	.+16     	; 0x668 <vfprintf+0xfc>
     658:	f1 01       	movw	r30, r2
     65a:	93 fd       	sbrc	r25, 3
     65c:	85 91       	lpm	r24, Z+
     65e:	93 ff       	sbrs	r25, 3
     660:	81 91       	ld	r24, Z+
     662:	1f 01       	movw	r2, r30
     664:	81 11       	cpse	r24, r1
     666:	b3 cf       	rjmp	.-154    	; 0x5ce <vfprintf+0x62>
     668:	9b eb       	ldi	r25, 0xBB	; 187
     66a:	98 0f       	add	r25, r24
     66c:	93 30       	cpi	r25, 0x03	; 3
     66e:	20 f4       	brcc	.+8      	; 0x678 <vfprintf+0x10c>
     670:	99 2d       	mov	r25, r9
     672:	90 61       	ori	r25, 0x10	; 16
     674:	80 5e       	subi	r24, 0xE0	; 224
     676:	07 c0       	rjmp	.+14     	; 0x686 <vfprintf+0x11a>
     678:	9b e9       	ldi	r25, 0x9B	; 155
     67a:	98 0f       	add	r25, r24
     67c:	93 30       	cpi	r25, 0x03	; 3
     67e:	08 f0       	brcs	.+2      	; 0x682 <vfprintf+0x116>
     680:	66 c1       	rjmp	.+716    	; 0x94e <__stack+0x4f>
     682:	99 2d       	mov	r25, r9
     684:	9f 7e       	andi	r25, 0xEF	; 239
     686:	96 ff       	sbrs	r25, 6
     688:	16 e0       	ldi	r17, 0x06	; 6
     68a:	9f 73       	andi	r25, 0x3F	; 63
     68c:	99 2e       	mov	r9, r25
     68e:	85 36       	cpi	r24, 0x65	; 101
     690:	19 f4       	brne	.+6      	; 0x698 <vfprintf+0x12c>
     692:	90 64       	ori	r25, 0x40	; 64
     694:	99 2e       	mov	r9, r25
     696:	08 c0       	rjmp	.+16     	; 0x6a8 <vfprintf+0x13c>
     698:	86 36       	cpi	r24, 0x66	; 102
     69a:	21 f4       	brne	.+8      	; 0x6a4 <vfprintf+0x138>
     69c:	39 2f       	mov	r19, r25
     69e:	30 68       	ori	r19, 0x80	; 128
     6a0:	93 2e       	mov	r9, r19
     6a2:	02 c0       	rjmp	.+4      	; 0x6a8 <vfprintf+0x13c>
     6a4:	11 11       	cpse	r17, r1
     6a6:	11 50       	subi	r17, 0x01	; 1
     6a8:	97 fe       	sbrs	r9, 7
     6aa:	07 c0       	rjmp	.+14     	; 0x6ba <vfprintf+0x14e>
     6ac:	1c 33       	cpi	r17, 0x3C	; 60
     6ae:	50 f4       	brcc	.+20     	; 0x6c4 <vfprintf+0x158>
     6b0:	44 24       	eor	r4, r4
     6b2:	43 94       	inc	r4
     6b4:	41 0e       	add	r4, r17
     6b6:	27 e0       	ldi	r18, 0x07	; 7
     6b8:	0b c0       	rjmp	.+22     	; 0x6d0 <vfprintf+0x164>
     6ba:	18 30       	cpi	r17, 0x08	; 8
     6bc:	38 f0       	brcs	.+14     	; 0x6cc <vfprintf+0x160>
     6be:	27 e0       	ldi	r18, 0x07	; 7
     6c0:	17 e0       	ldi	r17, 0x07	; 7
     6c2:	05 c0       	rjmp	.+10     	; 0x6ce <vfprintf+0x162>
     6c4:	27 e0       	ldi	r18, 0x07	; 7
     6c6:	9c e3       	ldi	r25, 0x3C	; 60
     6c8:	49 2e       	mov	r4, r25
     6ca:	02 c0       	rjmp	.+4      	; 0x6d0 <vfprintf+0x164>
     6cc:	21 2f       	mov	r18, r17
     6ce:	41 2c       	mov	r4, r1
     6d0:	56 01       	movw	r10, r12
     6d2:	84 e0       	ldi	r24, 0x04	; 4
     6d4:	a8 0e       	add	r10, r24
     6d6:	b1 1c       	adc	r11, r1
     6d8:	f6 01       	movw	r30, r12
     6da:	60 81       	ld	r22, Z
     6dc:	71 81       	ldd	r23, Z+1	; 0x01
     6de:	82 81       	ldd	r24, Z+2	; 0x02
     6e0:	93 81       	ldd	r25, Z+3	; 0x03
     6e2:	04 2d       	mov	r16, r4
     6e4:	a3 01       	movw	r20, r6
     6e6:	0e 94 a4 0b 	call	0x1748	; 0x1748 <__ftoa_engine>
     6ea:	6c 01       	movw	r12, r24
     6ec:	f9 81       	ldd	r31, Y+1	; 0x01
     6ee:	fc 87       	std	Y+12, r31	; 0x0c
     6f0:	f0 ff       	sbrs	r31, 0
     6f2:	02 c0       	rjmp	.+4      	; 0x6f8 <vfprintf+0x18c>
     6f4:	f3 ff       	sbrs	r31, 3
     6f6:	06 c0       	rjmp	.+12     	; 0x704 <vfprintf+0x198>
     6f8:	91 fc       	sbrc	r9, 1
     6fa:	06 c0       	rjmp	.+12     	; 0x708 <vfprintf+0x19c>
     6fc:	92 fe       	sbrs	r9, 2
     6fe:	06 c0       	rjmp	.+12     	; 0x70c <vfprintf+0x1a0>
     700:	00 e2       	ldi	r16, 0x20	; 32
     702:	05 c0       	rjmp	.+10     	; 0x70e <vfprintf+0x1a2>
     704:	0d e2       	ldi	r16, 0x2D	; 45
     706:	03 c0       	rjmp	.+6      	; 0x70e <vfprintf+0x1a2>
     708:	0b e2       	ldi	r16, 0x2B	; 43
     70a:	01 c0       	rjmp	.+2      	; 0x70e <vfprintf+0x1a2>
     70c:	00 e0       	ldi	r16, 0x00	; 0
     70e:	8c 85       	ldd	r24, Y+12	; 0x0c
     710:	8c 70       	andi	r24, 0x0C	; 12
     712:	19 f0       	breq	.+6      	; 0x71a <vfprintf+0x1ae>
     714:	01 11       	cpse	r16, r1
     716:	5a c2       	rjmp	.+1204   	; 0xbcc <__stack+0x2cd>
     718:	9b c2       	rjmp	.+1334   	; 0xc50 <__stack+0x351>
     71a:	97 fe       	sbrs	r9, 7
     71c:	10 c0       	rjmp	.+32     	; 0x73e <vfprintf+0x1d2>
     71e:	4c 0c       	add	r4, r12
     720:	fc 85       	ldd	r31, Y+12	; 0x0c
     722:	f4 ff       	sbrs	r31, 4
     724:	04 c0       	rjmp	.+8      	; 0x72e <vfprintf+0x1c2>
     726:	8a 81       	ldd	r24, Y+2	; 0x02
     728:	81 33       	cpi	r24, 0x31	; 49
     72a:	09 f4       	brne	.+2      	; 0x72e <vfprintf+0x1c2>
     72c:	4a 94       	dec	r4
     72e:	14 14       	cp	r1, r4
     730:	74 f5       	brge	.+92     	; 0x78e <vfprintf+0x222>
     732:	28 e0       	ldi	r18, 0x08	; 8
     734:	24 15       	cp	r18, r4
     736:	78 f5       	brcc	.+94     	; 0x796 <vfprintf+0x22a>
     738:	88 e0       	ldi	r24, 0x08	; 8
     73a:	48 2e       	mov	r4, r24
     73c:	2c c0       	rjmp	.+88     	; 0x796 <vfprintf+0x22a>
     73e:	96 fc       	sbrc	r9, 6
     740:	2a c0       	rjmp	.+84     	; 0x796 <vfprintf+0x22a>
     742:	81 2f       	mov	r24, r17
     744:	90 e0       	ldi	r25, 0x00	; 0
     746:	8c 15       	cp	r24, r12
     748:	9d 05       	cpc	r25, r13
     74a:	9c f0       	brlt	.+38     	; 0x772 <vfprintf+0x206>
     74c:	3c ef       	ldi	r19, 0xFC	; 252
     74e:	c3 16       	cp	r12, r19
     750:	3f ef       	ldi	r19, 0xFF	; 255
     752:	d3 06       	cpc	r13, r19
     754:	74 f0       	brlt	.+28     	; 0x772 <vfprintf+0x206>
     756:	89 2d       	mov	r24, r9
     758:	80 68       	ori	r24, 0x80	; 128
     75a:	98 2e       	mov	r9, r24
     75c:	0a c0       	rjmp	.+20     	; 0x772 <vfprintf+0x206>
     75e:	e2 e0       	ldi	r30, 0x02	; 2
     760:	f0 e0       	ldi	r31, 0x00	; 0
     762:	ec 0f       	add	r30, r28
     764:	fd 1f       	adc	r31, r29
     766:	e1 0f       	add	r30, r17
     768:	f1 1d       	adc	r31, r1
     76a:	80 81       	ld	r24, Z
     76c:	80 33       	cpi	r24, 0x30	; 48
     76e:	19 f4       	brne	.+6      	; 0x776 <vfprintf+0x20a>
     770:	11 50       	subi	r17, 0x01	; 1
     772:	11 11       	cpse	r17, r1
     774:	f4 cf       	rjmp	.-24     	; 0x75e <vfprintf+0x1f2>
     776:	97 fe       	sbrs	r9, 7
     778:	0e c0       	rjmp	.+28     	; 0x796 <vfprintf+0x22a>
     77a:	44 24       	eor	r4, r4
     77c:	43 94       	inc	r4
     77e:	41 0e       	add	r4, r17
     780:	81 2f       	mov	r24, r17
     782:	90 e0       	ldi	r25, 0x00	; 0
     784:	c8 16       	cp	r12, r24
     786:	d9 06       	cpc	r13, r25
     788:	2c f4       	brge	.+10     	; 0x794 <vfprintf+0x228>
     78a:	1c 19       	sub	r17, r12
     78c:	04 c0       	rjmp	.+8      	; 0x796 <vfprintf+0x22a>
     78e:	44 24       	eor	r4, r4
     790:	43 94       	inc	r4
     792:	01 c0       	rjmp	.+2      	; 0x796 <vfprintf+0x22a>
     794:	10 e0       	ldi	r17, 0x00	; 0
     796:	97 fe       	sbrs	r9, 7
     798:	06 c0       	rjmp	.+12     	; 0x7a6 <vfprintf+0x23a>
     79a:	1c 14       	cp	r1, r12
     79c:	1d 04       	cpc	r1, r13
     79e:	34 f4       	brge	.+12     	; 0x7ac <vfprintf+0x240>
     7a0:	c6 01       	movw	r24, r12
     7a2:	01 96       	adiw	r24, 0x01	; 1
     7a4:	05 c0       	rjmp	.+10     	; 0x7b0 <vfprintf+0x244>
     7a6:	85 e0       	ldi	r24, 0x05	; 5
     7a8:	90 e0       	ldi	r25, 0x00	; 0
     7aa:	02 c0       	rjmp	.+4      	; 0x7b0 <vfprintf+0x244>
     7ac:	81 e0       	ldi	r24, 0x01	; 1
     7ae:	90 e0       	ldi	r25, 0x00	; 0
     7b0:	01 11       	cpse	r16, r1
     7b2:	01 96       	adiw	r24, 0x01	; 1
     7b4:	11 23       	and	r17, r17
     7b6:	31 f0       	breq	.+12     	; 0x7c4 <vfprintf+0x258>
     7b8:	21 2f       	mov	r18, r17
     7ba:	30 e0       	ldi	r19, 0x00	; 0
     7bc:	2f 5f       	subi	r18, 0xFF	; 255
     7be:	3f 4f       	sbci	r19, 0xFF	; 255
     7c0:	82 0f       	add	r24, r18
     7c2:	93 1f       	adc	r25, r19
     7c4:	25 2d       	mov	r18, r5
     7c6:	30 e0       	ldi	r19, 0x00	; 0
     7c8:	82 17       	cp	r24, r18
     7ca:	93 07       	cpc	r25, r19
     7cc:	14 f4       	brge	.+4      	; 0x7d2 <vfprintf+0x266>
     7ce:	58 1a       	sub	r5, r24
     7d0:	01 c0       	rjmp	.+2      	; 0x7d4 <vfprintf+0x268>
     7d2:	51 2c       	mov	r5, r1
     7d4:	89 2d       	mov	r24, r9
     7d6:	89 70       	andi	r24, 0x09	; 9
     7d8:	49 f4       	brne	.+18     	; 0x7ec <vfprintf+0x280>
     7da:	55 20       	and	r5, r5
     7dc:	39 f0       	breq	.+14     	; 0x7ec <vfprintf+0x280>
     7de:	b7 01       	movw	r22, r14
     7e0:	80 e2       	ldi	r24, 0x20	; 32
     7e2:	90 e0       	ldi	r25, 0x00	; 0
     7e4:	0e 94 f5 0c 	call	0x19ea	; 0x19ea <fputc>
     7e8:	5a 94       	dec	r5
     7ea:	f7 cf       	rjmp	.-18     	; 0x7da <vfprintf+0x26e>
     7ec:	00 23       	and	r16, r16
     7ee:	29 f0       	breq	.+10     	; 0x7fa <vfprintf+0x28e>
     7f0:	b7 01       	movw	r22, r14
     7f2:	80 2f       	mov	r24, r16
     7f4:	90 e0       	ldi	r25, 0x00	; 0
     7f6:	0e 94 f5 0c 	call	0x19ea	; 0x19ea <fputc>
     7fa:	93 fc       	sbrc	r9, 3
     7fc:	09 c0       	rjmp	.+18     	; 0x810 <__DATA_REGION_LENGTH__+0x10>
     7fe:	55 20       	and	r5, r5
     800:	39 f0       	breq	.+14     	; 0x810 <__DATA_REGION_LENGTH__+0x10>
     802:	b7 01       	movw	r22, r14
     804:	80 e3       	ldi	r24, 0x30	; 48
     806:	90 e0       	ldi	r25, 0x00	; 0
     808:	0e 94 f5 0c 	call	0x19ea	; 0x19ea <fputc>
     80c:	5a 94       	dec	r5
     80e:	f7 cf       	rjmp	.-18     	; 0x7fe <vfprintf+0x292>
     810:	97 fe       	sbrs	r9, 7
     812:	4c c0       	rjmp	.+152    	; 0x8ac <__DATA_REGION_LENGTH__+0xac>
     814:	46 01       	movw	r8, r12
     816:	d7 fe       	sbrs	r13, 7
     818:	02 c0       	rjmp	.+4      	; 0x81e <__DATA_REGION_LENGTH__+0x1e>
     81a:	81 2c       	mov	r8, r1
     81c:	91 2c       	mov	r9, r1
     81e:	c6 01       	movw	r24, r12
     820:	88 19       	sub	r24, r8
     822:	99 09       	sbc	r25, r9
     824:	f3 01       	movw	r30, r6
     826:	e8 0f       	add	r30, r24
     828:	f9 1f       	adc	r31, r25
     82a:	fe 87       	std	Y+14, r31	; 0x0e
     82c:	ed 87       	std	Y+13, r30	; 0x0d
     82e:	96 01       	movw	r18, r12
     830:	24 19       	sub	r18, r4
     832:	31 09       	sbc	r19, r1
     834:	38 8b       	std	Y+16, r19	; 0x10
     836:	2f 87       	std	Y+15, r18	; 0x0f
     838:	01 2f       	mov	r16, r17
     83a:	10 e0       	ldi	r17, 0x00	; 0
     83c:	11 95       	neg	r17
     83e:	01 95       	neg	r16
     840:	11 09       	sbc	r17, r1
     842:	3f ef       	ldi	r19, 0xFF	; 255
     844:	83 16       	cp	r8, r19
     846:	93 06       	cpc	r9, r19
     848:	29 f4       	brne	.+10     	; 0x854 <__DATA_REGION_LENGTH__+0x54>
     84a:	b7 01       	movw	r22, r14
     84c:	8e e2       	ldi	r24, 0x2E	; 46
     84e:	90 e0       	ldi	r25, 0x00	; 0
     850:	0e 94 f5 0c 	call	0x19ea	; 0x19ea <fputc>
     854:	c8 14       	cp	r12, r8
     856:	d9 04       	cpc	r13, r9
     858:	4c f0       	brlt	.+18     	; 0x86c <__DATA_REGION_LENGTH__+0x6c>
     85a:	8f 85       	ldd	r24, Y+15	; 0x0f
     85c:	98 89       	ldd	r25, Y+16	; 0x10
     85e:	88 15       	cp	r24, r8
     860:	99 05       	cpc	r25, r9
     862:	24 f4       	brge	.+8      	; 0x86c <__DATA_REGION_LENGTH__+0x6c>
     864:	ed 85       	ldd	r30, Y+13	; 0x0d
     866:	fe 85       	ldd	r31, Y+14	; 0x0e
     868:	81 81       	ldd	r24, Z+1	; 0x01
     86a:	01 c0       	rjmp	.+2      	; 0x86e <__DATA_REGION_LENGTH__+0x6e>
     86c:	80 e3       	ldi	r24, 0x30	; 48
     86e:	f1 e0       	ldi	r31, 0x01	; 1
     870:	8f 1a       	sub	r8, r31
     872:	91 08       	sbc	r9, r1
     874:	2d 85       	ldd	r18, Y+13	; 0x0d
     876:	3e 85       	ldd	r19, Y+14	; 0x0e
     878:	2f 5f       	subi	r18, 0xFF	; 255
     87a:	3f 4f       	sbci	r19, 0xFF	; 255
     87c:	3e 87       	std	Y+14, r19	; 0x0e
     87e:	2d 87       	std	Y+13, r18	; 0x0d
     880:	80 16       	cp	r8, r16
     882:	91 06       	cpc	r9, r17
     884:	2c f0       	brlt	.+10     	; 0x890 <__DATA_REGION_LENGTH__+0x90>
     886:	b7 01       	movw	r22, r14
     888:	90 e0       	ldi	r25, 0x00	; 0
     88a:	0e 94 f5 0c 	call	0x19ea	; 0x19ea <fputc>
     88e:	d9 cf       	rjmp	.-78     	; 0x842 <__DATA_REGION_LENGTH__+0x42>
     890:	c8 14       	cp	r12, r8
     892:	d9 04       	cpc	r13, r9
     894:	41 f4       	brne	.+16     	; 0x8a6 <__DATA_REGION_LENGTH__+0xa6>
     896:	9a 81       	ldd	r25, Y+2	; 0x02
     898:	96 33       	cpi	r25, 0x36	; 54
     89a:	20 f4       	brcc	.+8      	; 0x8a4 <__DATA_REGION_LENGTH__+0xa4>
     89c:	95 33       	cpi	r25, 0x35	; 53
     89e:	19 f4       	brne	.+6      	; 0x8a6 <__DATA_REGION_LENGTH__+0xa6>
     8a0:	3c 85       	ldd	r19, Y+12	; 0x0c
     8a2:	34 ff       	sbrs	r19, 4
     8a4:	81 e3       	ldi	r24, 0x31	; 49
     8a6:	b7 01       	movw	r22, r14
     8a8:	90 e0       	ldi	r25, 0x00	; 0
     8aa:	4e c0       	rjmp	.+156    	; 0x948 <__stack+0x49>
     8ac:	8a 81       	ldd	r24, Y+2	; 0x02
     8ae:	81 33       	cpi	r24, 0x31	; 49
     8b0:	19 f0       	breq	.+6      	; 0x8b8 <__DATA_REGION_LENGTH__+0xb8>
     8b2:	9c 85       	ldd	r25, Y+12	; 0x0c
     8b4:	9f 7e       	andi	r25, 0xEF	; 239
     8b6:	9c 87       	std	Y+12, r25	; 0x0c
     8b8:	b7 01       	movw	r22, r14
     8ba:	90 e0       	ldi	r25, 0x00	; 0
     8bc:	0e 94 f5 0c 	call	0x19ea	; 0x19ea <fputc>
     8c0:	11 11       	cpse	r17, r1
     8c2:	05 c0       	rjmp	.+10     	; 0x8ce <__DATA_REGION_LENGTH__+0xce>
     8c4:	94 fc       	sbrc	r9, 4
     8c6:	18 c0       	rjmp	.+48     	; 0x8f8 <__DATA_REGION_LENGTH__+0xf8>
     8c8:	85 e6       	ldi	r24, 0x65	; 101
     8ca:	90 e0       	ldi	r25, 0x00	; 0
     8cc:	17 c0       	rjmp	.+46     	; 0x8fc <__DATA_REGION_LENGTH__+0xfc>
     8ce:	b7 01       	movw	r22, r14
     8d0:	8e e2       	ldi	r24, 0x2E	; 46
     8d2:	90 e0       	ldi	r25, 0x00	; 0
     8d4:	0e 94 f5 0c 	call	0x19ea	; 0x19ea <fputc>
     8d8:	1e 5f       	subi	r17, 0xFE	; 254
     8da:	82 e0       	ldi	r24, 0x02	; 2
     8dc:	01 e0       	ldi	r16, 0x01	; 1
     8de:	08 0f       	add	r16, r24
     8e0:	f3 01       	movw	r30, r6
     8e2:	e8 0f       	add	r30, r24
     8e4:	f1 1d       	adc	r31, r1
     8e6:	80 81       	ld	r24, Z
     8e8:	b7 01       	movw	r22, r14
     8ea:	90 e0       	ldi	r25, 0x00	; 0
     8ec:	0e 94 f5 0c 	call	0x19ea	; 0x19ea <fputc>
     8f0:	80 2f       	mov	r24, r16
     8f2:	01 13       	cpse	r16, r17
     8f4:	f3 cf       	rjmp	.-26     	; 0x8dc <__DATA_REGION_LENGTH__+0xdc>
     8f6:	e6 cf       	rjmp	.-52     	; 0x8c4 <__DATA_REGION_LENGTH__+0xc4>
     8f8:	85 e4       	ldi	r24, 0x45	; 69
     8fa:	90 e0       	ldi	r25, 0x00	; 0
     8fc:	b7 01       	movw	r22, r14
     8fe:	0e 94 f5 0c 	call	0x19ea	; 0x19ea <fputc>
     902:	d7 fc       	sbrc	r13, 7
     904:	06 c0       	rjmp	.+12     	; 0x912 <__stack+0x13>
     906:	c1 14       	cp	r12, r1
     908:	d1 04       	cpc	r13, r1
     90a:	41 f4       	brne	.+16     	; 0x91c <__stack+0x1d>
     90c:	ec 85       	ldd	r30, Y+12	; 0x0c
     90e:	e4 ff       	sbrs	r30, 4
     910:	05 c0       	rjmp	.+10     	; 0x91c <__stack+0x1d>
     912:	d1 94       	neg	r13
     914:	c1 94       	neg	r12
     916:	d1 08       	sbc	r13, r1
     918:	8d e2       	ldi	r24, 0x2D	; 45
     91a:	01 c0       	rjmp	.+2      	; 0x91e <__stack+0x1f>
     91c:	8b e2       	ldi	r24, 0x2B	; 43
     91e:	b7 01       	movw	r22, r14
     920:	90 e0       	ldi	r25, 0x00	; 0
     922:	0e 94 f5 0c 	call	0x19ea	; 0x19ea <fputc>
     926:	80 e3       	ldi	r24, 0x30	; 48
     928:	2a e0       	ldi	r18, 0x0A	; 10
     92a:	c2 16       	cp	r12, r18
     92c:	d1 04       	cpc	r13, r1
     92e:	2c f0       	brlt	.+10     	; 0x93a <__stack+0x3b>
     930:	8f 5f       	subi	r24, 0xFF	; 255
     932:	fa e0       	ldi	r31, 0x0A	; 10
     934:	cf 1a       	sub	r12, r31
     936:	d1 08       	sbc	r13, r1
     938:	f7 cf       	rjmp	.-18     	; 0x928 <__stack+0x29>
     93a:	b7 01       	movw	r22, r14
     93c:	90 e0       	ldi	r25, 0x00	; 0
     93e:	0e 94 f5 0c 	call	0x19ea	; 0x19ea <fputc>
     942:	b7 01       	movw	r22, r14
     944:	c6 01       	movw	r24, r12
     946:	c0 96       	adiw	r24, 0x30	; 48
     948:	0e 94 f5 0c 	call	0x19ea	; 0x19ea <fputc>
     94c:	54 c1       	rjmp	.+680    	; 0xbf6 <__stack+0x2f7>
     94e:	83 36       	cpi	r24, 0x63	; 99
     950:	31 f0       	breq	.+12     	; 0x95e <__stack+0x5f>
     952:	83 37       	cpi	r24, 0x73	; 115
     954:	79 f0       	breq	.+30     	; 0x974 <__stack+0x75>
     956:	83 35       	cpi	r24, 0x53	; 83
     958:	09 f0       	breq	.+2      	; 0x95c <__stack+0x5d>
     95a:	56 c0       	rjmp	.+172    	; 0xa08 <__stack+0x109>
     95c:	20 c0       	rjmp	.+64     	; 0x99e <__stack+0x9f>
     95e:	56 01       	movw	r10, r12
     960:	32 e0       	ldi	r19, 0x02	; 2
     962:	a3 0e       	add	r10, r19
     964:	b1 1c       	adc	r11, r1
     966:	f6 01       	movw	r30, r12
     968:	80 81       	ld	r24, Z
     96a:	89 83       	std	Y+1, r24	; 0x01
     96c:	01 e0       	ldi	r16, 0x01	; 1
     96e:	10 e0       	ldi	r17, 0x00	; 0
     970:	63 01       	movw	r12, r6
     972:	12 c0       	rjmp	.+36     	; 0x998 <__stack+0x99>
     974:	56 01       	movw	r10, r12
     976:	f2 e0       	ldi	r31, 0x02	; 2
     978:	af 0e       	add	r10, r31
     97a:	b1 1c       	adc	r11, r1
     97c:	f6 01       	movw	r30, r12
     97e:	c0 80       	ld	r12, Z
     980:	d1 80       	ldd	r13, Z+1	; 0x01
     982:	96 fe       	sbrs	r9, 6
     984:	03 c0       	rjmp	.+6      	; 0x98c <__stack+0x8d>
     986:	61 2f       	mov	r22, r17
     988:	70 e0       	ldi	r23, 0x00	; 0
     98a:	02 c0       	rjmp	.+4      	; 0x990 <__stack+0x91>
     98c:	6f ef       	ldi	r22, 0xFF	; 255
     98e:	7f ef       	ldi	r23, 0xFF	; 255
     990:	c6 01       	movw	r24, r12
     992:	0e 94 ac 0c 	call	0x1958	; 0x1958 <strnlen>
     996:	8c 01       	movw	r16, r24
     998:	f9 2d       	mov	r31, r9
     99a:	ff 77       	andi	r31, 0x7F	; 127
     99c:	14 c0       	rjmp	.+40     	; 0x9c6 <__stack+0xc7>
     99e:	56 01       	movw	r10, r12
     9a0:	22 e0       	ldi	r18, 0x02	; 2
     9a2:	a2 0e       	add	r10, r18
     9a4:	b1 1c       	adc	r11, r1
     9a6:	f6 01       	movw	r30, r12
     9a8:	c0 80       	ld	r12, Z
     9aa:	d1 80       	ldd	r13, Z+1	; 0x01
     9ac:	96 fe       	sbrs	r9, 6
     9ae:	03 c0       	rjmp	.+6      	; 0x9b6 <__stack+0xb7>
     9b0:	61 2f       	mov	r22, r17
     9b2:	70 e0       	ldi	r23, 0x00	; 0
     9b4:	02 c0       	rjmp	.+4      	; 0x9ba <__stack+0xbb>
     9b6:	6f ef       	ldi	r22, 0xFF	; 255
     9b8:	7f ef       	ldi	r23, 0xFF	; 255
     9ba:	c6 01       	movw	r24, r12
     9bc:	0e 94 a1 0c 	call	0x1942	; 0x1942 <strnlen_P>
     9c0:	8c 01       	movw	r16, r24
     9c2:	f9 2d       	mov	r31, r9
     9c4:	f0 68       	ori	r31, 0x80	; 128
     9c6:	9f 2e       	mov	r9, r31
     9c8:	f3 fd       	sbrc	r31, 3
     9ca:	1a c0       	rjmp	.+52     	; 0xa00 <__stack+0x101>
     9cc:	85 2d       	mov	r24, r5
     9ce:	90 e0       	ldi	r25, 0x00	; 0
     9d0:	08 17       	cp	r16, r24
     9d2:	19 07       	cpc	r17, r25
     9d4:	a8 f4       	brcc	.+42     	; 0xa00 <__stack+0x101>
     9d6:	b7 01       	movw	r22, r14
     9d8:	80 e2       	ldi	r24, 0x20	; 32
     9da:	90 e0       	ldi	r25, 0x00	; 0
     9dc:	0e 94 f5 0c 	call	0x19ea	; 0x19ea <fputc>
     9e0:	5a 94       	dec	r5
     9e2:	f4 cf       	rjmp	.-24     	; 0x9cc <__stack+0xcd>
     9e4:	f6 01       	movw	r30, r12
     9e6:	97 fc       	sbrc	r9, 7
     9e8:	85 91       	lpm	r24, Z+
     9ea:	97 fe       	sbrs	r9, 7
     9ec:	81 91       	ld	r24, Z+
     9ee:	6f 01       	movw	r12, r30
     9f0:	b7 01       	movw	r22, r14
     9f2:	90 e0       	ldi	r25, 0x00	; 0
     9f4:	0e 94 f5 0c 	call	0x19ea	; 0x19ea <fputc>
     9f8:	51 10       	cpse	r5, r1
     9fa:	5a 94       	dec	r5
     9fc:	01 50       	subi	r16, 0x01	; 1
     9fe:	11 09       	sbc	r17, r1
     a00:	01 15       	cp	r16, r1
     a02:	11 05       	cpc	r17, r1
     a04:	79 f7       	brne	.-34     	; 0x9e4 <__stack+0xe5>
     a06:	f7 c0       	rjmp	.+494    	; 0xbf6 <__stack+0x2f7>
     a08:	84 36       	cpi	r24, 0x64	; 100
     a0a:	11 f0       	breq	.+4      	; 0xa10 <__stack+0x111>
     a0c:	89 36       	cpi	r24, 0x69	; 105
     a0e:	61 f5       	brne	.+88     	; 0xa68 <__stack+0x169>
     a10:	56 01       	movw	r10, r12
     a12:	97 fe       	sbrs	r9, 7
     a14:	09 c0       	rjmp	.+18     	; 0xa28 <__stack+0x129>
     a16:	24 e0       	ldi	r18, 0x04	; 4
     a18:	a2 0e       	add	r10, r18
     a1a:	b1 1c       	adc	r11, r1
     a1c:	f6 01       	movw	r30, r12
     a1e:	60 81       	ld	r22, Z
     a20:	71 81       	ldd	r23, Z+1	; 0x01
     a22:	82 81       	ldd	r24, Z+2	; 0x02
     a24:	93 81       	ldd	r25, Z+3	; 0x03
     a26:	0a c0       	rjmp	.+20     	; 0xa3c <__stack+0x13d>
     a28:	f2 e0       	ldi	r31, 0x02	; 2
     a2a:	af 0e       	add	r10, r31
     a2c:	b1 1c       	adc	r11, r1
     a2e:	f6 01       	movw	r30, r12
     a30:	60 81       	ld	r22, Z
     a32:	71 81       	ldd	r23, Z+1	; 0x01
     a34:	07 2e       	mov	r0, r23
     a36:	00 0c       	add	r0, r0
     a38:	88 0b       	sbc	r24, r24
     a3a:	99 0b       	sbc	r25, r25
     a3c:	f9 2d       	mov	r31, r9
     a3e:	ff 76       	andi	r31, 0x6F	; 111
     a40:	9f 2e       	mov	r9, r31
     a42:	97 ff       	sbrs	r25, 7
     a44:	09 c0       	rjmp	.+18     	; 0xa58 <__stack+0x159>
     a46:	90 95       	com	r25
     a48:	80 95       	com	r24
     a4a:	70 95       	com	r23
     a4c:	61 95       	neg	r22
     a4e:	7f 4f       	sbci	r23, 0xFF	; 255
     a50:	8f 4f       	sbci	r24, 0xFF	; 255
     a52:	9f 4f       	sbci	r25, 0xFF	; 255
     a54:	f0 68       	ori	r31, 0x80	; 128
     a56:	9f 2e       	mov	r9, r31
     a58:	2a e0       	ldi	r18, 0x0A	; 10
     a5a:	30 e0       	ldi	r19, 0x00	; 0
     a5c:	a3 01       	movw	r20, r6
     a5e:	0e 94 4a 0d 	call	0x1a94	; 0x1a94 <__ultoa_invert>
     a62:	c8 2e       	mov	r12, r24
     a64:	c6 18       	sub	r12, r6
     a66:	3f c0       	rjmp	.+126    	; 0xae6 <__stack+0x1e7>
     a68:	09 2d       	mov	r16, r9
     a6a:	85 37       	cpi	r24, 0x75	; 117
     a6c:	21 f4       	brne	.+8      	; 0xa76 <__stack+0x177>
     a6e:	0f 7e       	andi	r16, 0xEF	; 239
     a70:	2a e0       	ldi	r18, 0x0A	; 10
     a72:	30 e0       	ldi	r19, 0x00	; 0
     a74:	1d c0       	rjmp	.+58     	; 0xab0 <__stack+0x1b1>
     a76:	09 7f       	andi	r16, 0xF9	; 249
     a78:	8f 36       	cpi	r24, 0x6F	; 111
     a7a:	91 f0       	breq	.+36     	; 0xaa0 <__stack+0x1a1>
     a7c:	18 f4       	brcc	.+6      	; 0xa84 <__stack+0x185>
     a7e:	88 35       	cpi	r24, 0x58	; 88
     a80:	59 f0       	breq	.+22     	; 0xa98 <__stack+0x199>
     a82:	c3 c0       	rjmp	.+390    	; 0xc0a <__stack+0x30b>
     a84:	80 37       	cpi	r24, 0x70	; 112
     a86:	19 f0       	breq	.+6      	; 0xa8e <__stack+0x18f>
     a88:	88 37       	cpi	r24, 0x78	; 120
     a8a:	11 f0       	breq	.+4      	; 0xa90 <__stack+0x191>
     a8c:	be c0       	rjmp	.+380    	; 0xc0a <__stack+0x30b>
     a8e:	00 61       	ori	r16, 0x10	; 16
     a90:	04 ff       	sbrs	r16, 4
     a92:	09 c0       	rjmp	.+18     	; 0xaa6 <__stack+0x1a7>
     a94:	04 60       	ori	r16, 0x04	; 4
     a96:	07 c0       	rjmp	.+14     	; 0xaa6 <__stack+0x1a7>
     a98:	94 fe       	sbrs	r9, 4
     a9a:	08 c0       	rjmp	.+16     	; 0xaac <__stack+0x1ad>
     a9c:	06 60       	ori	r16, 0x06	; 6
     a9e:	06 c0       	rjmp	.+12     	; 0xaac <__stack+0x1ad>
     aa0:	28 e0       	ldi	r18, 0x08	; 8
     aa2:	30 e0       	ldi	r19, 0x00	; 0
     aa4:	05 c0       	rjmp	.+10     	; 0xab0 <__stack+0x1b1>
     aa6:	20 e1       	ldi	r18, 0x10	; 16
     aa8:	30 e0       	ldi	r19, 0x00	; 0
     aaa:	02 c0       	rjmp	.+4      	; 0xab0 <__stack+0x1b1>
     aac:	20 e1       	ldi	r18, 0x10	; 16
     aae:	32 e0       	ldi	r19, 0x02	; 2
     ab0:	56 01       	movw	r10, r12
     ab2:	07 ff       	sbrs	r16, 7
     ab4:	09 c0       	rjmp	.+18     	; 0xac8 <__stack+0x1c9>
     ab6:	84 e0       	ldi	r24, 0x04	; 4
     ab8:	a8 0e       	add	r10, r24
     aba:	b1 1c       	adc	r11, r1
     abc:	f6 01       	movw	r30, r12
     abe:	60 81       	ld	r22, Z
     ac0:	71 81       	ldd	r23, Z+1	; 0x01
     ac2:	82 81       	ldd	r24, Z+2	; 0x02
     ac4:	93 81       	ldd	r25, Z+3	; 0x03
     ac6:	08 c0       	rjmp	.+16     	; 0xad8 <__stack+0x1d9>
     ac8:	f2 e0       	ldi	r31, 0x02	; 2
     aca:	af 0e       	add	r10, r31
     acc:	b1 1c       	adc	r11, r1
     ace:	f6 01       	movw	r30, r12
     ad0:	60 81       	ld	r22, Z
     ad2:	71 81       	ldd	r23, Z+1	; 0x01
     ad4:	80 e0       	ldi	r24, 0x00	; 0
     ad6:	90 e0       	ldi	r25, 0x00	; 0
     ad8:	a3 01       	movw	r20, r6
     ada:	0e 94 4a 0d 	call	0x1a94	; 0x1a94 <__ultoa_invert>
     ade:	c8 2e       	mov	r12, r24
     ae0:	c6 18       	sub	r12, r6
     ae2:	0f 77       	andi	r16, 0x7F	; 127
     ae4:	90 2e       	mov	r9, r16
     ae6:	96 fe       	sbrs	r9, 6
     ae8:	0b c0       	rjmp	.+22     	; 0xb00 <__stack+0x201>
     aea:	09 2d       	mov	r16, r9
     aec:	0e 7f       	andi	r16, 0xFE	; 254
     aee:	c1 16       	cp	r12, r17
     af0:	50 f4       	brcc	.+20     	; 0xb06 <__stack+0x207>
     af2:	94 fe       	sbrs	r9, 4
     af4:	0a c0       	rjmp	.+20     	; 0xb0a <__stack+0x20b>
     af6:	92 fc       	sbrc	r9, 2
     af8:	08 c0       	rjmp	.+16     	; 0xb0a <__stack+0x20b>
     afa:	09 2d       	mov	r16, r9
     afc:	0e 7e       	andi	r16, 0xEE	; 238
     afe:	05 c0       	rjmp	.+10     	; 0xb0a <__stack+0x20b>
     b00:	dc 2c       	mov	r13, r12
     b02:	09 2d       	mov	r16, r9
     b04:	03 c0       	rjmp	.+6      	; 0xb0c <__stack+0x20d>
     b06:	dc 2c       	mov	r13, r12
     b08:	01 c0       	rjmp	.+2      	; 0xb0c <__stack+0x20d>
     b0a:	d1 2e       	mov	r13, r17
     b0c:	04 ff       	sbrs	r16, 4
     b0e:	0d c0       	rjmp	.+26     	; 0xb2a <__stack+0x22b>
     b10:	fe 01       	movw	r30, r28
     b12:	ec 0d       	add	r30, r12
     b14:	f1 1d       	adc	r31, r1
     b16:	80 81       	ld	r24, Z
     b18:	80 33       	cpi	r24, 0x30	; 48
     b1a:	11 f4       	brne	.+4      	; 0xb20 <__stack+0x221>
     b1c:	09 7e       	andi	r16, 0xE9	; 233
     b1e:	09 c0       	rjmp	.+18     	; 0xb32 <__stack+0x233>
     b20:	02 ff       	sbrs	r16, 2
     b22:	06 c0       	rjmp	.+12     	; 0xb30 <__stack+0x231>
     b24:	d3 94       	inc	r13
     b26:	d3 94       	inc	r13
     b28:	04 c0       	rjmp	.+8      	; 0xb32 <__stack+0x233>
     b2a:	80 2f       	mov	r24, r16
     b2c:	86 78       	andi	r24, 0x86	; 134
     b2e:	09 f0       	breq	.+2      	; 0xb32 <__stack+0x233>
     b30:	d3 94       	inc	r13
     b32:	03 fd       	sbrc	r16, 3
     b34:	11 c0       	rjmp	.+34     	; 0xb58 <__stack+0x259>
     b36:	00 ff       	sbrs	r16, 0
     b38:	06 c0       	rjmp	.+12     	; 0xb46 <__stack+0x247>
     b3a:	1c 2d       	mov	r17, r12
     b3c:	d5 14       	cp	r13, r5
     b3e:	80 f4       	brcc	.+32     	; 0xb60 <__stack+0x261>
     b40:	15 0d       	add	r17, r5
     b42:	1d 19       	sub	r17, r13
     b44:	0d c0       	rjmp	.+26     	; 0xb60 <__stack+0x261>
     b46:	d5 14       	cp	r13, r5
     b48:	58 f4       	brcc	.+22     	; 0xb60 <__stack+0x261>
     b4a:	b7 01       	movw	r22, r14
     b4c:	80 e2       	ldi	r24, 0x20	; 32
     b4e:	90 e0       	ldi	r25, 0x00	; 0
     b50:	0e 94 f5 0c 	call	0x19ea	; 0x19ea <fputc>
     b54:	d3 94       	inc	r13
     b56:	f7 cf       	rjmp	.-18     	; 0xb46 <__stack+0x247>
     b58:	d5 14       	cp	r13, r5
     b5a:	10 f4       	brcc	.+4      	; 0xb60 <__stack+0x261>
     b5c:	5d 18       	sub	r5, r13
     b5e:	01 c0       	rjmp	.+2      	; 0xb62 <__stack+0x263>
     b60:	51 2c       	mov	r5, r1
     b62:	04 ff       	sbrs	r16, 4
     b64:	10 c0       	rjmp	.+32     	; 0xb86 <__stack+0x287>
     b66:	b7 01       	movw	r22, r14
     b68:	80 e3       	ldi	r24, 0x30	; 48
     b6a:	90 e0       	ldi	r25, 0x00	; 0
     b6c:	0e 94 f5 0c 	call	0x19ea	; 0x19ea <fputc>
     b70:	02 ff       	sbrs	r16, 2
     b72:	17 c0       	rjmp	.+46     	; 0xba2 <__stack+0x2a3>
     b74:	01 fd       	sbrc	r16, 1
     b76:	03 c0       	rjmp	.+6      	; 0xb7e <__stack+0x27f>
     b78:	88 e7       	ldi	r24, 0x78	; 120
     b7a:	90 e0       	ldi	r25, 0x00	; 0
     b7c:	02 c0       	rjmp	.+4      	; 0xb82 <__stack+0x283>
     b7e:	88 e5       	ldi	r24, 0x58	; 88
     b80:	90 e0       	ldi	r25, 0x00	; 0
     b82:	b7 01       	movw	r22, r14
     b84:	0c c0       	rjmp	.+24     	; 0xb9e <__stack+0x29f>
     b86:	80 2f       	mov	r24, r16
     b88:	86 78       	andi	r24, 0x86	; 134
     b8a:	59 f0       	breq	.+22     	; 0xba2 <__stack+0x2a3>
     b8c:	01 ff       	sbrs	r16, 1
     b8e:	02 c0       	rjmp	.+4      	; 0xb94 <__stack+0x295>
     b90:	8b e2       	ldi	r24, 0x2B	; 43
     b92:	01 c0       	rjmp	.+2      	; 0xb96 <__stack+0x297>
     b94:	80 e2       	ldi	r24, 0x20	; 32
     b96:	07 fd       	sbrc	r16, 7
     b98:	8d e2       	ldi	r24, 0x2D	; 45
     b9a:	b7 01       	movw	r22, r14
     b9c:	90 e0       	ldi	r25, 0x00	; 0
     b9e:	0e 94 f5 0c 	call	0x19ea	; 0x19ea <fputc>
     ba2:	c1 16       	cp	r12, r17
     ba4:	38 f4       	brcc	.+14     	; 0xbb4 <__stack+0x2b5>
     ba6:	b7 01       	movw	r22, r14
     ba8:	80 e3       	ldi	r24, 0x30	; 48
     baa:	90 e0       	ldi	r25, 0x00	; 0
     bac:	0e 94 f5 0c 	call	0x19ea	; 0x19ea <fputc>
     bb0:	11 50       	subi	r17, 0x01	; 1
     bb2:	f7 cf       	rjmp	.-18     	; 0xba2 <__stack+0x2a3>
     bb4:	ca 94       	dec	r12
     bb6:	f3 01       	movw	r30, r6
     bb8:	ec 0d       	add	r30, r12
     bba:	f1 1d       	adc	r31, r1
     bbc:	80 81       	ld	r24, Z
     bbe:	b7 01       	movw	r22, r14
     bc0:	90 e0       	ldi	r25, 0x00	; 0
     bc2:	0e 94 f5 0c 	call	0x19ea	; 0x19ea <fputc>
     bc6:	c1 10       	cpse	r12, r1
     bc8:	f5 cf       	rjmp	.-22     	; 0xbb4 <__stack+0x2b5>
     bca:	15 c0       	rjmp	.+42     	; 0xbf6 <__stack+0x2f7>
     bcc:	f4 e0       	ldi	r31, 0x04	; 4
     bce:	f5 15       	cp	r31, r5
     bd0:	60 f5       	brcc	.+88     	; 0xc2a <__stack+0x32b>
     bd2:	84 e0       	ldi	r24, 0x04	; 4
     bd4:	58 1a       	sub	r5, r24
     bd6:	93 fe       	sbrs	r9, 3
     bd8:	1f c0       	rjmp	.+62     	; 0xc18 <__stack+0x319>
     bda:	01 11       	cpse	r16, r1
     bdc:	27 c0       	rjmp	.+78     	; 0xc2c <__stack+0x32d>
     bde:	2c 85       	ldd	r18, Y+12	; 0x0c
     be0:	23 ff       	sbrs	r18, 3
     be2:	2a c0       	rjmp	.+84     	; 0xc38 <__stack+0x339>
     be4:	08 e6       	ldi	r16, 0x68	; 104
     be6:	10 e0       	ldi	r17, 0x00	; 0
     be8:	39 2d       	mov	r19, r9
     bea:	30 71       	andi	r19, 0x10	; 16
     bec:	93 2e       	mov	r9, r19
     bee:	f8 01       	movw	r30, r16
     bf0:	84 91       	lpm	r24, Z
     bf2:	81 11       	cpse	r24, r1
     bf4:	24 c0       	rjmp	.+72     	; 0xc3e <__stack+0x33f>
     bf6:	55 20       	and	r5, r5
     bf8:	09 f4       	brne	.+2      	; 0xbfc <__stack+0x2fd>
     bfa:	e4 cc       	rjmp	.-1592   	; 0x5c4 <vfprintf+0x58>
     bfc:	b7 01       	movw	r22, r14
     bfe:	80 e2       	ldi	r24, 0x20	; 32
     c00:	90 e0       	ldi	r25, 0x00	; 0
     c02:	0e 94 f5 0c 	call	0x19ea	; 0x19ea <fputc>
     c06:	5a 94       	dec	r5
     c08:	f6 cf       	rjmp	.-20     	; 0xbf6 <__stack+0x2f7>
     c0a:	f7 01       	movw	r30, r14
     c0c:	86 81       	ldd	r24, Z+6	; 0x06
     c0e:	97 81       	ldd	r25, Z+7	; 0x07
     c10:	26 c0       	rjmp	.+76     	; 0xc5e <__stack+0x35f>
     c12:	8f ef       	ldi	r24, 0xFF	; 255
     c14:	9f ef       	ldi	r25, 0xFF	; 255
     c16:	23 c0       	rjmp	.+70     	; 0xc5e <__stack+0x35f>
     c18:	b7 01       	movw	r22, r14
     c1a:	80 e2       	ldi	r24, 0x20	; 32
     c1c:	90 e0       	ldi	r25, 0x00	; 0
     c1e:	0e 94 f5 0c 	call	0x19ea	; 0x19ea <fputc>
     c22:	5a 94       	dec	r5
     c24:	51 10       	cpse	r5, r1
     c26:	f8 cf       	rjmp	.-16     	; 0xc18 <__stack+0x319>
     c28:	d8 cf       	rjmp	.-80     	; 0xbda <__stack+0x2db>
     c2a:	51 2c       	mov	r5, r1
     c2c:	b7 01       	movw	r22, r14
     c2e:	80 2f       	mov	r24, r16
     c30:	90 e0       	ldi	r25, 0x00	; 0
     c32:	0e 94 f5 0c 	call	0x19ea	; 0x19ea <fputc>
     c36:	d3 cf       	rjmp	.-90     	; 0xbde <__stack+0x2df>
     c38:	0c e6       	ldi	r16, 0x6C	; 108
     c3a:	10 e0       	ldi	r17, 0x00	; 0
     c3c:	d5 cf       	rjmp	.-86     	; 0xbe8 <__stack+0x2e9>
     c3e:	91 10       	cpse	r9, r1
     c40:	80 52       	subi	r24, 0x20	; 32
     c42:	b7 01       	movw	r22, r14
     c44:	90 e0       	ldi	r25, 0x00	; 0
     c46:	0e 94 f5 0c 	call	0x19ea	; 0x19ea <fputc>
     c4a:	0f 5f       	subi	r16, 0xFF	; 255
     c4c:	1f 4f       	sbci	r17, 0xFF	; 255
     c4e:	cf cf       	rjmp	.-98     	; 0xbee <__stack+0x2ef>
     c50:	23 e0       	ldi	r18, 0x03	; 3
     c52:	25 15       	cp	r18, r5
     c54:	10 f4       	brcc	.+4      	; 0xc5a <__stack+0x35b>
     c56:	83 e0       	ldi	r24, 0x03	; 3
     c58:	bd cf       	rjmp	.-134    	; 0xbd4 <__stack+0x2d5>
     c5a:	51 2c       	mov	r5, r1
     c5c:	c0 cf       	rjmp	.-128    	; 0xbde <__stack+0x2df>
     c5e:	60 96       	adiw	r28, 0x10	; 16
     c60:	e2 e1       	ldi	r30, 0x12	; 18
     c62:	0c 94 89 0b 	jmp	0x1712	; 0x1712 <__epilogue_restores__>

00000c66 <putval>:
     c66:	20 fd       	sbrc	r18, 0
     c68:	09 c0       	rjmp	.+18     	; 0xc7c <putval+0x16>
     c6a:	fc 01       	movw	r30, r24
     c6c:	23 fd       	sbrc	r18, 3
     c6e:	05 c0       	rjmp	.+10     	; 0xc7a <putval+0x14>
     c70:	22 ff       	sbrs	r18, 2
     c72:	02 c0       	rjmp	.+4      	; 0xc78 <putval+0x12>
     c74:	73 83       	std	Z+3, r23	; 0x03
     c76:	62 83       	std	Z+2, r22	; 0x02
     c78:	51 83       	std	Z+1, r21	; 0x01
     c7a:	40 83       	st	Z, r20
     c7c:	08 95       	ret

00000c7e <mulacc>:
     c7e:	44 fd       	sbrc	r20, 4
     c80:	17 c0       	rjmp	.+46     	; 0xcb0 <mulacc+0x32>
     c82:	46 fd       	sbrc	r20, 6
     c84:	17 c0       	rjmp	.+46     	; 0xcb4 <mulacc+0x36>
     c86:	ab 01       	movw	r20, r22
     c88:	bc 01       	movw	r22, r24
     c8a:	da 01       	movw	r26, r20
     c8c:	fb 01       	movw	r30, r22
     c8e:	aa 0f       	add	r26, r26
     c90:	bb 1f       	adc	r27, r27
     c92:	ee 1f       	adc	r30, r30
     c94:	ff 1f       	adc	r31, r31
     c96:	10 94       	com	r1
     c98:	d1 f7       	brne	.-12     	; 0xc8e <mulacc+0x10>
     c9a:	4a 0f       	add	r20, r26
     c9c:	5b 1f       	adc	r21, r27
     c9e:	6e 1f       	adc	r22, r30
     ca0:	7f 1f       	adc	r23, r31
     ca2:	cb 01       	movw	r24, r22
     ca4:	ba 01       	movw	r22, r20
     ca6:	66 0f       	add	r22, r22
     ca8:	77 1f       	adc	r23, r23
     caa:	88 1f       	adc	r24, r24
     cac:	99 1f       	adc	r25, r25
     cae:	09 c0       	rjmp	.+18     	; 0xcc2 <mulacc+0x44>
     cb0:	33 e0       	ldi	r19, 0x03	; 3
     cb2:	01 c0       	rjmp	.+2      	; 0xcb6 <mulacc+0x38>
     cb4:	34 e0       	ldi	r19, 0x04	; 4
     cb6:	66 0f       	add	r22, r22
     cb8:	77 1f       	adc	r23, r23
     cba:	88 1f       	adc	r24, r24
     cbc:	99 1f       	adc	r25, r25
     cbe:	31 50       	subi	r19, 0x01	; 1
     cc0:	d1 f7       	brne	.-12     	; 0xcb6 <mulacc+0x38>
     cc2:	62 0f       	add	r22, r18
     cc4:	71 1d       	adc	r23, r1
     cc6:	81 1d       	adc	r24, r1
     cc8:	91 1d       	adc	r25, r1
     cca:	08 95       	ret

00000ccc <skip_spaces>:
     ccc:	0f 93       	push	r16
     cce:	1f 93       	push	r17
     cd0:	cf 93       	push	r28
     cd2:	df 93       	push	r29
     cd4:	8c 01       	movw	r16, r24
     cd6:	c8 01       	movw	r24, r16
     cd8:	0e 94 b7 0c 	call	0x196e	; 0x196e <fgetc>
     cdc:	ec 01       	movw	r28, r24
     cde:	97 fd       	sbrc	r25, 7
     ce0:	08 c0       	rjmp	.+16     	; 0xcf2 <skip_spaces+0x26>
     ce2:	0e 94 7c 0c 	call	0x18f8	; 0x18f8 <isspace>
     ce6:	89 2b       	or	r24, r25
     ce8:	b1 f7       	brne	.-20     	; 0xcd6 <skip_spaces+0xa>
     cea:	b8 01       	movw	r22, r16
     cec:	ce 01       	movw	r24, r28
     cee:	0e 94 31 0d 	call	0x1a62	; 0x1a62 <ungetc>
     cf2:	ce 01       	movw	r24, r28
     cf4:	df 91       	pop	r29
     cf6:	cf 91       	pop	r28
     cf8:	1f 91       	pop	r17
     cfa:	0f 91       	pop	r16
     cfc:	08 95       	ret

00000cfe <conv_int>:
     cfe:	a0 e0       	ldi	r26, 0x00	; 0
     d00:	b0 e0       	ldi	r27, 0x00	; 0
     d02:	e5 e8       	ldi	r30, 0x85	; 133
     d04:	f6 e0       	ldi	r31, 0x06	; 6
     d06:	0c 94 73 0b 	jmp	0x16e6	; 0x16e6 <__prologue_saves__+0xc>
     d0a:	7c 01       	movw	r14, r24
     d0c:	8b 01       	movw	r16, r22
     d0e:	6a 01       	movw	r12, r20
     d10:	d2 2f       	mov	r29, r18
     d12:	0e 94 b7 0c 	call	0x196e	; 0x196e <fgetc>
     d16:	9c 01       	movw	r18, r24
     d18:	33 27       	eor	r19, r19
     d1a:	2b 32       	cpi	r18, 0x2B	; 43
     d1c:	31 05       	cpc	r19, r1
     d1e:	21 f0       	breq	.+8      	; 0xd28 <conv_int+0x2a>
     d20:	2d 32       	cpi	r18, 0x2D	; 45
     d22:	31 05       	cpc	r19, r1
     d24:	59 f4       	brne	.+22     	; 0xd3c <conv_int+0x3e>
     d26:	d0 68       	ori	r29, 0x80	; 128
     d28:	01 50       	subi	r16, 0x01	; 1
     d2a:	11 09       	sbc	r17, r1
     d2c:	11 f4       	brne	.+4      	; 0xd32 <conv_int+0x34>
     d2e:	80 e0       	ldi	r24, 0x00	; 0
     d30:	6b c0       	rjmp	.+214    	; 0xe08 <conv_int+0x10a>
     d32:	c7 01       	movw	r24, r14
     d34:	0e 94 b7 0c 	call	0x196e	; 0x196e <fgetc>
     d38:	97 fd       	sbrc	r25, 7
     d3a:	f9 cf       	rjmp	.-14     	; 0xd2e <conv_int+0x30>
     d3c:	cd 2f       	mov	r28, r29
     d3e:	cd 7f       	andi	r28, 0xFD	; 253
     d40:	2d 2f       	mov	r18, r29
     d42:	20 73       	andi	r18, 0x30	; 48
     d44:	19 f5       	brne	.+70     	; 0xd8c <conv_int+0x8e>
     d46:	80 33       	cpi	r24, 0x30	; 48
     d48:	09 f5       	brne	.+66     	; 0xd8c <conv_int+0x8e>
     d4a:	58 01       	movw	r10, r16
     d4c:	81 e0       	ldi	r24, 0x01	; 1
     d4e:	a8 1a       	sub	r10, r24
     d50:	b1 08       	sbc	r11, r1
     d52:	09 f4       	brne	.+2      	; 0xd56 <conv_int+0x58>
     d54:	45 c0       	rjmp	.+138    	; 0xde0 <conv_int+0xe2>
     d56:	c7 01       	movw	r24, r14
     d58:	0e 94 b7 0c 	call	0x196e	; 0x196e <fgetc>
     d5c:	97 fd       	sbrc	r25, 7
     d5e:	40 c0       	rjmp	.+128    	; 0xde0 <conv_int+0xe2>
     d60:	9c 01       	movw	r18, r24
     d62:	2f 7d       	andi	r18, 0xDF	; 223
     d64:	33 27       	eor	r19, r19
     d66:	28 35       	cpi	r18, 0x58	; 88
     d68:	31 05       	cpc	r19, r1
     d6a:	51 f4       	brne	.+20     	; 0xd80 <conv_int+0x82>
     d6c:	c2 64       	ori	r28, 0x42	; 66
     d6e:	02 50       	subi	r16, 0x02	; 2
     d70:	11 09       	sbc	r17, r1
     d72:	b1 f1       	breq	.+108    	; 0xde0 <conv_int+0xe2>
     d74:	c7 01       	movw	r24, r14
     d76:	0e 94 b7 0c 	call	0x196e	; 0x196e <fgetc>
     d7a:	97 ff       	sbrs	r25, 7
     d7c:	07 c0       	rjmp	.+14     	; 0xd8c <conv_int+0x8e>
     d7e:	30 c0       	rjmp	.+96     	; 0xde0 <conv_int+0xe2>
     d80:	d6 ff       	sbrs	r29, 6
     d82:	02 c0       	rjmp	.+4      	; 0xd88 <conv_int+0x8a>
     d84:	c2 60       	ori	r28, 0x02	; 2
     d86:	01 c0       	rjmp	.+2      	; 0xd8a <conv_int+0x8c>
     d88:	c2 61       	ori	r28, 0x12	; 18
     d8a:	85 01       	movw	r16, r10
     d8c:	81 2c       	mov	r8, r1
     d8e:	91 2c       	mov	r9, r1
     d90:	54 01       	movw	r10, r8
     d92:	20 ed       	ldi	r18, 0xD0	; 208
     d94:	28 0f       	add	r18, r24
     d96:	28 30       	cpi	r18, 0x08	; 8
     d98:	80 f0       	brcs	.+32     	; 0xdba <conv_int+0xbc>
     d9a:	c4 ff       	sbrs	r28, 4
     d9c:	04 c0       	rjmp	.+8      	; 0xda6 <conv_int+0xa8>
     d9e:	b7 01       	movw	r22, r14
     da0:	0e 94 31 0d 	call	0x1a62	; 0x1a62 <ungetc>
     da4:	1a c0       	rjmp	.+52     	; 0xdda <conv_int+0xdc>
     da6:	2a 30       	cpi	r18, 0x0A	; 10
     da8:	40 f0       	brcs	.+16     	; 0xdba <conv_int+0xbc>
     daa:	c6 ff       	sbrs	r28, 6
     dac:	f8 cf       	rjmp	.-16     	; 0xd9e <conv_int+0xa0>
     dae:	2f 7d       	andi	r18, 0xDF	; 223
     db0:	3f ee       	ldi	r19, 0xEF	; 239
     db2:	32 0f       	add	r19, r18
     db4:	36 30       	cpi	r19, 0x06	; 6
     db6:	98 f7       	brcc	.-26     	; 0xd9e <conv_int+0xa0>
     db8:	27 50       	subi	r18, 0x07	; 7
     dba:	4c 2f       	mov	r20, r28
     dbc:	c5 01       	movw	r24, r10
     dbe:	b4 01       	movw	r22, r8
     dc0:	0e 94 3f 06 	call	0xc7e	; 0xc7e <mulacc>
     dc4:	4b 01       	movw	r8, r22
     dc6:	5c 01       	movw	r10, r24
     dc8:	c2 60       	ori	r28, 0x02	; 2
     dca:	01 50       	subi	r16, 0x01	; 1
     dcc:	11 09       	sbc	r17, r1
     dce:	59 f0       	breq	.+22     	; 0xde6 <conv_int+0xe8>
     dd0:	c7 01       	movw	r24, r14
     dd2:	0e 94 b7 0c 	call	0x196e	; 0x196e <fgetc>
     dd6:	97 ff       	sbrs	r25, 7
     dd8:	dc cf       	rjmp	.-72     	; 0xd92 <conv_int+0x94>
     dda:	c1 fd       	sbrc	r28, 1
     ddc:	04 c0       	rjmp	.+8      	; 0xde6 <conv_int+0xe8>
     dde:	a7 cf       	rjmp	.-178    	; 0xd2e <conv_int+0x30>
     de0:	81 2c       	mov	r8, r1
     de2:	91 2c       	mov	r9, r1
     de4:	54 01       	movw	r10, r8
     de6:	c7 ff       	sbrs	r28, 7
     de8:	08 c0       	rjmp	.+16     	; 0xdfa <conv_int+0xfc>
     dea:	b0 94       	com	r11
     dec:	a0 94       	com	r10
     dee:	90 94       	com	r9
     df0:	80 94       	com	r8
     df2:	81 1c       	adc	r8, r1
     df4:	91 1c       	adc	r9, r1
     df6:	a1 1c       	adc	r10, r1
     df8:	b1 1c       	adc	r11, r1
     dfa:	2c 2f       	mov	r18, r28
     dfc:	b5 01       	movw	r22, r10
     dfe:	a4 01       	movw	r20, r8
     e00:	c6 01       	movw	r24, r12
     e02:	0e 94 33 06 	call	0xc66	; 0xc66 <putval>
     e06:	81 e0       	ldi	r24, 0x01	; 1
     e08:	cd b7       	in	r28, 0x3d	; 61
     e0a:	de b7       	in	r29, 0x3e	; 62
     e0c:	ec e0       	ldi	r30, 0x0C	; 12
     e0e:	0c 94 8f 0b 	jmp	0x171e	; 0x171e <__epilogue_restores__+0xc>

00000e12 <conv_brk>:
     e12:	a0 e2       	ldi	r26, 0x20	; 32
     e14:	b0 e0       	ldi	r27, 0x00	; 0
     e16:	ef e0       	ldi	r30, 0x0F	; 15
     e18:	f7 e0       	ldi	r31, 0x07	; 7
     e1a:	0c 94 6f 0b 	jmp	0x16de	; 0x16de <__prologue_saves__+0x4>
     e1e:	5c 01       	movw	r10, r24
     e20:	4b 01       	movw	r8, r22
     e22:	7a 01       	movw	r14, r20
     e24:	8e 01       	movw	r16, r28
     e26:	0f 5f       	subi	r16, 0xFF	; 255
     e28:	1f 4f       	sbci	r17, 0xFF	; 255
     e2a:	68 01       	movw	r12, r16
     e2c:	80 e2       	ldi	r24, 0x20	; 32
     e2e:	f8 01       	movw	r30, r16
     e30:	11 92       	st	Z+, r1
     e32:	8a 95       	dec	r24
     e34:	e9 f7       	brne	.-6      	; 0xe30 <conv_brk+0x1e>
     e36:	f5 01       	movw	r30, r10
     e38:	53 80       	ldd	r5, Z+3	; 0x03
     e3a:	40 e0       	ldi	r20, 0x00	; 0
     e3c:	50 e0       	ldi	r21, 0x00	; 0
     e3e:	61 2c       	mov	r6, r1
     e40:	90 e0       	ldi	r25, 0x00	; 0
     e42:	71 2c       	mov	r7, r1
     e44:	a1 e0       	ldi	r26, 0x01	; 1
     e46:	b0 e0       	ldi	r27, 0x00	; 0
     e48:	f9 01       	movw	r30, r18
     e4a:	53 fc       	sbrc	r5, 3
     e4c:	85 91       	lpm	r24, Z+
     e4e:	53 fe       	sbrs	r5, 3
     e50:	81 91       	ld	r24, Z+
     e52:	8f 01       	movw	r16, r30
     e54:	48 2e       	mov	r4, r24
     e56:	9f 01       	movw	r18, r30
     e58:	81 11       	cpse	r24, r1
     e5a:	03 c0       	rjmp	.+6      	; 0xe62 <conv_brk+0x50>
     e5c:	80 e0       	ldi	r24, 0x00	; 0
     e5e:	90 e0       	ldi	r25, 0x00	; 0
     e60:	96 c0       	rjmp	.+300    	; 0xf8e <conv_brk+0x17c>
     e62:	8e 35       	cpi	r24, 0x5E	; 94
     e64:	19 f4       	brne	.+6      	; 0xe6c <conv_brk+0x5a>
     e66:	41 15       	cp	r20, r1
     e68:	51 05       	cpc	r21, r1
     e6a:	51 f1       	breq	.+84     	; 0xec0 <conv_brk+0xae>
     e6c:	67 2d       	mov	r22, r7
     e6e:	70 e0       	ldi	r23, 0x00	; 0
     e70:	64 17       	cp	r22, r20
     e72:	75 07       	cpc	r23, r21
     e74:	3c f4       	brge	.+14     	; 0xe84 <conv_brk+0x72>
     e76:	8d 35       	cpi	r24, 0x5D	; 93
     e78:	61 f1       	breq	.+88     	; 0xed2 <conv_brk+0xc0>
     e7a:	8d 32       	cpi	r24, 0x2D	; 45
     e7c:	19 f4       	brne	.+6      	; 0xe84 <conv_brk+0x72>
     e7e:	99 23       	and	r25, r25
     e80:	11 f1       	breq	.+68     	; 0xec6 <conv_brk+0xb4>
     e82:	03 c0       	rjmp	.+6      	; 0xe8a <conv_brk+0x78>
     e84:	99 23       	and	r25, r25
     e86:	09 f4       	brne	.+2      	; 0xe8a <conv_brk+0x78>
     e88:	6d c0       	rjmp	.+218    	; 0xf64 <conv_brk+0x152>
     e8a:	84 2d       	mov	r24, r4
     e8c:	86 95       	lsr	r24
     e8e:	86 95       	lsr	r24
     e90:	86 95       	lsr	r24
     e92:	f6 01       	movw	r30, r12
     e94:	e8 0f       	add	r30, r24
     e96:	f1 1d       	adc	r31, r1
     e98:	84 2d       	mov	r24, r4
     e9a:	87 70       	andi	r24, 0x07	; 7
     e9c:	8d 01       	movw	r16, r26
     e9e:	02 c0       	rjmp	.+4      	; 0xea4 <conv_brk+0x92>
     ea0:	00 0f       	add	r16, r16
     ea2:	11 1f       	adc	r17, r17
     ea4:	8a 95       	dec	r24
     ea6:	e2 f7       	brpl	.-8      	; 0xea0 <conv_brk+0x8e>
     ea8:	c8 01       	movw	r24, r16
     eaa:	90 81       	ld	r25, Z
     eac:	89 2b       	or	r24, r25
     eae:	80 83       	st	Z, r24
     eb0:	64 14       	cp	r6, r4
     eb2:	59 f0       	breq	.+22     	; 0xeca <conv_brk+0xb8>
     eb4:	46 14       	cp	r4, r6
     eb6:	10 f4       	brcc	.+4      	; 0xebc <conv_brk+0xaa>
     eb8:	43 94       	inc	r4
     eba:	e7 cf       	rjmp	.-50     	; 0xe8a <conv_brk+0x78>
     ebc:	4a 94       	dec	r4
     ebe:	e5 cf       	rjmp	.-54     	; 0xe8a <conv_brk+0x78>
     ec0:	77 24       	eor	r7, r7
     ec2:	73 94       	inc	r7
     ec4:	03 c0       	rjmp	.+6      	; 0xecc <conv_brk+0xba>
     ec6:	91 e0       	ldi	r25, 0x01	; 1
     ec8:	01 c0       	rjmp	.+2      	; 0xecc <conv_brk+0xba>
     eca:	90 e0       	ldi	r25, 0x00	; 0
     ecc:	4f 5f       	subi	r20, 0xFF	; 255
     ece:	5f 4f       	sbci	r21, 0xFF	; 255
     ed0:	bb cf       	rjmp	.-138    	; 0xe48 <conv_brk+0x36>
     ed2:	99 23       	and	r25, r25
     ed4:	19 f0       	breq	.+6      	; 0xedc <conv_brk+0xca>
     ed6:	8e 81       	ldd	r24, Y+6	; 0x06
     ed8:	80 62       	ori	r24, 0x20	; 32
     eda:	8e 83       	std	Y+6, r24	; 0x06
     edc:	71 10       	cpse	r7, r1
     ede:	03 c0       	rjmp	.+6      	; 0xee6 <conv_brk+0xd4>
     ee0:	77 24       	eor	r7, r7
     ee2:	73 94       	inc	r7
     ee4:	19 c0       	rjmp	.+50     	; 0xf18 <conv_brk+0x106>
     ee6:	f6 01       	movw	r30, r12
     ee8:	9e 01       	movw	r18, r28
     eea:	2f 5d       	subi	r18, 0xDF	; 223
     eec:	3f 4f       	sbci	r19, 0xFF	; 255
     eee:	80 81       	ld	r24, Z
     ef0:	80 95       	com	r24
     ef2:	81 93       	st	Z+, r24
     ef4:	2e 17       	cp	r18, r30
     ef6:	3f 07       	cpc	r19, r31
     ef8:	d1 f7       	brne	.-12     	; 0xeee <conv_brk+0xdc>
     efa:	f2 cf       	rjmp	.-28     	; 0xee0 <conv_brk+0xce>
     efc:	e1 14       	cp	r14, r1
     efe:	f1 04       	cpc	r15, r1
     f00:	31 f0       	breq	.+12     	; 0xf0e <conv_brk+0xfc>
     f02:	f7 01       	movw	r30, r14
     f04:	80 83       	st	Z, r24
     f06:	b7 01       	movw	r22, r14
     f08:	6f 5f       	subi	r22, 0xFF	; 255
     f0a:	7f 4f       	sbci	r23, 0xFF	; 255
     f0c:	7b 01       	movw	r14, r22
     f0e:	71 e0       	ldi	r23, 0x01	; 1
     f10:	87 1a       	sub	r8, r23
     f12:	91 08       	sbc	r9, r1
     f14:	71 2c       	mov	r7, r1
     f16:	f9 f0       	breq	.+62     	; 0xf56 <conv_brk+0x144>
     f18:	c5 01       	movw	r24, r10
     f1a:	0e 94 b7 0c 	call	0x196e	; 0x196e <fgetc>
     f1e:	97 fd       	sbrc	r25, 7
     f20:	18 c0       	rjmp	.+48     	; 0xf52 <conv_brk+0x140>
     f22:	fc 01       	movw	r30, r24
     f24:	ff 27       	eor	r31, r31
     f26:	23 e0       	ldi	r18, 0x03	; 3
     f28:	f5 95       	asr	r31
     f2a:	e7 95       	ror	r30
     f2c:	2a 95       	dec	r18
     f2e:	e1 f7       	brne	.-8      	; 0xf28 <conv_brk+0x116>
     f30:	ec 0d       	add	r30, r12
     f32:	fd 1d       	adc	r31, r13
     f34:	20 81       	ld	r18, Z
     f36:	30 e0       	ldi	r19, 0x00	; 0
     f38:	ac 01       	movw	r20, r24
     f3a:	47 70       	andi	r20, 0x07	; 7
     f3c:	55 27       	eor	r21, r21
     f3e:	02 c0       	rjmp	.+4      	; 0xf44 <conv_brk+0x132>
     f40:	35 95       	asr	r19
     f42:	27 95       	ror	r18
     f44:	4a 95       	dec	r20
     f46:	e2 f7       	brpl	.-8      	; 0xf40 <conv_brk+0x12e>
     f48:	20 fd       	sbrc	r18, 0
     f4a:	d8 cf       	rjmp	.-80     	; 0xefc <conv_brk+0xea>
     f4c:	b5 01       	movw	r22, r10
     f4e:	0e 94 31 0d 	call	0x1a62	; 0x1a62 <ungetc>
     f52:	71 10       	cpse	r7, r1
     f54:	83 cf       	rjmp	.-250    	; 0xe5c <conv_brk+0x4a>
     f56:	e1 14       	cp	r14, r1
     f58:	f1 04       	cpc	r15, r1
     f5a:	11 f0       	breq	.+4      	; 0xf60 <conv_brk+0x14e>
     f5c:	f7 01       	movw	r30, r14
     f5e:	10 82       	st	Z, r1
     f60:	c8 01       	movw	r24, r16
     f62:	15 c0       	rjmp	.+42     	; 0xf8e <conv_brk+0x17c>
     f64:	68 2f       	mov	r22, r24
     f66:	66 95       	lsr	r22
     f68:	66 95       	lsr	r22
     f6a:	66 95       	lsr	r22
     f6c:	f6 01       	movw	r30, r12
     f6e:	e6 0f       	add	r30, r22
     f70:	f1 1d       	adc	r31, r1
     f72:	68 2f       	mov	r22, r24
     f74:	67 70       	andi	r22, 0x07	; 7
     f76:	8d 01       	movw	r16, r26
     f78:	02 c0       	rjmp	.+4      	; 0xf7e <conv_brk+0x16c>
     f7a:	00 0f       	add	r16, r16
     f7c:	11 1f       	adc	r17, r17
     f7e:	6a 95       	dec	r22
     f80:	e2 f7       	brpl	.-8      	; 0xf7a <conv_brk+0x168>
     f82:	b8 01       	movw	r22, r16
     f84:	70 81       	ld	r23, Z
     f86:	67 2b       	or	r22, r23
     f88:	60 83       	st	Z, r22
     f8a:	68 2e       	mov	r6, r24
     f8c:	9f cf       	rjmp	.-194    	; 0xecc <conv_brk+0xba>
     f8e:	a0 96       	adiw	r28, 0x20	; 32
     f90:	e0 e1       	ldi	r30, 0x10	; 16
     f92:	0c 94 8b 0b 	jmp	0x1716	; 0x1716 <__epilogue_restores__+0x4>

00000f96 <conv_flt>:
     f96:	2f 92       	push	r2
     f98:	3f 92       	push	r3
     f9a:	4f 92       	push	r4
     f9c:	5f 92       	push	r5
     f9e:	6f 92       	push	r6
     fa0:	7f 92       	push	r7
     fa2:	9f 92       	push	r9
     fa4:	af 92       	push	r10
     fa6:	bf 92       	push	r11
     fa8:	cf 92       	push	r12
     faa:	df 92       	push	r13
     fac:	ef 92       	push	r14
     fae:	ff 92       	push	r15
     fb0:	0f 93       	push	r16
     fb2:	1f 93       	push	r17
     fb4:	cf 93       	push	r28
     fb6:	df 93       	push	r29
     fb8:	6c 01       	movw	r12, r24
     fba:	8b 01       	movw	r16, r22
     fbc:	1a 01       	movw	r2, r20
     fbe:	0e 94 b7 0c 	call	0x196e	; 0x196e <fgetc>
     fc2:	ec 01       	movw	r28, r24
     fc4:	99 27       	eor	r25, r25
     fc6:	8b 32       	cpi	r24, 0x2B	; 43
     fc8:	91 05       	cpc	r25, r1
     fca:	29 f0       	breq	.+10     	; 0xfd6 <conv_flt+0x40>
     fcc:	8d 97       	sbiw	r24, 0x2d	; 45
     fce:	81 f4       	brne	.+32     	; 0xff0 <conv_flt+0x5a>
     fd0:	30 e8       	ldi	r19, 0x80	; 128
     fd2:	93 2e       	mov	r9, r19
     fd4:	01 c0       	rjmp	.+2      	; 0xfd8 <conv_flt+0x42>
     fd6:	91 2c       	mov	r9, r1
     fd8:	01 50       	subi	r16, 0x01	; 1
     fda:	11 09       	sbc	r17, r1
     fdc:	11 f4       	brne	.+4      	; 0xfe2 <conv_flt+0x4c>
     fde:	80 e0       	ldi	r24, 0x00	; 0
     fe0:	0c c1       	rjmp	.+536    	; 0x11fa <conv_flt+0x264>
     fe2:	c6 01       	movw	r24, r12
     fe4:	0e 94 b7 0c 	call	0x196e	; 0x196e <fgetc>
     fe8:	ec 01       	movw	r28, r24
     fea:	97 ff       	sbrs	r25, 7
     fec:	02 c0       	rjmp	.+4      	; 0xff2 <conv_flt+0x5c>
     fee:	f7 cf       	rjmp	.-18     	; 0xfde <conv_flt+0x48>
     ff0:	91 2c       	mov	r9, r1
     ff2:	ce 01       	movw	r24, r28
     ff4:	0e 94 85 0c 	call	0x190a	; 0x190a <tolower>
     ff8:	89 36       	cpi	r24, 0x69	; 105
     ffa:	91 05       	cpc	r25, r1
     ffc:	31 f0       	breq	.+12     	; 0x100a <conv_flt+0x74>
     ffe:	8e 36       	cpi	r24, 0x6E	; 110
    1000:	91 05       	cpc	r25, r1
    1002:	99 f5       	brne	.+102    	; 0x106a <conv_flt+0xd4>
    1004:	c0 e7       	ldi	r28, 0x70	; 112
    1006:	d2 e0       	ldi	r29, 0x02	; 2
    1008:	02 c0       	rjmp	.+4      	; 0x100e <conv_flt+0x78>
    100a:	c3 e7       	ldi	r28, 0x73	; 115
    100c:	d2 e0       	ldi	r29, 0x02	; 2
    100e:	21 96       	adiw	r28, 0x01	; 1
    1010:	fe 01       	movw	r30, r28
    1012:	31 97       	sbiw	r30, 0x01	; 1
    1014:	b4 90       	lpm	r11, Z
    1016:	bb 20       	and	r11, r11
    1018:	c9 f0       	breq	.+50     	; 0x104c <conv_flt+0xb6>
    101a:	01 50       	subi	r16, 0x01	; 1
    101c:	11 09       	sbc	r17, r1
    101e:	91 f0       	breq	.+36     	; 0x1044 <conv_flt+0xae>
    1020:	c6 01       	movw	r24, r12
    1022:	0e 94 b7 0c 	call	0x196e	; 0x196e <fgetc>
    1026:	7c 01       	movw	r14, r24
    1028:	97 fd       	sbrc	r25, 7
    102a:	0c c0       	rjmp	.+24     	; 0x1044 <conv_flt+0xae>
    102c:	0e 94 85 0c 	call	0x190a	; 0x190a <tolower>
    1030:	99 27       	eor	r25, r25
    1032:	eb 2d       	mov	r30, r11
    1034:	f0 e0       	ldi	r31, 0x00	; 0
    1036:	8e 17       	cp	r24, r30
    1038:	9f 07       	cpc	r25, r31
    103a:	49 f3       	breq	.-46     	; 0x100e <conv_flt+0x78>
    103c:	b6 01       	movw	r22, r12
    103e:	c7 01       	movw	r24, r14
    1040:	0e 94 31 0d 	call	0x1a62	; 0x1a62 <ungetc>
    1044:	c6 57       	subi	r28, 0x76	; 118
    1046:	d2 40       	sbci	r29, 0x02	; 2
    1048:	51 f6       	brne	.-108    	; 0xfde <conv_flt+0x48>
    104a:	03 c0       	rjmp	.+6      	; 0x1052 <conv_flt+0xbc>
    104c:	c3 57       	subi	r28, 0x73	; 115
    104e:	d2 40       	sbci	r29, 0x02	; 2
    1050:	29 f0       	breq	.+10     	; 0x105c <conv_flt+0xc6>
    1052:	80 e0       	ldi	r24, 0x00	; 0
    1054:	90 e0       	ldi	r25, 0x00	; 0
    1056:	a0 e8       	ldi	r26, 0x80	; 128
    1058:	bf e7       	ldi	r27, 0x7F	; 127
    105a:	04 c0       	rjmp	.+8      	; 0x1064 <conv_flt+0xce>
    105c:	80 e0       	ldi	r24, 0x00	; 0
    105e:	90 e0       	ldi	r25, 0x00	; 0
    1060:	a0 ec       	ldi	r26, 0xC0	; 192
    1062:	bf e7       	ldi	r27, 0x7F	; 127
    1064:	bc 01       	movw	r22, r24
    1066:	cd 01       	movw	r24, r26
    1068:	b8 c0       	rjmp	.+368    	; 0x11da <conv_flt+0x244>
    106a:	41 2c       	mov	r4, r1
    106c:	51 2c       	mov	r5, r1
    106e:	32 01       	movw	r6, r4
    1070:	e1 2c       	mov	r14, r1
    1072:	f1 2c       	mov	r15, r1
    1074:	2c 2f       	mov	r18, r28
    1076:	20 53       	subi	r18, 0x30	; 48
    1078:	2a 30       	cpi	r18, 0x0A	; 10
    107a:	10 f5       	brcc	.+68     	; 0x10c0 <conv_flt+0x12a>
    107c:	e9 2d       	mov	r30, r9
    107e:	e2 60       	ori	r30, 0x02	; 2
    1080:	be 2e       	mov	r11, r30
    1082:	89 2d       	mov	r24, r9
    1084:	88 70       	andi	r24, 0x08	; 8
    1086:	92 fe       	sbrs	r9, 2
    1088:	06 c0       	rjmp	.+12     	; 0x1096 <conv_flt+0x100>
    108a:	81 11       	cpse	r24, r1
    108c:	20 c0       	rjmp	.+64     	; 0x10ce <conv_flt+0x138>
    108e:	ff ef       	ldi	r31, 0xFF	; 255
    1090:	ef 1a       	sub	r14, r31
    1092:	ff 0a       	sbc	r15, r31
    1094:	1c c0       	rjmp	.+56     	; 0x10ce <conv_flt+0x138>
    1096:	88 23       	and	r24, r24
    1098:	19 f0       	breq	.+6      	; 0x10a0 <conv_flt+0x10a>
    109a:	81 e0       	ldi	r24, 0x01	; 1
    109c:	e8 1a       	sub	r14, r24
    109e:	f1 08       	sbc	r15, r1
    10a0:	40 e2       	ldi	r20, 0x20	; 32
    10a2:	c3 01       	movw	r24, r6
    10a4:	b2 01       	movw	r22, r4
    10a6:	0e 94 3f 06 	call	0xc7e	; 0xc7e <mulacc>
    10aa:	2b 01       	movw	r4, r22
    10ac:	3c 01       	movw	r6, r24
    10ae:	68 39       	cpi	r22, 0x98	; 152
    10b0:	79 49       	sbci	r23, 0x99	; 153
    10b2:	89 49       	sbci	r24, 0x99	; 153
    10b4:	99 41       	sbci	r25, 0x19	; 25
    10b6:	58 f0       	brcs	.+22     	; 0x10ce <conv_flt+0x138>
    10b8:	f9 2d       	mov	r31, r9
    10ba:	f6 60       	ori	r31, 0x06	; 6
    10bc:	bf 2e       	mov	r11, r31
    10be:	07 c0       	rjmp	.+14     	; 0x10ce <conv_flt+0x138>
    10c0:	2e 3f       	cpi	r18, 0xFE	; 254
    10c2:	89 f4       	brne	.+34     	; 0x10e6 <conv_flt+0x150>
    10c4:	93 fc       	sbrc	r9, 3
    10c6:	0f c0       	rjmp	.+30     	; 0x10e6 <conv_flt+0x150>
    10c8:	29 2d       	mov	r18, r9
    10ca:	28 60       	ori	r18, 0x08	; 8
    10cc:	b2 2e       	mov	r11, r18
    10ce:	01 50       	subi	r16, 0x01	; 1
    10d0:	11 09       	sbc	r17, r1
    10d2:	41 f0       	breq	.+16     	; 0x10e4 <conv_flt+0x14e>
    10d4:	c6 01       	movw	r24, r12
    10d6:	0e 94 b7 0c 	call	0x196e	; 0x196e <fgetc>
    10da:	ec 01       	movw	r28, r24
    10dc:	9b 2c       	mov	r9, r11
    10de:	97 ff       	sbrs	r25, 7
    10e0:	c9 cf       	rjmp	.-110    	; 0x1074 <conv_flt+0xde>
    10e2:	01 c0       	rjmp	.+2      	; 0x10e6 <conv_flt+0x150>
    10e4:	9b 2c       	mov	r9, r11
    10e6:	91 fe       	sbrs	r9, 1
    10e8:	7a cf       	rjmp	.-268    	; 0xfde <conv_flt+0x48>
    10ea:	ce 01       	movw	r24, r28
    10ec:	8f 7d       	andi	r24, 0xDF	; 223
    10ee:	99 27       	eor	r25, r25
    10f0:	85 34       	cpi	r24, 0x45	; 69
    10f2:	91 05       	cpc	r25, r1
    10f4:	09 f0       	breq	.+2      	; 0x10f8 <conv_flt+0x162>
    10f6:	42 c0       	rjmp	.+132    	; 0x117c <conv_flt+0x1e6>
    10f8:	58 01       	movw	r10, r16
    10fa:	81 e0       	ldi	r24, 0x01	; 1
    10fc:	a8 1a       	sub	r10, r24
    10fe:	b1 08       	sbc	r11, r1
    1100:	09 f4       	brne	.+2      	; 0x1104 <conv_flt+0x16e>
    1102:	6d cf       	rjmp	.-294    	; 0xfde <conv_flt+0x48>
    1104:	c6 01       	movw	r24, r12
    1106:	0e 94 b7 0c 	call	0x196e	; 0x196e <fgetc>
    110a:	ec 01       	movw	r28, r24
    110c:	97 fd       	sbrc	r25, 7
    110e:	67 cf       	rjmp	.-306    	; 0xfde <conv_flt+0x48>
    1110:	99 27       	eor	r25, r25
    1112:	8b 32       	cpi	r24, 0x2B	; 43
    1114:	91 05       	cpc	r25, r1
    1116:	29 f0       	breq	.+10     	; 0x1122 <conv_flt+0x18c>
    1118:	8d 97       	sbiw	r24, 0x2d	; 45
    111a:	69 f4       	brne	.+26     	; 0x1136 <conv_flt+0x1a0>
    111c:	e9 2d       	mov	r30, r9
    111e:	e0 61       	ori	r30, 0x10	; 16
    1120:	9e 2e       	mov	r9, r30
    1122:	58 01       	movw	r10, r16
    1124:	f2 e0       	ldi	r31, 0x02	; 2
    1126:	af 1a       	sub	r10, r31
    1128:	b1 08       	sbc	r11, r1
    112a:	09 f4       	brne	.+2      	; 0x112e <conv_flt+0x198>
    112c:	58 cf       	rjmp	.-336    	; 0xfde <conv_flt+0x48>
    112e:	c6 01       	movw	r24, r12
    1130:	0e 94 b7 0c 	call	0x196e	; 0x196e <fgetc>
    1134:	ec 01       	movw	r28, r24
    1136:	ce 01       	movw	r24, r28
    1138:	c0 97       	sbiw	r24, 0x30	; 48
    113a:	0a 97       	sbiw	r24, 0x0a	; 10
    113c:	08 f0       	brcs	.+2      	; 0x1140 <conv_flt+0x1aa>
    113e:	4f cf       	rjmp	.-354    	; 0xfde <conv_flt+0x48>
    1140:	85 01       	movw	r16, r10
    1142:	a1 2c       	mov	r10, r1
    1144:	b1 2c       	mov	r11, r1
    1146:	b5 01       	movw	r22, r10
    1148:	bb 0c       	add	r11, r11
    114a:	88 0b       	sbc	r24, r24
    114c:	99 0b       	sbc	r25, r25
    114e:	2c 2f       	mov	r18, r28
    1150:	20 53       	subi	r18, 0x30	; 48
    1152:	40 e2       	ldi	r20, 0x20	; 32
    1154:	0e 94 3f 06 	call	0xc7e	; 0xc7e <mulacc>
    1158:	5b 01       	movw	r10, r22
    115a:	01 50       	subi	r16, 0x01	; 1
    115c:	11 09       	sbc	r17, r1
    115e:	39 f0       	breq	.+14     	; 0x116e <conv_flt+0x1d8>
    1160:	c6 01       	movw	r24, r12
    1162:	0e 94 b7 0c 	call	0x196e	; 0x196e <fgetc>
    1166:	ec 01       	movw	r28, r24
    1168:	c0 97       	sbiw	r24, 0x30	; 48
    116a:	0a 97       	sbiw	r24, 0x0a	; 10
    116c:	60 f3       	brcs	.-40     	; 0x1146 <conv_flt+0x1b0>
    116e:	94 fe       	sbrs	r9, 4
    1170:	03 c0       	rjmp	.+6      	; 0x1178 <conv_flt+0x1e2>
    1172:	b1 94       	neg	r11
    1174:	a1 94       	neg	r10
    1176:	b1 08       	sbc	r11, r1
    1178:	ea 0c       	add	r14, r10
    117a:	fb 1c       	adc	r15, r11
    117c:	01 2b       	or	r16, r17
    117e:	31 f0       	breq	.+12     	; 0x118c <conv_flt+0x1f6>
    1180:	d7 fd       	sbrc	r29, 7
    1182:	04 c0       	rjmp	.+8      	; 0x118c <conv_flt+0x1f6>
    1184:	b6 01       	movw	r22, r12
    1186:	ce 01       	movw	r24, r28
    1188:	0e 94 31 0d 	call	0x1a62	; 0x1a62 <ungetc>
    118c:	c3 01       	movw	r24, r6
    118e:	b2 01       	movw	r22, r4
    1190:	0e 94 41 0a 	call	0x1482	; 0x1482 <__floatunsisf>
    1194:	f7 fe       	sbrs	r15, 7
    1196:	06 c0       	rjmp	.+12     	; 0x11a4 <conv_flt+0x20e>
    1198:	f1 94       	neg	r15
    119a:	e1 94       	neg	r14
    119c:	f1 08       	sbc	r15, r1
    119e:	cf e8       	ldi	r28, 0x8F	; 143
    11a0:	d2 e0       	ldi	r29, 0x02	; 2
    11a2:	02 c0       	rjmp	.+4      	; 0x11a8 <conv_flt+0x212>
    11a4:	c7 ea       	ldi	r28, 0xA7	; 167
    11a6:	d2 e0       	ldi	r29, 0x02	; 2
    11a8:	6e 01       	movw	r12, r28
    11aa:	28 e1       	ldi	r18, 0x18	; 24
    11ac:	c2 1a       	sub	r12, r18
    11ae:	d1 08       	sbc	r13, r1
    11b0:	00 e2       	ldi	r16, 0x20	; 32
    11b2:	10 e0       	ldi	r17, 0x00	; 0
    11b4:	e0 16       	cp	r14, r16
    11b6:	f1 06       	cpc	r15, r17
    11b8:	50 f0       	brcs	.+20     	; 0x11ce <conv_flt+0x238>
    11ba:	fe 01       	movw	r30, r28
    11bc:	25 91       	lpm	r18, Z+
    11be:	35 91       	lpm	r19, Z+
    11c0:	45 91       	lpm	r20, Z+
    11c2:	54 91       	lpm	r21, Z
    11c4:	0e 94 7e 0a 	call	0x14fc	; 0x14fc <__mulsf3>
    11c8:	e0 1a       	sub	r14, r16
    11ca:	f1 0a       	sbc	r15, r17
    11cc:	f3 cf       	rjmp	.-26     	; 0x11b4 <conv_flt+0x21e>
    11ce:	24 97       	sbiw	r28, 0x04	; 4
    11d0:	16 95       	lsr	r17
    11d2:	07 95       	ror	r16
    11d4:	cc 16       	cp	r12, r28
    11d6:	dd 06       	cpc	r13, r29
    11d8:	69 f7       	brne	.-38     	; 0x11b4 <conv_flt+0x21e>
    11da:	97 fe       	sbrs	r9, 7
    11dc:	05 c0       	rjmp	.+10     	; 0x11e8 <conv_flt+0x252>
    11de:	dc 01       	movw	r26, r24
    11e0:	cb 01       	movw	r24, r22
    11e2:	b0 58       	subi	r27, 0x80	; 128
    11e4:	bc 01       	movw	r22, r24
    11e6:	cd 01       	movw	r24, r26
    11e8:	21 14       	cp	r2, r1
    11ea:	31 04       	cpc	r3, r1
    11ec:	29 f0       	breq	.+10     	; 0x11f8 <conv_flt+0x262>
    11ee:	f1 01       	movw	r30, r2
    11f0:	60 83       	st	Z, r22
    11f2:	71 83       	std	Z+1, r23	; 0x01
    11f4:	82 83       	std	Z+2, r24	; 0x02
    11f6:	93 83       	std	Z+3, r25	; 0x03
    11f8:	81 e0       	ldi	r24, 0x01	; 1
    11fa:	df 91       	pop	r29
    11fc:	cf 91       	pop	r28
    11fe:	1f 91       	pop	r17
    1200:	0f 91       	pop	r16
    1202:	ff 90       	pop	r15
    1204:	ef 90       	pop	r14
    1206:	df 90       	pop	r13
    1208:	cf 90       	pop	r12
    120a:	bf 90       	pop	r11
    120c:	af 90       	pop	r10
    120e:	9f 90       	pop	r9
    1210:	7f 90       	pop	r7
    1212:	6f 90       	pop	r6
    1214:	5f 90       	pop	r5
    1216:	4f 90       	pop	r4
    1218:	3f 90       	pop	r3
    121a:	2f 90       	pop	r2
    121c:	08 95       	ret

0000121e <vfscanf>:
    121e:	a0 e0       	ldi	r26, 0x00	; 0
    1220:	b0 e0       	ldi	r27, 0x00	; 0
    1222:	e5 e1       	ldi	r30, 0x15	; 21
    1224:	f9 e0       	ldi	r31, 0x09	; 9
    1226:	0c 94 71 0b 	jmp	0x16e2	; 0x16e2 <__prologue_saves__+0x8>
    122a:	5c 01       	movw	r10, r24
    122c:	eb 01       	movw	r28, r22
    122e:	4a 01       	movw	r8, r20
    1230:	fc 01       	movw	r30, r24
    1232:	17 82       	std	Z+7, r1	; 0x07
    1234:	16 82       	std	Z+6, r1	; 0x06
    1236:	61 2c       	mov	r6, r1
    1238:	f5 01       	movw	r30, r10
    123a:	03 81       	ldd	r16, Z+3	; 0x03
    123c:	fe 01       	movw	r30, r28
    123e:	03 fd       	sbrc	r16, 3
    1240:	85 91       	lpm	r24, Z+
    1242:	03 ff       	sbrs	r16, 3
    1244:	81 91       	ld	r24, Z+
    1246:	18 2f       	mov	r17, r24
    1248:	ef 01       	movw	r28, r30
    124a:	88 23       	and	r24, r24
    124c:	09 f4       	brne	.+2      	; 0x1250 <vfscanf+0x32>
    124e:	0f c1       	rjmp	.+542    	; 0x146e <vfscanf+0x250>
    1250:	90 e0       	ldi	r25, 0x00	; 0
    1252:	0e 94 7c 0c 	call	0x18f8	; 0x18f8 <isspace>
    1256:	89 2b       	or	r24, r25
    1258:	21 f0       	breq	.+8      	; 0x1262 <vfscanf+0x44>
    125a:	c5 01       	movw	r24, r10
    125c:	0e 94 66 06 	call	0xccc	; 0xccc <skip_spaces>
    1260:	eb cf       	rjmp	.-42     	; 0x1238 <vfscanf+0x1a>
    1262:	15 32       	cpi	r17, 0x25	; 37
    1264:	41 f4       	brne	.+16     	; 0x1276 <vfscanf+0x58>
    1266:	fe 01       	movw	r30, r28
    1268:	03 fd       	sbrc	r16, 3
    126a:	15 91       	lpm	r17, Z+
    126c:	03 ff       	sbrs	r16, 3
    126e:	11 91       	ld	r17, Z+
    1270:	ef 01       	movw	r28, r30
    1272:	15 32       	cpi	r17, 0x25	; 37
    1274:	81 f4       	brne	.+32     	; 0x1296 <vfscanf+0x78>
    1276:	c5 01       	movw	r24, r10
    1278:	0e 94 b7 0c 	call	0x196e	; 0x196e <fgetc>
    127c:	97 fd       	sbrc	r25, 7
    127e:	f5 c0       	rjmp	.+490    	; 0x146a <vfscanf+0x24c>
    1280:	41 2f       	mov	r20, r17
    1282:	50 e0       	ldi	r21, 0x00	; 0
    1284:	9c 01       	movw	r18, r24
    1286:	33 27       	eor	r19, r19
    1288:	24 17       	cp	r18, r20
    128a:	35 07       	cpc	r19, r21
    128c:	a9 f2       	breq	.-86     	; 0x1238 <vfscanf+0x1a>
    128e:	b5 01       	movw	r22, r10
    1290:	0e 94 31 0d 	call	0x1a62	; 0x1a62 <ungetc>
    1294:	ec c0       	rjmp	.+472    	; 0x146e <vfscanf+0x250>
    1296:	1a 32       	cpi	r17, 0x2A	; 42
    1298:	41 f4       	brne	.+16     	; 0x12aa <vfscanf+0x8c>
    129a:	03 fd       	sbrc	r16, 3
    129c:	15 91       	lpm	r17, Z+
    129e:	03 ff       	sbrs	r16, 3
    12a0:	11 91       	ld	r17, Z+
    12a2:	ef 01       	movw	r28, r30
    12a4:	77 24       	eor	r7, r7
    12a6:	73 94       	inc	r7
    12a8:	01 c0       	rjmp	.+2      	; 0x12ac <vfscanf+0x8e>
    12aa:	71 2c       	mov	r7, r1
    12ac:	e1 2c       	mov	r14, r1
    12ae:	f1 2c       	mov	r15, r1
    12b0:	20 ed       	ldi	r18, 0xD0	; 208
    12b2:	21 0f       	add	r18, r17
    12b4:	2a 30       	cpi	r18, 0x0A	; 10
    12b6:	88 f4       	brcc	.+34     	; 0x12da <vfscanf+0xbc>
    12b8:	f7 2d       	mov	r31, r7
    12ba:	f2 60       	ori	r31, 0x02	; 2
    12bc:	7f 2e       	mov	r7, r31
    12be:	b7 01       	movw	r22, r14
    12c0:	80 e0       	ldi	r24, 0x00	; 0
    12c2:	90 e0       	ldi	r25, 0x00	; 0
    12c4:	40 e2       	ldi	r20, 0x20	; 32
    12c6:	0e 94 3f 06 	call	0xc7e	; 0xc7e <mulacc>
    12ca:	7b 01       	movw	r14, r22
    12cc:	fe 01       	movw	r30, r28
    12ce:	03 fd       	sbrc	r16, 3
    12d0:	15 91       	lpm	r17, Z+
    12d2:	03 ff       	sbrs	r16, 3
    12d4:	11 91       	ld	r17, Z+
    12d6:	ef 01       	movw	r28, r30
    12d8:	eb cf       	rjmp	.-42     	; 0x12b0 <vfscanf+0x92>
    12da:	71 fe       	sbrs	r7, 1
    12dc:	04 c0       	rjmp	.+8      	; 0x12e6 <vfscanf+0xc8>
    12de:	e1 14       	cp	r14, r1
    12e0:	f1 04       	cpc	r15, r1
    12e2:	21 f4       	brne	.+8      	; 0x12ec <vfscanf+0xce>
    12e4:	c4 c0       	rjmp	.+392    	; 0x146e <vfscanf+0x250>
    12e6:	ee 24       	eor	r14, r14
    12e8:	ea 94       	dec	r14
    12ea:	fe 2c       	mov	r15, r14
    12ec:	18 36       	cpi	r17, 0x68	; 104
    12ee:	19 f0       	breq	.+6      	; 0x12f6 <vfscanf+0xd8>
    12f0:	1c 36       	cpi	r17, 0x6C	; 108
    12f2:	61 f0       	breq	.+24     	; 0x130c <vfscanf+0xee>
    12f4:	14 c0       	rjmp	.+40     	; 0x131e <vfscanf+0x100>
    12f6:	fe 01       	movw	r30, r28
    12f8:	03 fd       	sbrc	r16, 3
    12fa:	15 91       	lpm	r17, Z+
    12fc:	03 ff       	sbrs	r16, 3
    12fe:	11 91       	ld	r17, Z+
    1300:	ef 01       	movw	r28, r30
    1302:	18 36       	cpi	r17, 0x68	; 104
    1304:	61 f4       	brne	.+24     	; 0x131e <vfscanf+0x100>
    1306:	87 2d       	mov	r24, r7
    1308:	88 60       	ori	r24, 0x08	; 8
    130a:	78 2e       	mov	r7, r24
    130c:	97 2d       	mov	r25, r7
    130e:	94 60       	ori	r25, 0x04	; 4
    1310:	79 2e       	mov	r7, r25
    1312:	fe 01       	movw	r30, r28
    1314:	03 fd       	sbrc	r16, 3
    1316:	15 91       	lpm	r17, Z+
    1318:	03 ff       	sbrs	r16, 3
    131a:	11 91       	ld	r17, Z+
    131c:	ef 01       	movw	r28, r30
    131e:	11 23       	and	r17, r17
    1320:	09 f4       	brne	.+2      	; 0x1324 <vfscanf+0x106>
    1322:	a5 c0       	rjmp	.+330    	; 0x146e <vfscanf+0x250>
    1324:	61 2f       	mov	r22, r17
    1326:	70 e0       	ldi	r23, 0x00	; 0
    1328:	8e e5       	ldi	r24, 0x5E	; 94
    132a:	92 e0       	ldi	r25, 0x02	; 2
    132c:	0e 94 96 0c 	call	0x192c	; 0x192c <strchr_P>
    1330:	89 2b       	or	r24, r25
    1332:	09 f4       	brne	.+2      	; 0x1336 <vfscanf+0x118>
    1334:	9c c0       	rjmp	.+312    	; 0x146e <vfscanf+0x250>
    1336:	70 fc       	sbrc	r7, 0
    1338:	07 c0       	rjmp	.+14     	; 0x1348 <vfscanf+0x12a>
    133a:	f4 01       	movw	r30, r8
    133c:	c0 80       	ld	r12, Z
    133e:	d1 80       	ldd	r13, Z+1	; 0x01
    1340:	c4 01       	movw	r24, r8
    1342:	02 96       	adiw	r24, 0x02	; 2
    1344:	4c 01       	movw	r8, r24
    1346:	02 c0       	rjmp	.+4      	; 0x134c <vfscanf+0x12e>
    1348:	c1 2c       	mov	r12, r1
    134a:	d1 2c       	mov	r13, r1
    134c:	1e 36       	cpi	r17, 0x6E	; 110
    134e:	51 f4       	brne	.+20     	; 0x1364 <vfscanf+0x146>
    1350:	f5 01       	movw	r30, r10
    1352:	46 81       	ldd	r20, Z+6	; 0x06
    1354:	57 81       	ldd	r21, Z+7	; 0x07
    1356:	60 e0       	ldi	r22, 0x00	; 0
    1358:	70 e0       	ldi	r23, 0x00	; 0
    135a:	27 2d       	mov	r18, r7
    135c:	c6 01       	movw	r24, r12
    135e:	0e 94 33 06 	call	0xc66	; 0xc66 <putval>
    1362:	6a cf       	rjmp	.-300    	; 0x1238 <vfscanf+0x1a>
    1364:	13 36       	cpi	r17, 0x63	; 99
    1366:	b9 f4       	brne	.+46     	; 0x1396 <vfscanf+0x178>
    1368:	71 fc       	sbrc	r7, 1
    136a:	03 c0       	rjmp	.+6      	; 0x1372 <vfscanf+0x154>
    136c:	ee 24       	eor	r14, r14
    136e:	e3 94       	inc	r14
    1370:	f1 2c       	mov	r15, r1
    1372:	c5 01       	movw	r24, r10
    1374:	0e 94 b7 0c 	call	0x196e	; 0x196e <fgetc>
    1378:	97 fd       	sbrc	r25, 7
    137a:	77 c0       	rjmp	.+238    	; 0x146a <vfscanf+0x24c>
    137c:	c1 14       	cp	r12, r1
    137e:	d1 04       	cpc	r13, r1
    1380:	29 f0       	breq	.+10     	; 0x138c <vfscanf+0x16e>
    1382:	f6 01       	movw	r30, r12
    1384:	80 83       	st	Z, r24
    1386:	c6 01       	movw	r24, r12
    1388:	01 96       	adiw	r24, 0x01	; 1
    138a:	6c 01       	movw	r12, r24
    138c:	91 e0       	ldi	r25, 0x01	; 1
    138e:	e9 1a       	sub	r14, r25
    1390:	f1 08       	sbc	r15, r1
    1392:	79 f7       	brne	.-34     	; 0x1372 <vfscanf+0x154>
    1394:	66 c0       	rjmp	.+204    	; 0x1462 <vfscanf+0x244>
    1396:	1b 35       	cpi	r17, 0x5B	; 91
    1398:	59 f4       	brne	.+22     	; 0x13b0 <vfscanf+0x192>
    139a:	9e 01       	movw	r18, r28
    139c:	a6 01       	movw	r20, r12
    139e:	b7 01       	movw	r22, r14
    13a0:	c5 01       	movw	r24, r10
    13a2:	0e 94 09 07 	call	0xe12	; 0xe12 <conv_brk>
    13a6:	ec 01       	movw	r28, r24
    13a8:	89 2b       	or	r24, r25
    13aa:	09 f0       	breq	.+2      	; 0x13ae <vfscanf+0x190>
    13ac:	5a c0       	rjmp	.+180    	; 0x1462 <vfscanf+0x244>
    13ae:	54 c0       	rjmp	.+168    	; 0x1458 <vfscanf+0x23a>
    13b0:	c5 01       	movw	r24, r10
    13b2:	0e 94 66 06 	call	0xccc	; 0xccc <skip_spaces>
    13b6:	97 fd       	sbrc	r25, 7
    13b8:	58 c0       	rjmp	.+176    	; 0x146a <vfscanf+0x24c>
    13ba:	1f 36       	cpi	r17, 0x6F	; 111
    13bc:	e1 f1       	breq	.+120    	; 0x1436 <vfscanf+0x218>
    13be:	40 f4       	brcc	.+16     	; 0x13d0 <vfscanf+0x1b2>
    13c0:	14 36       	cpi	r17, 0x64	; 100
    13c2:	a9 f1       	breq	.+106    	; 0x142e <vfscanf+0x210>
    13c4:	19 36       	cpi	r17, 0x69	; 105
    13c6:	d1 f1       	breq	.+116    	; 0x143c <vfscanf+0x21e>
    13c8:	18 35       	cpi	r17, 0x58	; 88
    13ca:	09 f0       	breq	.+2      	; 0x13ce <vfscanf+0x1b0>
    13cc:	3e c0       	rjmp	.+124    	; 0x144a <vfscanf+0x22c>
    13ce:	2b c0       	rjmp	.+86     	; 0x1426 <vfscanf+0x208>
    13d0:	13 37       	cpi	r17, 0x73	; 115
    13d2:	a9 f0       	breq	.+42     	; 0x13fe <vfscanf+0x1e0>
    13d4:	18 f4       	brcc	.+6      	; 0x13dc <vfscanf+0x1be>
    13d6:	10 37       	cpi	r17, 0x70	; 112
    13d8:	31 f1       	breq	.+76     	; 0x1426 <vfscanf+0x208>
    13da:	37 c0       	rjmp	.+110    	; 0x144a <vfscanf+0x22c>
    13dc:	15 37       	cpi	r17, 0x75	; 117
    13de:	39 f1       	breq	.+78     	; 0x142e <vfscanf+0x210>
    13e0:	18 37       	cpi	r17, 0x78	; 120
    13e2:	09 f1       	breq	.+66     	; 0x1426 <vfscanf+0x208>
    13e4:	32 c0       	rjmp	.+100    	; 0x144a <vfscanf+0x22c>
    13e6:	c1 14       	cp	r12, r1
    13e8:	d1 04       	cpc	r13, r1
    13ea:	29 f0       	breq	.+10     	; 0x13f6 <vfscanf+0x1d8>
    13ec:	f6 01       	movw	r30, r12
    13ee:	00 83       	st	Z, r16
    13f0:	c6 01       	movw	r24, r12
    13f2:	01 96       	adiw	r24, 0x01	; 1
    13f4:	6c 01       	movw	r12, r24
    13f6:	91 e0       	ldi	r25, 0x01	; 1
    13f8:	e9 1a       	sub	r14, r25
    13fa:	f1 08       	sbc	r15, r1
    13fc:	71 f0       	breq	.+28     	; 0x141a <vfscanf+0x1fc>
    13fe:	c5 01       	movw	r24, r10
    1400:	0e 94 b7 0c 	call	0x196e	; 0x196e <fgetc>
    1404:	8c 01       	movw	r16, r24
    1406:	97 fd       	sbrc	r25, 7
    1408:	08 c0       	rjmp	.+16     	; 0x141a <vfscanf+0x1fc>
    140a:	0e 94 7c 0c 	call	0x18f8	; 0x18f8 <isspace>
    140e:	89 2b       	or	r24, r25
    1410:	51 f3       	breq	.-44     	; 0x13e6 <vfscanf+0x1c8>
    1412:	b5 01       	movw	r22, r10
    1414:	c8 01       	movw	r24, r16
    1416:	0e 94 31 0d 	call	0x1a62	; 0x1a62 <ungetc>
    141a:	c1 14       	cp	r12, r1
    141c:	d1 04       	cpc	r13, r1
    141e:	09 f1       	breq	.+66     	; 0x1462 <vfscanf+0x244>
    1420:	f6 01       	movw	r30, r12
    1422:	10 82       	st	Z, r1
    1424:	1e c0       	rjmp	.+60     	; 0x1462 <vfscanf+0x244>
    1426:	f7 2d       	mov	r31, r7
    1428:	f0 64       	ori	r31, 0x40	; 64
    142a:	7f 2e       	mov	r7, r31
    142c:	07 c0       	rjmp	.+14     	; 0x143c <vfscanf+0x21e>
    142e:	87 2d       	mov	r24, r7
    1430:	80 62       	ori	r24, 0x20	; 32
    1432:	78 2e       	mov	r7, r24
    1434:	03 c0       	rjmp	.+6      	; 0x143c <vfscanf+0x21e>
    1436:	97 2d       	mov	r25, r7
    1438:	90 61       	ori	r25, 0x10	; 16
    143a:	79 2e       	mov	r7, r25
    143c:	27 2d       	mov	r18, r7
    143e:	a6 01       	movw	r20, r12
    1440:	b7 01       	movw	r22, r14
    1442:	c5 01       	movw	r24, r10
    1444:	0e 94 7f 06 	call	0xcfe	; 0xcfe <conv_int>
    1448:	05 c0       	rjmp	.+10     	; 0x1454 <vfscanf+0x236>
    144a:	a6 01       	movw	r20, r12
    144c:	b7 01       	movw	r22, r14
    144e:	c5 01       	movw	r24, r10
    1450:	0e 94 cb 07 	call	0xf96	; 0xf96 <conv_flt>
    1454:	81 11       	cpse	r24, r1
    1456:	05 c0       	rjmp	.+10     	; 0x1462 <vfscanf+0x244>
    1458:	f5 01       	movw	r30, r10
    145a:	83 81       	ldd	r24, Z+3	; 0x03
    145c:	80 73       	andi	r24, 0x30	; 48
    145e:	29 f4       	brne	.+10     	; 0x146a <vfscanf+0x24c>
    1460:	06 c0       	rjmp	.+12     	; 0x146e <vfscanf+0x250>
    1462:	70 fc       	sbrc	r7, 0
    1464:	e9 ce       	rjmp	.-558    	; 0x1238 <vfscanf+0x1a>
    1466:	63 94       	inc	r6
    1468:	e7 ce       	rjmp	.-562    	; 0x1238 <vfscanf+0x1a>
    146a:	66 20       	and	r6, r6
    146c:	19 f0       	breq	.+6      	; 0x1474 <vfscanf+0x256>
    146e:	86 2d       	mov	r24, r6
    1470:	90 e0       	ldi	r25, 0x00	; 0
    1472:	02 c0       	rjmp	.+4      	; 0x1478 <vfscanf+0x25a>
    1474:	8f ef       	ldi	r24, 0xFF	; 255
    1476:	9f ef       	ldi	r25, 0xFF	; 255
    1478:	cd b7       	in	r28, 0x3d	; 61
    147a:	de b7       	in	r29, 0x3e	; 62
    147c:	ee e0       	ldi	r30, 0x0E	; 14
    147e:	0c 94 8d 0b 	jmp	0x171a	; 0x171a <__epilogue_restores__+0x8>

00001482 <__floatunsisf>:
    1482:	e8 94       	clt
    1484:	09 c0       	rjmp	.+18     	; 0x1498 <__floatsisf+0x12>

00001486 <__floatsisf>:
    1486:	97 fb       	bst	r25, 7
    1488:	3e f4       	brtc	.+14     	; 0x1498 <__floatsisf+0x12>
    148a:	90 95       	com	r25
    148c:	80 95       	com	r24
    148e:	70 95       	com	r23
    1490:	61 95       	neg	r22
    1492:	7f 4f       	sbci	r23, 0xFF	; 255
    1494:	8f 4f       	sbci	r24, 0xFF	; 255
    1496:	9f 4f       	sbci	r25, 0xFF	; 255
    1498:	99 23       	and	r25, r25
    149a:	a9 f0       	breq	.+42     	; 0x14c6 <__floatsisf+0x40>
    149c:	f9 2f       	mov	r31, r25
    149e:	96 e9       	ldi	r25, 0x96	; 150
    14a0:	bb 27       	eor	r27, r27
    14a2:	93 95       	inc	r25
    14a4:	f6 95       	lsr	r31
    14a6:	87 95       	ror	r24
    14a8:	77 95       	ror	r23
    14aa:	67 95       	ror	r22
    14ac:	b7 95       	ror	r27
    14ae:	f1 11       	cpse	r31, r1
    14b0:	f8 cf       	rjmp	.-16     	; 0x14a2 <__floatsisf+0x1c>
    14b2:	fa f4       	brpl	.+62     	; 0x14f2 <__floatsisf+0x6c>
    14b4:	bb 0f       	add	r27, r27
    14b6:	11 f4       	brne	.+4      	; 0x14bc <__floatsisf+0x36>
    14b8:	60 ff       	sbrs	r22, 0
    14ba:	1b c0       	rjmp	.+54     	; 0x14f2 <__floatsisf+0x6c>
    14bc:	6f 5f       	subi	r22, 0xFF	; 255
    14be:	7f 4f       	sbci	r23, 0xFF	; 255
    14c0:	8f 4f       	sbci	r24, 0xFF	; 255
    14c2:	9f 4f       	sbci	r25, 0xFF	; 255
    14c4:	16 c0       	rjmp	.+44     	; 0x14f2 <__floatsisf+0x6c>
    14c6:	88 23       	and	r24, r24
    14c8:	11 f0       	breq	.+4      	; 0x14ce <__floatsisf+0x48>
    14ca:	96 e9       	ldi	r25, 0x96	; 150
    14cc:	11 c0       	rjmp	.+34     	; 0x14f0 <__floatsisf+0x6a>
    14ce:	77 23       	and	r23, r23
    14d0:	21 f0       	breq	.+8      	; 0x14da <__floatsisf+0x54>
    14d2:	9e e8       	ldi	r25, 0x8E	; 142
    14d4:	87 2f       	mov	r24, r23
    14d6:	76 2f       	mov	r23, r22
    14d8:	05 c0       	rjmp	.+10     	; 0x14e4 <__floatsisf+0x5e>
    14da:	66 23       	and	r22, r22
    14dc:	71 f0       	breq	.+28     	; 0x14fa <__floatsisf+0x74>
    14de:	96 e8       	ldi	r25, 0x86	; 134
    14e0:	86 2f       	mov	r24, r22
    14e2:	70 e0       	ldi	r23, 0x00	; 0
    14e4:	60 e0       	ldi	r22, 0x00	; 0
    14e6:	2a f0       	brmi	.+10     	; 0x14f2 <__floatsisf+0x6c>
    14e8:	9a 95       	dec	r25
    14ea:	66 0f       	add	r22, r22
    14ec:	77 1f       	adc	r23, r23
    14ee:	88 1f       	adc	r24, r24
    14f0:	da f7       	brpl	.-10     	; 0x14e8 <__floatsisf+0x62>
    14f2:	88 0f       	add	r24, r24
    14f4:	96 95       	lsr	r25
    14f6:	87 95       	ror	r24
    14f8:	97 f9       	bld	r25, 7
    14fa:	08 95       	ret

000014fc <__mulsf3>:
    14fc:	0e 94 91 0a 	call	0x1522	; 0x1522 <__mulsf3x>
    1500:	0c 94 02 0b 	jmp	0x1604	; 0x1604 <__fp_round>
    1504:	0e 94 f4 0a 	call	0x15e8	; 0x15e8 <__fp_pscA>
    1508:	38 f0       	brcs	.+14     	; 0x1518 <__mulsf3+0x1c>
    150a:	0e 94 fb 0a 	call	0x15f6	; 0x15f6 <__fp_pscB>
    150e:	20 f0       	brcs	.+8      	; 0x1518 <__mulsf3+0x1c>
    1510:	95 23       	and	r25, r21
    1512:	11 f0       	breq	.+4      	; 0x1518 <__mulsf3+0x1c>
    1514:	0c 94 eb 0a 	jmp	0x15d6	; 0x15d6 <__fp_inf>
    1518:	0c 94 f1 0a 	jmp	0x15e2	; 0x15e2 <__fp_nan>
    151c:	11 24       	eor	r1, r1
    151e:	0c 94 36 0b 	jmp	0x166c	; 0x166c <__fp_szero>

00001522 <__mulsf3x>:
    1522:	0e 94 13 0b 	call	0x1626	; 0x1626 <__fp_split3>
    1526:	70 f3       	brcs	.-36     	; 0x1504 <__mulsf3+0x8>

00001528 <__mulsf3_pse>:
    1528:	95 9f       	mul	r25, r21
    152a:	c1 f3       	breq	.-16     	; 0x151c <__mulsf3+0x20>
    152c:	95 0f       	add	r25, r21
    152e:	50 e0       	ldi	r21, 0x00	; 0
    1530:	55 1f       	adc	r21, r21
    1532:	62 9f       	mul	r22, r18
    1534:	f0 01       	movw	r30, r0
    1536:	72 9f       	mul	r23, r18
    1538:	bb 27       	eor	r27, r27
    153a:	f0 0d       	add	r31, r0
    153c:	b1 1d       	adc	r27, r1
    153e:	63 9f       	mul	r22, r19
    1540:	aa 27       	eor	r26, r26
    1542:	f0 0d       	add	r31, r0
    1544:	b1 1d       	adc	r27, r1
    1546:	aa 1f       	adc	r26, r26
    1548:	64 9f       	mul	r22, r20
    154a:	66 27       	eor	r22, r22
    154c:	b0 0d       	add	r27, r0
    154e:	a1 1d       	adc	r26, r1
    1550:	66 1f       	adc	r22, r22
    1552:	82 9f       	mul	r24, r18
    1554:	22 27       	eor	r18, r18
    1556:	b0 0d       	add	r27, r0
    1558:	a1 1d       	adc	r26, r1
    155a:	62 1f       	adc	r22, r18
    155c:	73 9f       	mul	r23, r19
    155e:	b0 0d       	add	r27, r0
    1560:	a1 1d       	adc	r26, r1
    1562:	62 1f       	adc	r22, r18
    1564:	83 9f       	mul	r24, r19
    1566:	a0 0d       	add	r26, r0
    1568:	61 1d       	adc	r22, r1
    156a:	22 1f       	adc	r18, r18
    156c:	74 9f       	mul	r23, r20
    156e:	33 27       	eor	r19, r19
    1570:	a0 0d       	add	r26, r0
    1572:	61 1d       	adc	r22, r1
    1574:	23 1f       	adc	r18, r19
    1576:	84 9f       	mul	r24, r20
    1578:	60 0d       	add	r22, r0
    157a:	21 1d       	adc	r18, r1
    157c:	82 2f       	mov	r24, r18
    157e:	76 2f       	mov	r23, r22
    1580:	6a 2f       	mov	r22, r26
    1582:	11 24       	eor	r1, r1
    1584:	9f 57       	subi	r25, 0x7F	; 127
    1586:	50 40       	sbci	r21, 0x00	; 0
    1588:	9a f0       	brmi	.+38     	; 0x15b0 <__mulsf3_pse+0x88>
    158a:	f1 f0       	breq	.+60     	; 0x15c8 <__mulsf3_pse+0xa0>
    158c:	88 23       	and	r24, r24
    158e:	4a f0       	brmi	.+18     	; 0x15a2 <__mulsf3_pse+0x7a>
    1590:	ee 0f       	add	r30, r30
    1592:	ff 1f       	adc	r31, r31
    1594:	bb 1f       	adc	r27, r27
    1596:	66 1f       	adc	r22, r22
    1598:	77 1f       	adc	r23, r23
    159a:	88 1f       	adc	r24, r24
    159c:	91 50       	subi	r25, 0x01	; 1
    159e:	50 40       	sbci	r21, 0x00	; 0
    15a0:	a9 f7       	brne	.-22     	; 0x158c <__mulsf3_pse+0x64>
    15a2:	9e 3f       	cpi	r25, 0xFE	; 254
    15a4:	51 05       	cpc	r21, r1
    15a6:	80 f0       	brcs	.+32     	; 0x15c8 <__mulsf3_pse+0xa0>
    15a8:	0c 94 eb 0a 	jmp	0x15d6	; 0x15d6 <__fp_inf>
    15ac:	0c 94 36 0b 	jmp	0x166c	; 0x166c <__fp_szero>
    15b0:	5f 3f       	cpi	r21, 0xFF	; 255
    15b2:	e4 f3       	brlt	.-8      	; 0x15ac <__mulsf3_pse+0x84>
    15b4:	98 3e       	cpi	r25, 0xE8	; 232
    15b6:	d4 f3       	brlt	.-12     	; 0x15ac <__mulsf3_pse+0x84>
    15b8:	86 95       	lsr	r24
    15ba:	77 95       	ror	r23
    15bc:	67 95       	ror	r22
    15be:	b7 95       	ror	r27
    15c0:	f7 95       	ror	r31
    15c2:	e7 95       	ror	r30
    15c4:	9f 5f       	subi	r25, 0xFF	; 255
    15c6:	c1 f7       	brne	.-16     	; 0x15b8 <__mulsf3_pse+0x90>
    15c8:	fe 2b       	or	r31, r30
    15ca:	88 0f       	add	r24, r24
    15cc:	91 1d       	adc	r25, r1
    15ce:	96 95       	lsr	r25
    15d0:	87 95       	ror	r24
    15d2:	97 f9       	bld	r25, 7
    15d4:	08 95       	ret

000015d6 <__fp_inf>:
    15d6:	97 f9       	bld	r25, 7
    15d8:	9f 67       	ori	r25, 0x7F	; 127
    15da:	80 e8       	ldi	r24, 0x80	; 128
    15dc:	70 e0       	ldi	r23, 0x00	; 0
    15de:	60 e0       	ldi	r22, 0x00	; 0
    15e0:	08 95       	ret

000015e2 <__fp_nan>:
    15e2:	9f ef       	ldi	r25, 0xFF	; 255
    15e4:	80 ec       	ldi	r24, 0xC0	; 192
    15e6:	08 95       	ret

000015e8 <__fp_pscA>:
    15e8:	00 24       	eor	r0, r0
    15ea:	0a 94       	dec	r0
    15ec:	16 16       	cp	r1, r22
    15ee:	17 06       	cpc	r1, r23
    15f0:	18 06       	cpc	r1, r24
    15f2:	09 06       	cpc	r0, r25
    15f4:	08 95       	ret

000015f6 <__fp_pscB>:
    15f6:	00 24       	eor	r0, r0
    15f8:	0a 94       	dec	r0
    15fa:	12 16       	cp	r1, r18
    15fc:	13 06       	cpc	r1, r19
    15fe:	14 06       	cpc	r1, r20
    1600:	05 06       	cpc	r0, r21
    1602:	08 95       	ret

00001604 <__fp_round>:
    1604:	09 2e       	mov	r0, r25
    1606:	03 94       	inc	r0
    1608:	00 0c       	add	r0, r0
    160a:	11 f4       	brne	.+4      	; 0x1610 <__fp_round+0xc>
    160c:	88 23       	and	r24, r24
    160e:	52 f0       	brmi	.+20     	; 0x1624 <__fp_round+0x20>
    1610:	bb 0f       	add	r27, r27
    1612:	40 f4       	brcc	.+16     	; 0x1624 <__fp_round+0x20>
    1614:	bf 2b       	or	r27, r31
    1616:	11 f4       	brne	.+4      	; 0x161c <__fp_round+0x18>
    1618:	60 ff       	sbrs	r22, 0
    161a:	04 c0       	rjmp	.+8      	; 0x1624 <__fp_round+0x20>
    161c:	6f 5f       	subi	r22, 0xFF	; 255
    161e:	7f 4f       	sbci	r23, 0xFF	; 255
    1620:	8f 4f       	sbci	r24, 0xFF	; 255
    1622:	9f 4f       	sbci	r25, 0xFF	; 255
    1624:	08 95       	ret

00001626 <__fp_split3>:
    1626:	57 fd       	sbrc	r21, 7
    1628:	90 58       	subi	r25, 0x80	; 128
    162a:	44 0f       	add	r20, r20
    162c:	55 1f       	adc	r21, r21
    162e:	59 f0       	breq	.+22     	; 0x1646 <__fp_splitA+0x10>
    1630:	5f 3f       	cpi	r21, 0xFF	; 255
    1632:	71 f0       	breq	.+28     	; 0x1650 <__fp_splitA+0x1a>
    1634:	47 95       	ror	r20

00001636 <__fp_splitA>:
    1636:	88 0f       	add	r24, r24
    1638:	97 fb       	bst	r25, 7
    163a:	99 1f       	adc	r25, r25
    163c:	61 f0       	breq	.+24     	; 0x1656 <__fp_splitA+0x20>
    163e:	9f 3f       	cpi	r25, 0xFF	; 255
    1640:	79 f0       	breq	.+30     	; 0x1660 <__fp_splitA+0x2a>
    1642:	87 95       	ror	r24
    1644:	08 95       	ret
    1646:	12 16       	cp	r1, r18
    1648:	13 06       	cpc	r1, r19
    164a:	14 06       	cpc	r1, r20
    164c:	55 1f       	adc	r21, r21
    164e:	f2 cf       	rjmp	.-28     	; 0x1634 <__fp_split3+0xe>
    1650:	46 95       	lsr	r20
    1652:	f1 df       	rcall	.-30     	; 0x1636 <__fp_splitA>
    1654:	08 c0       	rjmp	.+16     	; 0x1666 <__fp_splitA+0x30>
    1656:	16 16       	cp	r1, r22
    1658:	17 06       	cpc	r1, r23
    165a:	18 06       	cpc	r1, r24
    165c:	99 1f       	adc	r25, r25
    165e:	f1 cf       	rjmp	.-30     	; 0x1642 <__fp_splitA+0xc>
    1660:	86 95       	lsr	r24
    1662:	71 05       	cpc	r23, r1
    1664:	61 05       	cpc	r22, r1
    1666:	08 94       	sec
    1668:	08 95       	ret

0000166a <__fp_zero>:
    166a:	e8 94       	clt

0000166c <__fp_szero>:
    166c:	bb 27       	eor	r27, r27
    166e:	66 27       	eor	r22, r22
    1670:	77 27       	eor	r23, r23
    1672:	cb 01       	movw	r24, r22
    1674:	97 f9       	bld	r25, 7
    1676:	08 95       	ret

00001678 <__udivmodsi4>:
    1678:	a1 e2       	ldi	r26, 0x21	; 33
    167a:	1a 2e       	mov	r1, r26
    167c:	aa 1b       	sub	r26, r26
    167e:	bb 1b       	sub	r27, r27
    1680:	fd 01       	movw	r30, r26
    1682:	0d c0       	rjmp	.+26     	; 0x169e <__udivmodsi4_ep>

00001684 <__udivmodsi4_loop>:
    1684:	aa 1f       	adc	r26, r26
    1686:	bb 1f       	adc	r27, r27
    1688:	ee 1f       	adc	r30, r30
    168a:	ff 1f       	adc	r31, r31
    168c:	a2 17       	cp	r26, r18
    168e:	b3 07       	cpc	r27, r19
    1690:	e4 07       	cpc	r30, r20
    1692:	f5 07       	cpc	r31, r21
    1694:	20 f0       	brcs	.+8      	; 0x169e <__udivmodsi4_ep>
    1696:	a2 1b       	sub	r26, r18
    1698:	b3 0b       	sbc	r27, r19
    169a:	e4 0b       	sbc	r30, r20
    169c:	f5 0b       	sbc	r31, r21

0000169e <__udivmodsi4_ep>:
    169e:	66 1f       	adc	r22, r22
    16a0:	77 1f       	adc	r23, r23
    16a2:	88 1f       	adc	r24, r24
    16a4:	99 1f       	adc	r25, r25
    16a6:	1a 94       	dec	r1
    16a8:	69 f7       	brne	.-38     	; 0x1684 <__udivmodsi4_loop>
    16aa:	60 95       	com	r22
    16ac:	70 95       	com	r23
    16ae:	80 95       	com	r24
    16b0:	90 95       	com	r25
    16b2:	9b 01       	movw	r18, r22
    16b4:	ac 01       	movw	r20, r24
    16b6:	bd 01       	movw	r22, r26
    16b8:	cf 01       	movw	r24, r30
    16ba:	08 95       	ret

000016bc <__umulhisi3>:
    16bc:	a2 9f       	mul	r26, r18
    16be:	b0 01       	movw	r22, r0
    16c0:	b3 9f       	mul	r27, r19
    16c2:	c0 01       	movw	r24, r0
    16c4:	a3 9f       	mul	r26, r19
    16c6:	70 0d       	add	r23, r0
    16c8:	81 1d       	adc	r24, r1
    16ca:	11 24       	eor	r1, r1
    16cc:	91 1d       	adc	r25, r1
    16ce:	b2 9f       	mul	r27, r18
    16d0:	70 0d       	add	r23, r0
    16d2:	81 1d       	adc	r24, r1
    16d4:	11 24       	eor	r1, r1
    16d6:	91 1d       	adc	r25, r1
    16d8:	08 95       	ret

000016da <__prologue_saves__>:
    16da:	2f 92       	push	r2
    16dc:	3f 92       	push	r3
    16de:	4f 92       	push	r4
    16e0:	5f 92       	push	r5
    16e2:	6f 92       	push	r6
    16e4:	7f 92       	push	r7
    16e6:	8f 92       	push	r8
    16e8:	9f 92       	push	r9
    16ea:	af 92       	push	r10
    16ec:	bf 92       	push	r11
    16ee:	cf 92       	push	r12
    16f0:	df 92       	push	r13
    16f2:	ef 92       	push	r14
    16f4:	ff 92       	push	r15
    16f6:	0f 93       	push	r16
    16f8:	1f 93       	push	r17
    16fa:	cf 93       	push	r28
    16fc:	df 93       	push	r29
    16fe:	cd b7       	in	r28, 0x3d	; 61
    1700:	de b7       	in	r29, 0x3e	; 62
    1702:	ca 1b       	sub	r28, r26
    1704:	db 0b       	sbc	r29, r27
    1706:	0f b6       	in	r0, 0x3f	; 63
    1708:	f8 94       	cli
    170a:	de bf       	out	0x3e, r29	; 62
    170c:	0f be       	out	0x3f, r0	; 63
    170e:	cd bf       	out	0x3d, r28	; 61
    1710:	09 94       	ijmp

00001712 <__epilogue_restores__>:
    1712:	2a 88       	ldd	r2, Y+18	; 0x12
    1714:	39 88       	ldd	r3, Y+17	; 0x11
    1716:	48 88       	ldd	r4, Y+16	; 0x10
    1718:	5f 84       	ldd	r5, Y+15	; 0x0f
    171a:	6e 84       	ldd	r6, Y+14	; 0x0e
    171c:	7d 84       	ldd	r7, Y+13	; 0x0d
    171e:	8c 84       	ldd	r8, Y+12	; 0x0c
    1720:	9b 84       	ldd	r9, Y+11	; 0x0b
    1722:	aa 84       	ldd	r10, Y+10	; 0x0a
    1724:	b9 84       	ldd	r11, Y+9	; 0x09
    1726:	c8 84       	ldd	r12, Y+8	; 0x08
    1728:	df 80       	ldd	r13, Y+7	; 0x07
    172a:	ee 80       	ldd	r14, Y+6	; 0x06
    172c:	fd 80       	ldd	r15, Y+5	; 0x05
    172e:	0c 81       	ldd	r16, Y+4	; 0x04
    1730:	1b 81       	ldd	r17, Y+3	; 0x03
    1732:	aa 81       	ldd	r26, Y+2	; 0x02
    1734:	b9 81       	ldd	r27, Y+1	; 0x01
    1736:	ce 0f       	add	r28, r30
    1738:	d1 1d       	adc	r29, r1
    173a:	0f b6       	in	r0, 0x3f	; 63
    173c:	f8 94       	cli
    173e:	de bf       	out	0x3e, r29	; 62
    1740:	0f be       	out	0x3f, r0	; 63
    1742:	cd bf       	out	0x3d, r28	; 61
    1744:	ed 01       	movw	r28, r26
    1746:	08 95       	ret

00001748 <__ftoa_engine>:
    1748:	28 30       	cpi	r18, 0x08	; 8
    174a:	08 f0       	brcs	.+2      	; 0x174e <__ftoa_engine+0x6>
    174c:	27 e0       	ldi	r18, 0x07	; 7
    174e:	33 27       	eor	r19, r19
    1750:	da 01       	movw	r26, r20
    1752:	99 0f       	add	r25, r25
    1754:	31 1d       	adc	r19, r1
    1756:	87 fd       	sbrc	r24, 7
    1758:	91 60       	ori	r25, 0x01	; 1
    175a:	00 96       	adiw	r24, 0x00	; 0
    175c:	61 05       	cpc	r22, r1
    175e:	71 05       	cpc	r23, r1
    1760:	39 f4       	brne	.+14     	; 0x1770 <__ftoa_engine+0x28>
    1762:	32 60       	ori	r19, 0x02	; 2
    1764:	2e 5f       	subi	r18, 0xFE	; 254
    1766:	3d 93       	st	X+, r19
    1768:	30 e3       	ldi	r19, 0x30	; 48
    176a:	2a 95       	dec	r18
    176c:	e1 f7       	brne	.-8      	; 0x1766 <__ftoa_engine+0x1e>
    176e:	08 95       	ret
    1770:	9f 3f       	cpi	r25, 0xFF	; 255
    1772:	30 f0       	brcs	.+12     	; 0x1780 <__ftoa_engine+0x38>
    1774:	80 38       	cpi	r24, 0x80	; 128
    1776:	71 05       	cpc	r23, r1
    1778:	61 05       	cpc	r22, r1
    177a:	09 f0       	breq	.+2      	; 0x177e <__ftoa_engine+0x36>
    177c:	3c 5f       	subi	r19, 0xFC	; 252
    177e:	3c 5f       	subi	r19, 0xFC	; 252
    1780:	3d 93       	st	X+, r19
    1782:	91 30       	cpi	r25, 0x01	; 1
    1784:	08 f0       	brcs	.+2      	; 0x1788 <__ftoa_engine+0x40>
    1786:	80 68       	ori	r24, 0x80	; 128
    1788:	91 1d       	adc	r25, r1
    178a:	df 93       	push	r29
    178c:	cf 93       	push	r28
    178e:	1f 93       	push	r17
    1790:	0f 93       	push	r16
    1792:	ff 92       	push	r15
    1794:	ef 92       	push	r14
    1796:	19 2f       	mov	r17, r25
    1798:	98 7f       	andi	r25, 0xF8	; 248
    179a:	96 95       	lsr	r25
    179c:	e9 2f       	mov	r30, r25
    179e:	96 95       	lsr	r25
    17a0:	96 95       	lsr	r25
    17a2:	e9 0f       	add	r30, r25
    17a4:	ff 27       	eor	r31, r31
    17a6:	e6 53       	subi	r30, 0x36	; 54
    17a8:	ff 4f       	sbci	r31, 0xFF	; 255
    17aa:	99 27       	eor	r25, r25
    17ac:	33 27       	eor	r19, r19
    17ae:	ee 24       	eor	r14, r14
    17b0:	ff 24       	eor	r15, r15
    17b2:	a7 01       	movw	r20, r14
    17b4:	e7 01       	movw	r28, r14
    17b6:	05 90       	lpm	r0, Z+
    17b8:	08 94       	sec
    17ba:	07 94       	ror	r0
    17bc:	28 f4       	brcc	.+10     	; 0x17c8 <__ftoa_engine+0x80>
    17be:	36 0f       	add	r19, r22
    17c0:	e7 1e       	adc	r14, r23
    17c2:	f8 1e       	adc	r15, r24
    17c4:	49 1f       	adc	r20, r25
    17c6:	51 1d       	adc	r21, r1
    17c8:	66 0f       	add	r22, r22
    17ca:	77 1f       	adc	r23, r23
    17cc:	88 1f       	adc	r24, r24
    17ce:	99 1f       	adc	r25, r25
    17d0:	06 94       	lsr	r0
    17d2:	a1 f7       	brne	.-24     	; 0x17bc <__ftoa_engine+0x74>
    17d4:	05 90       	lpm	r0, Z+
    17d6:	07 94       	ror	r0
    17d8:	28 f4       	brcc	.+10     	; 0x17e4 <__ftoa_engine+0x9c>
    17da:	e7 0e       	add	r14, r23
    17dc:	f8 1e       	adc	r15, r24
    17de:	49 1f       	adc	r20, r25
    17e0:	56 1f       	adc	r21, r22
    17e2:	c1 1d       	adc	r28, r1
    17e4:	77 0f       	add	r23, r23
    17e6:	88 1f       	adc	r24, r24
    17e8:	99 1f       	adc	r25, r25
    17ea:	66 1f       	adc	r22, r22
    17ec:	06 94       	lsr	r0
    17ee:	a1 f7       	brne	.-24     	; 0x17d8 <__ftoa_engine+0x90>
    17f0:	05 90       	lpm	r0, Z+
    17f2:	07 94       	ror	r0
    17f4:	28 f4       	brcc	.+10     	; 0x1800 <__ftoa_engine+0xb8>
    17f6:	f8 0e       	add	r15, r24
    17f8:	49 1f       	adc	r20, r25
    17fa:	56 1f       	adc	r21, r22
    17fc:	c7 1f       	adc	r28, r23
    17fe:	d1 1d       	adc	r29, r1
    1800:	88 0f       	add	r24, r24
    1802:	99 1f       	adc	r25, r25
    1804:	66 1f       	adc	r22, r22
    1806:	77 1f       	adc	r23, r23
    1808:	06 94       	lsr	r0
    180a:	a1 f7       	brne	.-24     	; 0x17f4 <__ftoa_engine+0xac>
    180c:	05 90       	lpm	r0, Z+
    180e:	07 94       	ror	r0
    1810:	20 f4       	brcc	.+8      	; 0x181a <__ftoa_engine+0xd2>
    1812:	49 0f       	add	r20, r25
    1814:	56 1f       	adc	r21, r22
    1816:	c7 1f       	adc	r28, r23
    1818:	d8 1f       	adc	r29, r24
    181a:	99 0f       	add	r25, r25
    181c:	66 1f       	adc	r22, r22
    181e:	77 1f       	adc	r23, r23
    1820:	88 1f       	adc	r24, r24
    1822:	06 94       	lsr	r0
    1824:	a9 f7       	brne	.-22     	; 0x1810 <__ftoa_engine+0xc8>
    1826:	84 91       	lpm	r24, Z
    1828:	10 95       	com	r17
    182a:	17 70       	andi	r17, 0x07	; 7
    182c:	41 f0       	breq	.+16     	; 0x183e <__ftoa_engine+0xf6>
    182e:	d6 95       	lsr	r29
    1830:	c7 95       	ror	r28
    1832:	57 95       	ror	r21
    1834:	47 95       	ror	r20
    1836:	f7 94       	ror	r15
    1838:	e7 94       	ror	r14
    183a:	1a 95       	dec	r17
    183c:	c1 f7       	brne	.-16     	; 0x182e <__ftoa_engine+0xe6>
    183e:	e0 e7       	ldi	r30, 0x70	; 112
    1840:	f0 e0       	ldi	r31, 0x00	; 0
    1842:	68 94       	set
    1844:	15 90       	lpm	r1, Z+
    1846:	15 91       	lpm	r17, Z+
    1848:	35 91       	lpm	r19, Z+
    184a:	65 91       	lpm	r22, Z+
    184c:	95 91       	lpm	r25, Z+
    184e:	05 90       	lpm	r0, Z+
    1850:	7f e2       	ldi	r23, 0x2F	; 47
    1852:	73 95       	inc	r23
    1854:	e1 18       	sub	r14, r1
    1856:	f1 0a       	sbc	r15, r17
    1858:	43 0b       	sbc	r20, r19
    185a:	56 0b       	sbc	r21, r22
    185c:	c9 0b       	sbc	r28, r25
    185e:	d0 09       	sbc	r29, r0
    1860:	c0 f7       	brcc	.-16     	; 0x1852 <__ftoa_engine+0x10a>
    1862:	e1 0c       	add	r14, r1
    1864:	f1 1e       	adc	r15, r17
    1866:	43 1f       	adc	r20, r19
    1868:	56 1f       	adc	r21, r22
    186a:	c9 1f       	adc	r28, r25
    186c:	d0 1d       	adc	r29, r0
    186e:	7e f4       	brtc	.+30     	; 0x188e <__ftoa_engine+0x146>
    1870:	70 33       	cpi	r23, 0x30	; 48
    1872:	11 f4       	brne	.+4      	; 0x1878 <__ftoa_engine+0x130>
    1874:	8a 95       	dec	r24
    1876:	e6 cf       	rjmp	.-52     	; 0x1844 <__ftoa_engine+0xfc>
    1878:	e8 94       	clt
    187a:	01 50       	subi	r16, 0x01	; 1
    187c:	30 f0       	brcs	.+12     	; 0x188a <__ftoa_engine+0x142>
    187e:	08 0f       	add	r16, r24
    1880:	0a f4       	brpl	.+2      	; 0x1884 <__ftoa_engine+0x13c>
    1882:	00 27       	eor	r16, r16
    1884:	02 17       	cp	r16, r18
    1886:	08 f4       	brcc	.+2      	; 0x188a <__ftoa_engine+0x142>
    1888:	20 2f       	mov	r18, r16
    188a:	23 95       	inc	r18
    188c:	02 2f       	mov	r16, r18
    188e:	7a 33       	cpi	r23, 0x3A	; 58
    1890:	28 f0       	brcs	.+10     	; 0x189c <__ftoa_engine+0x154>
    1892:	79 e3       	ldi	r23, 0x39	; 57
    1894:	7d 93       	st	X+, r23
    1896:	2a 95       	dec	r18
    1898:	e9 f7       	brne	.-6      	; 0x1894 <__ftoa_engine+0x14c>
    189a:	10 c0       	rjmp	.+32     	; 0x18bc <__ftoa_engine+0x174>
    189c:	7d 93       	st	X+, r23
    189e:	2a 95       	dec	r18
    18a0:	89 f6       	brne	.-94     	; 0x1844 <__ftoa_engine+0xfc>
    18a2:	06 94       	lsr	r0
    18a4:	97 95       	ror	r25
    18a6:	67 95       	ror	r22
    18a8:	37 95       	ror	r19
    18aa:	17 95       	ror	r17
    18ac:	17 94       	ror	r1
    18ae:	e1 18       	sub	r14, r1
    18b0:	f1 0a       	sbc	r15, r17
    18b2:	43 0b       	sbc	r20, r19
    18b4:	56 0b       	sbc	r21, r22
    18b6:	c9 0b       	sbc	r28, r25
    18b8:	d0 09       	sbc	r29, r0
    18ba:	98 f0       	brcs	.+38     	; 0x18e2 <__ftoa_engine+0x19a>
    18bc:	23 95       	inc	r18
    18be:	7e 91       	ld	r23, -X
    18c0:	73 95       	inc	r23
    18c2:	7a 33       	cpi	r23, 0x3A	; 58
    18c4:	08 f0       	brcs	.+2      	; 0x18c8 <__ftoa_engine+0x180>
    18c6:	70 e3       	ldi	r23, 0x30	; 48
    18c8:	7c 93       	st	X, r23
    18ca:	20 13       	cpse	r18, r16
    18cc:	b8 f7       	brcc	.-18     	; 0x18bc <__ftoa_engine+0x174>
    18ce:	7e 91       	ld	r23, -X
    18d0:	70 61       	ori	r23, 0x10	; 16
    18d2:	7d 93       	st	X+, r23
    18d4:	30 f0       	brcs	.+12     	; 0x18e2 <__ftoa_engine+0x19a>
    18d6:	83 95       	inc	r24
    18d8:	71 e3       	ldi	r23, 0x31	; 49
    18da:	7d 93       	st	X+, r23
    18dc:	70 e3       	ldi	r23, 0x30	; 48
    18de:	2a 95       	dec	r18
    18e0:	e1 f7       	brne	.-8      	; 0x18da <__ftoa_engine+0x192>
    18e2:	11 24       	eor	r1, r1
    18e4:	ef 90       	pop	r14
    18e6:	ff 90       	pop	r15
    18e8:	0f 91       	pop	r16
    18ea:	1f 91       	pop	r17
    18ec:	cf 91       	pop	r28
    18ee:	df 91       	pop	r29
    18f0:	99 27       	eor	r25, r25
    18f2:	87 fd       	sbrc	r24, 7
    18f4:	90 95       	com	r25
    18f6:	08 95       	ret

000018f8 <isspace>:
    18f8:	91 11       	cpse	r25, r1
    18fa:	0c 94 a8 0d 	jmp	0x1b50	; 0x1b50 <__ctype_isfalse>
    18fe:	80 32       	cpi	r24, 0x20	; 32
    1900:	19 f0       	breq	.+6      	; 0x1908 <isspace+0x10>
    1902:	89 50       	subi	r24, 0x09	; 9
    1904:	85 50       	subi	r24, 0x05	; 5
    1906:	c8 f7       	brcc	.-14     	; 0x18fa <isspace+0x2>
    1908:	08 95       	ret

0000190a <tolower>:
    190a:	91 11       	cpse	r25, r1
    190c:	08 95       	ret
    190e:	81 54       	subi	r24, 0x41	; 65
    1910:	8a 51       	subi	r24, 0x1A	; 26
    1912:	08 f4       	brcc	.+2      	; 0x1916 <tolower+0xc>
    1914:	80 5e       	subi	r24, 0xE0	; 224
    1916:	85 5a       	subi	r24, 0xA5	; 165
    1918:	08 95       	ret

0000191a <memcpy_P>:
    191a:	fb 01       	movw	r30, r22
    191c:	dc 01       	movw	r26, r24
    191e:	02 c0       	rjmp	.+4      	; 0x1924 <memcpy_P+0xa>
    1920:	05 90       	lpm	r0, Z+
    1922:	0d 92       	st	X+, r0
    1924:	41 50       	subi	r20, 0x01	; 1
    1926:	50 40       	sbci	r21, 0x00	; 0
    1928:	d8 f7       	brcc	.-10     	; 0x1920 <memcpy_P+0x6>
    192a:	08 95       	ret

0000192c <strchr_P>:
    192c:	fc 01       	movw	r30, r24
    192e:	05 90       	lpm	r0, Z+
    1930:	06 16       	cp	r0, r22
    1932:	21 f0       	breq	.+8      	; 0x193c <strchr_P+0x10>
    1934:	00 20       	and	r0, r0
    1936:	d9 f7       	brne	.-10     	; 0x192e <strchr_P+0x2>
    1938:	c0 01       	movw	r24, r0
    193a:	08 95       	ret
    193c:	31 97       	sbiw	r30, 0x01	; 1
    193e:	cf 01       	movw	r24, r30
    1940:	08 95       	ret

00001942 <strnlen_P>:
    1942:	fc 01       	movw	r30, r24
    1944:	05 90       	lpm	r0, Z+
    1946:	61 50       	subi	r22, 0x01	; 1
    1948:	70 40       	sbci	r23, 0x00	; 0
    194a:	01 10       	cpse	r0, r1
    194c:	d8 f7       	brcc	.-10     	; 0x1944 <strnlen_P+0x2>
    194e:	80 95       	com	r24
    1950:	90 95       	com	r25
    1952:	8e 0f       	add	r24, r30
    1954:	9f 1f       	adc	r25, r31
    1956:	08 95       	ret

00001958 <strnlen>:
    1958:	fc 01       	movw	r30, r24
    195a:	61 50       	subi	r22, 0x01	; 1
    195c:	70 40       	sbci	r23, 0x00	; 0
    195e:	01 90       	ld	r0, Z+
    1960:	01 10       	cpse	r0, r1
    1962:	d8 f7       	brcc	.-10     	; 0x195a <strnlen+0x2>
    1964:	80 95       	com	r24
    1966:	90 95       	com	r25
    1968:	8e 0f       	add	r24, r30
    196a:	9f 1f       	adc	r25, r31
    196c:	08 95       	ret

0000196e <fgetc>:
    196e:	cf 93       	push	r28
    1970:	df 93       	push	r29
    1972:	ec 01       	movw	r28, r24
    1974:	2b 81       	ldd	r18, Y+3	; 0x03
    1976:	20 ff       	sbrs	r18, 0
    1978:	33 c0       	rjmp	.+102    	; 0x19e0 <fgetc+0x72>
    197a:	26 ff       	sbrs	r18, 6
    197c:	0a c0       	rjmp	.+20     	; 0x1992 <fgetc+0x24>
    197e:	2f 7b       	andi	r18, 0xBF	; 191
    1980:	2b 83       	std	Y+3, r18	; 0x03
    1982:	8e 81       	ldd	r24, Y+6	; 0x06
    1984:	9f 81       	ldd	r25, Y+7	; 0x07
    1986:	01 96       	adiw	r24, 0x01	; 1
    1988:	9f 83       	std	Y+7, r25	; 0x07
    198a:	8e 83       	std	Y+6, r24	; 0x06
    198c:	8a 81       	ldd	r24, Y+2	; 0x02
    198e:	90 e0       	ldi	r25, 0x00	; 0
    1990:	29 c0       	rjmp	.+82     	; 0x19e4 <fgetc+0x76>
    1992:	22 ff       	sbrs	r18, 2
    1994:	0f c0       	rjmp	.+30     	; 0x19b4 <fgetc+0x46>
    1996:	e8 81       	ld	r30, Y
    1998:	f9 81       	ldd	r31, Y+1	; 0x01
    199a:	80 81       	ld	r24, Z
    199c:	08 2e       	mov	r0, r24
    199e:	00 0c       	add	r0, r0
    19a0:	99 0b       	sbc	r25, r25
    19a2:	00 97       	sbiw	r24, 0x00	; 0
    19a4:	19 f4       	brne	.+6      	; 0x19ac <fgetc+0x3e>
    19a6:	20 62       	ori	r18, 0x20	; 32
    19a8:	2b 83       	std	Y+3, r18	; 0x03
    19aa:	1a c0       	rjmp	.+52     	; 0x19e0 <fgetc+0x72>
    19ac:	31 96       	adiw	r30, 0x01	; 1
    19ae:	f9 83       	std	Y+1, r31	; 0x01
    19b0:	e8 83       	st	Y, r30
    19b2:	0e c0       	rjmp	.+28     	; 0x19d0 <fgetc+0x62>
    19b4:	ea 85       	ldd	r30, Y+10	; 0x0a
    19b6:	fb 85       	ldd	r31, Y+11	; 0x0b
    19b8:	09 95       	icall
    19ba:	97 ff       	sbrs	r25, 7
    19bc:	09 c0       	rjmp	.+18     	; 0x19d0 <fgetc+0x62>
    19be:	2b 81       	ldd	r18, Y+3	; 0x03
    19c0:	01 96       	adiw	r24, 0x01	; 1
    19c2:	11 f0       	breq	.+4      	; 0x19c8 <fgetc+0x5a>
    19c4:	80 e2       	ldi	r24, 0x20	; 32
    19c6:	01 c0       	rjmp	.+2      	; 0x19ca <fgetc+0x5c>
    19c8:	80 e1       	ldi	r24, 0x10	; 16
    19ca:	82 2b       	or	r24, r18
    19cc:	8b 83       	std	Y+3, r24	; 0x03
    19ce:	08 c0       	rjmp	.+16     	; 0x19e0 <fgetc+0x72>
    19d0:	2e 81       	ldd	r18, Y+6	; 0x06
    19d2:	3f 81       	ldd	r19, Y+7	; 0x07
    19d4:	2f 5f       	subi	r18, 0xFF	; 255
    19d6:	3f 4f       	sbci	r19, 0xFF	; 255
    19d8:	3f 83       	std	Y+7, r19	; 0x07
    19da:	2e 83       	std	Y+6, r18	; 0x06
    19dc:	99 27       	eor	r25, r25
    19de:	02 c0       	rjmp	.+4      	; 0x19e4 <fgetc+0x76>
    19e0:	8f ef       	ldi	r24, 0xFF	; 255
    19e2:	9f ef       	ldi	r25, 0xFF	; 255
    19e4:	df 91       	pop	r29
    19e6:	cf 91       	pop	r28
    19e8:	08 95       	ret

000019ea <fputc>:
    19ea:	0f 93       	push	r16
    19ec:	1f 93       	push	r17
    19ee:	cf 93       	push	r28
    19f0:	df 93       	push	r29
    19f2:	fb 01       	movw	r30, r22
    19f4:	23 81       	ldd	r18, Z+3	; 0x03
    19f6:	21 fd       	sbrc	r18, 1
    19f8:	03 c0       	rjmp	.+6      	; 0x1a00 <fputc+0x16>
    19fa:	8f ef       	ldi	r24, 0xFF	; 255
    19fc:	9f ef       	ldi	r25, 0xFF	; 255
    19fe:	2c c0       	rjmp	.+88     	; 0x1a58 <fputc+0x6e>
    1a00:	22 ff       	sbrs	r18, 2
    1a02:	16 c0       	rjmp	.+44     	; 0x1a30 <fputc+0x46>
    1a04:	46 81       	ldd	r20, Z+6	; 0x06
    1a06:	57 81       	ldd	r21, Z+7	; 0x07
    1a08:	24 81       	ldd	r18, Z+4	; 0x04
    1a0a:	35 81       	ldd	r19, Z+5	; 0x05
    1a0c:	42 17       	cp	r20, r18
    1a0e:	53 07       	cpc	r21, r19
    1a10:	44 f4       	brge	.+16     	; 0x1a22 <fputc+0x38>
    1a12:	a0 81       	ld	r26, Z
    1a14:	b1 81       	ldd	r27, Z+1	; 0x01
    1a16:	9d 01       	movw	r18, r26
    1a18:	2f 5f       	subi	r18, 0xFF	; 255
    1a1a:	3f 4f       	sbci	r19, 0xFF	; 255
    1a1c:	31 83       	std	Z+1, r19	; 0x01
    1a1e:	20 83       	st	Z, r18
    1a20:	8c 93       	st	X, r24
    1a22:	26 81       	ldd	r18, Z+6	; 0x06
    1a24:	37 81       	ldd	r19, Z+7	; 0x07
    1a26:	2f 5f       	subi	r18, 0xFF	; 255
    1a28:	3f 4f       	sbci	r19, 0xFF	; 255
    1a2a:	37 83       	std	Z+7, r19	; 0x07
    1a2c:	26 83       	std	Z+6, r18	; 0x06
    1a2e:	14 c0       	rjmp	.+40     	; 0x1a58 <fputc+0x6e>
    1a30:	8b 01       	movw	r16, r22
    1a32:	ec 01       	movw	r28, r24
    1a34:	fb 01       	movw	r30, r22
    1a36:	00 84       	ldd	r0, Z+8	; 0x08
    1a38:	f1 85       	ldd	r31, Z+9	; 0x09
    1a3a:	e0 2d       	mov	r30, r0
    1a3c:	09 95       	icall
    1a3e:	89 2b       	or	r24, r25
    1a40:	e1 f6       	brne	.-72     	; 0x19fa <fputc+0x10>
    1a42:	d8 01       	movw	r26, r16
    1a44:	16 96       	adiw	r26, 0x06	; 6
    1a46:	8d 91       	ld	r24, X+
    1a48:	9c 91       	ld	r25, X
    1a4a:	17 97       	sbiw	r26, 0x07	; 7
    1a4c:	01 96       	adiw	r24, 0x01	; 1
    1a4e:	17 96       	adiw	r26, 0x07	; 7
    1a50:	9c 93       	st	X, r25
    1a52:	8e 93       	st	-X, r24
    1a54:	16 97       	sbiw	r26, 0x06	; 6
    1a56:	ce 01       	movw	r24, r28
    1a58:	df 91       	pop	r29
    1a5a:	cf 91       	pop	r28
    1a5c:	1f 91       	pop	r17
    1a5e:	0f 91       	pop	r16
    1a60:	08 95       	ret

00001a62 <ungetc>:
    1a62:	fb 01       	movw	r30, r22
    1a64:	23 81       	ldd	r18, Z+3	; 0x03
    1a66:	20 ff       	sbrs	r18, 0
    1a68:	12 c0       	rjmp	.+36     	; 0x1a8e <ungetc+0x2c>
    1a6a:	26 fd       	sbrc	r18, 6
    1a6c:	10 c0       	rjmp	.+32     	; 0x1a8e <ungetc+0x2c>
    1a6e:	8f 3f       	cpi	r24, 0xFF	; 255
    1a70:	3f ef       	ldi	r19, 0xFF	; 255
    1a72:	93 07       	cpc	r25, r19
    1a74:	61 f0       	breq	.+24     	; 0x1a8e <ungetc+0x2c>
    1a76:	82 83       	std	Z+2, r24	; 0x02
    1a78:	2f 7d       	andi	r18, 0xDF	; 223
    1a7a:	20 64       	ori	r18, 0x40	; 64
    1a7c:	23 83       	std	Z+3, r18	; 0x03
    1a7e:	26 81       	ldd	r18, Z+6	; 0x06
    1a80:	37 81       	ldd	r19, Z+7	; 0x07
    1a82:	21 50       	subi	r18, 0x01	; 1
    1a84:	31 09       	sbc	r19, r1
    1a86:	37 83       	std	Z+7, r19	; 0x07
    1a88:	26 83       	std	Z+6, r18	; 0x06
    1a8a:	99 27       	eor	r25, r25
    1a8c:	08 95       	ret
    1a8e:	8f ef       	ldi	r24, 0xFF	; 255
    1a90:	9f ef       	ldi	r25, 0xFF	; 255
    1a92:	08 95       	ret

00001a94 <__ultoa_invert>:
    1a94:	fa 01       	movw	r30, r20
    1a96:	aa 27       	eor	r26, r26
    1a98:	28 30       	cpi	r18, 0x08	; 8
    1a9a:	51 f1       	breq	.+84     	; 0x1af0 <__ultoa_invert+0x5c>
    1a9c:	20 31       	cpi	r18, 0x10	; 16
    1a9e:	81 f1       	breq	.+96     	; 0x1b00 <__ultoa_invert+0x6c>
    1aa0:	e8 94       	clt
    1aa2:	6f 93       	push	r22
    1aa4:	6e 7f       	andi	r22, 0xFE	; 254
    1aa6:	6e 5f       	subi	r22, 0xFE	; 254
    1aa8:	7f 4f       	sbci	r23, 0xFF	; 255
    1aaa:	8f 4f       	sbci	r24, 0xFF	; 255
    1aac:	9f 4f       	sbci	r25, 0xFF	; 255
    1aae:	af 4f       	sbci	r26, 0xFF	; 255
    1ab0:	b1 e0       	ldi	r27, 0x01	; 1
    1ab2:	3e d0       	rcall	.+124    	; 0x1b30 <__ultoa_invert+0x9c>
    1ab4:	b4 e0       	ldi	r27, 0x04	; 4
    1ab6:	3c d0       	rcall	.+120    	; 0x1b30 <__ultoa_invert+0x9c>
    1ab8:	67 0f       	add	r22, r23
    1aba:	78 1f       	adc	r23, r24
    1abc:	89 1f       	adc	r24, r25
    1abe:	9a 1f       	adc	r25, r26
    1ac0:	a1 1d       	adc	r26, r1
    1ac2:	68 0f       	add	r22, r24
    1ac4:	79 1f       	adc	r23, r25
    1ac6:	8a 1f       	adc	r24, r26
    1ac8:	91 1d       	adc	r25, r1
    1aca:	a1 1d       	adc	r26, r1
    1acc:	6a 0f       	add	r22, r26
    1ace:	71 1d       	adc	r23, r1
    1ad0:	81 1d       	adc	r24, r1
    1ad2:	91 1d       	adc	r25, r1
    1ad4:	a1 1d       	adc	r26, r1
    1ad6:	20 d0       	rcall	.+64     	; 0x1b18 <__ultoa_invert+0x84>
    1ad8:	09 f4       	brne	.+2      	; 0x1adc <__ultoa_invert+0x48>
    1ada:	68 94       	set
    1adc:	3f 91       	pop	r19
    1ade:	2a e0       	ldi	r18, 0x0A	; 10
    1ae0:	26 9f       	mul	r18, r22
    1ae2:	11 24       	eor	r1, r1
    1ae4:	30 19       	sub	r19, r0
    1ae6:	30 5d       	subi	r19, 0xD0	; 208
    1ae8:	31 93       	st	Z+, r19
    1aea:	de f6       	brtc	.-74     	; 0x1aa2 <__ultoa_invert+0xe>
    1aec:	cf 01       	movw	r24, r30
    1aee:	08 95       	ret
    1af0:	46 2f       	mov	r20, r22
    1af2:	47 70       	andi	r20, 0x07	; 7
    1af4:	40 5d       	subi	r20, 0xD0	; 208
    1af6:	41 93       	st	Z+, r20
    1af8:	b3 e0       	ldi	r27, 0x03	; 3
    1afa:	0f d0       	rcall	.+30     	; 0x1b1a <__ultoa_invert+0x86>
    1afc:	c9 f7       	brne	.-14     	; 0x1af0 <__ultoa_invert+0x5c>
    1afe:	f6 cf       	rjmp	.-20     	; 0x1aec <__ultoa_invert+0x58>
    1b00:	46 2f       	mov	r20, r22
    1b02:	4f 70       	andi	r20, 0x0F	; 15
    1b04:	40 5d       	subi	r20, 0xD0	; 208
    1b06:	4a 33       	cpi	r20, 0x3A	; 58
    1b08:	18 f0       	brcs	.+6      	; 0x1b10 <__ultoa_invert+0x7c>
    1b0a:	49 5d       	subi	r20, 0xD9	; 217
    1b0c:	31 fd       	sbrc	r19, 1
    1b0e:	40 52       	subi	r20, 0x20	; 32
    1b10:	41 93       	st	Z+, r20
    1b12:	02 d0       	rcall	.+4      	; 0x1b18 <__ultoa_invert+0x84>
    1b14:	a9 f7       	brne	.-22     	; 0x1b00 <__ultoa_invert+0x6c>
    1b16:	ea cf       	rjmp	.-44     	; 0x1aec <__ultoa_invert+0x58>
    1b18:	b4 e0       	ldi	r27, 0x04	; 4
    1b1a:	a6 95       	lsr	r26
    1b1c:	97 95       	ror	r25
    1b1e:	87 95       	ror	r24
    1b20:	77 95       	ror	r23
    1b22:	67 95       	ror	r22
    1b24:	ba 95       	dec	r27
    1b26:	c9 f7       	brne	.-14     	; 0x1b1a <__ultoa_invert+0x86>
    1b28:	00 97       	sbiw	r24, 0x00	; 0
    1b2a:	61 05       	cpc	r22, r1
    1b2c:	71 05       	cpc	r23, r1
    1b2e:	08 95       	ret
    1b30:	9b 01       	movw	r18, r22
    1b32:	ac 01       	movw	r20, r24
    1b34:	0a 2e       	mov	r0, r26
    1b36:	06 94       	lsr	r0
    1b38:	57 95       	ror	r21
    1b3a:	47 95       	ror	r20
    1b3c:	37 95       	ror	r19
    1b3e:	27 95       	ror	r18
    1b40:	ba 95       	dec	r27
    1b42:	c9 f7       	brne	.-14     	; 0x1b36 <__ultoa_invert+0xa2>
    1b44:	62 0f       	add	r22, r18
    1b46:	73 1f       	adc	r23, r19
    1b48:	84 1f       	adc	r24, r20
    1b4a:	95 1f       	adc	r25, r21
    1b4c:	a0 1d       	adc	r26, r0
    1b4e:	08 95       	ret

00001b50 <__ctype_isfalse>:
    1b50:	99 27       	eor	r25, r25
    1b52:	88 27       	eor	r24, r24

00001b54 <__ctype_istrue>:
    1b54:	08 95       	ret

00001b56 <_exit>:
    1b56:	f8 94       	cli

00001b58 <__stop_program>:
    1b58:	ff cf       	rjmp	.-2      	; 0x1b58 <__stop_program>
