
task3.elf:     file format elf32-avr

Sections:
Idx Name          Size      VMA       LMA       File off  Algn
  0 .data         00000002  00800100  000028ec  00002980  2**0
                  CONTENTS, ALLOC, LOAD, DATA
  1 .text         000028ec  00000000  00000000  00000094  2**1
                  CONTENTS, ALLOC, LOAD, READONLY, CODE
  2 .bss          00000002  00800102  00800102  00002982  2**0
                  ALLOC
  3 .stab         00000828  00000000  00000000  00002984  2**2
                  CONTENTS, READONLY, DEBUGGING
  4 .stabstr      00000d7e  00000000  00000000  000031ac  2**0
                  CONTENTS, READONLY, DEBUGGING
  5 .comment      00000011  00000000  00000000  00003f2a  2**0
                  CONTENTS, READONLY
  6 .note.gnu.avr.deviceinfo 00000040  00000000  00000000  00003f3c  2**2
                  CONTENTS, READONLY
  7 .debug_info   000005f4  00000000  00000000  00003f7c  2**0
                  CONTENTS, READONLY, DEBUGGING
  8 .debug_abbrev 000005a2  00000000  00000000  00004570  2**0
                  CONTENTS, READONLY, DEBUGGING
  9 .debug_line   0000001a  00000000  00000000  00004b12  2**0
                  CONTENTS, READONLY, DEBUGGING
 10 .debug_str    00000208  00000000  00000000  00004b2c  2**0
                  CONTENTS, READONLY, DEBUGGING

Disassembly of section .text:

00000000 <__vectors>:
       0:	0c 94 be 13 	jmp	0x277c	; 0x277c <__ctors_end>
       4:	0c 94 db 13 	jmp	0x27b6	; 0x27b6 <__bad_interrupt>
       8:	0c 94 db 13 	jmp	0x27b6	; 0x27b6 <__bad_interrupt>
       c:	0c 94 db 13 	jmp	0x27b6	; 0x27b6 <__bad_interrupt>
      10:	0c 94 db 13 	jmp	0x27b6	; 0x27b6 <__bad_interrupt>
      14:	0c 94 db 13 	jmp	0x27b6	; 0x27b6 <__bad_interrupt>
      18:	0c 94 db 13 	jmp	0x27b6	; 0x27b6 <__bad_interrupt>
      1c:	0c 94 db 13 	jmp	0x27b6	; 0x27b6 <__bad_interrupt>
      20:	0c 94 db 13 	jmp	0x27b6	; 0x27b6 <__bad_interrupt>
      24:	0c 94 db 13 	jmp	0x27b6	; 0x27b6 <__bad_interrupt>
      28:	0c 94 db 13 	jmp	0x27b6	; 0x27b6 <__bad_interrupt>
      2c:	0c 94 04 14 	jmp	0x2808	; 0x2808 <__vector_11>
      30:	0c 94 db 13 	jmp	0x27b6	; 0x27b6 <__bad_interrupt>
      34:	0c 94 db 13 	jmp	0x27b6	; 0x27b6 <__bad_interrupt>
      38:	0c 94 db 13 	jmp	0x27b6	; 0x27b6 <__bad_interrupt>
      3c:	0c 94 db 13 	jmp	0x27b6	; 0x27b6 <__bad_interrupt>
      40:	0c 94 db 13 	jmp	0x27b6	; 0x27b6 <__bad_interrupt>
      44:	0c 94 db 13 	jmp	0x27b6	; 0x27b6 <__bad_interrupt>
      48:	0c 94 db 13 	jmp	0x27b6	; 0x27b6 <__bad_interrupt>
      4c:	0c 94 db 13 	jmp	0x27b6	; 0x27b6 <__bad_interrupt>
      50:	0c 94 db 13 	jmp	0x27b6	; 0x27b6 <__bad_interrupt>
      54:	0c 94 db 13 	jmp	0x27b6	; 0x27b6 <__bad_interrupt>
      58:	0c 94 db 13 	jmp	0x27b6	; 0x27b6 <__bad_interrupt>
      5c:	0c 94 db 13 	jmp	0x27b6	; 0x27b6 <__bad_interrupt>
      60:	0c 94 db 13 	jmp	0x27b6	; 0x27b6 <__bad_interrupt>
      64:	0c 94 db 13 	jmp	0x27b6	; 0x27b6 <__bad_interrupt>

00000068 <__trampolines_end>:
      68:	80 80       	ld	r8, Z
      6a:	80 80       	ld	r8, Z
      6c:	80 80       	ld	r8, Z
      6e:	80 80       	ld	r8, Z
      70:	80 80       	ld	r8, Z
      72:	80 80       	ld	r8, Z
      74:	80 80       	ld	r8, Z
      76:	80 80       	ld	r8, Z
      78:	80 80       	ld	r8, Z
      7a:	80 80       	ld	r8, Z
      7c:	80 80       	ld	r8, Z
      7e:	80 80       	ld	r8, Z
      80:	80 7f       	andi	r24, 0xF0	; 240
      82:	7f 80       	ldd	r7, Y+7	; 0x07
      84:	80 80       	ld	r8, Z
      86:	80 80       	ld	r8, Z
      88:	80 7f       	andi	r24, 0xF0	; 240
      8a:	80 80       	ld	r8, Z
      8c:	80 80       	ld	r8, Z
      8e:	80 80       	ld	r8, Z
      90:	80 80       	ld	r8, Z
      92:	80 80       	ld	r8, Z
      94:	80 80       	ld	r8, Z
      96:	80 80       	ld	r8, Z
      98:	80 80       	ld	r8, Z
      9a:	80 80       	ld	r8, Z
      9c:	80 80       	ld	r8, Z
      9e:	80 80       	ld	r8, Z
      a0:	80 80       	ld	r8, Z
      a2:	80 80       	ld	r8, Z
      a4:	80 80       	ld	r8, Z
      a6:	80 7f       	andi	r24, 0xF0	; 240
      a8:	80 7f       	andi	r24, 0xF0	; 240
      aa:	80 80       	ld	r8, Z
      ac:	80 80       	ld	r8, Z
      ae:	80 80       	ld	r8, Z
      b0:	80 80       	ld	r8, Z
      b2:	80 80       	ld	r8, Z
      b4:	80 80       	ld	r8, Z
      b6:	80 80       	ld	r8, Z
      b8:	80 80       	ld	r8, Z
      ba:	80 80       	ld	r8, Z
      bc:	80 80       	ld	r8, Z
      be:	80 80       	ld	r8, Z
      c0:	80 80       	ld	r8, Z
      c2:	80 80       	ld	r8, Z
      c4:	80 80       	ld	r8, Z
      c6:	80 80       	ld	r8, Z
      c8:	80 80       	ld	r8, Z
      ca:	80 80       	ld	r8, Z
      cc:	7f 7f       	andi	r23, 0xFF	; 255
      ce:	7f 80       	ldd	r7, Y+7	; 0x07
      d0:	80 80       	ld	r8, Z
      d2:	80 80       	ld	r8, Z
      d4:	80 80       	ld	r8, Z
      d6:	80 80       	ld	r8, Z
      d8:	80 80       	ld	r8, Z
      da:	80 80       	ld	r8, Z
      dc:	80 80       	ld	r8, Z
      de:	80 80       	ld	r8, Z
      e0:	80 80       	ld	r8, Z
      e2:	80 80       	ld	r8, Z
      e4:	80 80       	ld	r8, Z
      e6:	80 80       	ld	r8, Z
      e8:	80 80       	ld	r8, Z
      ea:	80 80       	ld	r8, Z
      ec:	80 80       	ld	r8, Z
      ee:	80 80       	ld	r8, Z
      f0:	80 80       	ld	r8, Z
      f2:	80 80       	ld	r8, Z
      f4:	80 80       	ld	r8, Z
      f6:	80 80       	ld	r8, Z
      f8:	80 80       	ld	r8, Z
      fa:	80 80       	ld	r8, Z
      fc:	80 80       	ld	r8, Z
      fe:	80 80       	ld	r8, Z
     100:	80 80       	ld	r8, Z
     102:	80 80       	ld	r8, Z
     104:	80 7f       	andi	r24, 0xF0	; 240
     106:	80 80       	ld	r8, Z
     108:	80 80       	ld	r8, Z
     10a:	80 80       	ld	r8, Z
     10c:	80 80       	ld	r8, Z
     10e:	80 80       	ld	r8, Z
     110:	81 81       	ldd	r24, Z+1	; 0x01
     112:	81 81       	ldd	r24, Z+1	; 0x01
     114:	81 80       	ldd	r8, Z+1	; 0x01
     116:	81 80       	ldd	r8, Z+1	; 0x01
     118:	80 80       	ld	r8, Z
     11a:	80 81       	ld	r24, Z
     11c:	81 81       	ldd	r24, Z+1	; 0x01
     11e:	80 80       	ld	r8, Z
     120:	80 80       	ld	r8, Z
     122:	80 80       	ld	r8, Z
     124:	80 80       	ld	r8, Z
     126:	80 80       	ld	r8, Z
     128:	80 80       	ld	r8, Z
     12a:	80 80       	ld	r8, Z
     12c:	80 80       	ld	r8, Z
     12e:	80 80       	ld	r8, Z
     130:	80 80       	ld	r8, Z
     132:	80 80       	ld	r8, Z
     134:	80 80       	ld	r8, Z
     136:	81 81       	ldd	r24, Z+1	; 0x01
     138:	81 80       	ldd	r8, Z+1	; 0x01
     13a:	81 80       	ldd	r8, Z+1	; 0x01
     13c:	81 80       	ldd	r8, Z+1	; 0x01
     13e:	81 81       	ldd	r24, Z+1	; 0x01
     140:	80 81       	ld	r24, Z
     142:	80 80       	ld	r8, Z
     144:	80 81       	ld	r24, Z
     146:	80 80       	ld	r8, Z
     148:	80 80       	ld	r8, Z
     14a:	80 80       	ld	r8, Z
     14c:	80 7f       	andi	r24, 0xF0	; 240
     14e:	80 7f       	andi	r24, 0xF0	; 240
     150:	80 80       	ld	r8, Z
     152:	7f 80       	ldd	r7, Y+7	; 0x07
     154:	80 80       	ld	r8, Z
     156:	80 80       	ld	r8, Z
     158:	80 81       	ld	r24, Z
     15a:	81 81       	ldd	r24, Z+1	; 0x01
     15c:	81 80       	ldd	r8, Z+1	; 0x01
     15e:	80 80       	ld	r8, Z
     160:	80 7f       	andi	r24, 0xF0	; 240
     162:	80 80       	ld	r8, Z
     164:	80 80       	ld	r8, Z
     166:	80 80       	ld	r8, Z
     168:	7f 80       	ldd	r7, Y+7	; 0x07
     16a:	7f 80       	ldd	r7, Y+7	; 0x07
     16c:	80 80       	ld	r8, Z
     16e:	80 80       	ld	r8, Z
     170:	80 80       	ld	r8, Z
     172:	80 80       	ld	r8, Z
     174:	80 80       	ld	r8, Z
     176:	81 81       	ldd	r24, Z+1	; 0x01
     178:	80 80       	ld	r8, Z
     17a:	80 80       	ld	r8, Z
     17c:	80 80       	ld	r8, Z
     17e:	7f 80       	ldd	r7, Y+7	; 0x07
     180:	80 80       	ld	r8, Z
     182:	80 81       	ld	r24, Z
     184:	80 80       	ld	r8, Z
     186:	80 80       	ld	r8, Z
     188:	80 80       	ld	r8, Z
     18a:	80 81       	ld	r24, Z
     18c:	81 80       	ldd	r8, Z+1	; 0x01
     18e:	80 7f       	andi	r24, 0xF0	; 240
     190:	7e 7f       	andi	r23, 0xFE	; 254
     192:	7f 7f       	andi	r23, 0xFF	; 255
     194:	7f 7f       	andi	r23, 0xFF	; 255
     196:	7f 7f       	andi	r23, 0xFF	; 255
     198:	7f 7f       	andi	r23, 0xFF	; 255
     19a:	7f 80       	ldd	r7, Y+7	; 0x07
     19c:	80 80       	ld	r8, Z
     19e:	80 80       	ld	r8, Z
     1a0:	80 80       	ld	r8, Z
     1a2:	80 7f       	andi	r24, 0xF0	; 240
     1a4:	80 7f       	andi	r24, 0xF0	; 240
     1a6:	7f 7f       	andi	r23, 0xFF	; 255
     1a8:	7f 7f       	andi	r23, 0xFF	; 255
     1aa:	7f 80       	ldd	r7, Y+7	; 0x07
     1ac:	7f 80       	ldd	r7, Y+7	; 0x07
     1ae:	80 80       	ld	r8, Z
     1b0:	80 80       	ld	r8, Z
     1b2:	80 80       	ld	r8, Z
     1b4:	81 80       	ldd	r8, Z+1	; 0x01
     1b6:	7f 80       	ldd	r7, Y+7	; 0x07
     1b8:	80 80       	ld	r8, Z
     1ba:	80 80       	ld	r8, Z
     1bc:	7f 80       	ldd	r7, Y+7	; 0x07
     1be:	7f 7f       	andi	r23, 0xFF	; 255
     1c0:	80 7f       	andi	r24, 0xF0	; 240
     1c2:	80 80       	ld	r8, Z
     1c4:	81 80       	ldd	r8, Z+1	; 0x01
     1c6:	82 80       	ldd	r8, Z+2	; 0x02
     1c8:	81 81       	ldd	r24, Z+1	; 0x01
     1ca:	81 81       	ldd	r24, Z+1	; 0x01
     1cc:	81 81       	ldd	r24, Z+1	; 0x01
     1ce:	80 81       	ld	r24, Z
     1d0:	7f 80       	ldd	r7, Y+7	; 0x07
     1d2:	80 80       	ld	r8, Z
     1d4:	81 80       	ldd	r8, Z+1	; 0x01
     1d6:	81 80       	ldd	r8, Z+1	; 0x01
     1d8:	80 80       	ld	r8, Z
     1da:	80 80       	ld	r8, Z
     1dc:	81 81       	ldd	r24, Z+1	; 0x01
     1de:	81 81       	ldd	r24, Z+1	; 0x01
     1e0:	80 80       	ld	r8, Z
     1e2:	7f 7f       	andi	r23, 0xFF	; 255
     1e4:	7f 7f       	andi	r23, 0xFF	; 255
     1e6:	7f 7f       	andi	r23, 0xFF	; 255
     1e8:	80 7e       	andi	r24, 0xE0	; 224
     1ea:	80 7f       	andi	r24, 0xF0	; 240
     1ec:	7f 80       	ldd	r7, Y+7	; 0x07
     1ee:	80 80       	ld	r8, Z
     1f0:	80 80       	ld	r8, Z
     1f2:	80 82       	st	Z, r8
     1f4:	81 80       	ldd	r8, Z+1	; 0x01
     1f6:	81 80       	ldd	r8, Z+1	; 0x01
     1f8:	81 81       	ldd	r24, Z+1	; 0x01
     1fa:	81 81       	ldd	r24, Z+1	; 0x01
     1fc:	81 80       	ldd	r8, Z+1	; 0x01
     1fe:	80 81       	ld	r24, Z
     200:	80 81       	ld	r24, Z
     202:	81 7f       	andi	r24, 0xF1	; 241
     204:	7f 81       	ldd	r23, Y+7	; 0x07
     206:	7f 7f       	andi	r23, 0xFF	; 255
     208:	7f 7e       	andi	r23, 0xEF	; 239
     20a:	7f 80       	ldd	r7, Y+7	; 0x07
     20c:	7f 7f       	andi	r23, 0xFF	; 255
     20e:	80 7f       	andi	r24, 0xF0	; 240
     210:	80 82       	st	Z, r8
     212:	81 82       	std	Z+1, r8	; 0x01
     214:	82 81       	ldd	r24, Z+2	; 0x02
     216:	82 83       	std	Z+2, r24	; 0x02
     218:	81 80       	ldd	r8, Z+1	; 0x01
     21a:	81 80       	ldd	r8, Z+1	; 0x01
     21c:	81 81       	ldd	r24, Z+1	; 0x01
     21e:	7f 80       	ldd	r7, Y+7	; 0x07
     220:	81 81       	ldd	r24, Z+1	; 0x01
     222:	80 82       	st	Z, r8
     224:	81 83       	std	Z+1, r24	; 0x01
     226:	83 81       	ldd	r24, Z+3	; 0x03
     228:	80 81       	ld	r24, Z
     22a:	82 82       	std	Z+2, r8	; 0x02
     22c:	82 7f       	andi	r24, 0xF2	; 242
     22e:	7f 80       	ldd	r7, Y+7	; 0x07
     230:	7e 7e       	andi	r23, 0xEE	; 238
     232:	7e 7e       	andi	r23, 0xEE	; 238
     234:	7d 7f       	andi	r23, 0xFD	; 253
     236:	7f 80       	ldd	r7, Y+7	; 0x07
     238:	82 81       	ldd	r24, Z+2	; 0x02
     23a:	80 81       	ld	r24, Z
     23c:	80 7f       	andi	r24, 0xF0	; 240
     23e:	7f 7f       	andi	r23, 0xFF	; 255
     240:	7f 80       	ldd	r7, Y+7	; 0x07
     242:	7f 7e       	andi	r23, 0xEF	; 239
     244:	7e 7e       	andi	r23, 0xEE	; 238
     246:	7d 7d       	andi	r23, 0xDD	; 221
     248:	7c 7c       	andi	r23, 0xCC	; 204
     24a:	7d 7e       	andi	r23, 0xED	; 237
     24c:	7f 80       	ldd	r7, Y+7	; 0x07
     24e:	81 82       	std	Z+1, r8	; 0x01
     250:	83 82       	std	Z+3, r8	; 0x03
     252:	81 82       	std	Z+1, r8	; 0x01
     254:	84 85       	ldd	r24, Z+12	; 0x0c
     256:	84 82       	std	Z+4, r8	; 0x04
     258:	81 80       	ldd	r8, Z+1	; 0x01
     25a:	80 80       	ld	r8, Z
     25c:	7f 7f       	andi	r23, 0xFF	; 255
     25e:	80 80       	ld	r8, Z
     260:	80 80       	ld	r8, Z
     262:	80 80       	ld	r8, Z
     264:	80 80       	ld	r8, Z
     266:	81 82       	std	Z+1, r8	; 0x01
     268:	82 82       	std	Z+2, r8	; 0x02
     26a:	80 80       	ld	r8, Z
     26c:	81 81       	ldd	r24, Z+1	; 0x01
     26e:	81 81       	ldd	r24, Z+1	; 0x01
     270:	80 80       	ld	r8, Z
     272:	7f 7e       	andi	r23, 0xEF	; 239
     274:	7d 7d       	andi	r23, 0xDD	; 221
     276:	7e 7f       	andi	r23, 0xFE	; 254
     278:	80 80       	ld	r8, Z
     27a:	80 80       	ld	r8, Z
     27c:	81 82       	std	Z+1, r8	; 0x01
     27e:	83 83       	std	Z+3, r24	; 0x03
     280:	84 85       	ldd	r24, Z+12	; 0x0c
     282:	86 86       	std	Z+14, r8	; 0x0e
     284:	86 86       	std	Z+14, r8	; 0x0e
     286:	86 85       	ldd	r24, Z+14	; 0x0e
     288:	84 81       	ldd	r24, Z+4	; 0x04
     28a:	80 7f       	andi	r24, 0xF0	; 240
     28c:	7d 7c       	andi	r23, 0xCD	; 205
     28e:	7b 78       	andi	r23, 0x8B	; 139
     290:	76 76       	andi	r23, 0x66	; 102
     292:	74 72       	andi	r23, 0x24	; 36
     294:	71 70       	andi	r23, 0x01	; 1
     296:	70 72       	andi	r23, 0x20	; 32
     298:	73 74       	andi	r23, 0x43	; 67
     29a:	76 79       	andi	r23, 0x96	; 150
     29c:	7e 88       	ldd	r7, Y+22	; 0x16
     29e:	8f 93       	push	r24
     2a0:	96 95       	lsr	r25
     2a2:	94 96       	adiw	r26, 0x24	; 36
     2a4:	95 92       	las	Z, r9
     2a6:	8f 8a       	std	Y+23, r8	; 0x17
     2a8:	85 83       	std	Z+5, r24	; 0x05
     2aa:	80 7c       	andi	r24, 0xC0	; 192
     2ac:	7a 78       	andi	r23, 0x8A	; 138
     2ae:	77 7a       	andi	r23, 0xA7	; 167
     2b0:	7d 7e       	andi	r23, 0xED	; 237
     2b2:	80 80       	ld	r8, Z
     2b4:	7e 7d       	andi	r23, 0xDE	; 222
     2b6:	7d 7c       	andi	r23, 0xCD	; 205
     2b8:	7c 7b       	andi	r23, 0xBC	; 188
     2ba:	78 78       	andi	r23, 0x88	; 136
     2bc:	7a 7a       	andi	r23, 0xAA	; 170
     2be:	7b 7c       	andi	r23, 0xCB	; 203
     2c0:	7c 80       	ldd	r7, Y+4	; 0x04
     2c2:	84 86       	std	Z+12, r8	; 0x0c
     2c4:	88 8a       	std	Y+16, r8	; 0x10
     2c6:	8e 95 93 8c 	call	0x611926	; 0x611926 <__TEXT_REGION_LENGTH__+0x609926>
     2ca:	85 81       	ldd	r24, Z+5	; 0x05
     2cc:	82 85       	ldd	r24, Z+10	; 0x0a
     2ce:	84 81       	ldd	r24, Z+4	; 0x04
     2d0:	80 7d       	andi	r24, 0xD0	; 208
     2d2:	7c 7d       	andi	r23, 0xDC	; 220
     2d4:	7b 79       	andi	r23, 0x9B	; 155
     2d6:	78 76       	andi	r23, 0x68	; 104
     2d8:	75 76       	andi	r23, 0x65	; 101
     2da:	73 71       	andi	r23, 0x13	; 19
     2dc:	70 6e       	ori	r23, 0xE0	; 224
     2de:	6e 6d       	ori	r22, 0xDE	; 222
     2e0:	6a 67       	ori	r22, 0x7A	; 122
     2e2:	65 64       	ori	r22, 0x45	; 69
     2e4:	65 68       	ori	r22, 0x85	; 133
     2e6:	70 83       	st	Z, r23
     2e8:	95 9e       	mul	r9, r21
     2ea:	a2 9e       	mul	r10, r18
     2ec:	9a 9d       	mul	r25, r10
     2ee:	9e 99       	sbic	0x13, 6	; 19
     2f0:	96 8f       	std	Z+30, r25	; 0x1e
     2f2:	89 87       	std	Y+9, r24	; 0x09
     2f4:	82 7c       	andi	r24, 0xC2	; 194
     2f6:	7a 78       	andi	r23, 0x8A	; 138
     2f8:	78 7c       	andi	r23, 0xC8	; 200
     2fa:	7f 7f       	andi	r23, 0xFF	; 255
     2fc:	7f 7b       	andi	r23, 0xBF	; 191
     2fe:	77 76       	andi	r23, 0x67	; 103
     300:	77 77       	andi	r23, 0x77	; 119
     302:	77 76       	andi	r23, 0x67	; 103
     304:	74 75       	andi	r23, 0x54	; 84
     306:	79 7c       	andi	r23, 0xC9	; 201
     308:	7f 81       	ldd	r23, Y+7	; 0x07
     30a:	82 86       	std	Z+10, r8	; 0x0a
     30c:	8c 8f       	std	Y+28, r24	; 0x1c
     30e:	90 8e       	std	Z+24, r9	; 0x18
     310:	87 81       	ldd	r24, Z+7	; 0x07
     312:	7e 7b       	andi	r23, 0xBE	; 190
     314:	79 79       	andi	r23, 0x99	; 153
     316:	79 7b       	andi	r23, 0xB9	; 185
     318:	80 84       	ldd	r8, Z+8	; 0x08
     31a:	88 89       	ldd	r24, Y+16	; 0x10
     31c:	86 83       	std	Z+6, r24	; 0x06
     31e:	82 83       	std	Z+2, r24	; 0x02
     320:	89 8d       	ldd	r24, Y+25	; 0x19
     322:	88 81       	ld	r24, Y
     324:	79 76       	andi	r23, 0x69	; 105
     326:	78 7b       	andi	r23, 0xB8	; 184
     328:	7a 7d       	andi	r23, 0xDA	; 218
     32a:	80 82       	st	Z, r8
     32c:	85 84       	ldd	r8, Z+13	; 0x0d
     32e:	80 80       	ld	r8, Z
     330:	83 84       	ldd	r8, Z+11	; 0x0b
     332:	85 82       	std	Z+5, r8	; 0x05
     334:	7c 78       	andi	r23, 0x8C	; 140
     336:	75 72       	andi	r23, 0x25	; 37
     338:	6f 6d       	ori	r22, 0xDF	; 223
     33a:	6c 6e       	ori	r22, 0xEC	; 236
     33c:	75 78       	andi	r23, 0x85	; 133
     33e:	79 7a       	andi	r23, 0xA9	; 169
     340:	76 71       	andi	r23, 0x16	; 22
     342:	6f 6f       	ori	r22, 0xFF	; 255
     344:	77 8e       	std	Z+31, r7	; 0x1f
     346:	9c 9f       	mul	r25, r28
     348:	9c 93       	st	X, r25
     34a:	8f 96       	adiw	r24, 0x2f	; 47
     34c:	99 97       	sbiw	r26, 0x29	; 41
     34e:	99 93       	st	Y+, r25
     350:	8e 8d       	ldd	r24, Y+30	; 0x1e
     352:	87 7f       	andi	r24, 0xF7	; 247
     354:	7d 79       	andi	r23, 0x9D	; 157
     356:	77 7c       	andi	r23, 0xC7	; 199
     358:	7f 7e       	andi	r23, 0xEF	; 239
     35a:	7d 78       	andi	r23, 0x8D	; 141
     35c:	72 73       	andi	r23, 0x32	; 50
     35e:	75 76       	andi	r23, 0x65	; 101
     360:	79 7a       	andi	r23, 0xA9	; 169
     362:	7a 80       	ldd	r7, Y+2	; 0x02
     364:	85 84       	ldd	r8, Z+13	; 0x0d
     366:	83 82       	std	Z+3, r8	; 0x03
     368:	80 83       	st	Z, r24
     36a:	87 86       	std	Z+15, r8	; 0x0f
     36c:	82 7f       	andi	r24, 0xF2	; 242
     36e:	7a 7b       	andi	r23, 0xBA	; 186
     370:	82 87       	std	Z+10, r24	; 0x0a
     372:	8c 91       	ld	r24, X
     374:	94 97       	sbiw	r26, 0x24	; 36
     376:	9b 97       	sbiw	r26, 0x2b	; 43
     378:	8f 88       	ldd	r8, Y+23	; 0x17
     37a:	81 7b       	andi	r24, 0xB1	; 177
     37c:	79 74       	andi	r23, 0x49	; 73
     37e:	6f 6e       	ori	r22, 0xEF	; 239
     380:	6e 70       	andi	r22, 0x0E	; 14
     382:	74 76       	andi	r23, 0x64	; 100
     384:	76 77       	andi	r23, 0x76	; 118
     386:	78 76       	andi	r23, 0x68	; 104
     388:	75 74       	andi	r23, 0x45	; 69
     38a:	6f 6d       	ori	r22, 0xDF	; 223
     38c:	70 6f       	ori	r23, 0xF0	; 240
     38e:	6e 6d       	ori	r22, 0xDE	; 222
     390:	66 60       	ori	r22, 0x06	; 6
     392:	5d 5d       	subi	r21, 0xDD	; 221
     394:	68 85       	ldd	r22, Y+8	; 0x08
     396:	9d a9       	ldd	r25, Y+53	; 0x35
     398:	ad a7       	std	Y+45, r26	; 0x2d
     39a:	a5 aa       	std	Z+53, r10	; 0x35
     39c:	ae a8       	ldd	r10, Y+54	; 0x36
     39e:	a3 98       	cbi	0x14, 3	; 20
     3a0:	8f 8b       	std	Y+23, r24	; 0x17
     3a2:	83 75       	andi	r24, 0x53	; 83
     3a4:	6e 69       	ori	r22, 0x9E	; 158
     3a6:	69 72       	andi	r22, 0x29	; 41
     3a8:	7a 7d       	andi	r23, 0xDA	; 218
     3aa:	7e 7c       	andi	r23, 0xCE	; 206
     3ac:	78 78       	andi	r23, 0x88	; 136
     3ae:	7b 7c       	andi	r23, 0xCB	; 203
     3b0:	7c 7b       	andi	r23, 0xBC	; 188
     3b2:	78 77       	andi	r23, 0x78	; 120
     3b4:	78 77       	andi	r23, 0x78	; 120
     3b6:	73 73       	andi	r23, 0x33	; 51
     3b8:	71 75       	andi	r23, 0x51	; 81
     3ba:	7c 82       	std	Y+4, r7	; 0x04
     3bc:	85 88       	ldd	r8, Z+21	; 0x15
     3be:	89 8b       	std	Y+17, r24	; 0x11
     3c0:	90 94       	com	r9
     3c2:	96 95       	lsr	r25
     3c4:	90 8b       	std	Z+16, r25	; 0x10
     3c6:	8b 8c       	ldd	r8, Y+27	; 0x1b
     3c8:	8b 87       	std	Y+11, r24	; 0x0b
     3ca:	81 7d       	andi	r24, 0xD1	; 209
     3cc:	7d 80       	ldd	r7, Y+5	; 0x05
     3ce:	81 80       	ldd	r8, Z+1	; 0x01
     3d0:	7e 7d       	andi	r23, 0xDE	; 222
     3d2:	7c 7c       	andi	r23, 0xCC	; 204
     3d4:	78 72       	andi	r23, 0x28	; 40
     3d6:	6e 6b       	ori	r22, 0xBE	; 190
     3d8:	6c 6f       	ori	r22, 0xFC	; 252
     3da:	72 74       	andi	r23, 0x42	; 66
     3dc:	78 7b       	andi	r23, 0xB8	; 184
     3de:	7c 7d       	andi	r23, 0xDC	; 220
     3e0:	7a 74       	andi	r23, 0x4A	; 74
     3e2:	6f 6a       	ori	r22, 0xAF	; 175
     3e4:	64 5e       	subi	r22, 0xE4	; 228
     3e6:	57 56       	subi	r21, 0x67	; 103
     3e8:	65 7e       	andi	r22, 0xE5	; 229
     3ea:	92 a1       	ldd	r25, Z+34	; 0x22
     3ec:	a8 ab       	std	Y+48, r26	; 0x30
     3ee:	b3 bd       	out	0x23, r27	; 35
     3f0:	c1 c1       	rjmp	.+898    	; 0x774 <__EEPROM_REGION_LENGTH__+0x374>
     3f2:	ba ab       	std	Y+50, r27	; 0x32
     3f4:	9b 8a       	std	Y+19, r9	; 0x13
     3f6:	78 6b       	ori	r23, 0xB8	; 184
     3f8:	61 5c       	subi	r22, 0xC1	; 193
     3fa:	5b 61       	ori	r21, 0x1B	; 27
     3fc:	67 6e       	ori	r22, 0xE7	; 231
     3fe:	76 7c       	andi	r23, 0xC6	; 198
     400:	82 8a       	std	Z+18, r8	; 0x12
     402:	90 91 8d 84 	lds	r25, 0x848D	; 0x80848d <__bss_end+0x8389>
     406:	7a 73       	andi	r23, 0x3A	; 58
     408:	6f 6b       	ori	r22, 0xBF	; 191
     40a:	69 69       	ori	r22, 0x99	; 153
     40c:	6c 72       	andi	r22, 0x2C	; 44
     40e:	7c 85       	ldd	r23, Y+12	; 0x0c
     410:	8c 91       	ld	r24, X
     412:	92 93       	st	-Z, r25
     414:	93 93       	.word	0x9393	; ????
     416:	90 8c       	ldd	r9, Z+24	; 0x18
     418:	88 83       	st	Y, r24
     41a:	82 83       	std	Z+2, r24	; 0x02
     41c:	84 85       	ldd	r24, Z+12	; 0x0c
     41e:	85 83       	std	Z+5, r24	; 0x05
     420:	83 82       	std	Z+3, r8	; 0x03
     422:	7f 7c       	andi	r23, 0xCF	; 207
     424:	79 72       	andi	r23, 0x29	; 41
     426:	6d 69       	ori	r22, 0x9D	; 157
     428:	66 66       	ori	r22, 0x66	; 102
     42a:	68 6a       	ori	r22, 0xA8	; 168
     42c:	6e 74       	andi	r22, 0x4E	; 78
     42e:	7b 83       	std	Y+3, r23	; 0x03
     430:	89 8d       	ldd	r24, Y+25	; 0x19
     432:	8f 8e       	std	Y+31, r8	; 0x1f
     434:	8a 83       	std	Y+2, r24	; 0x02
     436:	7c 74       	andi	r23, 0x4C	; 76
     438:	6d 69       	ori	r22, 0x9D	; 157
     43a:	65 61       	ori	r22, 0x15	; 21
     43c:	62 67       	ori	r22, 0x72	; 114
     43e:	73 81       	ldd	r23, Z+3	; 0x03
     440:	8c 93       	st	X, r24
     442:	96 99       	sbic	0x12, 6	; 18
     444:	9d a0       	ldd	r9, Y+37	; 0x25
     446:	a1 a0       	ldd	r10, Z+33	; 0x21
     448:	9a 93       	st	-Y, r25
     44a:	8b 85       	ldd	r24, Y+11	; 0x0b
     44c:	80 7e       	andi	r24, 0xE0	; 224
     44e:	7b 7a       	andi	r23, 0xAB	; 171
     450:	7b 7d       	andi	r23, 0xDB	; 219
     452:	7f 81       	ldd	r23, Y+7	; 0x07
     454:	82 82       	std	Z+2, r8	; 0x02
     456:	83 83       	std	Z+3, r24	; 0x03
     458:	82 80       	ldd	r8, Z+2	; 0x02
     45a:	7a 74       	andi	r23, 0x4A	; 74
     45c:	6f 6c       	ori	r22, 0xCF	; 207
     45e:	6c 6d       	ori	r22, 0xDC	; 220
     460:	6d 6c       	ori	r22, 0xCD	; 205
     462:	6f 74       	andi	r22, 0x4F	; 79
     464:	7d 87       	std	Y+13, r23	; 0x0d
     466:	8d 8f       	std	Y+29, r24	; 0x1d
     468:	90 90 90 92 	lds	r9, 0x9290	; 0x809290 <__bss_end+0x918c>
     46c:	90 8c       	ldd	r9, Z+24	; 0x18
     46e:	88 85       	ldd	r24, Y+8	; 0x08
     470:	84 84       	ldd	r8, Z+12	; 0x0c
     472:	84 82       	std	Z+4, r8	; 0x04
     474:	80 80       	ld	r8, Z
     476:	81 84       	ldd	r8, Z+9	; 0x09
     478:	86 86       	std	Z+14, r8	; 0x0e
     47a:	85 83       	std	Z+5, r24	; 0x05
     47c:	81 7f       	andi	r24, 0xF1	; 241
     47e:	7c 79       	andi	r23, 0x9C	; 156
     480:	78 78       	andi	r23, 0x88	; 136
     482:	78 79       	andi	r23, 0x98	; 152
     484:	79 78       	andi	r23, 0x89	; 137
     486:	78 7b       	andi	r23, 0xB8	; 184
     488:	7e 81       	ldd	r23, Y+6	; 0x06
     48a:	83 84       	ldd	r8, Z+11	; 0x0b
     48c:	82 81       	ldd	r24, Z+2	; 0x02
     48e:	7f 7c       	andi	r23, 0xCF	; 207
     490:	7a 76       	andi	r23, 0x6A	; 106
     492:	73 70       	andi	r23, 0x03	; 3
     494:	71 74       	andi	r23, 0x41	; 65
     496:	7a 81       	ldd	r23, Y+2	; 0x02
     498:	86 88       	ldd	r8, Z+22	; 0x16
     49a:	8b 8d       	ldd	r24, Y+27	; 0x1b
     49c:	90 91 8f 89 	lds	r25, 0x898F	; 0x80898f <__bss_end+0x888b>
     4a0:	82 7d       	andi	r24, 0xD2	; 210
     4a2:	7b 7a       	andi	r23, 0xAB	; 171
     4a4:	7b 7b       	andi	r23, 0xBB	; 187
     4a6:	7d 81       	ldd	r23, Y+5	; 0x05
     4a8:	87 8d       	ldd	r24, Z+31	; 0x1f
     4aa:	92 96       	adiw	r26, 0x22	; 34
     4ac:	98 97       	sbiw	r26, 0x28	; 40
     4ae:	93 8e       	std	Z+27, r9	; 0x1b
     4b0:	88 81       	ld	r24, Y
     4b2:	7a 74       	andi	r23, 0x4A	; 74
     4b4:	6e 6b       	ori	r22, 0xBE	; 190
     4b6:	6a 6a       	ori	r22, 0xAA	; 170
     4b8:	6b 6c       	ori	r22, 0xCB	; 203
     4ba:	6f 73       	andi	r22, 0x3F	; 63
     4bc:	77 7b       	andi	r23, 0xB7	; 183
     4be:	7f 82       	std	Y+7, r7	; 0x07
     4c0:	85 87       	std	Z+13, r24	; 0x0d
     4c2:	89 89       	ldd	r24, Y+17	; 0x11
     4c4:	89 88       	ldd	r8, Y+17	; 0x11
     4c6:	87 86       	std	Z+15, r8	; 0x0f
     4c8:	85 86       	std	Z+13, r8	; 0x0d
     4ca:	88 89       	ldd	r24, Y+16	; 0x10
     4cc:	8a 88       	ldd	r8, Y+18	; 0x12
     4ce:	85 83       	std	Z+5, r24	; 0x05
     4d0:	82 83       	std	Z+2, r24	; 0x02
     4d2:	83 83       	std	Z+3, r24	; 0x03
     4d4:	81 7f       	andi	r24, 0xF1	; 241
     4d6:	7f 81       	ldd	r23, Y+7	; 0x07
     4d8:	83 83       	std	Z+3, r24	; 0x03
     4da:	81 7f       	andi	r24, 0xF1	; 241
     4dc:	7e 7d       	andi	r23, 0xDE	; 222
     4de:	7b 78       	andi	r23, 0x8B	; 139
     4e0:	74 70       	andi	r23, 0x04	; 4
     4e2:	6e 6f       	ori	r22, 0xFE	; 254
     4e4:	71 75       	andi	r23, 0x51	; 81
     4e6:	78 7a       	andi	r23, 0xA8	; 168
     4e8:	7d 7f       	andi	r23, 0xFD	; 253
     4ea:	82 84       	ldd	r8, Z+10	; 0x0a
     4ec:	85 84       	ldd	r8, Z+13	; 0x0d
     4ee:	82 80       	ldd	r8, Z+2	; 0x02
     4f0:	7e 7d       	andi	r23, 0xDE	; 222
     4f2:	7b 7a       	andi	r23, 0xAB	; 171
     4f4:	7a 7a       	andi	r23, 0xAA	; 170
     4f6:	7c 7e       	andi	r23, 0xEC	; 236
     4f8:	80 81       	ld	r24, Z
     4fa:	83 84       	ldd	r8, Z+11	; 0x0b
     4fc:	85 86       	std	Z+13, r8	; 0x0d
     4fe:	87 88       	ldd	r8, Z+23	; 0x17
     500:	89 89       	ldd	r24, Y+17	; 0x11
     502:	89 89       	ldd	r24, Y+17	; 0x11
     504:	88 87       	std	Y+8, r24	; 0x08
     506:	86 84       	ldd	r8, Z+14	; 0x0e
     508:	83 81       	ldd	r24, Z+3	; 0x03
     50a:	7f 7d       	andi	r23, 0xDF	; 223
     50c:	7a 77       	andi	r23, 0x7A	; 122
     50e:	74 74       	andi	r23, 0x44	; 68
     510:	74 75       	andi	r23, 0x54	; 84
     512:	76 77       	andi	r23, 0x76	; 118
     514:	78 7a       	andi	r23, 0xA8	; 168
     516:	7e 80       	ldd	r7, Y+6	; 0x06
     518:	83 84       	ldd	r8, Z+11	; 0x0b
     51a:	83 82       	std	Z+3, r8	; 0x03
     51c:	81 81       	ldd	r24, Z+1	; 0x01
     51e:	81 82       	std	Z+1, r8	; 0x01
     520:	82 81       	ldd	r24, Z+2	; 0x02
     522:	81 82       	std	Z+1, r8	; 0x01
     524:	84 86       	std	Z+12, r8	; 0x0c
     526:	88 88       	ldd	r8, Y+16	; 0x10
     528:	88 87       	std	Y+8, r24	; 0x08
     52a:	85 84       	ldd	r8, Z+13	; 0x0d
     52c:	83 82       	std	Z+3, r8	; 0x03
     52e:	82 83       	std	Z+2, r24	; 0x02
     530:	84 84       	ldd	r8, Z+12	; 0x0c
     532:	83 82       	std	Z+3, r8	; 0x03
     534:	81 80       	ldd	r8, Z+1	; 0x01
     536:	80 7f       	andi	r24, 0xF0	; 240
     538:	7e 7c       	andi	r23, 0xCE	; 206
     53a:	7b 7a       	andi	r23, 0xAB	; 171
     53c:	7a 79       	andi	r23, 0x9A	; 154
     53e:	79 79       	andi	r23, 0x99	; 153
     540:	79 7a       	andi	r23, 0xA9	; 169
     542:	7c 7d       	andi	r23, 0xDC	; 220
     544:	7e 7f       	andi	r23, 0xFE	; 254
     546:	80 81       	ld	r24, Z
     548:	81 82       	std	Z+1, r8	; 0x01
     54a:	83 84       	ldd	r8, Z+11	; 0x0b
     54c:	84 83       	std	Z+4, r24	; 0x04
     54e:	81 7f       	andi	r24, 0xF1	; 241
     550:	7d 7c       	andi	r23, 0xCD	; 205
     552:	7c 7d       	andi	r23, 0xDC	; 220
     554:	7f 7f       	andi	r23, 0xFF	; 255
     556:	7f 7f       	andi	r23, 0xFF	; 255
     558:	80 81       	ld	r24, Z
     55a:	83 83       	std	Z+3, r24	; 0x03
     55c:	84 83       	std	Z+4, r24	; 0x04
     55e:	83 82       	std	Z+3, r8	; 0x03
     560:	81 80       	ldd	r8, Z+1	; 0x01
     562:	7f 7f       	andi	r23, 0xFF	; 255
     564:	80 81       	ld	r24, Z
     566:	82 82       	std	Z+2, r8	; 0x02
     568:	83 85       	ldd	r24, Z+11	; 0x0b
     56a:	86 87       	std	Z+14, r24	; 0x0e
     56c:	88 87       	std	Y+8, r24	; 0x08
     56e:	85 82       	std	Z+5, r8	; 0x05
     570:	80 7d       	andi	r24, 0xD0	; 208
     572:	7c 7b       	andi	r23, 0xBC	; 188
     574:	7a 7a       	andi	r23, 0xAA	; 170
     576:	79 79       	andi	r23, 0x99	; 153
     578:	79 7b       	andi	r23, 0xB9	; 185
     57a:	7d 7f       	andi	r23, 0xFD	; 253
     57c:	81 81       	ldd	r24, Z+1	; 0x01
     57e:	81 82       	std	Z+1, r8	; 0x01
     580:	84 84       	ldd	r8, Z+12	; 0x0c
     582:	84 83       	std	Z+4, r24	; 0x04
     584:	82 81       	ldd	r24, Z+2	; 0x02
     586:	81 81       	ldd	r24, Z+1	; 0x01
     588:	81 81       	ldd	r24, Z+1	; 0x01
     58a:	80 7f       	andi	r24, 0xF0	; 240
     58c:	7f 80       	ldd	r7, Y+7	; 0x07
     58e:	81 82       	std	Z+1, r8	; 0x01
     590:	82 81       	ldd	r24, Z+2	; 0x02
     592:	81 80       	ldd	r8, Z+1	; 0x01
     594:	7f 7e       	andi	r23, 0xEF	; 239
     596:	7e 7e       	andi	r23, 0xEE	; 238
     598:	7f 7f       	andi	r23, 0xFF	; 255
     59a:	7f 7f       	andi	r23, 0xFF	; 255
     59c:	7e 7e       	andi	r23, 0xEE	; 238
     59e:	7e 7e       	andi	r23, 0xEE	; 238
     5a0:	7e 7d       	andi	r23, 0xDE	; 222
     5a2:	7d 7d       	andi	r23, 0xDD	; 221
     5a4:	7d 7d       	andi	r23, 0xDD	; 221
     5a6:	7d 7e       	andi	r23, 0xED	; 237
     5a8:	7f 80       	ldd	r7, Y+7	; 0x07
     5aa:	81 82       	std	Z+1, r8	; 0x01
     5ac:	82 83       	std	Z+2, r24	; 0x02
     5ae:	84 84       	ldd	r8, Z+12	; 0x0c
     5b0:	84 84       	ldd	r8, Z+12	; 0x0c
     5b2:	83 82       	std	Z+3, r8	; 0x03
     5b4:	81 80       	ldd	r8, Z+1	; 0x01
     5b6:	7f 7f       	andi	r23, 0xFF	; 255
     5b8:	7e 7e       	andi	r23, 0xEE	; 238
     5ba:	7e 7f       	andi	r23, 0xFE	; 254
     5bc:	80 80       	ld	r8, Z
     5be:	81 81       	ldd	r24, Z+1	; 0x01
     5c0:	81 81       	ldd	r24, Z+1	; 0x01
     5c2:	81 82       	std	Z+1, r8	; 0x01
     5c4:	82 83       	std	Z+2, r24	; 0x02
     5c6:	82 81       	ldd	r24, Z+2	; 0x02
     5c8:	80 7f       	andi	r24, 0xF0	; 240
     5ca:	7f 80       	ldd	r7, Y+7	; 0x07
     5cc:	82 82       	std	Z+2, r8	; 0x02
     5ce:	82 81       	ldd	r24, Z+2	; 0x02
     5d0:	81 81       	ldd	r24, Z+1	; 0x01
     5d2:	80 80       	ld	r8, Z
     5d4:	7f 7f       	andi	r23, 0xFF	; 255
     5d6:	7f 80       	ldd	r7, Y+7	; 0x07
     5d8:	80 81       	ld	r24, Z
     5da:	81 82       	std	Z+1, r8	; 0x01
     5dc:	83 83       	std	Z+3, r24	; 0x03
     5de:	84 84       	ldd	r8, Z+12	; 0x0c
     5e0:	84 83       	std	Z+4, r24	; 0x04
     5e2:	83 82       	std	Z+3, r8	; 0x03
     5e4:	80 7f       	andi	r24, 0xF0	; 240
     5e6:	7e 7d       	andi	r23, 0xDE	; 222
     5e8:	7d 7d       	andi	r23, 0xDD	; 221
     5ea:	7e 7f       	andi	r23, 0xFE	; 254
     5ec:	80 81       	ld	r24, Z
     5ee:	82 82       	std	Z+2, r8	; 0x02
     5f0:	81 81       	ldd	r24, Z+1	; 0x01
     5f2:	81 80       	ldd	r8, Z+1	; 0x01
     5f4:	80 80       	ld	r8, Z
     5f6:	80 7f       	andi	r24, 0xF0	; 240
     5f8:	7e 7e       	andi	r23, 0xEE	; 238
     5fa:	84 88       	ldd	r8, Z+20	; 0x14
     5fc:	82 7c       	andi	r24, 0xC2	; 194
     5fe:	78 79       	andi	r23, 0x98	; 152
     600:	7a 7d       	andi	r23, 0xDA	; 218
     602:	84 85       	ldd	r24, Z+12	; 0x0c
     604:	83 7f       	andi	r24, 0xF3	; 243
     606:	7d 7c       	andi	r23, 0xCD	; 205
     608:	7c 7d       	andi	r23, 0xDC	; 220
     60a:	80 84       	ldd	r8, Z+8	; 0x08
     60c:	82 82       	std	Z+2, r8	; 0x02
     60e:	83 81       	ldd	r24, Z+3	; 0x03
     610:	7f 7b       	andi	r23, 0xBF	; 191
     612:	77 7a       	andi	r23, 0xA7	; 167
     614:	7e 81       	ldd	r23, Y+6	; 0x06
     616:	81 80       	ldd	r8, Z+1	; 0x01
     618:	7f 81       	ldd	r23, Y+7	; 0x07
     61a:	80 7d       	andi	r24, 0xD0	; 208
     61c:	7d 7e       	andi	r23, 0xED	; 237
     61e:	81 85       	ldd	r24, Z+9	; 0x09
     620:	84 82       	std	Z+4, r8	; 0x04
     622:	80 80       	ld	r8, Z
     624:	80 80       	ld	r8, Z
     626:	80 81       	ld	r24, Z
     628:	82 81       	ldd	r24, Z+2	; 0x02
     62a:	7f 7e       	andi	r23, 0xEF	; 239
     62c:	7d 7e       	andi	r23, 0xED	; 237
     62e:	7f 7f       	andi	r23, 0xFF	; 255
     630:	7e 7e       	andi	r23, 0xEE	; 238
     632:	80 82       	st	Z, r8
     634:	83 83       	std	Z+3, r24	; 0x03
     636:	83 85       	ldd	r24, Z+11	; 0x0b
     638:	85 82       	std	Z+5, r8	; 0x05
     63a:	7f 7e       	andi	r23, 0xEF	; 239
     63c:	7e 7e       	andi	r23, 0xEE	; 238
     63e:	7c 7c       	andi	r23, 0xCC	; 204
     640:	7c 7f       	andi	r23, 0xFC	; 252
     642:	7f 7d       	andi	r23, 0xDF	; 223
     644:	7a 7a       	andi	r23, 0xAA	; 170
     646:	7c 80       	ldd	r7, Y+4	; 0x04
     648:	83 84       	ldd	r8, Z+11	; 0x0b
     64a:	84 83       	std	Z+4, r24	; 0x04
     64c:	82 81       	ldd	r24, Z+2	; 0x02
     64e:	7f 7f       	andi	r23, 0xFF	; 255
     650:	7f 80       	ldd	r7, Y+7	; 0x07
     652:	80 7e       	andi	r24, 0xE0	; 224
     654:	7d 7d       	andi	r23, 0xDD	; 221
     656:	7d 7d       	andi	r23, 0xDD	; 221
     658:	7d 7c       	andi	r23, 0xCD	; 205
     65a:	7d 7f       	andi	r23, 0xFD	; 253
     65c:	7e 7d       	andi	r23, 0xDE	; 222
     65e:	7d 7d       	andi	r23, 0xDD	; 221
     660:	7d 7f       	andi	r23, 0xFD	; 253
     662:	81 84       	ldd	r8, Z+9	; 0x09
     664:	87 88       	ldd	r8, Z+23	; 0x17
     666:	88 84       	ldd	r8, Y+8	; 0x08
     668:	82 81       	ldd	r24, Z+2	; 0x02
     66a:	80 80       	ld	r8, Z
     66c:	7f 7f       	andi	r23, 0xFF	; 255
     66e:	7f 81       	ldd	r23, Y+7	; 0x07
     670:	7f 7e       	andi	r23, 0xEF	; 239
     672:	7e 7e       	andi	r23, 0xEE	; 238
     674:	7e 7e       	andi	r23, 0xEE	; 238
     676:	7e 80       	ldd	r7, Y+6	; 0x06
     678:	81 82       	std	Z+1, r8	; 0x01
     67a:	80 80       	ld	r8, Z
     67c:	7f 7f       	andi	r23, 0xFF	; 255
     67e:	80 7f       	andi	r24, 0xF0	; 240
     680:	7e 7d       	andi	r23, 0xDE	; 222
     682:	7d 7e       	andi	r23, 0xED	; 237
     684:	7e 7f       	andi	r23, 0xFE	; 254
     686:	7f 81       	ldd	r23, Y+7	; 0x07
     688:	83 84       	ldd	r8, Z+11	; 0x0b
     68a:	85 86       	std	Z+13, r8	; 0x0d
     68c:	89 8a       	std	Y+17, r8	; 0x11
     68e:	88 84       	ldd	r8, Y+8	; 0x08
     690:	82 83       	std	Z+2, r24	; 0x02
     692:	83 82       	std	Z+3, r8	; 0x03
     694:	81 81       	ldd	r24, Z+1	; 0x01
     696:	80 81       	ld	r24, Z
     698:	7f 7e       	andi	r23, 0xEF	; 239
     69a:	7d 7d       	andi	r23, 0xDD	; 221
     69c:	7e 7d       	andi	r23, 0xDE	; 222
     69e:	7c 7b       	andi	r23, 0xBC	; 188
     6a0:	7c 7d       	andi	r23, 0xDC	; 220
     6a2:	7c 7b       	andi	r23, 0xBC	; 188
     6a4:	78 75       	andi	r23, 0x58	; 88
     6a6:	74 72       	andi	r23, 0x24	; 36
     6a8:	71 6e       	ori	r23, 0xE1	; 225
     6aa:	69 6b       	ori	r22, 0xB9	; 185
     6ac:	80 9a       	sbi	0x10, 0	; 16
     6ae:	a6 a6       	std	Z+46, r10	; 0x2e
     6b0:	99 8e       	std	Y+25, r9	; 0x19
     6b2:	8f 8f       	std	Y+31, r24	; 0x1f
     6b4:	89 83       	std	Y+1, r24	; 0x01
     6b6:	7d 7d       	andi	r23, 0xDD	; 221
     6b8:	84 83       	std	Z+4, r24	; 0x04
     6ba:	7d 7c       	andi	r23, 0xCD	; 205
     6bc:	7c 80       	ldd	r7, Y+4	; 0x04
     6be:	88 8a       	std	Y+16, r8	; 0x10
     6c0:	89 88       	ldd	r8, Y+17	; 0x11
     6c2:	87 87       	std	Z+15, r24	; 0x0f
     6c4:	87 84       	ldd	r8, Z+15	; 0x0f
     6c6:	7f 7d       	andi	r23, 0xDF	; 223
     6c8:	7e 80       	ldd	r7, Y+6	; 0x06
     6ca:	82 82       	std	Z+2, r8	; 0x02
     6cc:	80 7f       	andi	r24, 0xF0	; 240
     6ce:	80 7c       	andi	r24, 0xC0	; 192
     6d0:	7a 7a       	andi	r23, 0xAA	; 170
     6d2:	7a 7a       	andi	r23, 0xAA	; 170
     6d4:	77 71       	andi	r23, 0x17	; 23
     6d6:	6a 68       	ori	r22, 0x8A	; 138
     6d8:	65 5c       	subi	r22, 0xC5	; 197
     6da:	4c 3f       	cpi	r20, 0xFC	; 252
     6dc:	3f 6b       	ori	r19, 0xBF	; 191
     6de:	b2 d0       	rcall	.+356    	; 0x844 <__DATA_REGION_LENGTH__+0x44>
     6e0:	d2 b1       	in	r29, 0x02	; 2
     6e2:	8f 86       	std	Y+15, r8	; 0x0f
     6e4:	8d 7e       	andi	r24, 0xED	; 237
     6e6:	78 7b       	andi	r23, 0xB8	; 184
     6e8:	7f 98       	cbi	0x0f, 7	; 15
     6ea:	9e 8a       	std	Y+22, r9	; 0x16
     6ec:	82 83       	std	Z+2, r24	; 0x02
     6ee:	84 91       	lpm	r24, Z
     6f0:	91 80       	ldd	r9, Z+1	; 0x01
     6f2:	75 6f       	ori	r23, 0xF5	; 245
     6f4:	62 69       	ori	r22, 0x92	; 146
     6f6:	6e 6d       	ori	r22, 0xDE	; 222
     6f8:	70 77       	andi	r23, 0x70	; 112
     6fa:	76 80       	ldd	r7, Z+6	; 0x06
     6fc:	84 7c       	andi	r24, 0xC4	; 196
     6fe:	75 75       	andi	r23, 0x55	; 85
     700:	6e 76       	andi	r22, 0x6E	; 110
     702:	85 90       	lpm	r8, Z+
     704:	9c a4       	ldd	r9, Y+44	; 0x2c
     706:	9f 9c       	mul	r9, r15
     708:	9c 92       	st	X, r9
     70a:	88 7f       	andi	r24, 0xF8	; 248
     70c:	79 7e       	andi	r23, 0xE9	; 233
     70e:	8c 8e       	std	Y+28, r8	; 0x1c
     710:	8f 8b       	std	Y+23, r24	; 0x17
     712:	80 78       	andi	r24, 0x80	; 128
     714:	71 66       	ori	r23, 0x61	; 97
     716:	64 64       	ori	r22, 0x44	; 68
     718:	64 63       	ori	r22, 0x34	; 52
     71a:	5d 4a       	sbci	r21, 0xAD	; 173
     71c:	34 24       	eor	r3, r4
     71e:	44 99       	sbic	0x08, 4	; 8
     720:	c8 d2       	rcall	.+1424   	; 0xcb2 <__stack+0x3b3>
     722:	b0 84       	ldd	r11, Z+8	; 0x08
     724:	7b 8c       	ldd	r7, Y+27	; 0x1b
     726:	86 88       	ldd	r8, Z+22	; 0x16
     728:	94 9c       	mul	r9, r4
     72a:	b7 b5       	in	r27, 0x27	; 39
     72c:	95 86       	std	Z+13, r9	; 0x0d
     72e:	7d 72       	andi	r23, 0x2D	; 45
     730:	7c 7c       	andi	r23, 0xCC	; 204
     732:	77 7d       	andi	r23, 0xD7	; 215
     734:	80 78       	andi	r24, 0x80	; 128
     736:	83 86       	std	Z+11, r8	; 0x0b
     738:	81 84       	ldd	r8, Z+9	; 0x09
     73a:	82 77       	andi	r24, 0x72	; 114
     73c:	75 6a       	ori	r23, 0xA5	; 165
     73e:	5c 5c       	subi	r21, 0xCC	; 204
     740:	62 63       	ori	r22, 0x32	; 50
     742:	72 83       	std	Z+2, r23	; 0x02
     744:	90 a4       	ldd	r9, Z+40	; 0x28
     746:	ac a7       	std	Y+44, r26	; 0x2c
     748:	a1 99       	sbic	0x14, 1	; 20
     74a:	8f 8f       	std	Y+31, r24	; 0x1f
     74c:	89 83       	std	Y+1, r24	; 0x01
     74e:	87 8d       	ldd	r24, Z+31	; 0x1f
     750:	8e 8f       	std	Y+30, r24	; 0x1e
     752:	7f 6e       	ori	r23, 0xEF	; 239
     754:	67 62       	ori	r22, 0x27	; 39
     756:	61 66       	ori	r22, 0x61	; 97
     758:	66 6d       	ori	r22, 0xD6	; 214
     75a:	73 69       	ori	r23, 0x93	; 147
     75c:	4e 2d       	mov	r20, r14
     75e:	23 6c       	ori	r18, 0xC3	; 195
     760:	ba d4       	rcall	.+2420   	; 0x10d6 <__stack+0x7d7>
     762:	be 7d       	andi	r27, 0xDE	; 222
     764:	5c 6d       	ori	r21, 0xDC	; 220
     766:	82 81       	ldd	r24, Z+2	; 0x02
     768:	9b a5       	ldd	r25, Y+43	; 0x2b
     76a:	c0 d1       	rcall	.+896    	; 0xaec <__stack+0x1ed>
     76c:	b0 88       	ldd	r11, Z+16	; 0x10
     76e:	73 5b       	subi	r23, 0xB3	; 179
     770:	5f 6f       	ori	r21, 0xFF	; 255
     772:	74 7f       	andi	r23, 0xF4	; 244
     774:	8a 88       	ldd	r8, Y+18	; 0x12
     776:	8e 98       	cbi	0x11, 6	; 17
     778:	89 7d       	andi	r24, 0xD9	; 217
     77a:	74 68       	ori	r23, 0x84	; 132
     77c:	66 64       	ori	r22, 0x46	; 70
     77e:	58 5a       	subi	r21, 0xA8	; 168
     780:	61 68       	ori	r22, 0x81	; 129
     782:	75 8c       	ldd	r7, Z+29	; 0x1d
     784:	96 a4       	ldd	r9, Z+46	; 0x2e
     786:	a2 95       	swap	r26
     788:	93 94       	inc	r9
     78a:	8c 8d       	ldd	r24, Y+28	; 0x1c
     78c:	8c 89       	ldd	r24, Y+20	; 0x14
     78e:	96 a1       	ldd	r25, Z+38	; 0x26
     790:	a1 a0       	ldd	r10, Z+33	; 0x21
     792:	91 75       	andi	r25, 0x51	; 81
     794:	60 51       	subi	r22, 0x10	; 16
     796:	4d 55       	subi	r20, 0x5D	; 93
     798:	5f 6a       	ori	r21, 0xAF	; 175
     79a:	76 76       	andi	r23, 0x66	; 102
     79c:	63 3f       	cpi	r22, 0xF3	; 243
     79e:	2c 5b       	subi	r18, 0xBC	; 188
     7a0:	a7 c6       	rjmp	.+3406   	; 0x14f0 <__stack+0xbf1>
     7a2:	b8 7c       	andi	r27, 0xC8	; 200
     7a4:	55 5e       	subi	r21, 0xE5	; 229
     7a6:	75 83       	std	Z+5, r23	; 0x05
     7a8:	a2 bb       	out	0x12, r26	; 18
     7aa:	cb d3       	rcall	.+1942   	; 0xf42 <__stack+0x643>
     7ac:	ae 88       	ldd	r10, Y+22	; 0x16
     7ae:	72 5e       	subi	r23, 0xE2	; 226
     7b0:	57 67       	ori	r21, 0x77	; 119
     7b2:	70 88       	ldd	r7, Z+16	; 0x10
     7b4:	9c 9f       	mul	r25, r28
     7b6:	9b 98       	cbi	0x13, 3	; 19
     7b8:	86 7c       	andi	r24, 0xC6	; 198
     7ba:	72 60       	ori	r23, 0x02	; 2
     7bc:	55 55       	subi	r21, 0x55	; 85
     7be:	54 62       	ori	r21, 0x24	; 36
     7c0:	70 77       	andi	r23, 0x70	; 112
     7c2:	81 8e       	std	Z+25, r8	; 0x19
     7c4:	94 9b       	sbis	0x12, 4	; 18
     7c6:	9e 8e       	std	Y+30, r9	; 0x1e
     7c8:	88 7e       	andi	r24, 0xE8	; 232
     7ca:	7a 84       	ldd	r7, Y+10	; 0x0a
     7cc:	97 a1       	ldd	r25, Z+39	; 0x27
     7ce:	ad b2       	in	r10, 0x1d	; 29
     7d0:	b2 af       	std	Z+58, r27	; 0x3a
     7d2:	98 74       	andi	r25, 0x48	; 72
     7d4:	55 42       	sbci	r21, 0x25	; 37
     7d6:	43 4f       	sbci	r20, 0xF3	; 243
     7d8:	5c 68       	ori	r21, 0x8C	; 140
     7da:	70 68       	ori	r23, 0x80	; 128
     7dc:	51 43       	sbci	r21, 0x31	; 49
     7de:	67 a3       	std	Z+39, r22	; 0x27
     7e0:	b6 a9       	ldd	r27, Z+54	; 0x36
     7e2:	7a 5e       	subi	r23, 0xEA	; 234
     7e4:	60 67       	ori	r22, 0x70	; 112
     7e6:	6b 8e       	std	Y+27, r6	; 0x1b
     7e8:	b9 dd       	rcall	.-1166   	; 0x35c <__trampolines_end+0x2f4>
     7ea:	e4 b4       	in	r14, 0x24	; 36
     7ec:	7f 60       	ori	r23, 0x0F	; 15
     7ee:	53 57       	subi	r21, 0x73	; 115
     7f0:	65 6b       	ori	r22, 0xB5	; 181
     7f2:	7d 9a       	sbi	0x0f, 5	; 15
     7f4:	b2 b7       	in	r27, 0x32	; 50
     7f6:	ac 8d       	ldd	r26, Y+28	; 0x1c
     7f8:	7a 73       	andi	r23, 0x3A	; 58
     7fa:	67 57       	subi	r22, 0x77	; 119
     7fc:	4c 4a       	sbci	r20, 0xAC	; 172
     7fe:	5a 6e       	ori	r21, 0xEA	; 234
     800:	79 7e       	andi	r23, 0xE9	; 233
     802:	88 96       	adiw	r24, 0x28	; 40
     804:	a3 a3       	std	Z+35, r26	; 0x23
     806:	91 79       	andi	r25, 0x91	; 145
     808:	6e 71       	andi	r22, 0x1E	; 30
     80a:	7d 8c       	ldd	r7, Y+29	; 0x1d
     80c:	9b b0       	in	r9, 0x0b	; 11
     80e:	c3 c9       	rjmp	.-3194   	; 0xfffffb96 <__eeprom_end+0xff7efb96>
     810:	b7 9a       	sbi	0x16, 7	; 22
     812:	77 5e       	subi	r23, 0xE7	; 231
     814:	50 46       	sbci	r21, 0x60	; 96
     816:	46 4c       	sbci	r20, 0xC6	; 198
     818:	52 57       	subi	r21, 0x72	; 114
     81a:	5b 65       	ori	r21, 0x5B	; 91
     81c:	90 b9       	out	0x00, r25	; 0
     81e:	ae 8e       	std	Y+30, r10	; 0x1e
     820:	66 58       	subi	r22, 0x86	; 134
     822:	5f 5b       	subi	r21, 0xBF	; 191
     824:	54 78       	andi	r21, 0x84	; 132
     826:	b1 e0       	ldi	r27, 0x01	; 1
     828:	f0 c5       	rjmp	.+3040   	; 0x140a <__stack+0xb0b>
     82a:	93 77       	andi	r25, 0x73	; 115
     82c:	63 5a       	subi	r22, 0xA3	; 163
     82e:	5e 5d       	subi	r21, 0xDE	; 222
     830:	6e 8c       	ldd	r6, Y+30	; 0x1e
     832:	a0 a9       	ldd	r26, Z+48	; 0x30
     834:	a7 95       	ror	r26
     836:	8c 88       	ldd	r8, Y+20	; 0x14
     838:	74 5f       	subi	r23, 0xF4	; 244
     83a:	52 4d       	sbci	r21, 0xD2	; 210
     83c:	58 64       	ori	r21, 0x48	; 72
     83e:	64 6a       	ori	r22, 0xA4	; 164
     840:	7e 9a       	sbi	0x0f, 6	; 15
     842:	af ae       	std	Y+63, r10	; 0x3f
     844:	91 7b       	andi	r25, 0xB1	; 177
     846:	6d 69       	ori	r22, 0x9D	; 157
     848:	6b 74       	andi	r22, 0x4B	; 75
     84a:	88 aa       	std	Y+48, r8	; 0x30
     84c:	c7 d0       	rcall	.+398    	; 0x9dc <__stack+0xdd>
     84e:	c8 a9       	ldd	r28, Y+48	; 0x30
     850:	84 61       	ori	r24, 0x14	; 20
     852:	46 3d       	cpi	r20, 0xD6	; 214
     854:	42 43       	sbci	r20, 0x32	; 50
     856:	3d 34       	cpi	r19, 0x4D	; 77
     858:	3e 88       	ldd	r3, Y+22	; 0x16
     85a:	d2 da       	rcall	.-2652   	; 0xfffffe00 <__eeprom_end+0xff7efe00>
     85c:	b1 6f       	ori	r27, 0xF1	; 241
     85e:	52 59       	subi	r21, 0x92	; 146
     860:	52 45       	sbci	r21, 0x52	; 82
     862:	65 95       	asr	r22
     864:	ca e3       	ldi	r28, 0x3A	; 58
     866:	c3 a3       	std	Z+35, r28	; 0x23
     868:	93 83       	std	Z+3, r25	; 0x03
     86a:	78 6e       	ori	r23, 0xE8	; 232
     86c:	5e 62       	ori	r21, 0x2E	; 46
     86e:	70 7a       	andi	r23, 0xA0	; 160
     870:	87 92       	lat	Z, r8
     872:	95 a1       	ldd	r25, Z+37	; 0x25
     874:	a0 8f       	std	Z+24, r26	; 0x18
     876:	7c 6d       	ori	r23, 0xDC	; 220
     878:	65 62       	ori	r22, 0x25	; 37
     87a:	57 4e       	sbci	r21, 0xE7	; 231
     87c:	54 6d       	ori	r21, 0xD4	; 212
     87e:	8b 9f       	mul	r24, r27
     880:	a2 a1       	ldd	r26, Z+34	; 0x22
     882:	a2 96       	adiw	r28, 0x22	; 34
     884:	7c 66       	ori	r23, 0x6C	; 108
     886:	65 77       	andi	r22, 0x75	; 117
     888:	8e 9c       	mul	r8, r14
     88a:	a6 ad       	ldd	r26, Z+62	; 0x3e
     88c:	b1 a5       	ldd	r27, Z+41	; 0x29
     88e:	89 6c       	ori	r24, 0xC9	; 201
     890:	58 4d       	sbci	r21, 0xD8	; 216
     892:	3f 31       	cpi	r19, 0x1F	; 31
     894:	2b 57       	subi	r18, 0x7B	; 123
     896:	9c b2       	in	r9, 0x1c	; 28
     898:	a5 85       	ldd	r26, Z+13	; 0x0d
     89a:	79 81       	ldd	r23, Y+1	; 0x01
     89c:	78 54       	subi	r23, 0x48	; 72
     89e:	50 75       	andi	r21, 0x50	; 80
     8a0:	a3 c4       	rjmp	.+2374   	; 0x11e8 <__stack+0x8e9>
     8a2:	b7 a6       	std	Z+47, r11	; 0x2f
     8a4:	a8 a7       	std	Y+40, r26	; 0x28
     8a6:	9b 8b       	std	Y+19, r25	; 0x13
     8a8:	7b 7f       	andi	r23, 0xFB	; 251
     8aa:	85 7a       	andi	r24, 0xA5	; 165
     8ac:	64 58       	subi	r22, 0x84	; 132
     8ae:	5e 78       	andi	r21, 0x8E	; 142
     8b0:	8f 90       	pop	r8
     8b2:	88 86       	std	Y+8, r8	; 0x08
     8b4:	88 87       	std	Y+8, r24	; 0x08
     8b6:	74 5c       	subi	r23, 0xC4	; 196
     8b8:	58 67       	ori	r21, 0x78	; 120
     8ba:	76 80       	ldd	r7, Z+6	; 0x06
     8bc:	80 81       	ld	r24, Z
     8be:	92 9d       	mul	r25, r2
     8c0:	9d 97       	sbiw	r26, 0x2d	; 45
     8c2:	89 84       	ldd	r8, Y+9	; 0x09
     8c4:	87 84       	ldd	r8, Z+15	; 0x0f
     8c6:	85 8c       	ldd	r8, Z+29	; 0x1d
     8c8:	8b 8b       	std	Y+19, r24	; 0x13
     8ca:	87 78       	andi	r24, 0x87	; 135
     8cc:	6c 5d       	subi	r22, 0xDC	; 220
     8ce:	4c 49       	sbci	r20, 0x9C	; 156
     8d0:	63 8b       	std	Z+19, r22	; 0x13
     8d2:	92 7d       	andi	r25, 0xD2	; 210
     8d4:	68 6f       	ori	r22, 0xF8	; 248
     8d6:	82 7f       	andi	r24, 0xF2	; 242
     8d8:	67 66       	ori	r22, 0x67	; 103
     8da:	86 a8       	ldd	r8, Z+54	; 0x36
     8dc:	b4 99       	sbic	0x16, 4	; 22
     8de:	81 8d       	ldd	r24, Z+25	; 0x19
     8e0:	9c 9a       	sbi	0x13, 4	; 19
     8e2:	8e 84       	ldd	r8, Y+14	; 0x0e
     8e4:	91 a4       	ldd	r9, Z+41	; 0x29
     8e6:	9c 83       	std	Y+4, r25	; 0x04
     8e8:	71 69       	ori	r23, 0x91	; 145
     8ea:	6f 72       	andi	r22, 0x2F	; 47
     8ec:	67 60       	ori	r22, 0x07	; 7
     8ee:	66 73       	andi	r22, 0x36	; 54
     8f0:	82 88       	ldd	r8, Z+18	; 0x12
     8f2:	8c 8a       	std	Y+20, r8	; 0x14
     8f4:	82 78       	andi	r24, 0x82	; 130
     8f6:	72 76       	andi	r23, 0x62	; 98
     8f8:	7b 7e       	andi	r23, 0xEB	; 235
     8fa:	80 88       	ldd	r8, Z+16	; 0x10
     8fc:	90 95       	com	r25
     8fe:	94 92       	xch	Z, r9
     900:	94 95       	.word	0x9594	; ????
     902:	91 85       	ldd	r25, Z+9	; 0x09
     904:	79 73       	andi	r23, 0x39	; 57
     906:	6c 62       	ori	r22, 0x2C	; 44
     908:	50 42       	sbci	r21, 0x20	; 32
     90a:	4d 7f       	andi	r20, 0xFD	; 253
     90c:	9d 95 7d 6c 	jmp	0x66d8fa	; 0x66d8fa <__TEXT_REGION_LENGTH__+0x6658fa>
     910:	73 7c       	andi	r23, 0xC3	; 195
     912:	6f 64       	ori	r22, 0x4F	; 79
     914:	7c 98       	cbi	0x0f, 4	; 15
     916:	b0 ab       	std	Z+48, r27	; 0x30
     918:	90 87       	std	Z+8, r25	; 0x08
     91a:	93 96       	adiw	r26, 0x23	; 35
     91c:	93 88       	ldd	r9, Z+19	; 0x13
     91e:	85 8f       	std	Z+29, r24	; 0x1d
     920:	93 84       	ldd	r9, Z+11	; 0x0b
     922:	79 79       	andi	r23, 0x99	; 153
     924:	82 8c       	ldd	r8, Z+26	; 0x1a
     926:	83 70       	andi	r24, 0x03	; 3
     928:	69 6c       	ori	r22, 0xC9	; 201
     92a:	6d 6c       	ori	r22, 0xCD	; 205
     92c:	67 69       	ori	r22, 0x97	; 151
     92e:	76 85       	ldd	r23, Z+14	; 0x0e
     930:	8d 8c       	ldd	r8, Y+29	; 0x1d
     932:	83 81       	ldd	r24, Z+3	; 0x03
     934:	87 89       	ldd	r24, Z+23	; 0x17
     936:	84 81       	ldd	r24, Z+4	; 0x04
     938:	7e 84       	ldd	r7, Y+14	; 0x0e
     93a:	8d 8c       	ldd	r8, Y+29	; 0x1d
     93c:	90 95       	com	r25
     93e:	90 82       	st	Z, r9
     940:	6e 59       	subi	r22, 0x9E	; 158
     942:	50 4f       	sbci	r21, 0xF0	; 240
     944:	5e 82       	std	Y+6, r5	; 0x06
     946:	8f 8c       	ldd	r8, Y+31	; 0x1f
     948:	85 7f       	andi	r24, 0xF5	; 245
     94a:	7b 75       	andi	r23, 0x5B	; 91
     94c:	65 6a       	ori	r22, 0xA5	; 165
     94e:	80 92 a1 a2 	sts	0xA2A1, r8	; 0x80a2a1 <__bss_end+0xa19d>
     952:	9e a2       	std	Y+38, r9	; 0x26
     954:	a2 95       	swap	r26
     956:	87 7e       	andi	r24, 0xE7	; 231
     958:	81 8d       	ldd	r24, Z+25	; 0x19
     95a:	8c 83       	std	Y+4, r24	; 0x04
     95c:	80 80       	ld	r8, Z
     95e:	81 84       	ldd	r8, Z+9	; 0x09
     960:	7e 75       	andi	r23, 0x5E	; 94
     962:	73 75       	andi	r23, 0x53	; 83
     964:	79 78       	andi	r23, 0x89	; 137
     966:	71 6b       	ori	r23, 0xB1	; 177
     968:	6d 71       	andi	r22, 0x1D	; 29
     96a:	79 7f       	andi	r23, 0xF9	; 249
     96c:	81 88       	ldd	r8, Z+17	; 0x11
     96e:	91 96       	adiw	r26, 0x21	; 33
     970:	91 87       	std	Z+9, r25	; 0x09
     972:	7d 77       	andi	r23, 0x7D	; 125
     974:	78 7f       	andi	r23, 0xF8	; 248
     976:	8a 90       	ld	r8, -Y
     978:	8d 83       	std	Y+5, r24	; 0x05
     97a:	76 66       	ori	r23, 0x66	; 102
     97c:	54 56       	subi	r21, 0x64	; 100
     97e:	6b 77       	andi	r22, 0x7B	; 123
     980:	7c 7c       	andi	r23, 0xCC	; 204
     982:	7f 85       	ldd	r23, Y+15	; 0x0f
     984:	86 82       	std	Z+6, r8	; 0x06
     986:	81 87       	std	Z+9, r24	; 0x09
     988:	8f 95 8e 86 	call	0x630d1c	; 0x630d1c <__TEXT_REGION_LENGTH__+0x628d1c>
     98c:	85 8a       	std	Z+21, r8	; 0x15
     98e:	96 a1       	ldd	r25, Z+38	; 0x26
     990:	a3 a0       	ldd	r10, Z+35	; 0x23
     992:	97 87       	std	Z+15, r25	; 0x0f
     994:	7c 74       	andi	r23, 0x4C	; 76
     996:	6e 6d       	ori	r22, 0xDE	; 222
     998:	6e 70       	andi	r22, 0x0E	; 14
     99a:	77 7b       	andi	r23, 0xB7	; 183
     99c:	7f 87       	std	Y+15, r23	; 0x0f
     99e:	85 7f       	andi	r24, 0xF5	; 245
     9a0:	7a 73       	andi	r23, 0x3A	; 58
     9a2:	6e 6f       	ori	r22, 0xFE	; 254
     9a4:	71 76       	andi	r23, 0x61	; 97
     9a6:	81 87       	std	Z+9, r24	; 0x09
     9a8:	8d 93       	st	X+, r24
     9aa:	92 93       	st	-Z, r25
     9ac:	93 8d       	ldd	r25, Z+27	; 0x1b
     9ae:	87 80       	ldd	r8, Z+7	; 0x07
     9b0:	78 73       	andi	r23, 0x38	; 56
     9b2:	70 6a       	ori	r23, 0xA0	; 160
     9b4:	64 60       	ori	r22, 0x04	; 4
     9b6:	6b 7d       	andi	r22, 0xDB	; 219
     9b8:	7e 71       	andi	r23, 0x1E	; 30
     9ba:	6b 6c       	ori	r22, 0xCB	; 203
     9bc:	70 73       	andi	r23, 0x30	; 48
     9be:	71 75       	andi	r23, 0x51	; 81
     9c0:	82 8f       	std	Z+26, r24	; 0x1a
     9c2:	98 9d       	mul	r25, r8
     9c4:	9c 9b       	sbis	0x13, 4	; 19
     9c6:	99 90       	ld	r9, Y+
     9c8:	88 85       	ldd	r24, Y+8	; 0x08
     9ca:	87 8f       	std	Z+31, r24	; 0x1f
     9cc:	97 98       	cbi	0x12, 7	; 18
     9ce:	93 8b       	std	Z+19, r25	; 0x13
     9d0:	83 7f       	andi	r24, 0xF3	; 243
     9d2:	79 73       	andi	r23, 0x39	; 57
     9d4:	6e 6d       	ori	r22, 0xDE	; 222
     9d6:	71 73       	andi	r23, 0x31	; 49
     9d8:	70 6f       	ori	r23, 0xF0	; 240
     9da:	76 81       	ldd	r23, Z+6	; 0x06
     9dc:	8a 8a       	std	Y+18, r8	; 0x12
     9de:	84 81       	ldd	r24, Z+4	; 0x04
     9e0:	7e 7e       	andi	r23, 0xEE	; 238
     9e2:	7d 7b       	andi	r23, 0xBD	; 189
     9e4:	7d 85       	ldd	r23, Y+13	; 0x0d
     9e6:	8e 94 91 8b 	call	0x211722	; 0x211722 <__TEXT_REGION_LENGTH__+0x209722>
     9ea:	87 85       	ldd	r24, Z+15	; 0x0f
     9ec:	7f 6e       	ori	r23, 0xEF	; 239
     9ee:	5b 5a       	subi	r21, 0xAB	; 171
     9f0:	68 6e       	ori	r22, 0xE8	; 232
     9f2:	6e 6e       	ori	r22, 0xEE	; 238
     9f4:	72 79       	andi	r23, 0x92	; 146
     9f6:	80 7f       	andi	r24, 0xF0	; 240
     9f8:	7f 86       	std	Y+15, r7	; 0x0f
     9fa:	8e 91       	ld	r24, -X
     9fc:	8d 86       	std	Y+13, r8	; 0x0d
     9fe:	8a 95       	dec	r24
     a00:	9b 9b       	sbis	0x13, 3	; 19
     a02:	99 96       	adiw	r26, 0x29	; 41
     a04:	97 98       	cbi	0x12, 7	; 18
     a06:	92 8b       	std	Z+18, r25	; 0x12
     a08:	84 7e       	andi	r24, 0xE4	; 228
     a0a:	7c 7a       	andi	r23, 0xAC	; 172
     a0c:	75 72       	andi	r23, 0x25	; 37
     a0e:	71 76       	andi	r23, 0x61	; 97
     a10:	7c 7b       	andi	r23, 0xBC	; 188
     a12:	74 71       	andi	r23, 0x14	; 20
     a14:	73 77       	andi	r23, 0x73	; 115
     a16:	7a 78       	andi	r23, 0x8A	; 138
     a18:	79 80       	ldd	r7, Y+1	; 0x01
     a1a:	87 89       	ldd	r24, Z+23	; 0x17
     a1c:	89 83       	std	Y+1, r24	; 0x01
     a1e:	81 86       	std	Z+9, r8	; 0x09
     a20:	8a 8a       	std	Y+18, r8	; 0x12
     a22:	86 7e       	andi	r24, 0xE6	; 230
     a24:	7a 78       	andi	r23, 0x8A	; 138
     a26:	71 6c       	ori	r23, 0xC1	; 193
     a28:	73 7a       	andi	r23, 0xA3	; 163
     a2a:	79 76       	andi	r23, 0x69	; 105
     a2c:	72 6e       	ori	r23, 0xE2	; 226
     a2e:	6d 70       	andi	r22, 0x0D	; 13
     a30:	71 78       	andi	r23, 0x81	; 129
     a32:	80 89       	ldd	r24, Z+16	; 0x10
     a34:	8f 91       	pop	r24
     a36:	8f 90       	pop	r8
     a38:	8f 8d       	ldd	r24, Y+31	; 0x1f
     a3a:	8c 8d       	ldd	r24, Y+28	; 0x1c
     a3c:	8e 90       	ld	r8, -X
     a3e:	8e 8c       	ldd	r8, Y+30	; 0x1e
     a40:	8c 8d       	ldd	r24, Y+28	; 0x1c
     a42:	8b 86       	std	Y+11, r8	; 0x0b
     a44:	80 7c       	andi	r24, 0xC0	; 192
     a46:	77 70       	andi	r23, 0x07	; 7
     a48:	69 66       	ori	r22, 0x69	; 105
     a4a:	6d 72       	andi	r22, 0x2D	; 45
     a4c:	74 77       	andi	r23, 0x74	; 116
     a4e:	7b 7d       	andi	r23, 0xDB	; 219
     a50:	82 85       	ldd	r24, Z+10	; 0x0a
     a52:	84 83       	std	Z+4, r24	; 0x04
     a54:	84 84       	ldd	r8, Z+12	; 0x0c
     a56:	85 83       	std	Z+5, r24	; 0x05
     a58:	83 88       	ldd	r8, Z+19	; 0x13
     a5a:	8b 88       	ldd	r8, Y+19	; 0x13
     a5c:	83 7e       	andi	r24, 0xE3	; 227
     a5e:	7b 78       	andi	r23, 0x8B	; 139
     a60:	6f 6a       	ori	r22, 0xAF	; 175
     a62:	6f 6d       	ori	r22, 0xDF	; 223
     a64:	6a 6b       	ori	r22, 0xBA	; 186
     a66:	6e 72       	andi	r22, 0x2E	; 46
     a68:	76 73       	andi	r23, 0x36	; 54
     a6a:	73 7b       	andi	r23, 0xB3	; 179
     a6c:	83 8a       	std	Z+19, r8	; 0x13
     a6e:	8e 8c       	ldd	r8, Y+30	; 0x1e
     a70:	8f 98       	cbi	0x11, 7	; 17
     a72:	9b 99       	sbic	0x13, 3	; 19
     a74:	97 94       	ror	r9
     a76:	95 94       	asr	r9
     a78:	8d 86       	std	Y+13, r8	; 0x0d
     a7a:	85 84       	ldd	r8, Z+13	; 0x0d
     a7c:	84 7e       	andi	r24, 0xE4	; 228
     a7e:	78 76       	andi	r23, 0x68	; 104
     a80:	77 77       	andi	r23, 0x77	; 119
     a82:	75 72       	andi	r23, 0x25	; 37
     a84:	71 72       	andi	r23, 0x21	; 33
     a86:	74 77       	andi	r23, 0x74	; 116
     a88:	7b 7d       	andi	r23, 0xDB	; 219
     a8a:	80 81       	ld	r24, Z
     a8c:	83 88       	ldd	r8, Z+19	; 0x13
     a8e:	8d 91       	ld	r24, X+
     a90:	91 8e       	std	Z+25, r9	; 0x19
     a92:	8b 8b       	std	Y+19, r24	; 0x13
     a94:	8b 8c       	ldd	r8, Y+27	; 0x1b
     a96:	89 84       	ldd	r8, Y+9	; 0x09
     a98:	7b 73       	andi	r23, 0x3B	; 59
     a9a:	6c 68       	ori	r22, 0x8C	; 140
     a9c:	6f 73       	andi	r22, 0x3F	; 63
     a9e:	71 6a       	ori	r23, 0xA1	; 161
     aa0:	65 64       	ori	r22, 0x45	; 69
     aa2:	68 6f       	ori	r22, 0xF8	; 248
     aa4:	71 79       	andi	r23, 0x91	; 145
     aa6:	81 8d       	ldd	r24, Z+25	; 0x19
     aa8:	94 92       	xch	Z, r9
     aaa:	8e 90       	ld	r8, -X
     aac:	97 99       	sbic	0x12, 7	; 18
     aae:	97 92       	lat	Z, r9
     ab0:	92 95       	swap	r25
     ab2:	95 92       	las	Z, r9
     ab4:	8d 86       	std	Y+13, r8	; 0x0d
     ab6:	81 7d       	andi	r24, 0xD1	; 209
     ab8:	76 75       	andi	r23, 0x56	; 86
     aba:	75 76       	andi	r23, 0x65	; 101
     abc:	73 6e       	ori	r23, 0xE3	; 227
     abe:	6a 6c       	ori	r22, 0xCA	; 202
     ac0:	72 76       	andi	r23, 0x62	; 98
     ac2:	7b 7c       	andi	r23, 0xCB	; 203
     ac4:	7f 84       	ldd	r7, Y+15	; 0x0f
     ac6:	86 83       	std	Z+6, r24	; 0x06
     ac8:	80 82       	st	Z, r8
     aca:	89 91       	ld	r24, Y+
     acc:	94 96       	adiw	r26, 0x24	; 36
     ace:	93 8f       	std	Z+27, r25	; 0x1b
     ad0:	8c 89       	ldd	r24, Y+20	; 0x14
     ad2:	83 7d       	andi	r24, 0xD3	; 211
     ad4:	71 64       	ori	r23, 0x41	; 65
     ad6:	5d 60       	ori	r21, 0x0D	; 13
     ad8:	67 67       	ori	r22, 0x77	; 119
     ada:	66 66       	ori	r22, 0x66	; 102
     adc:	6e 72       	andi	r22, 0x2E	; 46
     ade:	74 74       	andi	r23, 0x44	; 68
     ae0:	78 81       	ld	r23, Y
     ae2:	8d 97       	sbiw	r24, 0x2d	; 45
     ae4:	96 96       	adiw	r26, 0x26	; 38
     ae6:	96 99       	sbic	0x12, 6	; 18
     ae8:	9b 9a       	sbi	0x13, 3	; 19
     aea:	99 9b       	sbis	0x13, 1	; 19
     aec:	9e 9c       	mul	r9, r14
     aee:	96 8c       	ldd	r9, Z+30	; 0x1e
     af0:	83 7d       	andi	r24, 0xD3	; 211
     af2:	7b 7a       	andi	r23, 0xAB	; 171
     af4:	77 73       	andi	r23, 0x37	; 55
     af6:	6d 6a       	ori	r22, 0xAD	; 173
     af8:	67 65       	ori	r22, 0x57	; 87
     afa:	63 63       	ori	r22, 0x33	; 51
     afc:	66 6c       	ori	r22, 0xC6	; 198
     afe:	70 76       	andi	r23, 0x60	; 96
     b00:	7c 80       	ldd	r7, Y+4	; 0x04
     b02:	85 88       	ldd	r8, Z+21	; 0x15
     b04:	8b 8e       	std	Y+27, r8	; 0x1b
     b06:	92 94       	swap	r9
     b08:	99 9b       	sbis	0x13, 1	; 19
     b0a:	9d 9d       	mul	r25, r13
     b0c:	9c 98       	cbi	0x13, 4	; 19
     b0e:	91 85       	ldd	r25, Z+9	; 0x09
     b10:	79 6d       	ori	r23, 0xD9	; 217
     b12:	61 57       	subi	r22, 0x71	; 113
     b14:	4f 52       	subi	r20, 0x2F	; 47
     b16:	5b 5f       	subi	r21, 0xFB	; 251
     b18:	65 68       	ori	r22, 0x85	; 133
     b1a:	6e 72       	andi	r22, 0x2E	; 46
     b1c:	78 7b       	andi	r23, 0xB8	; 184
     b1e:	81 86       	std	Z+9, r8	; 0x09
     b20:	8e 98       	cbi	0x11, 6	; 17
     b22:	9a 9f       	mul	r25, r26
     b24:	9e a0       	ldd	r9, Y+38	; 0x26
     b26:	a0 a1       	ldd	r26, Z+32	; 0x20
     b28:	9f 9f       	mul	r25, r31
     b2a:	9a 98       	cbi	0x13, 2	; 19
     b2c:	95 8f       	std	Z+29, r25	; 0x1d
     b2e:	89 80       	ldd	r8, Y+1	; 0x01
     b30:	7a 74       	andi	r23, 0x4A	; 74
     b32:	71 6d       	ori	r23, 0xD1	; 209
     b34:	6b 67       	ori	r22, 0x7B	; 123
     b36:	63 5f       	subi	r22, 0xF3	; 243
     b38:	5a 59       	subi	r21, 0x9A	; 154
     b3a:	5e 65       	ori	r21, 0x5E	; 94
     b3c:	6c 74       	andi	r22, 0x4C	; 76
     b3e:	7a 80       	ldd	r7, Y+2	; 0x02
     b40:	86 8d       	ldd	r24, Z+30	; 0x1e
     b42:	93 99       	sbic	0x12, 3	; 18
     b44:	9c a2       	std	Y+36, r9	; 0x24
     b46:	a8 ac       	ldd	r10, Y+56	; 0x38
     b48:	ac a7       	std	Y+44, r26	; 0x2c
     b4a:	a1 98       	cbi	0x14, 1	; 20
     b4c:	8e 83       	std	Y+6, r24	; 0x06
     b4e:	7c 72       	andi	r23, 0x2C	; 44
     b50:	6a 61       	ori	r22, 0x1A	; 26
     b52:	55 4c       	sbci	r21, 0xC5	; 197
     b54:	46 4b       	sbci	r20, 0xB6	; 182
     b56:	55 57       	subi	r21, 0x75	; 117
     b58:	5e 5f       	subi	r21, 0xFE	; 254
     b5a:	68 72       	andi	r22, 0x28	; 40
     b5c:	77 7f       	andi	r23, 0xF7	; 247
     b5e:	89 95       	.word	0x9589	; ????
     b60:	9d a8       	ldd	r9, Y+53	; 0x35
     b62:	a4 a8       	ldd	r10, Z+52	; 0x34
     b64:	a6 a6       	std	Z+46, r10	; 0x2e
     b66:	a6 a1       	ldd	r26, Z+38	; 0x26
     b68:	9f a0       	ldd	r9, Y+39	; 0x27
     b6a:	9f 9b       	sbis	0x13, 7	; 19
     b6c:	96 88       	ldd	r9, Z+22	; 0x16
     b6e:	82 7a       	andi	r24, 0xA2	; 162
     b70:	77 71       	andi	r23, 0x17	; 23
     b72:	69 62       	ori	r22, 0x29	; 41
     b74:	5d 59       	subi	r21, 0x9D	; 157
     b76:	56 54       	subi	r21, 0x46	; 70
     b78:	4f 56       	subi	r20, 0x6F	; 111
     b7a:	5d 66       	ori	r21, 0x6D	; 109
     b7c:	6e 73       	andi	r22, 0x3E	; 62
     b7e:	7a 87       	std	Y+10, r23	; 0x0a
     b80:	92 9d       	mul	r25, r2
     b82:	a5 a4       	ldd	r10, Z+45	; 0x2d
     b84:	aa aa       	std	Y+50, r10	; 0x32
     b86:	af ae       	std	Y+63, r10	; 0x3f
     b88:	a8 a1       	ldd	r26, Y+32	; 0x20
     b8a:	9f 9c       	mul	r9, r15
     b8c:	95 8c       	ldd	r9, Z+29	; 0x1d
     b8e:	7e 78       	andi	r23, 0x8E	; 142
     b90:	73 6e       	ori	r23, 0xE3	; 227
     b92:	65 58       	subi	r22, 0x85	; 133
     b94:	4c 46       	sbci	r20, 0x6C	; 108
     b96:	3f 40       	sbci	r19, 0x0F	; 15
     b98:	43 51       	subi	r20, 0x13	; 19
     b9a:	54 60       	ori	r21, 0x04	; 4
     b9c:	65 6c       	ori	r22, 0xC5	; 197
     b9e:	79 7e       	andi	r23, 0xE9	; 233
     ba0:	8e 95 a3 a6 	call	0x614d46	; 0x614d46 <__TEXT_REGION_LENGTH__+0x60cd46>
     ba4:	b3 af       	std	Z+59, r27	; 0x3b
     ba6:	b3 ae       	std	Z+59, r11	; 0x3b
     ba8:	a9 ad       	ldd	r26, Y+57	; 0x39
     baa:	a9 a7       	std	Y+41, r26	; 0x29
     bac:	9e 99       	sbic	0x13, 6	; 19
     bae:	90 8e       	std	Z+24, r9	; 0x18
     bb0:	81 7a       	andi	r24, 0xA1	; 161
     bb2:	70 6a       	ori	r23, 0xA0	; 160
     bb4:	67 5f       	subi	r22, 0xF7	; 247
     bb6:	59 50       	subi	r21, 0x09	; 9
     bb8:	4b 49       	sbci	r20, 0x9B	; 155
     bba:	4f 52       	subi	r20, 0x2F	; 47
     bbc:	5c 62       	ori	r21, 0x2C	; 44
     bbe:	6a 76       	andi	r22, 0x6A	; 106
     bc0:	7c 86       	std	Y+12, r7	; 0x0c
     bc2:	8d 94 9e a8 	jmp	0x23513c	; 0x23513c <__TEXT_REGION_LENGTH__+0x22d13c>
     bc6:	ab b8       	out	0x0b, r10	; 11
     bc8:	b5 b8       	out	0x05, r11	; 5
     bca:	b7 b0       	in	r11, 0x07	; 7
     bcc:	ac a1       	ldd	r26, Y+36	; 0x24
     bce:	9a 96       	adiw	r26, 0x2a	; 42
     bd0:	91 86       	std	Z+9, r9	; 0x09
     bd2:	83 73       	andi	r24, 0x33	; 51
     bd4:	6d 65       	ori	r22, 0x5D	; 93
     bd6:	5c 57       	subi	r21, 0x7C	; 124
     bd8:	4f 47       	sbci	r20, 0x7F	; 127
     bda:	44 3e       	cpi	r20, 0xE4	; 228
     bdc:	37 3b       	cpi	r19, 0xB7	; 183
     bde:	3d 57       	subi	r19, 0x7D	; 125
     be0:	66 6e       	ori	r22, 0xE6	; 230
     be2:	81 82       	std	Z+1, r8	; 0x01
     be4:	97 9a       	sbi	0x12, 7	; 18
     be6:	9e a1       	ldd	r25, Y+38	; 0x26
     be8:	aa ab       	std	Y+50, r26	; 0x32
     bea:	b5 bd       	out	0x25, r27	; 37
     bec:	b2 bd       	out	0x22, r27	; 34
     bee:	ab b0       	in	r10, 0x0b	; 11
     bf0:	ab a1       	ldd	r26, Y+35	; 0x23
     bf2:	9a 94       	dec	r9
     bf4:	8c 86       	std	Y+12, r8	; 0x0c
     bf6:	7b 6b       	ori	r23, 0xBB	; 187
     bf8:	69 5c       	subi	r22, 0xC9	; 201
     bfa:	5a 56       	subi	r21, 0x6A	; 106
     bfc:	50 52       	subi	r21, 0x20	; 32
     bfe:	4f 4f       	sbci	r20, 0xFF	; 255
     c00:	52 59       	subi	r21, 0x92	; 146
     c02:	5d 6c       	ori	r21, 0xCD	; 205
     c04:	74 82       	std	Z+4, r7	; 0x04
     c06:	8f 94 9f a2 	call	0x23453e	; 0x23453e <__TEXT_REGION_LENGTH__+0x22c53e>
     c0a:	a4 a6       	std	Z+44, r10	; 0x2c
     c0c:	a9 aa       	std	Y+49, r10	; 0x31
     c0e:	b0 ac       	ldd	r11, Z+56	; 0x38
     c10:	a9 a7       	std	Y+41, r26	; 0x29
     c12:	9e 9a       	sbi	0x13, 6	; 19
     c14:	92 8b       	std	Z+18, r25	; 0x12
     c16:	86 81       	ldd	r24, Z+6	; 0x06
     c18:	7c 7c       	andi	r23, 0xCC	; 204
     c1a:	75 6e       	ori	r23, 0xE5	; 229
     c1c:	65 5d       	subi	r22, 0xD5	; 213
     c1e:	5b 57       	subi	r21, 0x7B	; 123
     c20:	55 55       	subi	r21, 0x55	; 85
     c22:	53 50       	subi	r21, 0x03	; 3
     c24:	4e 49       	sbci	r20, 0x9E	; 158
     c26:	47 4a       	sbci	r20, 0xA7	; 167
     c28:	50 69       	ori	r21, 0x90	; 144
     c2a:	7f 84       	ldd	r7, Y+15	; 0x0f
     c2c:	99 99       	sbic	0x13, 1	; 19
     c2e:	a6 ab       	std	Z+54, r26	; 0x36
     c30:	a3 ad       	ldd	r26, Z+59	; 0x3b
     c32:	ae b3       	in	r26, 0x1e	; 30
     c34:	ae b8       	out	0x0e, r10	; 14
     c36:	a8 ac       	ldd	r10, Y+56	; 0x38
     c38:	9c 90       	ld	r9, X
     c3a:	95 87       	std	Z+13, r25	; 0x0d
     c3c:	85 7f       	andi	r24, 0xF5	; 245
     c3e:	7b 76       	andi	r23, 0x6B	; 107
     c40:	74 64       	ori	r23, 0x44	; 68
     c42:	65 65       	ori	r22, 0x55	; 85
     c44:	60 62       	ori	r22, 0x20	; 32
     c46:	5d 5e       	subi	r21, 0xED	; 237
     c48:	65 66       	ori	r22, 0x65	; 101
     c4a:	68 70       	andi	r22, 0x08	; 8
     c4c:	70 79       	andi	r23, 0x90	; 144
     c4e:	83 85       	ldd	r24, Z+11	; 0x0b
     c50:	8f 8d       	ldd	r24, Y+31	; 0x1f
     c52:	8f 94 93 92 	call	0x232526	; 0x232526 <__TEXT_REGION_LENGTH__+0x22a526>
     c56:	91 8b       	std	Z+17, r25	; 0x11
     c58:	8f 95 93 98 	call	0x633126	; 0x633126 <__TEXT_REGION_LENGTH__+0x62b126>
     c5c:	99 91       	ld	r25, Y+
     c5e:	94 8b       	std	Z+20, r25	; 0x14
     c60:	86 85       	ldd	r24, Z+14	; 0x0e
     c62:	7c 78       	andi	r23, 0x8C	; 140
     c64:	75 71       	andi	r23, 0x15	; 21
     c66:	6e 70       	andi	r22, 0x0E	; 14
     c68:	6a 6e       	ori	r22, 0xEA	; 234
     c6a:	6e 6d       	ori	r22, 0xDE	; 222
     c6c:	72 70       	andi	r23, 0x02	; 2
     c6e:	6d 6c       	ori	r22, 0xCD	; 205
     c70:	6a 6b       	ori	r22, 0xBA	; 186
     c72:	6d 69       	ori	r22, 0x9D	; 157
     c74:	68 64       	ori	r22, 0x48	; 72
     c76:	61 64       	ori	r22, 0x41	; 65
     c78:	76 7e       	andi	r23, 0xE6	; 230
     c7a:	79 8c       	ldd	r7, Y+25	; 0x19
     c7c:	85 9b       	sbis	0x10, 5	; 16
     c7e:	98 96       	adiw	r26, 0x28	; 40
     c80:	a4 a5       	ldd	r26, Z+44	; 0x2c
     c82:	a6 a1       	ldd	r26, Z+38	; 0x26
     c84:	a9 99       	sbic	0x15, 1	; 21
     c86:	a4 92       	xch	Z, r10
     c88:	8c 94 85 87 	jmp	0x210f0a	; 0x210f0a <__TEXT_REGION_LENGTH__+0x208f0a>
     c8c:	85 82       	std	Z+5, r8	; 0x05
     c8e:	7f 7d       	andi	r23, 0xDF	; 223
     c90:	72 73       	andi	r23, 0x32	; 50
     c92:	75 6b       	ori	r23, 0xB5	; 181
     c94:	6c 6b       	ori	r22, 0xBC	; 188
     c96:	69 6e       	ori	r22, 0xE9	; 233
     c98:	6a 67       	ori	r22, 0x7A	; 122
     c9a:	70 70       	andi	r23, 0x00	; 0
     c9c:	74 7a       	andi	r23, 0xA4	; 164
     c9e:	7b 82       	std	Y+3, r7	; 0x03
     ca0:	84 84       	ldd	r8, Z+12	; 0x0c
     ca2:	89 8c       	ldd	r8, Y+25	; 0x19
     ca4:	8c 90       	ld	r8, X
     ca6:	91 92       	st	Z+, r9
     ca8:	96 93       	lac	Z, r25
     caa:	96 94       	lsr	r9
     cac:	92 94       	swap	r9
     cae:	90 8d       	ldd	r25, Z+24	; 0x18
     cb0:	87 83       	std	Z+7, r24	; 0x07
     cb2:	81 7e       	andi	r24, 0xE1	; 225
     cb4:	78 77       	andi	r23, 0x78	; 120
     cb6:	77 74       	andi	r23, 0x47	; 71
     cb8:	74 71       	andi	r23, 0x14	; 20
     cba:	6e 6f       	ori	r22, 0xFE	; 254
     cbc:	6a 67       	ori	r22, 0x7A	; 122
     cbe:	69 69       	ori	r22, 0x99	; 153
     cc0:	6e 6f       	ori	r22, 0xFE	; 254
     cc2:	70 71       	andi	r23, 0x10	; 16
     cc4:	71 70       	andi	r23, 0x01	; 1
     cc6:	71 73       	andi	r23, 0x31	; 49
     cc8:	6b 66       	ori	r22, 0x6B	; 107
     cca:	5f 6b       	ori	r21, 0xBF	; 191
     ccc:	90 78       	andi	r25, 0x80	; 128
     cce:	94 99       	sbic	0x12, 4	; 18
     cd0:	9e b5       	in	r25, 0x2e	; 46
     cd2:	9a a8       	ldd	r9, Y+50	; 0x32
     cd4:	ac c0       	rjmp	.+344    	; 0xe2e <__stack+0x52f>
     cd6:	9f b0       	in	r9, 0x0f	; 15
     cd8:	9a 8f       	std	Y+26, r25	; 0x1a
     cda:	a0 77       	andi	r26, 0x70	; 112
     cdc:	85 7c       	andi	r24, 0xC5	; 197
     cde:	73 72       	andi	r23, 0x23	; 35
     ce0:	70 70       	andi	r23, 0x00	; 0
     ce2:	68 70       	andi	r22, 0x08	; 8
     ce4:	65 71       	andi	r22, 0x15	; 21
     ce6:	77 6a       	ori	r23, 0xA7	; 167
     ce8:	72 6f       	ori	r23, 0xF2	; 242
     cea:	71 70       	andi	r23, 0x01	; 1
     cec:	6d 6b       	ori	r22, 0xBD	; 189
     cee:	71 77       	andi	r23, 0x71	; 113
     cf0:	7a 80       	ldd	r7, Y+2	; 0x02
     cf2:	89 8f       	std	Y+25, r24	; 0x19
     cf4:	96 97       	sbiw	r26, 0x26	; 38
     cf6:	92 95       	swap	r25
     cf8:	93 8f       	std	Z+27, r25	; 0x1b
     cfa:	8e 8a       	std	Y+22, r8	; 0x16
     cfc:	88 89       	ldd	r24, Y+16	; 0x10
     cfe:	89 87       	std	Y+9, r24	; 0x09
     d00:	8a 8b       	std	Y+18, r24	; 0x12
     d02:	89 86       	std	Y+9, r8	; 0x09
     d04:	83 82       	std	Z+3, r8	; 0x03
     d06:	83 7e       	andi	r24, 0xE3	; 227
     d08:	77 74       	andi	r23, 0x47	; 71
     d0a:	73 70       	andi	r23, 0x03	; 3
     d0c:	6c 6c       	ori	r22, 0xCC	; 204
     d0e:	6b 6f       	ori	r22, 0xFB	; 251
     d10:	71 76       	andi	r23, 0x61	; 97
     d12:	7c 7f       	andi	r23, 0xFC	; 252
     d14:	7f 85       	ldd	r23, Y+15	; 0x0f
     d16:	89 87       	std	Y+9, r24	; 0x09
     d18:	86 7f       	andi	r24, 0xF6	; 246
     d1a:	7c 7a       	andi	r23, 0xAC	; 172
     d1c:	74 69       	ori	r23, 0x94	; 148
     d1e:	65 5d       	subi	r22, 0xD5	; 213
     d20:	61 8d       	ldd	r22, Z+25	; 0x19
     d22:	7d 87       	std	Y+13, r23	; 0x0d
     d24:	97 94       	ror	r9
     d26:	b0 9f       	mul	r27, r16
     d28:	9d 96       	adiw	r26, 0x2d	; 45
     d2a:	ae 97       	sbiw	r28, 0x2e	; 46
     d2c:	95 91       	lpm	r25, Z+
     d2e:	71 89       	ldd	r23, Z+17	; 0x11
     d30:	73 6e       	ori	r23, 0xE3	; 227
     d32:	72 6d       	ori	r23, 0xD2	; 210
     d34:	6f 6f       	ori	r22, 0xFF	; 255
     d36:	7a 71       	andi	r23, 0x1A	; 26
     d38:	7c 81       	ldd	r23, Y+4	; 0x04
     d3a:	7b 8c       	ldd	r7, Y+27	; 0x1b
     d3c:	84 80       	ldd	r8, Z+4	; 0x04
     d3e:	80 7b       	andi	r24, 0xB0	; 176
     d40:	80 78       	andi	r24, 0x80	; 128
     d42:	7d 75       	andi	r23, 0x5D	; 93
     d44:	76 81       	ldd	r23, Z+6	; 0x06
     d46:	7b 86       	std	Y+11, r7	; 0x0b
     d48:	85 87       	std	Z+13, r24	; 0x0d
     d4a:	8a 8c       	ldd	r8, Y+26	; 0x1a
     d4c:	8b 86       	std	Y+11, r8	; 0x0b
     d4e:	85 7d       	andi	r24, 0xD5	; 213
     d50:	80 82       	st	Z, r8
     d52:	84 81       	ldd	r24, Z+4	; 0x04
     d54:	82 86       	std	Z+10, r8	; 0x0a
     d56:	87 8e       	std	Z+31, r8	; 0x1f
     d58:	85 80       	ldd	r8, Z+5	; 0x05
     d5a:	83 85       	ldd	r24, Z+11	; 0x0b
     d5c:	83 81       	ldd	r24, Z+3	; 0x03
     d5e:	7e 78       	andi	r23, 0x8E	; 142
     d60:	80 79       	andi	r24, 0x90	; 144
     d62:	74 78       	andi	r23, 0x84	; 132
     d64:	74 79       	andi	r23, 0x94	; 148
     d66:	7c 7c       	andi	r23, 0xCC	; 204
     d68:	7d 7c       	andi	r23, 0xCD	; 205
     d6a:	7b 7b       	andi	r23, 0xBB	; 187
     d6c:	7a 76       	andi	r23, 0x6A	; 106
     d6e:	71 6c       	ori	r23, 0xC1	; 193
     d70:	6c 68       	ori	r22, 0x8C	; 140
     d72:	61 60       	ori	r22, 0x01	; 1
     d74:	5a 59       	subi	r21, 0x9A	; 154
     d76:	65 88       	ldd	r6, Z+21	; 0x15
     d78:	86 92       	lac	Z, r8
     d7a:	98 9a       	sbi	0x13, 0	; 19
     d7c:	b0 a9       	ldd	r27, Z+48	; 0x30
     d7e:	a4 a0       	ldd	r10, Z+36	; 0x24
     d80:	ab a2       	std	Y+35, r10	; 0x23
     d82:	a0 94       	com	r10
     d84:	7c 82       	std	Y+4, r7	; 0x04
     d86:	78 73       	andi	r23, 0x38	; 56
     d88:	6e 68       	ori	r22, 0x8E	; 142
     d8a:	6f 71       	andi	r22, 0x1F	; 31
     d8c:	7f 79       	andi	r23, 0x9F	; 159
     d8e:	7c 83       	std	Y+4, r23	; 0x04
     d90:	81 8c       	ldd	r8, Z+25	; 0x19
     d92:	81 7d       	andi	r24, 0xD1	; 209
     d94:	76 77       	andi	r23, 0x76	; 118
     d96:	7a 71       	andi	r23, 0x1A	; 26
     d98:	74 69       	ori	r23, 0x94	; 148
     d9a:	6b 78       	andi	r22, 0x8B	; 139
     d9c:	7a 81       	ldd	r23, Y+2	; 0x02
     d9e:	7f 84       	ldd	r7, Y+15	; 0x0f
     da0:	88 8f       	std	Y+24, r24	; 0x18
     da2:	8d 83       	std	Y+5, r24	; 0x05
     da4:	85 82       	std	Z+5, r8	; 0x05
     da6:	87 85       	ldd	r24, Z+15	; 0x0f
     da8:	80 7d       	andi	r24, 0xD0	; 208
     daa:	7d 87       	std	Y+13, r23	; 0x0d
     dac:	86 89       	ldd	r24, Z+22	; 0x16
     dae:	87 88       	ldd	r8, Z+23	; 0x17
     db0:	91 8b       	std	Z+17, r25	; 0x11
     db2:	86 7d       	andi	r24, 0xD6	; 214
     db4:	7a 7c       	andi	r23, 0xCA	; 202
     db6:	79 75       	andi	r23, 0x59	; 89
     db8:	72 75       	andi	r23, 0x52	; 82
     dba:	79 7e       	andi	r23, 0xE9	; 233
     dbc:	7b 7d       	andi	r23, 0xDB	; 219
     dbe:	83 8d       	ldd	r24, Z+27	; 0x1b
     dc0:	96 8b       	std	Z+22, r25	; 0x16
     dc2:	82 7a       	andi	r24, 0xA2	; 162
     dc4:	7b 77       	andi	r23, 0x7B	; 123
     dc6:	71 65       	ori	r23, 0x51	; 81
     dc8:	61 64       	ori	r22, 0x41	; 65
     dca:	67 6f       	ori	r22, 0xF7	; 247
     dcc:	6c 6c       	ori	r22, 0xCC	; 204
     dce:	71 7a       	andi	r23, 0xA1	; 161
     dd0:	8b 97       	sbiw	r24, 0x2b	; 43
     dd2:	96 97       	sbiw	r26, 0x26	; 38
     dd4:	98 97       	sbiw	r26, 0x28	; 40
     dd6:	94 8a       	std	Z+20, r9	; 0x14
     dd8:	7d 7e       	andi	r23, 0xED	; 237
     dda:	86 85       	ldd	r24, Z+14	; 0x0e
     ddc:	87 81       	ldd	r24, Z+7	; 0x07
     dde:	79 7e       	andi	r23, 0xE9	; 233
     de0:	84 85       	ldd	r24, Z+12	; 0x0c
     de2:	87 87       	std	Z+15, r24	; 0x0f
     de4:	89 8a       	std	Y+17, r8	; 0x11
     de6:	89 82       	std	Y+1, r8	; 0x01
     de8:	7c 7b       	andi	r23, 0xBC	; 188
     dea:	77 79       	andi	r23, 0x97	; 151
     dec:	75 71       	andi	r23, 0x15	; 21
     dee:	6e 6d       	ori	r22, 0xDE	; 222
     df0:	73 74       	andi	r23, 0x43	; 67
     df2:	79 79       	andi	r23, 0x99	; 153
     df4:	7d 85       	ldd	r23, Y+13	; 0x0d
     df6:	88 8b       	std	Y+16, r24	; 0x10
     df8:	8a 8b       	std	Y+18, r24	; 0x12
     dfa:	8b 8b       	std	Y+19, r24	; 0x13
     dfc:	8b 89       	ldd	r24, Y+19	; 0x13
     dfe:	85 84       	ldd	r8, Z+13	; 0x0d
     e00:	86 8b       	std	Z+22, r24	; 0x16
     e02:	8e 8c       	ldd	r8, Y+30	; 0x1e
     e04:	8b 89       	ldd	r24, Y+19	; 0x13
     e06:	88 83       	st	Y, r24
     e08:	7f 7c       	andi	r23, 0xCF	; 207
     e0a:	77 77       	andi	r23, 0x77	; 119
     e0c:	73 73       	andi	r23, 0x33	; 51
     e0e:	77 76       	andi	r23, 0x67	; 103
     e10:	78 79       	andi	r23, 0x98	; 152
     e12:	80 89       	ldd	r24, Z+16	; 0x10
     e14:	8b 8a       	std	Y+19, r8	; 0x13
     e16:	83 83       	std	Z+3, r24	; 0x03
     e18:	89 8a       	std	Y+17, r8	; 0x11
     e1a:	89 87       	std	Y+9, r24	; 0x09
     e1c:	84 81       	ldd	r24, Z+4	; 0x04
     e1e:	81 7c       	andi	r24, 0xC1	; 193
     e20:	77 78       	andi	r23, 0x87	; 135
     e22:	7b 7e       	andi	r23, 0xEB	; 235
     e24:	86 81       	ldd	r24, Z+6	; 0x06
     e26:	7b 7b       	andi	r23, 0xBB	; 187
     e28:	7a 7e       	andi	r23, 0xEA	; 234
     e2a:	80 7e       	andi	r24, 0xE0	; 224
     e2c:	7b 7b       	andi	r23, 0xBB	; 187
     e2e:	78 73       	andi	r23, 0x38	; 56
     e30:	70 6c       	ori	r23, 0xC0	; 192
     e32:	6d 70       	andi	r22, 0x0D	; 13
     e34:	73 79       	andi	r23, 0x93	; 147
     e36:	7a 7c       	andi	r23, 0xCA	; 202
     e38:	80 84       	ldd	r8, Z+8	; 0x08
     e3a:	89 8a       	std	Y+17, r8	; 0x11
     e3c:	8a 8b       	std	Y+18, r24	; 0x12
     e3e:	8d 8e       	std	Y+29, r8	; 0x1d
     e40:	8d 8d       	ldd	r24, Y+29	; 0x1d
     e42:	89 86       	std	Y+9, r8	; 0x09
     e44:	85 80       	ldd	r8, Z+5	; 0x05
     e46:	81 7f       	andi	r24, 0xF1	; 241
     e48:	7d 7c       	andi	r23, 0xCD	; 205
     e4a:	7c 7f       	andi	r23, 0xFC	; 252
     e4c:	82 84       	ldd	r8, Z+10	; 0x0a
     e4e:	84 84       	ldd	r8, Z+12	; 0x0c
     e50:	87 85       	ldd	r24, Z+15	; 0x0f
     e52:	84 81       	ldd	r24, Z+4	; 0x04
     e54:	7d 7d       	andi	r23, 0xDD	; 221
     e56:	7c 80       	ldd	r7, Y+4	; 0x04
     e58:	80 80       	ld	r8, Z
     e5a:	7f 80       	ldd	r7, Y+7	; 0x07
     e5c:	82 82       	std	Z+2, r8	; 0x02
     e5e:	81 80       	ldd	r8, Z+1	; 0x01
     e60:	7f 83       	std	Y+7, r23	; 0x07
     e62:	82 83       	std	Z+2, r24	; 0x02
     e64:	80 7e       	andi	r24, 0xE0	; 224
     e66:	83 82       	std	Z+3, r8	; 0x03
     e68:	87 86       	std	Z+15, r8	; 0x0f
     e6a:	87 89       	ldd	r24, Z+23	; 0x17
     e6c:	88 84       	ldd	r8, Y+8	; 0x08
     e6e:	80 7c       	andi	r24, 0xC0	; 192
     e70:	77 79       	andi	r23, 0x97	; 151
     e72:	7a 7c       	andi	r23, 0xCA	; 202
     e74:	7b 79       	andi	r23, 0x9B	; 155
     e76:	76 77       	andi	r23, 0x76	; 118
     e78:	78 79       	andi	r23, 0x98	; 152
     e7a:	79 7d       	andi	r23, 0xD9	; 217
     e7c:	81 85       	ldd	r24, Z+9	; 0x09
     e7e:	88 85       	ldd	r24, Y+8	; 0x08
     e80:	85 83       	std	Z+5, r24	; 0x05
     e82:	82 82       	std	Z+2, r8	; 0x02
     e84:	81 80       	ldd	r8, Z+1	; 0x01
     e86:	7c 7d       	andi	r23, 0xDC	; 220
     e88:	78 76       	andi	r23, 0x68	; 104
     e8a:	75 77       	andi	r23, 0x75	; 117
     e8c:	7b 7f       	andi	r23, 0xFB	; 251
     e8e:	83 81       	ldd	r24, Z+3	; 0x03
     e90:	84 82       	std	Z+4, r8	; 0x04
     e92:	82 82       	std	Z+2, r8	; 0x02
     e94:	83 80       	ldd	r8, Z+3	; 0x03
     e96:	7d 7a       	andi	r23, 0xAD	; 173
     e98:	79 79       	andi	r23, 0x99	; 153
     e9a:	78 77       	andi	r23, 0x78	; 120
     e9c:	76 77       	andi	r23, 0x76	; 118
     e9e:	77 79       	andi	r23, 0x97	; 151
     ea0:	7c 7e       	andi	r23, 0xEC	; 236
     ea2:	85 8b       	std	Z+21, r24	; 0x15
     ea4:	8c 90       	ld	r8, X
     ea6:	8c 8c       	ldd	r8, Y+28	; 0x1c
     ea8:	8a 89       	ldd	r24, Y+18	; 0x12
     eaa:	8a 87       	std	Y+10, r24	; 0x0a
     eac:	8a 84       	ldd	r8, Y+10	; 0x0a
     eae:	82 7e       	andi	r24, 0xE2	; 226
     eb0:	7d 7d       	andi	r23, 0xDD	; 221
     eb2:	7c 7c       	andi	r23, 0xCC	; 204
     eb4:	7f 80       	ldd	r7, Y+7	; 0x07
     eb6:	83 81       	ldd	r24, Z+3	; 0x03
     eb8:	7d 7b       	andi	r23, 0xBD	; 189
     eba:	77 7a       	andi	r23, 0xA7	; 167
     ebc:	7b 7c       	andi	r23, 0xCB	; 203
     ebe:	7c 7e       	andi	r23, 0xEC	; 236
     ec0:	80 82       	st	Z, r8
     ec2:	83 81       	ldd	r24, Z+3	; 0x03
     ec4:	82 83       	std	Z+2, r24	; 0x02
     ec6:	85 87       	std	Z+13, r24	; 0x0d
     ec8:	85 81       	ldd	r24, Z+5	; 0x05
     eca:	80 80       	ld	r8, Z
     ecc:	81 81       	ldd	r24, Z+1	; 0x01
     ece:	81 86       	std	Z+9, r8	; 0x09
     ed0:	88 8e       	std	Y+24, r8	; 0x18
     ed2:	8e 8a       	std	Y+22, r8	; 0x16
     ed4:	8b 83       	std	Y+3, r24	; 0x03
     ed6:	83 80       	ldd	r8, Z+3	; 0x03
     ed8:	81 83       	std	Z+1, r24	; 0x01
     eda:	82 81       	ldd	r24, Z+2	; 0x02
     edc:	7a 78       	andi	r23, 0x8A	; 138
     ede:	71 71       	andi	r23, 0x11	; 17
     ee0:	73 75       	andi	r23, 0x53	; 83
     ee2:	78 76       	andi	r23, 0x68	; 104
     ee4:	78 78       	andi	r23, 0x88	; 136
     ee6:	79 7c       	andi	r23, 0xC9	; 201
     ee8:	7b 7f       	andi	r23, 0xFB	; 251
     eea:	7e 7d       	andi	r23, 0xDE	; 222
     eec:	7b 75       	andi	r23, 0x5B	; 91
     eee:	72 6e       	ori	r23, 0xE2	; 226
     ef0:	6e 6c       	ori	r22, 0xCE	; 206
     ef2:	7b 89       	ldd	r23, Y+19	; 0x13
     ef4:	8c 92       	st	X, r8
     ef6:	88 8b       	std	Y+16, r24	; 0x10
     ef8:	8b 90       	.word	0x908b	; ????
     efa:	93 98       	cbi	0x12, 3	; 18
     efc:	99 8f       	std	Y+25, r25	; 0x19
     efe:	90 85       	ldd	r25, Z+8	; 0x08
     f00:	86 82       	std	Z+6, r8	; 0x06
     f02:	7f 7e       	andi	r23, 0xEF	; 239
     f04:	7c 7f       	andi	r23, 0xFC	; 252
     f06:	7d 81       	ldd	r23, Y+5	; 0x05
     f08:	7e 7a       	andi	r23, 0xAE	; 174
     f0a:	77 76       	andi	r23, 0x67	; 103
     f0c:	7b 7c       	andi	r23, 0xCB	; 203
     f0e:	7d 7c       	andi	r23, 0xCD	; 205
     f10:	7a 7a       	andi	r23, 0xAA	; 170
     f12:	7b 7b       	andi	r23, 0xBB	; 187
     f14:	7e 7e       	andi	r23, 0xEE	; 238
     f16:	81 85       	ldd	r24, Z+9	; 0x09
     f18:	87 89       	ldd	r24, Z+23	; 0x17
     f1a:	87 87       	std	Z+15, r24	; 0x0f
     f1c:	85 83       	std	Z+5, r24	; 0x05
     f1e:	82 7f       	andi	r24, 0xF2	; 242
     f20:	80 80       	ld	r8, Z
     f22:	7e 7f       	andi	r23, 0xFE	; 254
     f24:	7d 7f       	andi	r23, 0xFD	; 253
     f26:	80 82       	st	Z, r8
     f28:	80 7f       	andi	r24, 0xF0	; 240
     f2a:	7f 7e       	andi	r23, 0xEF	; 239
     f2c:	88 8f       	std	Y+24, r24	; 0x18
     f2e:	8f 89       	ldd	r24, Y+23	; 0x17
     f30:	7c 75       	andi	r23, 0x5C	; 92
     f32:	72 79       	andi	r23, 0x92	; 146
     f34:	7c 82       	std	Y+4, r7	; 0x04
     f36:	83 7a       	andi	r24, 0xA3	; 163
     f38:	79 72       	andi	r23, 0x29	; 41
     f3a:	77 7b       	andi	r23, 0xB7	; 183
     f3c:	82 85       	ldd	r24, Z+10	; 0x0a
     f3e:	82 81       	ldd	r24, Z+2	; 0x02
     f40:	7a 77       	andi	r23, 0x7A	; 122
     f42:	71 6d       	ori	r23, 0xD1	; 209
     f44:	6b 6c       	ori	r22, 0xCB	; 203
     f46:	6d 6e       	ori	r22, 0xED	; 237
     f48:	6d 6a       	ori	r22, 0xAD	; 173
     f4a:	6b 83       	std	Y+3, r22	; 0x03
     f4c:	92 9e       	mul	r9, r18
     f4e:	a2 97       	sbiw	r28, 0x22	; 34
     f50:	95 8f       	std	Z+29, r25	; 0x1d
     f52:	94 93       	xch	Z, r25
     f54:	9d 98       	cbi	0x13, 5	; 19
     f56:	91 8b       	std	Z+17, r25	; 0x11
     f58:	7c 7d       	andi	r23, 0xDC	; 220
     f5a:	7b 83       	std	Y+3, r23	; 0x03
     f5c:	82 82       	std	Z+2, r8	; 0x02
     f5e:	80 7e       	andi	r24, 0xE0	; 224
     f60:	81 7f       	andi	r24, 0xF1	; 241
     f62:	7d 78       	andi	r23, 0x8D	; 141
     f64:	76 74       	andi	r23, 0x46	; 70
     f66:	76 77       	andi	r23, 0x76	; 118
     f68:	77 77       	andi	r23, 0x77	; 119
     f6a:	78 79       	andi	r23, 0x98	; 152
     f6c:	7a 80       	ldd	r7, Y+2	; 0x02
     f6e:	82 87       	std	Z+10, r24	; 0x0a
     f70:	8a 89       	ldd	r24, Y+18	; 0x12
     f72:	88 87       	std	Y+8, r24	; 0x08
     f74:	88 86       	std	Y+8, r8	; 0x08
     f76:	87 83       	std	Z+7, r24	; 0x07
     f78:	80 7d       	andi	r24, 0xD0	; 208
     f7a:	7e 80       	ldd	r7, Y+6	; 0x06
     f7c:	85 87       	std	Z+13, r24	; 0x0d
     f7e:	85 83       	std	Z+5, r24	; 0x05
     f80:	80 7e       	andi	r24, 0xE0	; 224
     f82:	7e 7d       	andi	r23, 0xDE	; 222
     f84:	7b 7b       	andi	r23, 0xBB	; 187
     f86:	7d 84       	ldd	r7, Y+13	; 0x0d
     f88:	8b 8d       	ldd	r24, Y+27	; 0x1b
     f8a:	87 7d       	andi	r24, 0xD7	; 215
     f8c:	79 7b       	andi	r23, 0xB9	; 185
     f8e:	82 8c       	ldd	r8, Z+26	; 0x1a
     f90:	90 8f       	std	Z+24, r25	; 0x18
     f92:	87 7f       	andi	r24, 0xF7	; 247
     f94:	77 77       	andi	r23, 0x77	; 119
     f96:	7b 7d       	andi	r23, 0xDB	; 219
     f98:	7e 78       	andi	r23, 0x8E	; 142
     f9a:	71 69       	ori	r23, 0x91	; 145
     f9c:	62 61       	ori	r22, 0x12	; 18
     f9e:	64 67       	ori	r22, 0x74	; 116
     fa0:	68 65       	ori	r22, 0x58	; 88
     fa2:	62 66       	ori	r22, 0x62	; 98
     fa4:	7f 92       	push	r7
     fa6:	a2 a4       	ldd	r10, Z+42	; 0x2a
     fa8:	9a 91       	ld	r25, -Y
     faa:	87 89       	ldd	r24, Z+23	; 0x17
     fac:	8b 9a       	sbi	0x11, 3	; 17
     fae:	99 94       	.word	0x9499	; ????
     fb0:	89 79       	andi	r24, 0x99	; 153
     fb2:	77 78       	andi	r23, 0x87	; 135
     fb4:	83 87       	std	Z+11, r24	; 0x0b
     fb6:	8a 87       	std	Y+10, r24	; 0x0a
     fb8:	83 84       	ldd	r8, Z+11	; 0x0b
     fba:	81 80       	ldd	r8, Z+1	; 0x01
     fbc:	7b 75       	andi	r23, 0x5B	; 91
     fbe:	6c 6b       	ori	r22, 0xBC	; 188
     fc0:	6b 6f       	ori	r22, 0xFB	; 251
     fc2:	73 77       	andi	r23, 0x73	; 115
     fc4:	76 75       	andi	r23, 0x56	; 86
     fc6:	79 7d       	andi	r23, 0xD9	; 217
     fc8:	88 8e       	std	Y+24, r8	; 0x18
     fca:	90 8e       	std	Z+24, r9	; 0x18
     fcc:	89 85       	ldd	r24, Y+9	; 0x09
     fce:	84 85       	ldd	r24, Z+12	; 0x0c
     fd0:	84 83       	std	Z+4, r24	; 0x04
     fd2:	80 80       	ld	r8, Z
     fd4:	82 86       	std	Z+10, r8	; 0x0a
     fd6:	89 8a       	std	Y+17, r8	; 0x11
     fd8:	89 83       	std	Y+1, r24	; 0x01
     fda:	80 7a       	andi	r24, 0xA0	; 160
     fdc:	79 7a       	andi	r23, 0xA9	; 169
     fde:	7b 7c       	andi	r23, 0xCB	; 203
     fe0:	7f 83       	std	Y+7, r23	; 0x07
     fe2:	8a 8d       	ldd	r24, Y+26	; 0x1a
     fe4:	8b 86       	std	Y+11, r8	; 0x0b
     fe6:	80 7e       	andi	r24, 0xE0	; 224
     fe8:	81 88       	ldd	r8, Z+17	; 0x11
     fea:	8b 8f       	std	Y+27, r24	; 0x1b
     fec:	8c 86       	std	Y+12, r8	; 0x0c
     fee:	7d 74       	andi	r23, 0x4D	; 77
     ff0:	70 6e       	ori	r23, 0xE0	; 224
     ff2:	72 72       	andi	r23, 0x22	; 34
     ff4:	70 68       	ori	r23, 0x80	; 128
     ff6:	61 5f       	subi	r22, 0xF1	; 241
     ff8:	5f 64       	ori	r21, 0x4F	; 79
     ffa:	65 66       	ori	r22, 0x65	; 101
     ffc:	64 71       	andi	r22, 0x14	; 20
     ffe:	8c a0       	ldd	r8, Y+36	; 0x24
    1000:	b0 a9       	ldd	r27, Z+48	; 0x30
    1002:	9a 8a       	std	Y+18, r9	; 0x12
    1004:	83 83       	std	Z+3, r24	; 0x03
    1006:	91 a0       	ldd	r9, Z+33	; 0x21
    1008:	9e 9a       	sbi	0x13, 6	; 19
    100a:	85 76       	andi	r24, 0x65	; 101
    100c:	73 7b       	andi	r23, 0xB3	; 179
    100e:	86 91       	elpm	r24, Z
    1010:	93 8b       	std	Z+19, r25	; 0x13
    1012:	87 80       	ldd	r8, Z+7	; 0x07
    1014:	7b 79       	andi	r23, 0x9B	; 155
    1016:	76 6d       	ori	r23, 0xD6	; 214
    1018:	68 67       	ori	r22, 0x78	; 120
    101a:	68 72       	andi	r22, 0x28	; 40
    101c:	78 7c       	andi	r23, 0xC8	; 200
    101e:	7c 7e       	andi	r23, 0xEC	; 236
    1020:	80 87       	std	Z+8, r24	; 0x08
    1022:	90 91 91 8c 	lds	r25, 0x8C91	; 0x808c91 <__bss_end+0x8b8d>
    1026:	85 81       	ldd	r24, Z+5	; 0x05
    1028:	7f 7d       	andi	r23, 0xDF	; 223
    102a:	7c 7c       	andi	r23, 0xCC	; 204
    102c:	7e 81       	ldd	r23, Y+6	; 0x06
    102e:	86 89       	ldd	r24, Z+22	; 0x16
    1030:	8c 8b       	std	Y+20, r24	; 0x14
    1032:	86 81       	ldd	r24, Z+6	; 0x06
    1034:	7e 7c       	andi	r23, 0xCE	; 206
    1036:	7d 7e       	andi	r23, 0xED	; 237
    1038:	7f 84       	ldd	r7, Y+15	; 0x0f
    103a:	8c 8f       	std	Y+28, r24	; 0x1c
    103c:	8e 88       	ldd	r8, Y+22	; 0x16
    103e:	82 80       	ldd	r8, Z+2	; 0x02
    1040:	80 83       	st	Z, r24
    1042:	85 87       	std	Z+13, r24	; 0x0d
    1044:	85 82       	std	Z+5, r8	; 0x05
    1046:	7e 79       	andi	r23, 0x9E	; 158
    1048:	75 73       	andi	r23, 0x35	; 53
    104a:	70 6f       	ori	r23, 0xF0	; 240
    104c:	6d 6a       	ori	r22, 0xAD	; 173
    104e:	68 64       	ori	r22, 0x48	; 72
    1050:	60 5d       	subi	r22, 0xD0	; 208
    1052:	5f 62       	ori	r21, 0x2F	; 47
    1054:	66 68       	ori	r22, 0x86	; 134
    1056:	73 8f       	std	Z+27, r23	; 0x1b
    1058:	a0 b1       	in	r26, 0x00	; 0
    105a:	ac 9f       	mul	r26, r28
    105c:	91 89       	ldd	r25, Z+17	; 0x11
    105e:	89 92       	st	Y+, r8
    1060:	a2 9f       	mul	r26, r18
    1062:	9c 88       	ldd	r9, Y+20	; 0x14
    1064:	77 6f       	ori	r23, 0xF7	; 247
    1066:	71 7a       	andi	r23, 0xA1	; 161
    1068:	85 8e       	std	Z+29, r8	; 0x1d
    106a:	8a 89       	ldd	r24, Y+18	; 0x12
    106c:	81 7a       	andi	r24, 0xA1	; 161
    106e:	75 72       	andi	r23, 0x25	; 37
    1070:	6c 68       	ori	r22, 0x8C	; 140
    1072:	67 65       	ori	r22, 0x57	; 87
    1074:	6b 70       	andi	r22, 0x0B	; 11
    1076:	74 78       	andi	r23, 0x84	; 132
    1078:	7d 82       	std	Y+5, r7	; 0x05
    107a:	8a 94       	dec	r8
    107c:	98 98       	cbi	0x13, 0	; 19
    107e:	93 8a       	std	Z+19, r9	; 0x13
    1080:	85 82       	std	Z+5, r8	; 0x05
    1082:	80 7e       	andi	r24, 0xE0	; 224
    1084:	7d 7a       	andi	r23, 0xAD	; 173
    1086:	7a 7f       	andi	r23, 0xFA	; 250
    1088:	84 89       	ldd	r24, Z+20	; 0x14
    108a:	8a 87       	std	Y+10, r24	; 0x0a
    108c:	80 7c       	andi	r24, 0xC0	; 192
    108e:	78 79       	andi	r23, 0x98	; 152
    1090:	7c 82       	std	Y+4, r7	; 0x04
    1092:	8c 8f       	std	Y+28, r24	; 0x1c
    1094:	8d 85       	ldd	r24, Y+13	; 0x0d
    1096:	7f 7d       	andi	r23, 0xDF	; 223
    1098:	80 84       	ldd	r8, Z+8	; 0x08
    109a:	88 8b       	std	Y+16, r24	; 0x10
    109c:	88 83       	st	Y, r24
    109e:	7f 7c       	andi	r23, 0xCF	; 207
    10a0:	7d 7d       	andi	r23, 0xDD	; 221
    10a2:	7b 7b       	andi	r23, 0xBB	; 187
    10a4:	77 72       	andi	r23, 0x27	; 39
    10a6:	6f 6b       	ori	r22, 0xBF	; 191
    10a8:	67 66       	ori	r22, 0x67	; 103
    10aa:	66 69       	ori	r22, 0x96	; 150
    10ac:	6d 6e       	ori	r22, 0xED	; 237
    10ae:	6d 6a       	ori	r22, 0xAD	; 173
    10b0:	65 66       	ori	r22, 0x65	; 101
    10b2:	7b 8e       	std	Y+27, r7	; 0x1b
    10b4:	a1 a8       	ldd	r10, Z+49	; 0x31
    10b6:	a1 97       	sbiw	r28, 0x21	; 33
    10b8:	92 94       	swap	r9
    10ba:	9b ad       	ldd	r25, Y+59	; 0x3b
    10bc:	af ab       	std	Y+55, r26	; 0x37
    10be:	9d 87       	std	Y+13, r25	; 0x0d
    10c0:	7c 79       	andi	r23, 0x9C	; 156
    10c2:	7c 82       	std	Y+4, r7	; 0x04
    10c4:	87 81       	ldd	r24, Z+7	; 0x07
    10c6:	79 71       	andi	r23, 0x19	; 25
    10c8:	6c 68       	ori	r22, 0x8C	; 140
    10ca:	6c 6b       	ori	r22, 0xBC	; 188
    10cc:	6e 73       	andi	r22, 0x3E	; 62
    10ce:	75 78       	andi	r23, 0x85	; 133
    10d0:	7a 7d       	andi	r23, 0xDA	; 218
    10d2:	7f 86       	std	Y+15, r7	; 0x0f
    10d4:	88 88       	ldd	r8, Y+16	; 0x10
    10d6:	88 87       	std	Y+8, r24	; 0x08
    10d8:	87 8a       	std	Z+23, r8	; 0x17
    10da:	8a 87       	std	Y+10, r24	; 0x0a
    10dc:	85 80       	ldd	r8, Z+5	; 0x05
    10de:	7b 7d       	andi	r23, 0xDB	; 219
    10e0:	82 89       	ldd	r24, Z+18	; 0x12
    10e2:	8d 8e       	std	Y+29, r8	; 0x1d
    10e4:	89 85       	ldd	r24, Y+9	; 0x09
    10e6:	80 7c       	andi	r24, 0xC0	; 192
    10e8:	7b 79       	andi	r23, 0x9B	; 155
    10ea:	7d 83       	std	Y+5, r23	; 0x05
    10ec:	88 8a       	std	Y+16, r8	; 0x10
    10ee:	87 83       	std	Z+7, r24	; 0x07
    10f0:	7f 7e       	andi	r23, 0xEF	; 239
    10f2:	7f 80       	ldd	r7, Y+7	; 0x07
    10f4:	82 81       	ldd	r24, Z+2	; 0x02
    10f6:	7e 7a       	andi	r23, 0xAE	; 174
    10f8:	76 77       	andi	r23, 0x76	; 118
    10fa:	78 7c       	andi	r23, 0xC8	; 200
    10fc:	7d 7d       	andi	r23, 0xDD	; 221
    10fe:	7c 76       	andi	r23, 0x6C	; 108
    1100:	71 6d       	ori	r23, 0xD1	; 209
    1102:	6d 6d       	ori	r22, 0xDD	; 221
    1104:	70 73       	andi	r23, 0x30	; 48
    1106:	75 78       	andi	r23, 0x85	; 133
    1108:	79 7b       	andi	r23, 0xB9	; 185
    110a:	7b 7c       	andi	r23, 0xCB	; 203
    110c:	77 72       	andi	r23, 0x27	; 39
    110e:	6e 6f       	ori	r22, 0xFE	; 254
    1110:	75 84       	ldd	r7, Z+13	; 0x0d
    1112:	8e 95 96 90 	call	0x61212c	; 0x61212c <__TEXT_REGION_LENGTH__+0x60a12c>
    1116:	8c 8d       	ldd	r24, Y+28	; 0x1c
    1118:	91 97       	sbiw	r26, 0x21	; 33
    111a:	9e 9d       	mul	r25, r14
    111c:	99 92       	st	Y+, r9
    111e:	8b 87       	std	Y+11, r24	; 0x0b
    1120:	86 83       	std	Z+6, r24	; 0x06
    1122:	7f 7a       	andi	r23, 0xAF	; 175
    1124:	75 72       	andi	r23, 0x25	; 37
    1126:	71 71       	andi	r23, 0x11	; 17
    1128:	70 71       	andi	r23, 0x10	; 16
    112a:	70 70       	andi	r23, 0x00	; 0
    112c:	75 7a       	andi	r23, 0xA5	; 165
    112e:	7f 84       	ldd	r7, Y+15	; 0x0f
    1130:	84 80       	ldd	r8, Z+4	; 0x04
    1132:	7f 80       	ldd	r7, Y+7	; 0x07
    1134:	81 84       	ldd	r8, Z+9	; 0x09
    1136:	85 80       	ldd	r8, Z+5	; 0x05
    1138:	7d 7a       	andi	r23, 0xAD	; 173
    113a:	7c 82       	std	Y+4, r7	; 0x04
    113c:	88 8a       	std	Y+16, r8	; 0x10
    113e:	88 85       	ldd	r24, Y+8	; 0x08
    1140:	82 84       	ldd	r8, Z+10	; 0x0a
    1142:	86 86       	std	Z+14, r8	; 0x0e
    1144:	84 81       	ldd	r24, Z+4	; 0x04
    1146:	7d 7b       	andi	r23, 0xBD	; 189
    1148:	7a 7d       	andi	r23, 0xDA	; 218
    114a:	83 88       	ldd	r8, Z+19	; 0x13
    114c:	88 83       	st	Y, r24
    114e:	7e 7b       	andi	r23, 0xBE	; 190
    1150:	7c 80       	ldd	r7, Y+4	; 0x04
    1152:	85 86       	std	Z+13, r8	; 0x0d
    1154:	84 7f       	andi	r24, 0xF4	; 244
    1156:	79 77       	andi	r23, 0x79	; 121
    1158:	77 79       	andi	r23, 0x97	; 151
    115a:	7d 7e       	andi	r23, 0xED	; 237
    115c:	7e 7e       	andi	r23, 0xEE	; 238
    115e:	7d 7c       	andi	r23, 0xCD	; 205
    1160:	7d 7e       	andi	r23, 0xED	; 237
    1162:	7d 7d       	andi	r23, 0xDD	; 221
    1164:	7b 79       	andi	r23, 0x9B	; 155
    1166:	78 76       	andi	r23, 0x68	; 104
    1168:	79 7a       	andi	r23, 0xA9	; 169
    116a:	7d 80       	ldd	r7, Y+5	; 0x05
    116c:	82 84       	ldd	r8, Z+10	; 0x0a
    116e:	85 85       	ldd	r24, Z+13	; 0x0d
    1170:	82 7d       	andi	r24, 0xD2	; 210
    1172:	75 75       	andi	r23, 0x55	; 85
    1174:	7b 82       	std	Y+3, r7	; 0x03
    1176:	87 88       	ldd	r8, Z+23	; 0x17
    1178:	85 82       	std	Z+5, r8	; 0x05
    117a:	83 85       	ldd	r24, Z+11	; 0x0b
    117c:	8e 97       	sbiw	r24, 0x2e	; 46
    117e:	9b 9c       	mul	r9, r11
    1180:	97 8f       	std	Z+31, r25	; 0x1f
    1182:	89 85       	ldd	r24, Y+9	; 0x09
    1184:	80 7d       	andi	r24, 0xD0	; 208
    1186:	78 74       	andi	r23, 0x48	; 72
    1188:	72 71       	andi	r23, 0x12	; 18
    118a:	70 72       	andi	r23, 0x20	; 32
    118c:	76 7b       	andi	r23, 0xB6	; 182
    118e:	83 88       	ldd	r8, Z+19	; 0x13
    1190:	89 87       	std	Y+9, r24	; 0x09
    1192:	83 81       	ldd	r24, Z+3	; 0x03
    1194:	80 81       	ld	r24, Z
    1196:	80 7f       	andi	r24, 0xF0	; 240
    1198:	7d 7a       	andi	r23, 0xAD	; 173
    119a:	7b 7e       	andi	r23, 0xEB	; 235
    119c:	82 87       	std	Z+10, r24	; 0x0a
    119e:	89 89       	ldd	r24, Y+17	; 0x11
    11a0:	87 86       	std	Z+15, r8	; 0x0f
    11a2:	86 86       	std	Z+14, r8	; 0x0e
    11a4:	86 84       	ldd	r8, Z+14	; 0x0e
    11a6:	80 7c       	andi	r24, 0xC0	; 192
    11a8:	79 78       	andi	r23, 0x89	; 137
    11aa:	78 7a       	andi	r23, 0xA8	; 168
    11ac:	7c 80       	ldd	r7, Y+4	; 0x04
    11ae:	85 88       	ldd	r8, Z+21	; 0x15
    11b0:	88 85       	ldd	r24, Y+8	; 0x08
    11b2:	81 7c       	andi	r24, 0xC1	; 193
    11b4:	7b 7c       	andi	r23, 0xCB	; 203
    11b6:	7e 7f       	andi	r23, 0xFE	; 254
    11b8:	7e 7b       	andi	r23, 0xBE	; 190
    11ba:	7a 7a       	andi	r23, 0xAA	; 170
    11bc:	7c 80       	ldd	r7, Y+4	; 0x04
    11be:	83 86       	std	Z+11, r8	; 0x0b
    11c0:	84 81       	ldd	r24, Z+4	; 0x04
    11c2:	7c 7a       	andi	r23, 0xAC	; 172
    11c4:	7b 7c       	andi	r23, 0xCB	; 203
    11c6:	7e 7f       	andi	r23, 0xFE	; 254
    11c8:	7e 7f       	andi	r23, 0xFE	; 254
    11ca:	7e 7e       	andi	r23, 0xEE	; 238
    11cc:	7d 7d       	andi	r23, 0xDD	; 221
    11ce:	7a 79       	andi	r23, 0x9A	; 154
    11d0:	78 79       	andi	r23, 0x98	; 152
    11d2:	7d 7f       	andi	r23, 0xFD	; 253
    11d4:	80 7f       	andi	r24, 0xF0	; 240
    11d6:	7c 7b       	andi	r23, 0xBC	; 188
    11d8:	7d 83       	std	Y+5, r23	; 0x05
    11da:	8b 91       	.word	0x918b	; ????
    11dc:	90 8b       	std	Z+16, r25	; 0x10
    11de:	85 80       	ldd	r8, Z+5	; 0x05
    11e0:	82 86       	std	Z+10, r8	; 0x0a
    11e2:	8a 8b       	std	Y+18, r24	; 0x12
    11e4:	87 82       	std	Z+7, r8	; 0x07
    11e6:	7e 7d       	andi	r23, 0xDE	; 222
    11e8:	81 85       	ldd	r24, Z+9	; 0x09
    11ea:	87 83       	std	Z+7, r24	; 0x07
    11ec:	7d 79       	andi	r23, 0x9D	; 157
    11ee:	78 7c       	andi	r23, 0xC8	; 200
    11f0:	80 82       	st	Z, r8
    11f2:	7f 7b       	andi	r23, 0xBF	; 191
    11f4:	79 7c       	andi	r23, 0xC9	; 201
    11f6:	82 85       	ldd	r24, Z+10	; 0x0a
    11f8:	87 85       	ldd	r24, Z+15	; 0x0f
    11fa:	81 7f       	andi	r24, 0xF1	; 241
    11fc:	7f 82       	std	Y+7, r7	; 0x07
    11fe:	84 83       	std	Z+4, r24	; 0x04
    1200:	7f 7c       	andi	r23, 0xCF	; 207
    1202:	7b 7d       	andi	r23, 0xDB	; 219
    1204:	81 84       	ldd	r8, Z+9	; 0x09
    1206:	87 87       	std	Z+15, r24	; 0x0f
    1208:	85 83       	std	Z+5, r24	; 0x05
    120a:	82 82       	std	Z+2, r8	; 0x02
    120c:	81 80       	ldd	r8, Z+1	; 0x01
    120e:	7d 79       	andi	r23, 0x9D	; 157
    1210:	76 74       	andi	r23, 0x46	; 70
    1212:	77 7c       	andi	r23, 0xC7	; 199
    1214:	80 82       	st	Z, r8
    1216:	82 81       	ldd	r24, Z+2	; 0x02
    1218:	80 81       	ld	r24, Z
    121a:	82 84       	ldd	r8, Z+10	; 0x0a
    121c:	86 85       	ldd	r24, Z+14	; 0x0e
    121e:	84 81       	ldd	r24, Z+4	; 0x04
    1220:	7e 7c       	andi	r23, 0xCE	; 206
    1222:	7c 7d       	andi	r23, 0xDC	; 220
    1224:	7e 81       	ldd	r23, Y+6	; 0x06
    1226:	80 7f       	andi	r24, 0xF0	; 240
    1228:	7c 7a       	andi	r23, 0xAC	; 172
    122a:	77 75       	andi	r23, 0x57	; 87
    122c:	77 77       	andi	r23, 0x77	; 119
    122e:	7b 7c       	andi	r23, 0xCB	; 203
    1230:	7b 7b       	andi	r23, 0xBB	; 187
    1232:	7d 7f       	andi	r23, 0xFD	; 253
    1234:	84 86       	std	Z+12, r8	; 0x0c
    1236:	87 87       	std	Z+15, r24	; 0x0f
    1238:	86 84       	ldd	r8, Z+14	; 0x0e
    123a:	82 7e       	andi	r24, 0xE2	; 226
    123c:	7a 77       	andi	r23, 0x7A	; 122
    123e:	73 74       	andi	r23, 0x43	; 67
    1240:	78 7c       	andi	r23, 0xC8	; 200
    1242:	80 82       	st	Z, r8
    1244:	82 85       	ldd	r24, Z+10	; 0x0a
    1246:	89 8c       	ldd	r8, Y+25	; 0x19
    1248:	91 92       	st	Z+, r9
    124a:	8f 89       	ldd	r24, Y+23	; 0x17
    124c:	83 7f       	andi	r24, 0xF3	; 243
    124e:	7e 7e       	andi	r23, 0xEE	; 238
    1250:	7d 7c       	andi	r23, 0xCD	; 205
    1252:	7a 79       	andi	r23, 0x9A	; 154
    1254:	7a 7d       	andi	r23, 0xDA	; 218
    1256:	80 82       	st	Z, r8
    1258:	82 81       	ldd	r24, Z+2	; 0x02
    125a:	80 80       	ld	r8, Z
    125c:	7e 7e       	andi	r23, 0xEE	; 238
    125e:	7e 7c       	andi	r23, 0xCE	; 206
    1260:	7c 7c       	andi	r23, 0xCC	; 204
    1262:	7d 7e       	andi	r23, 0xED	; 237
    1264:	81 81       	ldd	r24, Z+1	; 0x01
    1266:	83 82       	std	Z+3, r8	; 0x03
    1268:	81 81       	ldd	r24, Z+1	; 0x01
    126a:	80 80       	ld	r8, Z
    126c:	80 7e       	andi	r24, 0xE0	; 224
    126e:	7d 7d       	andi	r23, 0xDD	; 221
    1270:	7e 7e       	andi	r23, 0xEE	; 238
    1272:	7e 7e       	andi	r23, 0xEE	; 238
    1274:	7e 7d       	andi	r23, 0xDE	; 222
    1276:	7d 7e       	andi	r23, 0xED	; 237
    1278:	82 85       	ldd	r24, Z+10	; 0x0a
    127a:	86 85       	ldd	r24, Z+14	; 0x0e
    127c:	83 82       	std	Z+3, r8	; 0x03
    127e:	81 83       	std	Z+1, r24	; 0x01
    1280:	83 82       	std	Z+3, r8	; 0x03
    1282:	7f 7c       	andi	r23, 0xCF	; 207
    1284:	7a 79       	andi	r23, 0x9A	; 154
    1286:	79 7a       	andi	r23, 0xA9	; 169
    1288:	7b 7b       	andi	r23, 0xBB	; 187
    128a:	7c 7e       	andi	r23, 0xEC	; 236
    128c:	80 82       	st	Z, r8
    128e:	83 82       	std	Z+3, r8	; 0x03
    1290:	80 80       	ld	r8, Z
    1292:	7f 82       	std	Y+7, r7	; 0x07
    1294:	83 82       	std	Z+3, r8	; 0x03
    1296:	7f 7a       	andi	r23, 0xAF	; 175
    1298:	78 78       	andi	r23, 0x88	; 136
    129a:	7b 7d       	andi	r23, 0xDB	; 219
    129c:	7f 7f       	andi	r23, 0xFF	; 255
    129e:	7e 7d       	andi	r23, 0xDE	; 222
    12a0:	7e 83       	std	Y+6, r23	; 0x06
    12a2:	86 88       	ldd	r8, Z+22	; 0x16
    12a4:	88 86       	std	Y+8, r8	; 0x08
    12a6:	82 81       	ldd	r24, Z+2	; 0x02
    12a8:	82 85       	ldd	r24, Z+10	; 0x0a
    12aa:	89 8a       	std	Y+17, r8	; 0x11
    12ac:	88 86       	std	Y+8, r8	; 0x08
    12ae:	84 83       	std	Z+4, r24	; 0x04
    12b0:	84 85       	ldd	r24, Z+12	; 0x0c
    12b2:	85 84       	ldd	r8, Z+13	; 0x0d
    12b4:	81 7f       	andi	r24, 0xF1	; 241
    12b6:	7e 7d       	andi	r23, 0xDE	; 222
    12b8:	7c 7c       	andi	r23, 0xCC	; 204
    12ba:	7c 7c       	andi	r23, 0xCC	; 204
    12bc:	7c 7d       	andi	r23, 0xDC	; 220
    12be:	7e 80       	ldd	r7, Y+6	; 0x06
    12c0:	83 84       	ldd	r8, Z+11	; 0x0b
    12c2:	85 84       	ldd	r8, Z+13	; 0x0d
    12c4:	83 81       	ldd	r24, Z+3	; 0x03
    12c6:	81 81       	ldd	r24, Z+1	; 0x01
    12c8:	82 84       	ldd	r8, Z+10	; 0x0a
    12ca:	82 82       	std	Z+2, r8	; 0x02
    12cc:	80 7f       	andi	r24, 0xF0	; 240
    12ce:	80 80       	ld	r8, Z
    12d0:	80 7f       	andi	r24, 0xF0	; 240
    12d2:	7e 7d       	andi	r23, 0xDE	; 222
    12d4:	7e 7f       	andi	r23, 0xFE	; 254
    12d6:	80 80       	ld	r8, Z
    12d8:	80 80       	ld	r8, Z
    12da:	81 7f       	andi	r24, 0xF1	; 241
    12dc:	7e 7e       	andi	r23, 0xEE	; 238
    12de:	7f 7f       	andi	r23, 0xFF	; 255
    12e0:	7f 7e       	andi	r23, 0xEF	; 239
    12e2:	7f 81       	ldd	r23, Y+7	; 0x07
    12e4:	83 83       	std	Z+3, r24	; 0x03
    12e6:	81 80       	ldd	r8, Z+1	; 0x01
    12e8:	81 81       	ldd	r24, Z+1	; 0x01
    12ea:	81 81       	ldd	r24, Z+1	; 0x01
    12ec:	83 84       	ldd	r8, Z+11	; 0x0b
    12ee:	85 85       	ldd	r24, Z+13	; 0x0d
    12f0:	84 82       	std	Z+4, r8	; 0x04
    12f2:	80 7e       	andi	r24, 0xE0	; 224
    12f4:	7e 7e       	andi	r23, 0xEE	; 238
    12f6:	7d 7d       	andi	r23, 0xDD	; 221
    12f8:	7c 7c       	andi	r23, 0xCC	; 204
    12fa:	7c 7c       	andi	r23, 0xCC	; 204
    12fc:	7d 7e       	andi	r23, 0xED	; 237
    12fe:	7f 80       	ldd	r7, Y+7	; 0x07
    1300:	81 81       	ldd	r24, Z+1	; 0x01
    1302:	80 7f       	andi	r24, 0xF0	; 240
    1304:	7d 7c       	andi	r23, 0xCD	; 205
    1306:	7b 7c       	andi	r23, 0xCB	; 203
    1308:	7e 7f       	andi	r23, 0xFE	; 254
    130a:	80 80       	ld	r8, Z
    130c:	80 80       	ld	r8, Z
    130e:	82 83       	std	Z+2, r24	; 0x02
    1310:	85 85       	ldd	r24, Z+13	; 0x0d
    1312:	85 85       	ldd	r24, Z+13	; 0x0d
    1314:	84 82       	std	Z+4, r8	; 0x04
    1316:	81 81       	ldd	r24, Z+1	; 0x01
    1318:	81 81       	ldd	r24, Z+1	; 0x01
    131a:	81 81       	ldd	r24, Z+1	; 0x01
    131c:	80 80       	ld	r8, Z
    131e:	80 7f       	andi	r24, 0xF0	; 240
    1320:	7d 7d       	andi	r23, 0xDD	; 221
    1322:	7b 7b       	andi	r23, 0xBB	; 187
    1324:	7b 7b       	andi	r23, 0xBB	; 187
    1326:	7c 7d       	andi	r23, 0xDC	; 220
    1328:	7d 7e       	andi	r23, 0xED	; 237
    132a:	7f 7f       	andi	r23, 0xFF	; 255
    132c:	7f 7f       	andi	r23, 0xFF	; 255
    132e:	80 81       	ld	r24, Z
    1330:	81 81       	ldd	r24, Z+1	; 0x01
    1332:	82 81       	ldd	r24, Z+2	; 0x02
    1334:	81 80       	ldd	r8, Z+1	; 0x01
    1336:	7f 7f       	andi	r23, 0xFF	; 255
    1338:	80 81       	ld	r24, Z
    133a:	82 83       	std	Z+2, r24	; 0x02
    133c:	83 81       	ldd	r24, Z+3	; 0x03
    133e:	80 7f       	andi	r24, 0xF0	; 240
    1340:	7f 7f       	andi	r23, 0xFF	; 255
    1342:	7e 7e       	andi	r23, 0xEE	; 238
    1344:	7e 7e       	andi	r23, 0xEE	; 238
    1346:	7e 7f       	andi	r23, 0xFE	; 254
    1348:	7f 80       	ldd	r7, Y+7	; 0x07
    134a:	7f 7f       	andi	r23, 0xFF	; 255
    134c:	7f 7f       	andi	r23, 0xFF	; 255
    134e:	80 81       	ld	r24, Z
    1350:	82 81       	ldd	r24, Z+2	; 0x02
    1352:	80 7f       	andi	r24, 0xF0	; 240
    1354:	7f 80       	ldd	r7, Y+7	; 0x07
    1356:	80 80       	ld	r8, Z
    1358:	80 80       	ld	r8, Z
    135a:	80 81       	ld	r24, Z
    135c:	81 81       	ldd	r24, Z+1	; 0x01
    135e:	81 80       	ldd	r8, Z+1	; 0x01
    1360:	7f 7f       	andi	r23, 0xFF	; 255
    1362:	7f 81       	ldd	r23, Y+7	; 0x07
    1364:	82 83       	std	Z+2, r24	; 0x02
    1366:	84 84       	ldd	r8, Z+12	; 0x0c
    1368:	82 81       	ldd	r24, Z+2	; 0x02
    136a:	80 7f       	andi	r24, 0xF0	; 240
    136c:	7f 7f       	andi	r23, 0xFF	; 255
    136e:	7e 7d       	andi	r23, 0xDE	; 222
    1370:	7c 7b       	andi	r23, 0xBC	; 188
    1372:	7d 7e       	andi	r23, 0xED	; 237
    1374:	80 81       	ld	r24, Z
    1376:	82 82       	std	Z+2, r8	; 0x02
    1378:	81 81       	ldd	r24, Z+1	; 0x01
    137a:	81 82       	std	Z+1, r8	; 0x01
    137c:	82 82       	std	Z+2, r8	; 0x02
    137e:	81 80       	ldd	r8, Z+1	; 0x01
    1380:	7f 80       	ldd	r7, Y+7	; 0x07
    1382:	81 81       	ldd	r24, Z+1	; 0x01
    1384:	81 80       	ldd	r8, Z+1	; 0x01
    1386:	7f 7e       	andi	r23, 0xEF	; 239
    1388:	7e 7e       	andi	r23, 0xEE	; 238
    138a:	7e 7f       	andi	r23, 0xFE	; 254
    138c:	7e 7e       	andi	r23, 0xEE	; 238
    138e:	7e 7e       	andi	r23, 0xEE	; 238
    1390:	7f 80       	ldd	r7, Y+7	; 0x07
    1392:	80 81       	ld	r24, Z
    1394:	81 81       	ldd	r24, Z+1	; 0x01
    1396:	82 82       	std	Z+2, r8	; 0x02
    1398:	82 81       	ldd	r24, Z+2	; 0x02
    139a:	7f 7e       	andi	r23, 0xEF	; 239
    139c:	7e 7e       	andi	r23, 0xEE	; 238
    139e:	7f 80       	ldd	r7, Y+7	; 0x07
    13a0:	81 81       	ldd	r24, Z+1	; 0x01
    13a2:	81 81       	ldd	r24, Z+1	; 0x01
    13a4:	81 80       	ldd	r8, Z+1	; 0x01
    13a6:	80 80       	ld	r8, Z
    13a8:	80 80       	ld	r8, Z
    13aa:	81 82       	std	Z+1, r8	; 0x01
    13ac:	82 81       	ldd	r24, Z+2	; 0x02
    13ae:	81 80       	ldd	r8, Z+1	; 0x01
    13b0:	80 80       	ld	r8, Z
    13b2:	80 81       	ld	r24, Z
    13b4:	81 81       	ldd	r24, Z+1	; 0x01
    13b6:	81 80       	ldd	r8, Z+1	; 0x01
    13b8:	7f 7f       	andi	r23, 0xFF	; 255
    13ba:	7f 7f       	andi	r23, 0xFF	; 255
    13bc:	7f 7f       	andi	r23, 0xFF	; 255
    13be:	7f 80       	ldd	r7, Y+7	; 0x07
    13c0:	81 81       	ldd	r24, Z+1	; 0x01
    13c2:	81 81       	ldd	r24, Z+1	; 0x01
    13c4:	80 80       	ld	r8, Z
    13c6:	81 81       	ldd	r24, Z+1	; 0x01
    13c8:	81 81       	ldd	r24, Z+1	; 0x01
    13ca:	80 7f       	andi	r24, 0xF0	; 240
    13cc:	80 80       	ld	r8, Z
    13ce:	81 81       	ldd	r24, Z+1	; 0x01
    13d0:	81 80       	ldd	r8, Z+1	; 0x01
    13d2:	80 81       	ld	r24, Z
    13d4:	81 81       	ldd	r24, Z+1	; 0x01
    13d6:	81 81       	ldd	r24, Z+1	; 0x01
    13d8:	80 80       	ld	r8, Z
    13da:	80 81       	ld	r24, Z
    13dc:	80 80       	ld	r8, Z
    13de:	7e 7e       	andi	r23, 0xEE	; 238
    13e0:	7e 7e       	andi	r23, 0xEE	; 238
    13e2:	7f 80       	ldd	r7, Y+7	; 0x07
    13e4:	80 80       	ld	r8, Z
    13e6:	80 80       	ld	r8, Z
    13e8:	81 81       	ldd	r24, Z+1	; 0x01
    13ea:	81 81       	ldd	r24, Z+1	; 0x01
    13ec:	81 81       	ldd	r24, Z+1	; 0x01
    13ee:	80 80       	ld	r8, Z
    13f0:	80 7f       	andi	r24, 0xF0	; 240
    13f2:	7f 7e       	andi	r23, 0xEF	; 239
    13f4:	7f 7f       	andi	r23, 0xFF	; 255
    13f6:	80 80       	ld	r8, Z
    13f8:	81 80       	ldd	r8, Z+1	; 0x01
    13fa:	80 80       	ld	r8, Z
    13fc:	80 80       	ld	r8, Z
    13fe:	80 80       	ld	r8, Z
    1400:	80 7f       	andi	r24, 0xF0	; 240
    1402:	7f 7f       	andi	r23, 0xFF	; 255
    1404:	80 80       	ld	r8, Z
    1406:	80 80       	ld	r8, Z
    1408:	80 80       	ld	r8, Z
    140a:	80 80       	ld	r8, Z
    140c:	80 80       	ld	r8, Z
    140e:	80 80       	ld	r8, Z
    1410:	80 80       	ld	r8, Z
    1412:	80 7f       	andi	r24, 0xF0	; 240
    1414:	7f 7f       	andi	r23, 0xFF	; 255
    1416:	80 80       	ld	r8, Z
    1418:	81 81       	ldd	r24, Z+1	; 0x01
    141a:	81 80       	ldd	r8, Z+1	; 0x01
    141c:	80 80       	ld	r8, Z
    141e:	80 81       	ld	r24, Z
    1420:	82 82       	std	Z+2, r8	; 0x02
    1422:	81 81       	ldd	r24, Z+1	; 0x01
    1424:	80 80       	ld	r8, Z
    1426:	80 81       	ld	r24, Z
    1428:	81 82       	std	Z+1, r8	; 0x01
    142a:	82 82       	std	Z+2, r8	; 0x02
    142c:	82 82       	std	Z+2, r8	; 0x02
    142e:	82 81       	ldd	r24, Z+2	; 0x02
    1430:	81 81       	ldd	r24, Z+1	; 0x01
    1432:	81 80       	ldd	r8, Z+1	; 0x01
    1434:	80 80       	ld	r8, Z
    1436:	80 80       	ld	r8, Z
    1438:	80 80       	ld	r8, Z
    143a:	80 80       	ld	r8, Z
    143c:	80 80       	ld	r8, Z
    143e:	80 80       	ld	r8, Z
    1440:	80 7f       	andi	r24, 0xF0	; 240
    1442:	7f 7f       	andi	r23, 0xFF	; 255
    1444:	7f 80       	ldd	r7, Y+7	; 0x07
    1446:	80 80       	ld	r8, Z
    1448:	81 80       	ldd	r8, Z+1	; 0x01
    144a:	80 80       	ld	r8, Z
    144c:	80 80       	ld	r8, Z
    144e:	80 80       	ld	r8, Z
    1450:	7f 7f       	andi	r23, 0xFF	; 255
    1452:	7f 80       	ldd	r7, Y+7	; 0x07
    1454:	80 80       	ld	r8, Z
    1456:	80 80       	ld	r8, Z
    1458:	80 80       	ld	r8, Z
    145a:	81 81       	ldd	r24, Z+1	; 0x01
    145c:	81 81       	ldd	r24, Z+1	; 0x01
    145e:	81 80       	ldd	r8, Z+1	; 0x01
    1460:	80 7f       	andi	r24, 0xF0	; 240
    1462:	7f 7f       	andi	r23, 0xFF	; 255
    1464:	7f 7f       	andi	r23, 0xFF	; 255
    1466:	7f 7f       	andi	r23, 0xFF	; 255
    1468:	7e 7f       	andi	r23, 0xFE	; 254
    146a:	7f 7f       	andi	r23, 0xFF	; 255
    146c:	7f 7f       	andi	r23, 0xFF	; 255
    146e:	7f 7e       	andi	r23, 0xEF	; 239
    1470:	7e 7e       	andi	r23, 0xEE	; 238
    1472:	7f 7f       	andi	r23, 0xFF	; 255
    1474:	7e 7e       	andi	r23, 0xEE	; 238
    1476:	7e 7e       	andi	r23, 0xEE	; 238
    1478:	7e 7f       	andi	r23, 0xFE	; 254
    147a:	80 81       	ld	r24, Z
    147c:	82 82       	std	Z+2, r8	; 0x02
    147e:	82 82       	std	Z+2, r8	; 0x02
    1480:	81 81       	ldd	r24, Z+1	; 0x01
    1482:	81 81       	ldd	r24, Z+1	; 0x01
    1484:	81 81       	ldd	r24, Z+1	; 0x01
    1486:	81 81       	ldd	r24, Z+1	; 0x01
    1488:	81 81       	ldd	r24, Z+1	; 0x01
    148a:	81 81       	ldd	r24, Z+1	; 0x01
    148c:	81 81       	ldd	r24, Z+1	; 0x01
    148e:	81 80       	ldd	r8, Z+1	; 0x01
    1490:	80 7f       	andi	r24, 0xF0	; 240
    1492:	7e 7f       	andi	r23, 0xFE	; 254
    1494:	7f 7f       	andi	r23, 0xFF	; 255
    1496:	7f 7f       	andi	r23, 0xFF	; 255
    1498:	7f 7f       	andi	r23, 0xFF	; 255
    149a:	7f 7f       	andi	r23, 0xFF	; 255
    149c:	7f 7e       	andi	r23, 0xEF	; 239
    149e:	7e 7e       	andi	r23, 0xEE	; 238
    14a0:	7e 7e       	andi	r23, 0xEE	; 238
    14a2:	7f 7f       	andi	r23, 0xFF	; 255
    14a4:	80 80       	ld	r8, Z
    14a6:	81 81       	ldd	r24, Z+1	; 0x01
    14a8:	81 82       	std	Z+1, r8	; 0x01
    14aa:	81 82       	std	Z+1, r8	; 0x01
    14ac:	82 82       	std	Z+2, r8	; 0x02
    14ae:	81 81       	ldd	r24, Z+1	; 0x01
    14b0:	81 81       	ldd	r24, Z+1	; 0x01
    14b2:	82 81       	ldd	r24, Z+2	; 0x02
    14b4:	82 82       	std	Z+2, r8	; 0x02
    14b6:	82 82       	std	Z+2, r8	; 0x02
    14b8:	82 81       	ldd	r24, Z+2	; 0x02
    14ba:	80 80       	ld	r8, Z
    14bc:	7f 7f       	andi	r23, 0xFF	; 255
    14be:	7f 7f       	andi	r23, 0xFF	; 255
    14c0:	7f 7e       	andi	r23, 0xEF	; 239
    14c2:	7e 7e       	andi	r23, 0xEE	; 238
    14c4:	7f 7e       	andi	r23, 0xEF	; 239
    14c6:	7f 80       	ldd	r7, Y+7	; 0x07
    14c8:	80 80       	ld	r8, Z
    14ca:	7f 80       	ldd	r7, Y+7	; 0x07
    14cc:	7f 80       	ldd	r7, Y+7	; 0x07
    14ce:	80 80       	ld	r8, Z
    14d0:	81 80       	ldd	r8, Z+1	; 0x01
    14d2:	80 80       	ld	r8, Z
    14d4:	80 80       	ld	r8, Z
    14d6:	80 81       	ld	r24, Z
    14d8:	81 81       	ldd	r24, Z+1	; 0x01
    14da:	81 81       	ldd	r24, Z+1	; 0x01
    14dc:	80 81       	ld	r24, Z
    14de:	82 81       	ldd	r24, Z+2	; 0x02
    14e0:	82 82       	std	Z+2, r8	; 0x02
    14e2:	82 82       	std	Z+2, r8	; 0x02
    14e4:	81 82       	std	Z+1, r8	; 0x01
    14e6:	81 82       	std	Z+1, r8	; 0x01
    14e8:	81 80       	ldd	r8, Z+1	; 0x01
    14ea:	7f 7e       	andi	r23, 0xEF	; 239
    14ec:	80 7f       	andi	r24, 0xF0	; 240
    14ee:	80 81       	ld	r24, Z
    14f0:	80 80       	ld	r8, Z
    14f2:	81 81       	ldd	r24, Z+1	; 0x01
    14f4:	80 81       	ld	r24, Z
    14f6:	81 80       	ldd	r8, Z+1	; 0x01
    14f8:	80 7f       	andi	r24, 0xF0	; 240
    14fa:	7f 7f       	andi	r23, 0xFF	; 255
    14fc:	7f 7e       	andi	r23, 0xEF	; 239
    14fe:	7e 7f       	andi	r23, 0xFE	; 254
    1500:	7e 7e       	andi	r23, 0xEE	; 238
    1502:	7e 7e       	andi	r23, 0xEE	; 238
    1504:	7e 7d       	andi	r23, 0xDE	; 222
    1506:	7d 7d       	andi	r23, 0xDD	; 221
    1508:	7e 7d       	andi	r23, 0xDE	; 222
    150a:	7d 7d       	andi	r23, 0xDD	; 221
    150c:	7d 7e       	andi	r23, 0xED	; 237
    150e:	7e 80       	ldd	r7, Y+6	; 0x06
    1510:	80 81       	ld	r24, Z
    1512:	82 81       	ldd	r24, Z+2	; 0x02
    1514:	83 82       	std	Z+3, r8	; 0x03
    1516:	82 82       	std	Z+2, r8	; 0x02
    1518:	81 82       	std	Z+1, r8	; 0x01
    151a:	80 82       	st	Z, r8
    151c:	80 81       	ld	r24, Z
    151e:	80 7f       	andi	r24, 0xF0	; 240
    1520:	80 7f       	andi	r24, 0xF0	; 240
    1522:	81 81       	ldd	r24, Z+1	; 0x01
    1524:	82 81       	ldd	r24, Z+2	; 0x02
    1526:	81 82       	std	Z+1, r8	; 0x01
    1528:	81 83       	std	Z+1, r24	; 0x01
    152a:	83 82       	std	Z+3, r8	; 0x03
    152c:	83 83       	std	Z+3, r24	; 0x03
    152e:	82 81       	ldd	r24, Z+2	; 0x02
    1530:	81 80       	ldd	r8, Z+1	; 0x01
    1532:	7f 7f       	andi	r23, 0xFF	; 255
    1534:	7f 7f       	andi	r23, 0xFF	; 255
    1536:	7e 7d       	andi	r23, 0xDE	; 222
    1538:	7d 7c       	andi	r23, 0xCD	; 205
    153a:	7d 7c       	andi	r23, 0xCD	; 205
    153c:	7d 7d       	andi	r23, 0xDD	; 221
    153e:	7d 7e       	andi	r23, 0xED	; 237
    1540:	7e 7f       	andi	r23, 0xFE	; 254
    1542:	7e 7f       	andi	r23, 0xFE	; 254
    1544:	7d 7e       	andi	r23, 0xED	; 237
    1546:	7d 7c       	andi	r23, 0xCD	; 205
    1548:	7b 7a       	andi	r23, 0xAB	; 171
    154a:	7c 7a       	andi	r23, 0xAC	; 172
    154c:	7b 7a       	andi	r23, 0xAB	; 171
    154e:	7d 7f       	andi	r23, 0xFD	; 253
    1550:	80 84       	ldd	r8, Z+8	; 0x08
    1552:	84 87       	std	Z+12, r24	; 0x0c
    1554:	88 8a       	std	Y+16, r8	; 0x10
    1556:	8b 8b       	std	Y+19, r24	; 0x13
    1558:	8b 89       	ldd	r24, Y+19	; 0x13
    155a:	89 87       	std	Y+9, r24	; 0x09
    155c:	84 82       	std	Z+4, r8	; 0x04
    155e:	81 80       	ldd	r8, Z+1	; 0x01
    1560:	7e 7c       	andi	r23, 0xCE	; 206
    1562:	7b 7b       	andi	r23, 0xBB	; 187
    1564:	7b 7b       	andi	r23, 0xBB	; 187
    1566:	7a 7b       	andi	r23, 0xBA	; 186
    1568:	7b 7c       	andi	r23, 0xCB	; 203
    156a:	7b 7d       	andi	r23, 0xDB	; 219
    156c:	7e 7e       	andi	r23, 0xEE	; 238
    156e:	7f 7f       	andi	r23, 0xFF	; 255
    1570:	81 80       	ldd	r8, Z+1	; 0x01
    1572:	81 83       	std	Z+1, r24	; 0x01
    1574:	83 84       	ldd	r8, Z+11	; 0x0b
    1576:	84 85       	ldd	r24, Z+12	; 0x0c
    1578:	86 88       	ldd	r8, Z+22	; 0x16
    157a:	87 88       	ldd	r8, Z+23	; 0x17
    157c:	8a 89       	ldd	r24, Y+18	; 0x12
    157e:	89 88       	ldd	r8, Y+17	; 0x11
    1580:	88 88       	ldd	r8, Y+16	; 0x10
    1582:	87 83       	std	Z+7, r24	; 0x07
    1584:	83 81       	ldd	r24, Z+3	; 0x03
    1586:	7f 7e       	andi	r23, 0xEF	; 239
    1588:	7c 79       	andi	r23, 0x9C	; 156
    158a:	77 76       	andi	r23, 0x67	; 103
    158c:	73 73       	andi	r23, 0x33	; 51
    158e:	73 70       	andi	r23, 0x03	; 3
    1590:	6e 6f       	ori	r22, 0xFE	; 254
    1592:	6f 6e       	ori	r22, 0xEF	; 239
    1594:	70 71       	andi	r23, 0x10	; 16
    1596:	73 7c       	andi	r23, 0xC3	; 195
    1598:	84 81       	ldd	r24, Z+4	; 0x04
    159a:	88 90       	.word	0x9088	; ????
    159c:	94 95       	.word	0x9594	; ????
    159e:	97 9a       	sbi	0x12, 7	; 18
    15a0:	9b 9d       	mul	r25, r11
    15a2:	94 93       	xch	Z, r25
    15a4:	91 8b       	std	Z+17, r25	; 0x11
    15a6:	85 7f       	andi	r24, 0xF5	; 245
    15a8:	7f 79       	andi	r23, 0x9F	; 159
    15aa:	75 71       	andi	r23, 0x15	; 21
    15ac:	70 71       	andi	r23, 0x10	; 16
    15ae:	6e 6e       	ori	r22, 0xEE	; 238
    15b0:	6f 73       	andi	r22, 0x3F	; 63
    15b2:	74 74       	andi	r23, 0x44	; 68
    15b4:	77 7a       	andi	r23, 0xA7	; 167
    15b6:	7f 80       	ldd	r7, Y+7	; 0x07
    15b8:	80 83       	st	Z, r24
    15ba:	85 86       	std	Z+13, r8	; 0x0d
    15bc:	87 88       	ldd	r8, Z+23	; 0x17
    15be:	89 89       	ldd	r24, Y+17	; 0x11
    15c0:	88 86       	std	Y+8, r8	; 0x08
    15c2:	85 85       	ldd	r24, Z+13	; 0x0d
    15c4:	84 83       	std	Z+4, r24	; 0x04
    15c6:	83 83       	std	Z+3, r24	; 0x03
    15c8:	81 80       	ldd	r8, Z+1	; 0x01
    15ca:	80 7f       	andi	r24, 0xF0	; 240
    15cc:	7f 7d       	andi	r23, 0xDF	; 223
    15ce:	7c 7b       	andi	r23, 0xBC	; 188
    15d0:	7b 7a       	andi	r23, 0xAB	; 171
    15d2:	7a 7a       	andi	r23, 0xAA	; 170
    15d4:	79 79       	andi	r23, 0x99	; 153
    15d6:	77 78       	andi	r23, 0x87	; 135
    15d8:	78 78       	andi	r23, 0x88	; 136
    15da:	7b 81       	ldd	r23, Y+3	; 0x03
    15dc:	82 82       	std	Z+2, r8	; 0x02
    15de:	86 8a       	std	Z+22, r8	; 0x16
    15e0:	8b 8b       	std	Y+19, r24	; 0x13
    15e2:	8d 8c       	ldd	r8, Y+29	; 0x1d
    15e4:	8c 89       	ldd	r24, Y+20	; 0x14
    15e6:	85 82       	std	Z+5, r8	; 0x05
    15e8:	7f 7b       	andi	r23, 0xBF	; 191
    15ea:	77 75       	andi	r23, 0x57	; 87
    15ec:	73 72       	andi	r23, 0x23	; 35
    15ee:	73 72       	andi	r23, 0x23	; 35
    15f0:	72 74       	andi	r23, 0x42	; 66
    15f2:	73 74       	andi	r23, 0x43	; 67
    15f4:	77 78       	andi	r23, 0x87	; 135
    15f6:	75 73       	andi	r23, 0x35	; 53
    15f8:	70 73       	andi	r23, 0x30	; 48
    15fa:	80 81       	ld	r24, Z
    15fc:	7e 86       	std	Y+14, r7	; 0x0e
    15fe:	8f 92       	push	r8
    1600:	90 96       	adiw	r26, 0x20	; 32
    1602:	9b a2       	std	Y+35, r9	; 0x23
    1604:	a1 9b       	sbis	0x14, 1	; 20
    1606:	99 95       	.word	0x9599	; ????
    1608:	8f 84       	ldd	r8, Y+15	; 0x0f
    160a:	7e 7a       	andi	r23, 0xAE	; 174
    160c:	75 6f       	ori	r23, 0xF5	; 245
    160e:	6c 6c       	ori	r22, 0xCC	; 204
    1610:	6a 6a       	ori	r22, 0xAA	; 170
    1612:	6c 70       	andi	r22, 0x0C	; 12
    1614:	76 78       	andi	r23, 0x86	; 134
    1616:	7c 80       	ldd	r7, Y+4	; 0x04
    1618:	86 87       	std	Z+14, r24	; 0x0e
    161a:	85 86       	std	Z+13, r8	; 0x0d
    161c:	87 88       	ldd	r8, Z+23	; 0x17
    161e:	87 87       	std	Z+15, r24	; 0x0f
    1620:	86 86       	std	Z+14, r8	; 0x0e
    1622:	86 84       	ldd	r8, Z+14	; 0x0e
    1624:	82 83       	std	Z+2, r24	; 0x02
    1626:	83 82       	std	Z+3, r8	; 0x03
    1628:	80 81       	ld	r24, Z
    162a:	81 81       	ldd	r24, Z+1	; 0x01
    162c:	81 81       	ldd	r24, Z+1	; 0x01
    162e:	80 7f       	andi	r24, 0xF0	; 240
    1630:	7f 7f       	andi	r23, 0xFF	; 255
    1632:	7f 7e       	andi	r23, 0xEF	; 239
    1634:	7e 7e       	andi	r23, 0xEE	; 238
    1636:	81 82       	std	Z+1, r8	; 0x01
    1638:	80 80       	ld	r8, Z
    163a:	81 83       	std	Z+1, r24	; 0x01
    163c:	84 87       	std	Z+12, r24	; 0x0c
    163e:	85 86       	std	Z+13, r8	; 0x0d
    1640:	88 89       	ldd	r24, Y+16	; 0x10
    1642:	89 87       	std	Y+9, r24	; 0x09
    1644:	87 86       	std	Z+15, r8	; 0x0f
    1646:	84 81       	ldd	r24, Z+4	; 0x04
    1648:	7c 79       	andi	r23, 0x9C	; 156
    164a:	73 6d       	ori	r23, 0xD3	; 211
    164c:	6a 66       	ori	r22, 0x6A	; 106
    164e:	63 62       	ori	r22, 0x23	; 35
    1650:	61 60       	ori	r22, 0x01	; 1
    1652:	5f 60       	ori	r21, 0x0F	; 15
    1654:	66 7c       	andi	r22, 0xC6	; 198
    1656:	86 86       	std	Z+14, r8	; 0x0e
    1658:	8e 97       	sbiw	r24, 0x2e	; 46
    165a:	a0 9e       	mul	r10, r16
    165c:	a0 9f       	mul	r26, r16
    165e:	a4 a3       	std	Z+36, r26	; 0x24
    1660:	99 93       	st	Y+, r25
    1662:	8a 87       	std	Y+10, r24	; 0x0a
    1664:	7e 79       	andi	r23, 0x9E	; 158
    1666:	76 75       	andi	r23, 0x56	; 86
    1668:	75 73       	andi	r23, 0x35	; 53
    166a:	75 75       	andi	r23, 0x55	; 85
    166c:	78 79       	andi	r23, 0x98	; 152
    166e:	79 7a       	andi	r23, 0xA9	; 169
    1670:	7b 7b       	andi	r23, 0xBB	; 187
    1672:	79 7a       	andi	r23, 0xA9	; 169
    1674:	7b 79       	andi	r23, 0x9B	; 155
    1676:	78 7a       	andi	r23, 0xA8	; 168
    1678:	7b 7d       	andi	r23, 0xDB	; 219
    167a:	80 83       	st	Z, r24
    167c:	84 86       	std	Z+12, r8	; 0x0c
    167e:	88 88       	ldd	r8, Y+16	; 0x10
    1680:	8a 8b       	std	Y+18, r24	; 0x12
    1682:	8b 8a       	std	Y+19, r8	; 0x13
    1684:	89 88       	ldd	r8, Y+17	; 0x11
    1686:	87 86       	std	Z+15, r8	; 0x0f
    1688:	81 7e       	andi	r24, 0xE1	; 225
    168a:	7c 7a       	andi	r23, 0xAC	; 172
    168c:	79 79       	andi	r23, 0x99	; 153
    168e:	79 78       	andi	r23, 0x89	; 137
    1690:	78 79       	andi	r23, 0x98	; 152
    1692:	7f 85       	ldd	r23, Y+15	; 0x0f
    1694:	85 83       	std	Z+5, r24	; 0x05
    1696:	83 83       	std	Z+3, r24	; 0x03
    1698:	83 83       	std	Z+3, r24	; 0x03
    169a:	81 83       	std	Z+1, r24	; 0x01
    169c:	87 86       	std	Z+15, r8	; 0x0f
    169e:	83 81       	ldd	r24, Z+3	; 0x03
    16a0:	7f 7d       	andi	r23, 0xDF	; 223
    16a2:	7d 7d       	andi	r23, 0xDD	; 221
    16a4:	7d 7d       	andi	r23, 0xDD	; 221
    16a6:	7a 76       	andi	r23, 0x6A	; 106
    16a8:	75 74       	andi	r23, 0x45	; 69
    16aa:	70 6d       	ori	r23, 0xD0	; 208
    16ac:	6e 6f       	ori	r22, 0xFE	; 254
    16ae:	70 6e       	ori	r23, 0xE0	; 224
    16b0:	6c 70       	andi	r22, 0x0C	; 12
    16b2:	80 8b       	std	Z+16, r24	; 0x10
    16b4:	8b 8d       	ldd	r24, Y+27	; 0x1b
    16b6:	91 96       	adiw	r26, 0x21	; 33
    16b8:	98 99       	sbic	0x13, 0	; 19
    16ba:	95 96       	adiw	r26, 0x25	; 37
    16bc:	99 96       	adiw	r26, 0x29	; 41
    16be:	92 8c       	ldd	r9, Z+26	; 0x1a
    16c0:	89 85       	ldd	r24, Y+9	; 0x09
    16c2:	84 84       	ldd	r8, Z+12	; 0x0c
    16c4:	82 83       	std	Z+2, r24	; 0x02
    16c6:	80 7d       	andi	r24, 0xD0	; 208
    16c8:	77 74       	andi	r23, 0x47	; 71
    16ca:	73 72       	andi	r23, 0x23	; 35
    16cc:	72 72       	andi	r23, 0x22	; 34
    16ce:	73 75       	andi	r23, 0x53	; 83
    16d0:	78 7b       	andi	r23, 0xB8	; 184
    16d2:	7d 7f       	andi	r23, 0xFD	; 253
    16d4:	82 86       	std	Z+10, r8	; 0x0a
    16d6:	89 8a       	std	Y+17, r8	; 0x11
    16d8:	89 88       	ldd	r8, Y+17	; 0x11
    16da:	86 85       	ldd	r24, Z+14	; 0x0e
    16dc:	83 82       	std	Z+3, r8	; 0x03
    16de:	82 81       	ldd	r24, Z+2	; 0x02
    16e0:	80 7f       	andi	r24, 0xF0	; 240
    16e2:	80 81       	ld	r24, Z
    16e4:	81 80       	ldd	r8, Z+1	; 0x01
    16e6:	7f 81       	ldd	r23, Y+7	; 0x07
    16e8:	82 82       	std	Z+2, r8	; 0x02
    16ea:	83 83       	std	Z+3, r24	; 0x03
    16ec:	82 82       	std	Z+2, r8	; 0x02
    16ee:	81 80       	ldd	r8, Z+1	; 0x01
    16f0:	81 84       	ldd	r8, Z+9	; 0x09
    16f2:	88 88       	ldd	r8, Y+16	; 0x10
    16f4:	82 7d       	andi	r24, 0xD2	; 210
    16f6:	7a 7b       	andi	r23, 0xBA	; 186
    16f8:	7d 80       	ldd	r7, Y+5	; 0x05
    16fa:	84 86       	std	Z+12, r8	; 0x0c
    16fc:	86 81       	ldd	r24, Z+6	; 0x06
    16fe:	7b 78       	andi	r23, 0x8B	; 139
    1700:	79 79       	andi	r23, 0x99	; 153
    1702:	77 75       	andi	r23, 0x57	; 87
    1704:	71 6f       	ori	r23, 0xF1	; 241
    1706:	6c 6b       	ori	r22, 0xBC	; 188
    1708:	68 68       	ori	r22, 0x88	; 136
    170a:	69 69       	ori	r22, 0x99	; 153
    170c:	69 70       	andi	r22, 0x09	; 9
    170e:	83 8f       	std	Z+27, r24	; 0x1b
    1710:	96 95       	lsr	r25
    1712:	90 8c       	ldd	r9, Z+24	; 0x18
    1714:	8d 90       	ld	r8, X+
    1716:	91 97       	sbiw	r26, 0x21	; 33
    1718:	95 94       	asr	r9
    171a:	92 8e       	std	Z+26, r9	; 0x1a
    171c:	8c 89       	ldd	r24, Y+20	; 0x14
    171e:	89 88       	ldd	r8, Y+17	; 0x11
    1720:	88 84       	ldd	r8, Y+8	; 0x08
    1722:	7f 7a       	andi	r23, 0xAF	; 175
    1724:	72 6b       	ori	r23, 0xB2	; 178
    1726:	66 64       	ori	r22, 0x46	; 70
    1728:	67 6c       	ori	r22, 0xC7	; 199
    172a:	6e 71       	andi	r22, 0x1E	; 30
    172c:	75 78       	andi	r23, 0x85	; 133
    172e:	7c 81       	ldd	r23, Y+4	; 0x04
    1730:	84 85       	ldd	r24, Z+12	; 0x0c
    1732:	89 8a       	std	Y+17, r8	; 0x11
    1734:	8a 89       	ldd	r24, Y+18	; 0x12
    1736:	86 85       	ldd	r24, Z+14	; 0x0e
    1738:	85 85       	ldd	r24, Z+13	; 0x0d
    173a:	86 87       	std	Z+14, r24	; 0x0e
    173c:	86 86       	std	Z+14, r8	; 0x0e
    173e:	87 86       	std	Z+15, r8	; 0x0f
    1740:	87 86       	std	Z+15, r8	; 0x0f
    1742:	84 7f       	andi	r24, 0xF4	; 244
    1744:	7d 7b       	andi	r23, 0xBD	; 189
    1746:	79 79       	andi	r23, 0x99	; 153
    1748:	78 77       	andi	r23, 0x78	; 120
    174a:	78 7b       	andi	r23, 0xB8	; 184
    174c:	7b 7e       	andi	r23, 0xEB	; 235
    174e:	80 81       	ld	r24, Z
    1750:	82 81       	ldd	r24, Z+2	; 0x02
    1752:	7f 7f       	andi	r23, 0xFF	; 255
    1754:	82 85       	ldd	r24, Z+10	; 0x0a
    1756:	88 8a       	std	Y+16, r8	; 0x10
    1758:	89 86       	std	Y+9, r8	; 0x09
    175a:	82 7e       	andi	r24, 0xE2	; 226
    175c:	7d 7d       	andi	r23, 0xDD	; 221
    175e:	7e 7c       	andi	r23, 0xCE	; 206
    1760:	79 74       	andi	r23, 0x49	; 73
    1762:	71 70       	andi	r23, 0x01	; 1
    1764:	70 70       	andi	r23, 0x00	; 0
    1766:	6f 6d       	ori	r22, 0xDF	; 223
    1768:	6a 68       	ori	r22, 0x8A	; 138
    176a:	69 74       	andi	r22, 0x49	; 73
    176c:	84 8f       	std	Z+28, r24	; 0x1c
    176e:	94 91       	lpm	r25, Z
    1770:	8d 88       	ldd	r8, Y+21	; 0x15
    1772:	89 8d       	ldd	r24, Y+25	; 0x19
    1774:	97 9e       	mul	r9, r23
    1776:	a1 9e       	mul	r10, r17
    1778:	95 8f       	std	Z+29, r25	; 0x1d
    177a:	8b 8b       	std	Y+19, r24	; 0x13
    177c:	8e 8e       	std	Y+30, r8	; 0x1e
    177e:	8c 86       	std	Y+12, r8	; 0x0c
    1780:	7d 74       	andi	r23, 0x4D	; 77
    1782:	6f 6c       	ori	r22, 0xCF	; 207
    1784:	6c 6d       	ori	r22, 0xDC	; 220
    1786:	6e 6f       	ori	r22, 0xFE	; 254
    1788:	6e 6f       	ori	r22, 0xFE	; 254
    178a:	73 76       	andi	r23, 0x63	; 99
    178c:	78 7a       	andi	r23, 0xA8	; 168
    178e:	7c 7e       	andi	r23, 0xEC	; 236
    1790:	81 84       	ldd	r8, Z+9	; 0x09
    1792:	88 8a       	std	Y+16, r8	; 0x10
    1794:	8c 8c       	ldd	r8, Y+28	; 0x1c
    1796:	8c 8c       	ldd	r8, Y+28	; 0x1c
    1798:	8d 8e       	std	Y+29, r8	; 0x1d
    179a:	8e 8e       	std	Y+30, r8	; 0x1e
    179c:	8c 89       	ldd	r24, Y+20	; 0x14
    179e:	85 81       	ldd	r24, Z+5	; 0x05
    17a0:	7e 7b       	andi	r23, 0xBE	; 190
    17a2:	7a 79       	andi	r23, 0x9A	; 154
    17a4:	79 79       	andi	r23, 0x99	; 153
    17a6:	79 78       	andi	r23, 0x89	; 137
    17a8:	79 7b       	andi	r23, 0xB9	; 185
    17aa:	7d 7f       	andi	r23, 0xFD	; 253
    17ac:	80 7f       	andi	r24, 0xF0	; 240
    17ae:	7e 7c       	andi	r23, 0xCE	; 206
    17b0:	7b 7f       	andi	r23, 0xFB	; 251
    17b2:	85 8c       	ldd	r8, Z+29	; 0x1d
    17b4:	91 91       	ld	r25, Z+
    17b6:	8d 86       	std	Y+13, r8	; 0x0d
    17b8:	80 7d       	andi	r24, 0xD0	; 208
    17ba:	7d 7c       	andi	r23, 0xCD	; 205
    17bc:	79 76       	andi	r23, 0x69	; 105
    17be:	71 6a       	ori	r23, 0xA1	; 161
    17c0:	64 61       	ori	r22, 0x14	; 20
    17c2:	60 60       	ori	r22, 0x00	; 0
    17c4:	60 65       	ori	r22, 0x50	; 80
    17c6:	71 7d       	andi	r23, 0xD1	; 209
    17c8:	88 8d       	ldd	r24, Y+24	; 0x18
    17ca:	8c 88       	ldd	r8, Y+20	; 0x14
    17cc:	82 80       	ldd	r8, Z+2	; 0x02
    17ce:	84 8f       	std	Z+28, r24	; 0x1c
    17d0:	9c a7       	std	Y+44, r25	; 0x2c
    17d2:	aa a4       	ldd	r10, Y+42	; 0x2a
    17d4:	99 8f       	std	Y+25, r25	; 0x19
    17d6:	8c 8e       	std	Y+28, r8	; 0x1c
    17d8:	94 9a       	sbi	0x12, 4	; 18
    17da:	98 90       	.word	0x9098	; ????
    17dc:	82 73       	andi	r24, 0x32	; 50
    17de:	67 61       	ori	r22, 0x17	; 23
    17e0:	60 63       	ori	r22, 0x30	; 48
    17e2:	67 6a       	ori	r22, 0xA7	; 167
    17e4:	6a 69       	ori	r22, 0x9A	; 154
    17e6:	68 6a       	ori	r22, 0xA8	; 168
    17e8:	70 76       	andi	r23, 0x60	; 96
    17ea:	7e 85       	ldd	r23, Y+14	; 0x0e
    17ec:	89 8b       	std	Y+17, r24	; 0x11
    17ee:	8a 8a       	std	Y+18, r8	; 0x12
    17f0:	8a 8b       	std	Y+18, r24	; 0x12
    17f2:	8d 8f       	std	Y+29, r24	; 0x1d
    17f4:	91 92       	st	Z+, r9
    17f6:	91 8f       	std	Z+25, r25	; 0x19
    17f8:	8d 8b       	std	Y+21, r24	; 0x15
    17fa:	8a 88       	ldd	r8, Y+18	; 0x12
    17fc:	86 83       	std	Z+6, r24	; 0x06
    17fe:	7f 7c       	andi	r23, 0xCF	; 207
    1800:	79 7a       	andi	r23, 0xA9	; 169
    1802:	7e 82       	std	Y+6, r7	; 0x06
    1804:	83 81       	ldd	r24, Z+3	; 0x03
    1806:	7e 7a       	andi	r23, 0xAE	; 174
    1808:	78 78       	andi	r23, 0x88	; 136
    180a:	7a 7d       	andi	r23, 0xDA	; 218
    180c:	82 85       	ldd	r24, Z+10	; 0x0a
    180e:	86 84       	ldd	r8, Z+14	; 0x0e
    1810:	80 7e       	andi	r24, 0xE0	; 224
    1812:	7c 7c       	andi	r23, 0xCC	; 204
    1814:	7c 7b       	andi	r23, 0xBC	; 188
    1816:	7a 78       	andi	r23, 0x8A	; 138
    1818:	77 73       	andi	r23, 0x37	; 55
    181a:	6e 6b       	ori	r22, 0xBE	; 190
    181c:	6a 69       	ori	r22, 0x9A	; 154
    181e:	68 6c       	ori	r22, 0xC8	; 200
    1820:	77 80       	ldd	r7, Z+7	; 0x07
    1822:	87 8b       	std	Z+23, r24	; 0x17
    1824:	8c 8a       	std	Y+20, r8	; 0x14
    1826:	87 85       	ldd	r24, Z+15	; 0x0f
    1828:	86 89       	ldd	r24, Z+22	; 0x16
    182a:	8f 97       	sbiw	r24, 0x2f	; 47
    182c:	9c 9d       	mul	r25, r12
    182e:	99 96       	adiw	r26, 0x29	; 41
    1830:	90 8e       	std	Z+24, r9	; 0x18
    1832:	8e 91       	ld	r24, -X
    1834:	93 93       	.word	0x9393	; ????
    1836:	8d 85       	ldd	r24, Y+13	; 0x0d
    1838:	78 6d       	ori	r23, 0xD8	; 216
    183a:	65 63       	ori	r22, 0x35	; 53
    183c:	66 69       	ori	r22, 0x96	; 150
    183e:	6a 6a       	ori	r22, 0xAA	; 170
    1840:	68 68       	ori	r22, 0x88	; 136
    1842:	69 6d       	ori	r22, 0xD9	; 217
    1844:	74 7b       	andi	r23, 0xB4	; 180
    1846:	82 86       	std	Z+10, r8	; 0x0a
    1848:	89 8a       	std	Y+17, r8	; 0x11
    184a:	8b 8a       	std	Y+19, r8	; 0x13
    184c:	8b 8c       	ldd	r8, Y+27	; 0x1b
    184e:	8d 8f       	std	Y+29, r24	; 0x1d
    1850:	91 92       	st	Z+, r9
    1852:	91 8e       	std	Z+25, r9	; 0x19
    1854:	8a 86       	std	Y+10, r8	; 0x0a
    1856:	82 7f       	andi	r24, 0xF2	; 242
    1858:	7c 7b       	andi	r23, 0xBC	; 188
    185a:	7d 81       	ldd	r23, Y+5	; 0x05
    185c:	83 82       	std	Z+3, r8	; 0x03
    185e:	7d 79       	andi	r23, 0x9D	; 157
    1860:	76 73       	andi	r23, 0x36	; 54
    1862:	73 75       	andi	r23, 0x53	; 83
    1864:	7a 7f       	andi	r23, 0xFA	; 250
    1866:	83 84       	ldd	r8, Z+11	; 0x0b
    1868:	81 7c       	andi	r24, 0xC1	; 193
    186a:	7a 7a       	andi	r23, 0xAA	; 170
    186c:	7b 7b       	andi	r23, 0xBB	; 187
    186e:	7a 79       	andi	r23, 0x9A	; 154
    1870:	76 72       	andi	r23, 0x26	; 38
    1872:	6e 6c       	ori	r22, 0xCE	; 206
    1874:	6c 6d       	ori	r22, 0xDC	; 220
    1876:	6c 6c       	ori	r22, 0xCC	; 204
    1878:	6d 75       	andi	r22, 0x5D	; 93
    187a:	7e 84       	ldd	r7, Y+14	; 0x0e
    187c:	8a 8c       	ldd	r8, Y+26	; 0x1a
    187e:	8f 8e       	std	Y+31, r8	; 0x1f
    1880:	8d 8d       	ldd	r24, Y+29	; 0x1d
    1882:	8f 92       	push	r8
    1884:	98 9a       	sbi	0x13, 0	; 19
    1886:	99 95       	.word	0x9599	; ????
    1888:	91 8e       	std	Z+25, r9	; 0x19
    188a:	8e 8f       	std	Y+30, r24	; 0x1e
    188c:	90 8f       	std	Z+24, r25	; 0x18
    188e:	8c 86       	std	Y+12, r8	; 0x0c
    1890:	80 79       	andi	r24, 0x90	; 144
    1892:	72 6d       	ori	r23, 0xD2	; 210
    1894:	6b 6a       	ori	r22, 0xAB	; 171
    1896:	6a 6a       	ori	r22, 0xAA	; 170
    1898:	69 69       	ori	r22, 0x99	; 153
    189a:	6a 6d       	ori	r22, 0xDA	; 218
    189c:	70 74       	andi	r23, 0x40	; 64
    189e:	7a 7f       	andi	r23, 0xFA	; 250
    18a0:	86 8a       	std	Z+22, r8	; 0x16
    18a2:	8d 8d       	ldd	r24, Y+29	; 0x1d
    18a4:	8b 8b       	std	Y+19, r24	; 0x13
    18a6:	8b 8b       	std	Y+19, r24	; 0x13
    18a8:	8d 8f       	std	Y+29, r24	; 0x1d
    18aa:	91 90       	ld	r9, Z+
    18ac:	8e 8b       	std	Y+22, r24	; 0x16
    18ae:	88 85       	ldd	r24, Y+8	; 0x08
    18b0:	83 81       	ldd	r24, Z+3	; 0x03
    18b2:	82 83       	std	Z+2, r24	; 0x02
    18b4:	83 83       	std	Z+3, r24	; 0x03
    18b6:	81 7e       	andi	r24, 0xE1	; 225
    18b8:	7b 78       	andi	r23, 0x8B	; 139
    18ba:	78 79       	andi	r23, 0x98	; 152
    18bc:	7a 7d       	andi	r23, 0xDA	; 218
    18be:	7f 80       	ldd	r7, Y+7	; 0x07
    18c0:	7f 7e       	andi	r23, 0xEF	; 239
    18c2:	7c 7c       	andi	r23, 0xCC	; 204
    18c4:	7c 7b       	andi	r23, 0xBC	; 188
    18c6:	79 77       	andi	r23, 0x79	; 121
    18c8:	74 73       	andi	r23, 0x34	; 52
    18ca:	72 71       	andi	r23, 0x12	; 18
    18cc:	70 70       	andi	r23, 0x00	; 0
    18ce:	6f 6d       	ori	r22, 0xDF	; 223
    18d0:	6c 6b       	ori	r22, 0xBC	; 188
    18d2:	6c 73       	andi	r22, 0x3C	; 60
    18d4:	7d 82       	std	Y+5, r7	; 0x05
    18d6:	87 89       	ldd	r24, Z+23	; 0x17
    18d8:	8c 8e       	std	Y+28, r8	; 0x1c
    18da:	90 91 97 9a 	lds	r25, 0x9A97	; 0x809a97 <__bss_end+0x9993>
    18de:	9f a0       	ldd	r9, Y+39	; 0x27
    18e0:	9d 97       	sbiw	r26, 0x2d	; 45
    18e2:	92 8e       	std	Z+26, r9	; 0x1a
    18e4:	8d 8d       	ldd	r24, Y+29	; 0x1d
    18e6:	8e 8d       	ldd	r24, Y+30	; 0x1e
    18e8:	8a 84       	ldd	r8, Y+10	; 0x0a
    18ea:	7d 76       	andi	r23, 0x6D	; 109
    18ec:	71 6f       	ori	r23, 0xF1	; 241
    18ee:	6f 70       	andi	r22, 0x0F	; 15
    18f0:	70 6f       	ori	r23, 0xF0	; 240
    18f2:	6c 69       	ori	r22, 0x9C	; 156
    18f4:	69 6c       	ori	r22, 0xC9	; 201
    18f6:	70 74       	andi	r23, 0x40	; 64
    18f8:	79 7e       	andi	r23, 0xE9	; 233
    18fa:	82 86       	std	Z+10, r8	; 0x0a
    18fc:	8a 8c       	ldd	r8, Y+26	; 0x1a
    18fe:	8d 8c       	ldd	r8, Y+29	; 0x1d
    1900:	8c 8c       	ldd	r8, Y+28	; 0x1c
    1902:	8c 8e       	std	Y+28, r8	; 0x1c
    1904:	90 91 90 8d 	lds	r25, 0x8D90	; 0x808d90 <__bss_end+0x8c8c>
    1908:	8b 88       	ldd	r8, Y+19	; 0x13
    190a:	86 86       	std	Z+14, r8	; 0x0e
    190c:	87 86       	std	Z+15, r8	; 0x0f
    190e:	84 80       	ldd	r8, Z+4	; 0x04
    1910:	7c 79       	andi	r23, 0x9C	; 156
    1912:	78 79       	andi	r23, 0x98	; 152
    1914:	7a 7a       	andi	r23, 0xAA	; 170
    1916:	7b 79       	andi	r23, 0x9B	; 155
    1918:	77 76       	andi	r23, 0x67	; 103
    191a:	76 78       	andi	r23, 0x86	; 134
    191c:	79 79       	andi	r23, 0x99	; 153
    191e:	79 78       	andi	r23, 0x89	; 137
    1920:	76 73       	andi	r23, 0x36	; 54
    1922:	71 6f       	ori	r23, 0xF1	; 241
    1924:	6f 6e       	ori	r22, 0xEF	; 239
    1926:	6e 6d       	ori	r22, 0xDE	; 222
    1928:	6d 6c       	ori	r22, 0xCD	; 205
    192a:	6c 6d       	ori	r22, 0xDC	; 220
    192c:	75 7e       	andi	r23, 0xE5	; 229
    192e:	84 8a       	std	Z+20, r8	; 0x14
    1930:	8e 8f       	std	Y+30, r24	; 0x1e
    1932:	92 92       	st	-Z, r9
    1934:	94 99       	sbic	0x12, 4	; 18
    1936:	9c 9f       	mul	r25, r28
    1938:	a0 9d       	mul	r26, r0
    193a:	98 94       	clz
    193c:	90 8f       	std	Z+24, r25	; 0x18
    193e:	8c 8b       	std	Y+20, r24	; 0x14
    1940:	88 86       	std	Y+8, r8	; 0x08
    1942:	81 7d       	andi	r24, 0xD1	; 209
    1944:	77 73       	andi	r23, 0x37	; 55
    1946:	6f 6c       	ori	r22, 0xCF	; 207
    1948:	6a 6b       	ori	r22, 0xBA	; 186
    194a:	6a 6a       	ori	r22, 0xAA	; 170
    194c:	69 69       	ori	r22, 0x99	; 153
    194e:	6b 6e       	ori	r22, 0xEB	; 235
    1950:	71 76       	andi	r23, 0x61	; 97
    1952:	7b 7f       	andi	r23, 0xFB	; 251
    1954:	84 88       	ldd	r8, Z+20	; 0x14
    1956:	8c 8e       	std	Y+28, r8	; 0x1c
    1958:	8f 8f       	std	Y+31, r24	; 0x1f
    195a:	90 90 92 93 	lds	r9, 0x9392	; 0x809392 <__bss_end+0x928e>
    195e:	92 91       	ld	r25, -Z
    1960:	8f 8c       	ldd	r8, Y+31	; 0x1f
    1962:	8a 87       	std	Y+10, r24	; 0x0a
    1964:	85 84       	ldd	r8, Z+13	; 0x0d
    1966:	83 82       	std	Z+3, r8	; 0x03
    1968:	80 7d       	andi	r24, 0xD0	; 208
    196a:	7a 78       	andi	r23, 0x8A	; 138
    196c:	77 78       	andi	r23, 0x87	; 135
    196e:	78 77       	andi	r23, 0x78	; 120
    1970:	77 77       	andi	r23, 0x77	; 119
    1972:	77 77       	andi	r23, 0x77	; 119
    1974:	77 77       	andi	r23, 0x77	; 119
    1976:	79 79       	andi	r23, 0x99	; 153
    1978:	79 78       	andi	r23, 0x89	; 137
    197a:	76 74       	andi	r23, 0x46	; 70
    197c:	72 70       	andi	r23, 0x02	; 2
    197e:	70 71       	andi	r23, 0x10	; 16
    1980:	73 75       	andi	r23, 0x53	; 83
    1982:	77 78       	andi	r23, 0x87	; 135
    1984:	78 76       	andi	r23, 0x68	; 104
    1986:	74 72       	andi	r23, 0x24	; 36
    1988:	75 7d       	andi	r23, 0xD5	; 213
    198a:	82 87       	std	Z+10, r24	; 0x0a
    198c:	8c 8f       	std	Y+28, r24	; 0x1c
    198e:	90 91 93 97 	lds	r25, 0x9793	; 0x809793 <__bss_end+0x968f>
    1992:	9b 9f       	mul	r25, r27
    1994:	a0 9e       	mul	r10, r16
    1996:	98 94       	clz
    1998:	90 8d       	ldd	r25, Z+24	; 0x18
    199a:	8c 8a       	std	Y+20, r8	; 0x14
    199c:	87 85       	ldd	r24, Z+15	; 0x0f
    199e:	80 7c       	andi	r24, 0xC0	; 192
    19a0:	77 73       	andi	r23, 0x37	; 55
    19a2:	70 6f       	ori	r23, 0xF0	; 240
    19a4:	6d 6d       	ori	r22, 0xDD	; 221
    19a6:	6c 6c       	ori	r22, 0xCC	; 204
    19a8:	6c 6d       	ori	r22, 0xDC	; 220
    19aa:	6e 6f       	ori	r22, 0xFE	; 254
    19ac:	71 75       	andi	r23, 0x51	; 81
    19ae:	7a 7f       	andi	r23, 0xFA	; 250
    19b0:	83 88       	ldd	r8, Z+19	; 0x13
    19b2:	8a 8c       	ldd	r8, Y+26	; 0x1a
    19b4:	8d 8c       	ldd	r8, Y+29	; 0x1d
    19b6:	8d 8f       	std	Y+29, r24	; 0x1d
    19b8:	90 92 92 91 	sts	0x9192, r9	; 0x809192 <__bss_end+0x908e>
    19bc:	8f 8c       	ldd	r8, Y+31	; 0x1f
    19be:	89 88       	ldd	r8, Y+17	; 0x11
    19c0:	86 85       	ldd	r24, Z+14	; 0x0e
    19c2:	83 81       	ldd	r24, Z+3	; 0x03
    19c4:	7e 7c       	andi	r23, 0xCE	; 206
    19c6:	7b 79       	andi	r23, 0x9B	; 155
    19c8:	77 76       	andi	r23, 0x67	; 103
    19ca:	76 77       	andi	r23, 0x76	; 118
    19cc:	76 76       	andi	r23, 0x66	; 102
    19ce:	76 77       	andi	r23, 0x76	; 118
    19d0:	78 78       	andi	r23, 0x88	; 136
    19d2:	79 7a       	andi	r23, 0xA9	; 169
    19d4:	7a 79       	andi	r23, 0x9A	; 154
    19d6:	78 78       	andi	r23, 0x88	; 136
    19d8:	77 78       	andi	r23, 0x87	; 135
    19da:	78 7a       	andi	r23, 0xA8	; 168
    19dc:	7b 7c       	andi	r23, 0xCB	; 203
    19de:	7d 7d       	andi	r23, 0xDD	; 221
    19e0:	7e 7d       	andi	r23, 0xDE	; 222
    19e2:	7d 7c       	andi	r23, 0xCD	; 205
    19e4:	7c 7b       	andi	r23, 0xBC	; 188
    19e6:	7c 7b       	andi	r23, 0xBC	; 188
    19e8:	7d 82       	std	Y+5, r7	; 0x05
    19ea:	85 88       	ldd	r8, Z+21	; 0x15
    19ec:	8a 8a       	std	Y+18, r8	; 0x12
    19ee:	8a 8a       	std	Y+18, r8	; 0x12
    19f0:	8a 8c       	ldd	r8, Y+26	; 0x1a
    19f2:	8e 8f       	std	Y+30, r24	; 0x1e
    19f4:	90 90 8e 8d 	lds	r9, 0x8D8E	; 0x808d8e <__bss_end+0x8c8a>
    19f8:	8c 8a       	std	Y+20, r8	; 0x14
    19fa:	88 86       	std	Y+8, r8	; 0x08
    19fc:	84 82       	std	Z+4, r8	; 0x04
    19fe:	81 7e       	andi	r24, 0xE1	; 225
    1a00:	7c 79       	andi	r23, 0x9C	; 156
    1a02:	76 75       	andi	r23, 0x56	; 86
    1a04:	74 74       	andi	r23, 0x44	; 68
    1a06:	75 75       	andi	r23, 0x55	; 85
    1a08:	76 77       	andi	r23, 0x76	; 118
    1a0a:	78 78       	andi	r23, 0x88	; 136
    1a0c:	79 7a       	andi	r23, 0xA9	; 169
    1a0e:	7c 7d       	andi	r23, 0xDC	; 220
    1a10:	80 82       	st	Z, r8
    1a12:	84 85       	ldd	r24, Z+12	; 0x0c
    1a14:	87 88       	ldd	r8, Z+23	; 0x17
    1a16:	88 88       	ldd	r8, Y+16	; 0x10
    1a18:	88 88       	ldd	r8, Y+16	; 0x10
    1a1a:	88 89       	ldd	r24, Y+16	; 0x10
    1a1c:	88 87       	std	Y+8, r24	; 0x08
    1a1e:	86 84       	ldd	r8, Z+14	; 0x0e
    1a20:	82 81       	ldd	r24, Z+2	; 0x02
    1a22:	80 7e       	andi	r24, 0xE0	; 224
    1a24:	7c 7a       	andi	r23, 0xAC	; 172
    1a26:	79 79       	andi	r23, 0x99	; 153
    1a28:	7a 7b       	andi	r23, 0xBA	; 186
    1a2a:	7d 7d       	andi	r23, 0xDD	; 221
    1a2c:	7c 7b       	andi	r23, 0xBC	; 188
    1a2e:	7a 79       	andi	r23, 0x9A	; 154
    1a30:	7a 7b       	andi	r23, 0xBA	; 186
    1a32:	7c 7e       	andi	r23, 0xEC	; 236
    1a34:	7f 80       	ldd	r7, Y+7	; 0x07
    1a36:	81 81       	ldd	r24, Z+1	; 0x01
    1a38:	81 81       	ldd	r24, Z+1	; 0x01
    1a3a:	81 81       	ldd	r24, Z+1	; 0x01
    1a3c:	80 80       	ld	r8, Z
    1a3e:	80 80       	ld	r8, Z
    1a40:	7f 80       	ldd	r7, Y+7	; 0x07
    1a42:	80 81       	ld	r24, Z
    1a44:	82 82       	std	Z+2, r8	; 0x02
    1a46:	82 82       	std	Z+2, r8	; 0x02
    1a48:	81 7f       	andi	r24, 0xF1	; 241
    1a4a:	7c 7b       	andi	r23, 0xBC	; 188
    1a4c:	7a 7a       	andi	r23, 0xAA	; 170
    1a4e:	7a 7b       	andi	r23, 0xBA	; 186
    1a50:	7b 7d       	andi	r23, 0xDB	; 219
    1a52:	7e 80       	ldd	r7, Y+6	; 0x06
    1a54:	80 81       	ld	r24, Z
    1a56:	83 85       	ldd	r24, Z+11	; 0x0b
    1a58:	87 89       	ldd	r24, Z+23	; 0x17
    1a5a:	8b 8b       	std	Y+19, r24	; 0x13
    1a5c:	8a 88       	ldd	r8, Y+18	; 0x12
    1a5e:	85 83       	std	Z+5, r24	; 0x05
    1a60:	82 82       	std	Z+2, r8	; 0x02
    1a62:	82 82       	std	Z+2, r8	; 0x02
    1a64:	81 82       	std	Z+1, r8	; 0x01
    1a66:	81 80       	ldd	r8, Z+1	; 0x01
    1a68:	7f 7f       	andi	r23, 0xFF	; 255
    1a6a:	7f 80       	ldd	r7, Y+7	; 0x07
    1a6c:	80 7f       	andi	r24, 0xF0	; 240
    1a6e:	7f 7e       	andi	r23, 0xEF	; 239
    1a70:	7c 7d       	andi	r23, 0xDC	; 220
    1a72:	7d 7e       	andi	r23, 0xED	; 237
    1a74:	7f 80       	ldd	r7, Y+7	; 0x07
    1a76:	80 81       	ld	r24, Z
    1a78:	80 81       	ld	r24, Z
    1a7a:	82 82       	std	Z+2, r8	; 0x02
    1a7c:	82 81       	ldd	r24, Z+2	; 0x02
    1a7e:	7f 80       	ldd	r7, Y+7	; 0x07
    1a80:	80 80       	ld	r8, Z
    1a82:	80 81       	ld	r24, Z
    1a84:	82 82       	std	Z+2, r8	; 0x02
    1a86:	82 81       	ldd	r24, Z+2	; 0x02
    1a88:	7f 7e       	andi	r23, 0xEF	; 239
    1a8a:	7e 7e       	andi	r23, 0xEE	; 238
    1a8c:	7f 7f       	andi	r23, 0xFF	; 255
    1a8e:	7e 7d       	andi	r23, 0xDE	; 222
    1a90:	7c 7c       	andi	r23, 0xCC	; 204
    1a92:	7e 7e       	andi	r23, 0xEE	; 238
    1a94:	7e 7e       	andi	r23, 0xEE	; 238
    1a96:	7d 7c       	andi	r23, 0xCD	; 205
    1a98:	7d 7c       	andi	r23, 0xCD	; 205
    1a9a:	7b 7c       	andi	r23, 0xCB	; 203
    1a9c:	7d 7e       	andi	r23, 0xED	; 237
    1a9e:	7f 7f       	andi	r23, 0xFF	; 255
    1aa0:	7f 80       	ldd	r7, Y+7	; 0x07
    1aa2:	7f 7e       	andi	r23, 0xEF	; 239
    1aa4:	80 80       	ld	r8, Z
    1aa6:	7f 7e       	andi	r23, 0xEF	; 239
    1aa8:	7d 7c       	andi	r23, 0xCD	; 205
    1aaa:	7d 7c       	andi	r23, 0xCD	; 205
    1aac:	7d 7e       	andi	r23, 0xED	; 237
    1aae:	7e 7e       	andi	r23, 0xEE	; 238
    1ab0:	80 80       	ld	r8, Z
    1ab2:	80 81       	ld	r24, Z
    1ab4:	82 85       	ldd	r24, Z+10	; 0x0a
    1ab6:	84 82       	std	Z+4, r8	; 0x04
    1ab8:	81 7f       	andi	r24, 0xF1	; 241
    1aba:	7e 7d       	andi	r23, 0xDE	; 222
    1abc:	7d 7f       	andi	r23, 0xFD	; 253
    1abe:	82 83       	std	Z+2, r24	; 0x02
    1ac0:	84 83       	std	Z+4, r24	; 0x04
    1ac2:	83 84       	ldd	r8, Z+11	; 0x0b
    1ac4:	84 84       	ldd	r8, Z+12	; 0x0c
    1ac6:	84 83       	std	Z+4, r24	; 0x04
    1ac8:	84 84       	ldd	r8, Z+12	; 0x0c
    1aca:	83 81       	ldd	r24, Z+3	; 0x03
    1acc:	80 80       	ld	r8, Z
    1ace:	80 82       	st	Z, r8
    1ad0:	84 83       	std	Z+4, r24	; 0x04
    1ad2:	83 82       	std	Z+3, r8	; 0x03
    1ad4:	80 80       	ld	r8, Z
    1ad6:	7e 7d       	andi	r23, 0xDE	; 222
    1ad8:	80 80       	ld	r8, Z
    1ada:	7f 80       	ldd	r7, Y+7	; 0x07
    1adc:	80 80       	ld	r8, Z
    1ade:	82 81       	ldd	r24, Z+2	; 0x02
    1ae0:	82 84       	ldd	r8, Z+10	; 0x0a
    1ae2:	82 84       	ldd	r8, Z+10	; 0x0a
    1ae4:	86 83       	std	Z+6, r24	; 0x06
    1ae6:	83 81       	ldd	r24, Z+3	; 0x03
    1ae8:	7d 80       	ldd	r7, Y+5	; 0x05
    1aea:	80 7f       	andi	r24, 0xF0	; 240
    1aec:	82 7f       	andi	r24, 0xF2	; 242
    1aee:	7c 7e       	andi	r23, 0xEC	; 236
    1af0:	7c 7a       	andi	r23, 0xAC	; 172
    1af2:	7c 7b       	andi	r23, 0xBC	; 188
    1af4:	7c 7d       	andi	r23, 0xDC	; 220
    1af6:	7b 7b       	andi	r23, 0xBB	; 187
    1af8:	7e 7c       	andi	r23, 0xCE	; 206
    1afa:	7c 7d       	andi	r23, 0xDC	; 220
    1afc:	7b 7c       	andi	r23, 0xCB	; 203
    1afe:	7d 7f       	andi	r23, 0xFD	; 253
    1b00:	80 7e       	andi	r24, 0xE0	; 224
    1b02:	7d 7f       	andi	r23, 0xFD	; 253
    1b04:	7f 7e       	andi	r23, 0xEF	; 239
    1b06:	7f 7f       	andi	r23, 0xFF	; 255
    1b08:	80 81       	ld	r24, Z
    1b0a:	7f 7f       	andi	r23, 0xFF	; 255
    1b0c:	7f 7e       	andi	r23, 0xEF	; 239
    1b0e:	80 84       	ldd	r8, Z+8	; 0x08
    1b10:	87 8a       	std	Z+23, r8	; 0x17
    1b12:	8a 87       	std	Y+10, r24	; 0x0a
    1b14:	86 87       	std	Z+14, r24	; 0x0e
    1b16:	88 8a       	std	Y+16, r8	; 0x10
    1b18:	8c 8c       	ldd	r8, Y+28	; 0x1c
    1b1a:	8c 8b       	std	Y+20, r24	; 0x14
    1b1c:	89 86       	std	Y+9, r8	; 0x09
    1b1e:	84 81       	ldd	r24, Z+4	; 0x04
    1b20:	81 81       	ldd	r24, Z+1	; 0x01
    1b22:	80 80       	ld	r8, Z
    1b24:	7f 7d       	andi	r23, 0xDF	; 223
    1b26:	7b 7a       	andi	r23, 0xAB	; 171
    1b28:	79 79       	andi	r23, 0x99	; 153
    1b2a:	7b 7b       	andi	r23, 0xBB	; 187
    1b2c:	7c 7d       	andi	r23, 0xDC	; 220
    1b2e:	7d 7e       	andi	r23, 0xED	; 237
    1b30:	7f 7d       	andi	r23, 0xDF	; 223
    1b32:	7d 7f       	andi	r23, 0xFD	; 253
    1b34:	7e 7e       	andi	r23, 0xEE	; 238
    1b36:	80 80       	ld	r8, Z
    1b38:	82 87       	std	Z+10, r24	; 0x0a
    1b3a:	89 8b       	std	Y+17, r24	; 0x11
    1b3c:	8c 8a       	std	Y+20, r8	; 0x14
    1b3e:	8a 8a       	std	Y+18, r8	; 0x12
    1b40:	89 88       	ldd	r8, Y+17	; 0x11
    1b42:	88 85       	ldd	r24, Y+8	; 0x08
    1b44:	81 80       	ldd	r8, Z+1	; 0x01
    1b46:	7c 79       	andi	r23, 0x9C	; 156
    1b48:	79 78       	andi	r23, 0x89	; 137
    1b4a:	77 77       	andi	r23, 0x77	; 119
    1b4c:	76 77       	andi	r23, 0x76	; 118
    1b4e:	78 75       	andi	r23, 0x58	; 88
    1b50:	73 72       	andi	r23, 0x23	; 35
    1b52:	73 75       	andi	r23, 0x53	; 83
    1b54:	78 77       	andi	r23, 0x78	; 120
    1b56:	75 74       	andi	r23, 0x45	; 69
    1b58:	72 6f       	ori	r23, 0xF2	; 242
    1b5a:	6d 6a       	ori	r22, 0xAD	; 173
    1b5c:	6d 79       	andi	r22, 0x9D	; 157
    1b5e:	84 8d       	ldd	r24, Z+28	; 0x1c
    1b60:	91 90       	ld	r9, Z+
    1b62:	8d 8e       	std	Y+29, r8	; 0x1d
    1b64:	91 96       	adiw	r26, 0x21	; 33
    1b66:	9e 9f       	mul	r25, r30
    1b68:	9b 97       	sbiw	r26, 0x2b	; 43
    1b6a:	90 8a       	std	Z+16, r9	; 0x10
    1b6c:	87 82       	std	Z+7, r8	; 0x07
    1b6e:	7d 7b       	andi	r23, 0xBD	; 189
    1b70:	7a 79       	andi	r23, 0x9A	; 154
    1b72:	7c 7b       	andi	r23, 0xBC	; 188
    1b74:	78 78       	andi	r23, 0x88	; 136
    1b76:	77 77       	andi	r23, 0x77	; 119
    1b78:	7a 7b       	andi	r23, 0xBA	; 186
    1b7a:	7b 7c       	andi	r23, 0xCB	; 203
    1b7c:	7c 7c       	andi	r23, 0xCC	; 204
    1b7e:	7f 7f       	andi	r23, 0xFF	; 255
    1b80:	7d 7d       	andi	r23, 0xDD	; 221
    1b82:	7e 81       	ldd	r23, Y+6	; 0x06
    1b84:	84 84       	ldd	r8, Z+12	; 0x0c
    1b86:	84 84       	ldd	r8, Z+12	; 0x0c
    1b88:	84 85       	ldd	r24, Z+12	; 0x0c
    1b8a:	88 8b       	std	Y+16, r24	; 0x10
    1b8c:	8d 8e       	std	Y+29, r8	; 0x1d
    1b8e:	8c 89       	ldd	r24, Y+20	; 0x14
    1b90:	87 87       	std	Z+15, r24	; 0x0f
    1b92:	87 85       	ldd	r24, Z+15	; 0x0f
    1b94:	83 81       	ldd	r24, Z+3	; 0x03
    1b96:	7e 7b       	andi	r23, 0xBE	; 190
    1b98:	77 74       	andi	r23, 0x47	; 71
    1b9a:	72 71       	andi	r23, 0x12	; 18
    1b9c:	70 70       	andi	r23, 0x00	; 0
    1b9e:	70 6f       	ori	r23, 0xF0	; 240
    1ba0:	6e 6d       	ori	r22, 0xDE	; 222
    1ba2:	6a 69       	ori	r22, 0x9A	; 154
    1ba4:	68 65       	ori	r22, 0x58	; 88
    1ba6:	61 60       	ori	r22, 0x01	; 1
    1ba8:	6c 82       	std	Y+4, r6	; 0x04
    1baa:	94 9e       	mul	r9, r20
    1bac:	9e 96       	adiw	r26, 0x2e	; 46
    1bae:	92 94       	swap	r9
    1bb0:	99 a2       	std	Y+33, r9	; 0x21
    1bb2:	a7 a2       	std	Z+39, r10	; 0x27
    1bb4:	9c 93       	st	X, r25
    1bb6:	8a 85       	ldd	r24, Y+10	; 0x0a
    1bb8:	80 7b       	andi	r24, 0xB0	; 176
    1bba:	7a 79       	andi	r23, 0x9A	; 154
    1bbc:	77 79       	andi	r23, 0x97	; 151
    1bbe:	78 75       	andi	r23, 0x58	; 88
    1bc0:	74 74       	andi	r23, 0x44	; 68
    1bc2:	74 76       	andi	r23, 0x64	; 100
    1bc4:	79 78       	andi	r23, 0x89	; 137
    1bc6:	77 76       	andi	r23, 0x67	; 103
    1bc8:	75 78       	andi	r23, 0x85	; 133
    1bca:	7c 7d       	andi	r23, 0xDC	; 220
    1bcc:	7f 84       	ldd	r7, Y+15	; 0x0f
    1bce:	88 8c       	ldd	r8, Y+24	; 0x18
    1bd0:	8e 8c       	ldd	r8, Y+30	; 0x1e
    1bd2:	89 87       	std	Y+9, r24	; 0x09
    1bd4:	85 87       	std	Z+13, r24	; 0x0d
    1bd6:	89 8a       	std	Y+17, r8	; 0x11
    1bd8:	8b 8e       	std	Y+27, r8	; 0x1b
    1bda:	90 92 91 8b 	sts	0x8B91, r9	; 0x808b91 <__bss_end+0x8a8d>
    1bde:	85 80       	ldd	r8, Z+5	; 0x05
    1be0:	7c 7a       	andi	r23, 0xAC	; 172
    1be2:	77 72       	andi	r23, 0x27	; 39
    1be4:	6d 6a       	ori	r22, 0xAD	; 173
    1be6:	66 63       	ori	r22, 0x36	; 54
    1be8:	61 60       	ori	r22, 0x01	; 1
    1bea:	62 63       	ori	r22, 0x32	; 50
    1bec:	64 61       	ori	r22, 0x14	; 20
    1bee:	5b 54       	subi	r21, 0x4B	; 75
    1bf0:	4b 4a       	sbci	r20, 0xAB	; 171
    1bf2:	68 90       	.word	0x9068	; ????
    1bf4:	af c0       	rjmp	.+350    	; 0x1d54 <__stack+0x1455>
    1bf6:	b8 a6       	std	Y+40, r11	; 0x28
    1bf8:	9d 9a       	sbi	0x13, 5	; 19
    1bfa:	9b a4       	ldd	r9, Y+43	; 0x2b
    1bfc:	a3 9d       	mul	r26, r3
    1bfe:	9c 93       	st	X, r25
    1c00:	88 83       	st	Y, r24
    1c02:	7a 74       	andi	r23, 0x4A	; 74
    1c04:	7b 7f       	andi	r23, 0xFB	; 251
    1c06:	83 88       	ldd	r8, Z+19	; 0x13
    1c08:	82 76       	andi	r24, 0x62	; 98
    1c0a:	70 69       	ori	r23, 0x90	; 144
    1c0c:	67 6d       	ori	r22, 0xD7	; 215
    1c0e:	6e 6b       	ori	r22, 0xBE	; 190
    1c10:	6c 6d       	ori	r22, 0xDC	; 220
    1c12:	70 7a       	andi	r23, 0xA0	; 160
    1c14:	80 82       	st	Z, r8
    1c16:	88 8c       	ldd	r8, Y+24	; 0x18
    1c18:	90 96       	adiw	r26, 0x20	; 32
    1c1a:	95 8d       	ldd	r25, Z+29	; 0x1d
    1c1c:	87 80       	ldd	r8, Z+7	; 0x07
    1c1e:	7f 84       	ldd	r7, Y+15	; 0x0f
    1c20:	88 8c       	ldd	r8, Y+24	; 0x18
    1c22:	92 98       	cbi	0x12, 2	; 18
    1c24:	9b 9e       	mul	r9, r27
    1c26:	9c 93       	st	X, r25
    1c28:	8b 84       	ldd	r8, Y+11	; 0x0b
    1c2a:	7e 7a       	andi	r23, 0xAE	; 174
    1c2c:	76 6f       	ori	r23, 0xF6	; 246
    1c2e:	68 61       	ori	r22, 0x18	; 24
    1c30:	5a 5a       	subi	r21, 0xAA	; 170
    1c32:	5e 63       	ori	r21, 0x3E	; 62
    1c34:	66 65       	ori	r22, 0x56	; 86
    1c36:	5d 54       	subi	r21, 0x4D	; 77
    1c38:	45 36       	cpi	r20, 0x65	; 101
    1c3a:	46 7b       	andi	r20, 0xB6	; 182
    1c3c:	b0 d4       	rcall	.+2400   	; 0x259e <__stack+0x1c9f>
    1c3e:	d6 b8       	out	0x06, r13	; 6
    1c40:	9b 8e       	std	Y+27, r9	; 0x1b
    1c42:	8a 91       	ld	r24, -Y
    1c44:	9b 98       	cbi	0x13, 3	; 19
    1c46:	9c 9e       	mul	r9, r28
    1c48:	93 8e       	std	Z+27, r9	; 0x1b
    1c4a:	89 80       	ldd	r8, Y+1	; 0x01
    1c4c:	84 8b       	std	Z+20, r24	; 0x14
    1c4e:	8b 8f       	std	Y+27, r24	; 0x1b
    1c50:	8c 7a       	andi	r24, 0xAC	; 172
    1c52:	6b 60       	ori	r22, 0x0B	; 11
    1c54:	58 61       	ori	r21, 0x18	; 24
    1c56:	6e 72       	andi	r22, 0x2E	; 46
    1c58:	77 7a       	andi	r23, 0xA7	; 167
    1c5a:	78 7f       	andi	r23, 0xF8	; 248
    1c5c:	85 82       	std	Z+5, r8	; 0x05
    1c5e:	82 86       	std	Z+10, r8	; 0x0a
    1c60:	89 90       	ld	r8, Y+
    1c62:	93 8c       	ldd	r9, Z+27	; 0x1b
    1c64:	87 84       	ldd	r8, Z+15	; 0x0f
    1c66:	80 84       	ldd	r8, Z+8	; 0x08
    1c68:	8c 93       	st	X, r24
    1c6a:	9b 9b       	sbis	0x13, 3	; 19
    1c6c:	92 8c       	ldd	r9, Z+26	; 0x1a
    1c6e:	8c 8d       	ldd	r24, Y+28	; 0x1c
    1c70:	8e 8a       	std	Y+22, r8	; 0x16
    1c72:	81 7c       	andi	r24, 0xC1	; 193
    1c74:	75 6a       	ori	r23, 0xA5	; 165
    1c76:	5e 52       	subi	r21, 0x2E	; 46
    1c78:	4d 54       	subi	r20, 0x4D	; 77
    1c7a:	5b 5e       	subi	r21, 0xEB	; 235
    1c7c:	59 4e       	sbci	r21, 0xE9	; 233
    1c7e:	3a 26       	eor	r3, r26
    1c80:	28 66       	ori	r18, 0x68	; 104
    1c82:	b0 e2       	ldi	r27, 0x20	; 32
    1c84:	f1 cb       	rjmp	.-2078   	; 0x1468 <__stack+0xb69>
    1c86:	9c 82       	std	Y+4, r9	; 0x04
    1c88:	75 76       	andi	r23, 0x65	; 101
    1c8a:	8f 98       	cbi	0x11, 7	; 17
    1c8c:	a7 b5       	in	r26, 0x27	; 39
    1c8e:	a5 97       	sbiw	r28, 0x25	; 37
    1c90:	8f 80       	ldd	r8, Y+7	; 0x07
    1c92:	82 8e       	std	Z+26, r8	; 0x1a
    1c94:	8c 8c       	ldd	r8, Y+28	; 0x1c
    1c96:	8a 78       	andi	r24, 0x8A	; 138
    1c98:	6a 60       	ori	r22, 0x0A	; 10
    1c9a:	54 5a       	subi	r21, 0xA4	; 164
    1c9c:	64 68       	ori	r22, 0x84	; 132
    1c9e:	70 79       	andi	r23, 0x90	; 144
    1ca0:	7c 83       	std	Y+4, r23	; 0x04
    1ca2:	84 79       	andi	r24, 0x94	; 148
    1ca4:	73 77       	andi	r23, 0x73	; 115
    1ca6:	80 91 9b 97 	lds	r24, 0x979B	; 0x80979b <__bss_end+0x9697>
    1caa:	95 92       	las	Z, r9
    1cac:	8e 94 96 92 	call	0x21252c	; 0x21252c <__TEXT_REGION_LENGTH__+0x20a52c>
    1cb0:	8e 86       	std	Y+14, r8	; 0x0e
    1cb2:	83 8c       	ldd	r8, Z+27	; 0x1b
    1cb4:	91 90       	ld	r9, Z+
    1cb6:	8e 86       	std	Y+14, r8	; 0x0e
    1cb8:	7f 76       	andi	r23, 0x6F	; 111
    1cba:	67 5a       	subi	r22, 0xA7	; 167
    1cbc:	56 59       	subi	r21, 0x96	; 150
    1cbe:	5d 5d       	subi	r21, 0xDD	; 221
    1cc0:	4d 3c       	cpi	r20, 0xCD	; 205
    1cc2:	2d 1b       	sub	r18, r29
    1cc4:	16 4e       	sbci	r17, 0xE6	; 230
    1cc6:	a3 dd       	rcall	.-1210   	; 0x180e <__stack+0xf0f>
    1cc8:	fb d6       	rcall	.+3574   	; 0x2ac0 <__data_load_end+0x1d2>
    1cca:	a1 80       	ldd	r10, Z+1	; 0x01
    1ccc:	6e 68       	ori	r22, 0x8E	; 142
    1cce:	82 94       	swap	r8
    1cd0:	a6 c4       	rjmp	.+2380   	; 0x261e <__stack+0x1d1f>
    1cd2:	b6 a2       	std	Z+38, r11	; 0x26
    1cd4:	98 88       	ldd	r9, Y+16	; 0x10
    1cd6:	89 96       	adiw	r24, 0x29	; 41
    1cd8:	90 8c       	ldd	r9, Z+24	; 0x18
    1cda:	8b 79       	andi	r24, 0x9B	; 155
    1cdc:	69 64       	ori	r22, 0x49	; 73
    1cde:	5a 62       	ori	r21, 0x2A	; 42
    1ce0:	70 6d       	ori	r23, 0xD0	; 208
    1ce2:	6d 6f       	ori	r22, 0xFD	; 253
    1ce4:	6e 77       	andi	r22, 0x7E	; 126
    1ce6:	7d 75       	andi	r23, 0x5D	; 93
    1ce8:	6d 6c       	ori	r22, 0xCD	; 205
    1cea:	70 81       	ld	r23, Z
    1cec:	93 9a       	sbi	0x12, 3	; 18
    1cee:	a4 a7       	std	Z+44, r26	; 0x2c
    1cf0:	a5 a2       	std	Z+37, r10	; 0x25
    1cf2:	98 88       	ldd	r9, Y+16	; 0x10
    1cf4:	7e 7b       	andi	r23, 0xBE	; 190
    1cf6:	82 92       	st	-Z, r8
    1cf8:	9a 96       	adiw	r26, 0x2a	; 42
    1cfa:	8d 7f       	andi	r24, 0xFD	; 253
    1cfc:	75 76       	andi	r23, 0x65	; 101
    1cfe:	75 72       	andi	r23, 0x25	; 37
    1d00:	6f 67       	ori	r22, 0x7F	; 127
    1d02:	5e 53       	subi	r21, 0x3E	; 62
    1d04:	41 2b       	or	r20, r17
    1d06:	15 04       	cpc	r1, r5
    1d08:	2c 93       	st	X, r18
    1d0a:	d8 fb       	.word	0xfbd8	; ????
    1d0c:	db 92       	.word	0x92db	; ????
    1d0e:	68 64       	ori	r22, 0x48	; 72
    1d10:	6a 81       	ldd	r22, Y+2	; 0x02
    1d12:	9e a1       	ldd	r25, Y+38	; 0x26
    1d14:	bd bd       	out	0x2d, r27	; 45
    1d16:	a3 97       	sbiw	r28, 0x23	; 35
    1d18:	86 78       	andi	r24, 0x86	; 134
    1d1a:	87 92       	lat	Z, r8
    1d1c:	96 9e       	mul	r9, r22
    1d1e:	8e 6f       	ori	r24, 0xFE	; 254
    1d20:	61 58       	subi	r22, 0x81	; 129
    1d22:	59 6d       	ori	r21, 0xD9	; 217
    1d24:	6d 66       	ori	r22, 0x6D	; 109
    1d26:	68 65       	ori	r22, 0x58	; 88
    1d28:	6f 80       	ldd	r6, Y+7	; 0x07
    1d2a:	83 7b       	andi	r24, 0xB3	; 179
    1d2c:	77 73       	andi	r23, 0x37	; 55
    1d2e:	80 99       	sbic	0x10, 0	; 16
    1d30:	a0 a8       	ldd	r10, Z+48	; 0x30
    1d32:	ae a6       	std	Y+46, r10	; 0x2e
    1d34:	a3 9e       	mul	r10, r19
    1d36:	8d 81       	ldd	r24, Y+5	; 0x05
    1d38:	7a 77       	andi	r23, 0x7A	; 122
    1d3a:	86 97       	sbiw	r24, 0x26	; 38
    1d3c:	9b 95       	.word	0x959b	; ????
    1d3e:	7e 66       	ori	r23, 0x6E	; 110
    1d40:	60 63       	ori	r22, 0x30	; 48
    1d42:	6e 7a       	andi	r22, 0xAE	; 174
    1d44:	74 63       	ori	r23, 0x34	; 52
    1d46:	4f 36       	cpi	r20, 0x6F	; 111
    1d48:	1d 09       	sbc	r17, r13
    1d4a:	0a 5b       	subi	r16, 0xBA	; 186
    1d4c:	bd ed       	ldi	r27, 0xDD	; 221
    1d4e:	ec a7       	std	Y+44, r30	; 0x2c
    1d50:	6d 5a       	subi	r22, 0xAD	; 173
    1d52:	69 7d       	andi	r22, 0xD9	; 217
    1d54:	a6 b6       	in	r10, 0x36	; 54
    1d56:	bb c1       	rjmp	.+886    	; 0x20ce <__stack+0x17cf>
    1d58:	a0 8d       	ldd	r26, Z+24	; 0x18
    1d5a:	86 7c       	andi	r24, 0xC6	; 198
    1d5c:	81 93       	st	Z+, r24
    1d5e:	9a a6       	std	Y+42, r9	; 0x2a
    1d60:	a0 7d       	andi	r26, 0xD0	; 208
    1d62:	62 59       	subi	r22, 0x92	; 146
    1d64:	55 66       	ori	r21, 0x65	; 101
    1d66:	74 6f       	ori	r23, 0xF4	; 244
    1d68:	6e 67       	ori	r22, 0x7E	; 126
    1d6a:	60 67       	ori	r22, 0x70	; 112
    1d6c:	6d 6e       	ori	r22, 0xED	; 237
    1d6e:	6b 6d       	ori	r22, 0xDB	; 219
    1d70:	77 90       	elpm	r7, Z+
    1d72:	a8 b4       	in	r10, 0x28	; 40
    1d74:	c0 bc       	out	0x20, r12	; 32
    1d76:	b2 aa       	std	Z+50, r11	; 0x32
    1d78:	9c 8f       	std	Y+28, r25	; 0x1c
    1d7a:	89 84       	ldd	r8, Y+9	; 0x09
    1d7c:	87 90       	elpm	r8, Z+
    1d7e:	8d 82       	std	Y+5, r8	; 0x05
    1d80:	73 62       	ori	r23, 0x23	; 35
    1d82:	5f 69       	ori	r21, 0x9F	; 159
    1d84:	75 81       	ldd	r23, Z+5	; 0x05
    1d86:	7f 69       	ori	r23, 0x9F	; 159
    1d88:	4f 33       	cpi	r20, 0x3F	; 63
    1d8a:	1a 0c       	add	r1, r10
    1d8c:	1b 73       	andi	r17, 0x3B	; 59
    1d8e:	c4 eb       	ldi	r28, 0xB4	; 180
    1d90:	d4 86       	std	Z+12, r13	; 0x0c
    1d92:	58 4d       	sbci	r21, 0xD8	; 216
    1d94:	67 8f       	std	Z+31, r22	; 0x1f
    1d96:	c1 cf       	rjmp	.-126    	; 0x1d1a <__stack+0x141b>
    1d98:	d7 c2       	rjmp	.+1454   	; 0x2348 <__stack+0x1a49>
    1d9a:	95 85       	ldd	r25, Z+13	; 0x0d
    1d9c:	7a 77       	andi	r23, 0x7A	; 122
    1d9e:	84 90       	lpm	r8, Z
    1da0:	9b ae       	std	Y+59, r9	; 0x3b
    1da2:	a5 86       	std	Z+13, r10	; 0x0d
    1da4:	68 49       	sbci	r22, 0x98	; 152
    1da6:	41 59       	subi	r20, 0x91	; 145
    1da8:	6d 7d       	andi	r22, 0xDD	; 221
    1daa:	82 70       	andi	r24, 0x02	; 2
    1dac:	63 60       	ori	r22, 0x03	; 3
    1dae:	5f 66       	ori	r21, 0x6F	; 111
    1db0:	6b 6e       	ori	r22, 0xEB	; 235
    1db2:	78 86       	std	Y+8, r7	; 0x08
    1db4:	93 aa       	std	Z+51, r9	; 0x33
    1db6:	b9 bd       	out	0x29, r27	; 41
    1db8:	b9 a9       	ldd	r27, Y+49	; 0x31
    1dba:	9a 96       	adiw	r26, 0x2a	; 42
    1dbc:	94 98       	cbi	0x12, 4	; 18
    1dbe:	9c 92       	st	X, r9
    1dc0:	87 77       	andi	r24, 0x77	; 119
    1dc2:	61 5a       	subi	r22, 0xA1	; 161
    1dc4:	5b 5f       	subi	r21, 0xFB	; 251
    1dc6:	6d 74       	andi	r22, 0x4D	; 77
    1dc8:	6d 5a       	subi	r22, 0xAD	; 173
    1dca:	39 17       	cp	r19, r25
    1dcc:	07 27       	eor	r16, r23
    1dce:	88 c8       	rjmp	.-3824   	; 0xee0 <__stack+0x5e1>
    1dd0:	de ad       	ldd	r29, Y+62	; 0x3e
    1dd2:	66 47       	sbci	r22, 0x76	; 118
    1dd4:	4c 6f       	ori	r20, 0xFC	; 252
    1dd6:	9c cd       	rjmp	.-1224   	; 0x1910 <__stack+0x1011>
    1dd8:	d4 df       	rcall	.-88     	; 0x1d82 <__stack+0x1483>
    1dda:	be 93       	st	-X, r27	; undefined
    1ddc:	80 70       	andi	r24, 0x00	; 0
    1dde:	73 8c       	ldd	r7, Z+27	; 0x1b
    1de0:	9d ab       	std	Y+53, r25	; 0x35
    1de2:	b4 a0       	ldd	r11, Z+36	; 0x24
    1de4:	88 73       	andi	r24, 0x38	; 56
    1de6:	59 4a       	sbci	r21, 0xA9	; 169
    1de8:	50 56       	subi	r21, 0x60	; 96
    1dea:	68 72       	andi	r22, 0x28	; 40
    1dec:	6f 70       	andi	r22, 0x0F	; 15
    1dee:	69 5e       	subi	r22, 0xE9	; 233
    1df0:	5c 5e       	subi	r21, 0xEC	; 236
    1df2:	6f 8a       	std	Y+23, r6	; 0x17
    1df4:	9b 9f       	mul	r25, r27
    1df6:	a3 9d       	mul	r26, r3
    1df8:	96 95       	lsr	r25
    1dfa:	97 a6       	std	Z+47, r9	; 0x2f
    1dfc:	b6 b9       	out	0x06, r27	; 6
    1dfe:	b2 a5       	ldd	r27, Z+42	; 0x2a
    1e00:	8b 72       	andi	r24, 0x2B	; 43
    1e02:	5f 59       	subi	r21, 0x9F	; 159
    1e04:	65 74       	andi	r22, 0x45	; 69
    1e06:	78 6f       	ori	r23, 0xF8	; 248
    1e08:	5f 50       	subi	r21, 0x0F	; 15
    1e0a:	40 29       	or	r20, r0
    1e0c:	10 2a       	or	r1, r16
    1e0e:	80 bc       	out	0x20, r8	; 32
    1e10:	db aa       	std	Y+51, r13	; 0x33
    1e12:	61 3d       	cpi	r22, 0xD1	; 209
    1e14:	3b 6b       	ori	r19, 0xBB	; 187
    1e16:	aa e3       	ldi	r26, 0x3A	; 58
    1e18:	ec e3       	ldi	r30, 0x3C	; 60
    1e1a:	ae 86       	std	Y+14, r10	; 0x0e
    1e1c:	79 72       	andi	r23, 0x29	; 41
    1e1e:	7b 8b       	std	Y+19, r23	; 0x13
    1e20:	93 a3       	std	Z+35, r25	; 0x23
    1e22:	ac 9a       	sbi	0x15, 4	; 21
    1e24:	87 6c       	ori	r24, 0xC7	; 199
    1e26:	55 58       	subi	r21, 0x85	; 133
    1e28:	63 6a       	ori	r22, 0xA3	; 163
    1e2a:	73 6b       	ori	r23, 0xB3	; 179
    1e2c:	5e 5c       	subi	r21, 0xCE	; 206
    1e2e:	57 5b       	subi	r21, 0xB7	; 183
    1e30:	64 67       	ori	r22, 0x74	; 116
    1e32:	77 83       	std	Z+7, r23	; 0x07
    1e34:	8f 9a       	sbi	0x11, 7	; 17
    1e36:	a3 a1       	ldd	r26, Z+35	; 0x23
    1e38:	99 90       	ld	r9, Y+
    1e3a:	90 a3       	std	Z+32, r25	; 0x20
    1e3c:	b2 ba       	out	0x12, r11	; 18
    1e3e:	bc b6       	in	r11, 0x3c	; 60
    1e40:	a5 8c       	ldd	r10, Z+29	; 0x1d
    1e42:	68 4c       	sbci	r22, 0xC8	; 200
    1e44:	49 58       	subi	r20, 0x89	; 137
    1e46:	6f 7c       	andi	r22, 0xCF	; 207
    1e48:	73 5f       	subi	r23, 0xF3	; 243
    1e4a:	41 22       	and	r4, r17
    1e4c:	0e 3e       	cpi	r16, 0xEE	; 238
    1e4e:	88 ba       	out	0x18, r8	; 24
    1e50:	c9 8f       	std	Y+25, r28	; 0x19
    1e52:	5b 38       	cpi	r21, 0x8B	; 139
    1e54:	3e 6c       	ori	r19, 0xCE	; 206
    1e56:	af e0       	ldi	r26, 0x0F	; 15
    1e58:	f3 e2       	ldi	r31, 0x23	; 35
    1e5a:	a5 7e       	andi	r26, 0xE5	; 229
    1e5c:	6b 71       	andi	r22, 0x1B	; 27
    1e5e:	88 9b       	sbis	0x11, 0	; 17
    1e60:	a4 ab       	std	Z+52, r26	; 0x34
    1e62:	a9 9a       	sbi	0x15, 1	; 21
    1e64:	88 6e       	ori	r24, 0xE8	; 232
    1e66:	58 59       	subi	r21, 0x98	; 152
    1e68:	5f 68       	ori	r21, 0x8F	; 143
    1e6a:	6d 68       	ori	r22, 0x8D	; 141
    1e6c:	66 61       	ori	r22, 0x16	; 22
    1e6e:	59 5a       	subi	r21, 0xA9	; 169
    1e70:	5b 67       	ori	r21, 0x7B	; 123
    1e72:	7c 8b       	std	Y+20, r23	; 0x14
    1e74:	94 97       	sbiw	r26, 0x24	; 36
    1e76:	9c 9e       	mul	r9, r28
    1e78:	9b 97       	sbiw	r26, 0x2b	; 43
    1e7a:	98 a8       	ldd	r9, Y+48	; 0x30
    1e7c:	b6 ba       	out	0x16, r11	; 22
    1e7e:	b4 a2       	std	Z+36, r11	; 0x24
    1e80:	90 7e       	andi	r25, 0xE0	; 224
    1e82:	6a 5d       	subi	r22, 0xDA	; 218
    1e84:	5d 64       	ori	r21, 0x4D	; 77
    1e86:	6d 6f       	ori	r22, 0xFD	; 253
    1e88:	68 5d       	subi	r22, 0xD8	; 216
    1e8a:	48 28       	or	r4, r8
    1e8c:	11 3a       	cpi	r17, 0xA1	; 161
    1e8e:	81 b7       	in	r24, 0x31	; 49
    1e90:	c6 93       	lac	Z, r28
    1e92:	5f 3f       	cpi	r21, 0xFF	; 255
    1e94:	45 70       	andi	r20, 0x05	; 5
    1e96:	af d8       	rcall	.-3746   	; 0xff6 <__stack+0x6f7>
    1e98:	e6 d2       	rcall	.+1484   	; 0x2466 <__stack+0x1b67>
    1e9a:	9f 81       	ldd	r25, Y+7	; 0x07
    1e9c:	74 7a       	andi	r23, 0xA4	; 164
    1e9e:	8b 9b       	sbis	0x11, 3	; 17
    1ea0:	a3 ae       	std	Z+59, r10	; 0x3b
    1ea2:	aa 9e       	mul	r10, r26
    1ea4:	90 77       	andi	r25, 0x70	; 112
    1ea6:	63 5f       	subi	r22, 0xF3	; 243
    1ea8:	60 6b       	ori	r22, 0xB0	; 176
    1eaa:	73 6a       	ori	r23, 0xA3	; 163
    1eac:	61 57       	subi	r22, 0x71	; 113
    1eae:	53 5f       	subi	r21, 0xF3	; 243
    1eb0:	68 71       	andi	r22, 0x18	; 24
    1eb2:	7a 7a       	andi	r23, 0xAA	; 170
    1eb4:	7d 80       	ldd	r7, Y+5	; 0x05
    1eb6:	8b 96       	adiw	r24, 0x2b	; 43
    1eb8:	a0 a5       	ldd	r26, Z+40	; 0x28
    1eba:	a7 b1       	in	r26, 0x07	; 7
    1ebc:	b7 b9       	out	0x07, r27	; 7
    1ebe:	b0 9c       	mul	r11, r0
    1ec0:	84 6e       	ori	r24, 0xE4	; 228
    1ec2:	62 61       	ori	r22, 0x12	; 18
    1ec4:	67 6d       	ori	r22, 0xD7	; 215
    1ec6:	6e 6a       	ori	r22, 0xAE	; 174
    1ec8:	66 63       	ori	r22, 0x36	; 54
    1eca:	54 39       	cpi	r21, 0x94	; 148
    1ecc:	19 2c       	mov	r1, r9
    1ece:	6d a8       	ldd	r6, Y+53	; 0x35
    1ed0:	cb ad       	ldd	r28, Y+59	; 0x3b
    1ed2:	79 4f       	sbci	r23, 0xF9	; 249
    1ed4:	44 62       	ori	r20, 0x24	; 36
    1ed6:	9c ce       	rjmp	.-712    	; 0x1c10 <__stack+0x1311>
    1ed8:	e3 d9       	rcall	.-3130   	; 0x12a0 <__stack+0x9a1>
    1eda:	a7 7f       	andi	r26, 0xF7	; 247
    1edc:	6d 71       	andi	r22, 0x1D	; 29
    1ede:	87 9c       	mul	r8, r7
    1ee0:	a4 ab       	std	Z+52, r26	; 0x34
    1ee2:	a5 9a       	sbi	0x14, 5	; 20
    1ee4:	8d 75       	andi	r24, 0x5D	; 93
    1ee6:	62 5d       	subi	r22, 0xD2	; 210
    1ee8:	5d 67       	ori	r21, 0x7D	; 125
    1eea:	71 70       	andi	r23, 0x01	; 1
    1eec:	6d 64       	ori	r22, 0x4D	; 77
    1eee:	5b 61       	ori	r21, 0x1B	; 27
    1ef0:	65 6e       	ori	r22, 0xE5	; 229
    1ef2:	79 7b       	andi	r23, 0xB9	; 185
    1ef4:	7d 7b       	andi	r23, 0xBD	; 189
    1ef6:	7e 8e       	std	Y+30, r7	; 0x1e
    1ef8:	a6 b6       	in	r10, 0x36	; 54
    1efa:	bb b9       	out	0x0b, r27	; 11
    1efc:	b4 b3       	in	r27, 0x14	; 20
    1efe:	ae 9f       	mul	r26, r30
    1f00:	92 86       	std	Z+10, r9	; 0x0a
    1f02:	7c 76       	andi	r23, 0x6C	; 108
    1f04:	6a 62       	ori	r22, 0x2A	; 42
    1f06:	63 65       	ori	r22, 0x53	; 83
    1f08:	6d 70       	andi	r22, 0x0D	; 13
    1f0a:	66 4e       	sbci	r22, 0xE6	; 230
    1f0c:	28 07       	cpc	r18, r24
    1f0e:	0c 4d       	sbci	r16, 0xDC	; 220
    1f10:	96 c8       	rjmp	.-3796   	; 0x103e <__stack+0x73f>
    1f12:	c6 99       	sbic	0x18, 6	; 24
    1f14:	6f 59       	subi	r22, 0x9F	; 159
    1f16:	62 89       	ldd	r22, Z+18	; 0x12
    1f18:	b5 c5       	rjmp	.+2922   	; 0x2a84 <__data_load_end+0x196>
    1f1a:	c5 a8       	ldd	r12, Z+53	; 0x35
    1f1c:	8b 82       	std	Y+3, r8	; 0x03
    1f1e:	83 94       	inc	r8
    1f20:	a3 a8       	ldd	r10, Z+51	; 0x33
    1f22:	ac aa       	std	Y+52, r10	; 0x34
    1f24:	9d 8b       	std	Y+21, r25	; 0x15
    1f26:	74 60       	ori	r23, 0x04	; 4
    1f28:	56 58       	subi	r21, 0x86	; 134
    1f2a:	5f 69       	ori	r21, 0x9F	; 159
    1f2c:	6a 66       	ori	r22, 0x6A	; 106
    1f2e:	66 65       	ori	r22, 0x56	; 86
    1f30:	68 68       	ori	r22, 0x88	; 136
    1f32:	63 62       	ori	r22, 0x23	; 35
    1f34:	68 70       	andi	r22, 0x08	; 8
    1f36:	80 91 a0 af 	lds	r24, 0xAFA0	; 0x80afa0 <__bss_end+0xae9c>
    1f3a:	b5 b4       	in	r11, 0x25	; 37
    1f3c:	af ac       	ldd	r10, Y+63	; 0x3f
    1f3e:	ab a8       	ldd	r10, Y+51	; 0x33
    1f40:	a0 96       	adiw	r28, 0x20	; 32
    1f42:	8d 86       	std	Y+13, r8	; 0x0d
    1f44:	7f 78       	andi	r23, 0x8F	; 143
    1f46:	6d 67       	ori	r22, 0x7D	; 125
    1f48:	68 6d       	ori	r22, 0xD8	; 216
    1f4a:	6f 67       	ori	r22, 0x7F	; 127
    1f4c:	55 40       	sbci	r21, 0x05	; 5
    1f4e:	2f 29       	or	r18, r15
    1f50:	30 42       	sbci	r19, 0x20	; 32
    1f52:	69 88       	ldd	r6, Y+17	; 0x11
    1f54:	97 99       	sbic	0x12, 7	; 18
    1f56:	90 89       	ldd	r25, Z+16	; 0x10
    1f58:	85 82       	std	Z+5, r8	; 0x05
    1f5a:	84 8e       	std	Z+28, r8	; 0x1c
    1f5c:	97 aa       	std	Z+55, r9	; 0x37
    1f5e:	b7 b8       	out	0x07, r11	; 7
    1f60:	b0 a4       	ldd	r11, Z+40	; 0x28
    1f62:	9b 98       	cbi	0x13, 3	; 19
    1f64:	9b 9b       	sbis	0x13, 3	; 19
    1f66:	9b 93       	.word	0x939b	; ????
    1f68:	83 73       	andi	r24, 0x33	; 51
    1f6a:	65 5d       	subi	r22, 0xD5	; 213
    1f6c:	5d 62       	ori	r21, 0x2D	; 45
    1f6e:	69 6e       	ori	r22, 0xE9	; 233
    1f70:	6d 66       	ori	r22, 0x6D	; 109
    1f72:	5d 56       	subi	r21, 0x6D	; 109
    1f74:	56 5c       	subi	r21, 0xC6	; 198
    1f76:	65 72       	andi	r22, 0x25	; 37
    1f78:	81 8c       	ldd	r8, Z+25	; 0x19
    1f7a:	98 a2       	std	Y+32, r9	; 0x20
    1f7c:	a9 ae       	std	Y+57, r10	; 0x39
    1f7e:	ab a4       	ldd	r10, Y+43	; 0x2b
    1f80:	9c 95 94 9a 	jmp	0x653528	; 0x653528 <__TEXT_REGION_LENGTH__+0x64b528>
    1f84:	9a 99       	sbic	0x13, 2	; 19
    1f86:	95 8f       	std	Z+29, r25	; 0x1d
    1f88:	8c 87       	std	Y+12, r24	; 0x0c
    1f8a:	7f 76       	andi	r23, 0x6F	; 111
    1f8c:	69 5d       	subi	r22, 0xD9	; 217
    1f8e:	56 56       	subi	r21, 0x66	; 102
    1f90:	5b 64       	ori	r21, 0x4B	; 75
    1f92:	67 64       	ori	r22, 0x47	; 71
    1f94:	5f 59       	subi	r21, 0x9F	; 159
    1f96:	56 56       	subi	r21, 0x66	; 102
    1f98:	61 6b       	ori	r22, 0xB1	; 177
    1f9a:	6d 6f       	ori	r22, 0xFD	; 253
    1f9c:	76 7f       	andi	r23, 0xF6	; 246
    1f9e:	8d 98       	cbi	0x11, 5	; 17
    1fa0:	9d a0       	ldd	r9, Y+37	; 0x25
    1fa2:	9e 9d       	mul	r25, r14
    1fa4:	a1 a4       	ldd	r10, Z+41	; 0x29
    1fa6:	a4 a5       	ldd	r26, Z+44	; 0x2c
    1fa8:	a5 a1       	ldd	r26, Z+37	; 0x25
    1faa:	9a 92       	st	-Y, r9
    1fac:	8a 88       	ldd	r8, Y+18	; 0x12
    1fae:	89 89       	ldd	r24, Y+17	; 0x11
    1fb0:	86 7c       	andi	r24, 0xC6	; 198
    1fb2:	70 64       	ori	r23, 0x40	; 64
    1fb4:	5c 58       	subi	r21, 0x8C	; 140
    1fb6:	5b 63       	ori	r21, 0x3B	; 59
    1fb8:	69 6d       	ori	r22, 0xD9	; 217
    1fba:	6f 6f       	ori	r22, 0xFF	; 255
    1fbc:	74 7e       	andi	r23, 0xE4	; 228
    1fbe:	88 8d       	ldd	r24, Y+24	; 0x18
    1fc0:	8e 8c       	ldd	r8, Y+30	; 0x1e
    1fc2:	8b 8d       	ldd	r24, Y+27	; 0x1b
    1fc4:	8f 92       	push	r8
    1fc6:	91 90       	ld	r9, Z+
    1fc8:	94 9c       	mul	r9, r4
    1fca:	a3 a3       	std	Z+35, r26	; 0x23
    1fcc:	97 8a       	std	Z+23, r9	; 0x17
    1fce:	81 7d       	andi	r24, 0xD1	; 209
    1fd0:	82 88       	ldd	r8, Z+18	; 0x12
    1fd2:	8c 89       	ldd	r24, Y+20	; 0x14
    1fd4:	81 72       	andi	r24, 0x21	; 33
    1fd6:	69 61       	ori	r22, 0x19	; 25
    1fd8:	5b 56       	subi	r21, 0x6B	; 107
    1fda:	50 4c       	sbci	r21, 0xC0	; 192
    1fdc:	4c 4f       	sbci	r20, 0xFC	; 252
    1fde:	55 5c       	subi	r21, 0xC5	; 197
    1fe0:	66 75       	andi	r22, 0x56	; 86
    1fe2:	78 72       	andi	r23, 0x28	; 40
    1fe4:	74 7e       	andi	r23, 0xE4	; 228
    1fe6:	8a 94       	dec	r8
    1fe8:	96 97       	sbiw	r26, 0x26	; 38
    1fea:	9d a4       	ldd	r9, Y+45	; 0x2d
    1fec:	ad b5       	in	r26, 0x2d	; 45
    1fee:	b4 b0       	in	r11, 0x04	; 4
    1ff0:	ac a6       	std	Y+44, r10	; 0x2c
    1ff2:	a1 9a       	sbi	0x14, 1	; 20
    1ff4:	92 89       	ldd	r25, Z+18	; 0x12
    1ff6:	81 7d       	andi	r24, 0xD1	; 209
    1ff8:	7e 80       	ldd	r7, Y+6	; 0x06
    1ffa:	7c 76       	andi	r23, 0x6C	; 108
    1ffc:	70 6a       	ori	r23, 0xA0	; 160
    1ffe:	69 66       	ori	r22, 0x69	; 105
    2000:	62 5b       	subi	r22, 0xB2	; 178
    2002:	57 5b       	subi	r21, 0xB7	; 183
    2004:	63 6c       	ori	r22, 0xC3	; 195
    2006:	76 79       	andi	r23, 0x96	; 150
    2008:	7a 7f       	andi	r23, 0xFA	; 250
    200a:	87 91       	elpm	r24, Z+
    200c:	94 90       	lpm	r9, Z
    200e:	8b 86       	std	Y+11, r8	; 0x0b
    2010:	86 8e       	std	Z+30, r8	; 0x1e
    2012:	99 a3       	std	Y+33, r25	; 0x21
    2014:	a9 a5       	ldd	r26, Y+41	; 0x29
    2016:	9d 93       	st	X+, r25
    2018:	8a 87       	std	Y+10, r24	; 0x0a
    201a:	82 7a       	andi	r24, 0xA2	; 162
    201c:	72 6d       	ori	r23, 0xD2	; 210
    201e:	6b 6d       	ori	r22, 0xDB	; 219
    2020:	6c 68       	ori	r22, 0x8C	; 140
    2022:	64 61       	ori	r22, 0x14	; 20
    2024:	63 6a       	ori	r22, 0xA3	; 163
    2026:	6c 6b       	ori	r22, 0xBC	; 188
    2028:	65 5b       	subi	r22, 0xB5	; 181
    202a:	54 54       	subi	r21, 0x44	; 68
    202c:	5b 70       	andi	r21, 0x0B	; 11
    202e:	81 86       	std	Z+9, r8	; 0x09
    2030:	8c 8f       	std	Y+28, r24	; 0x1c
    2032:	90 93 92 91 	sts	0x9192, r25	; 0x809192 <__bss_end+0x908e>
    2036:	97 9b       	sbis	0x12, 7	; 18
    2038:	a1 a8       	ldd	r10, Z+49	; 0x31
    203a:	a7 a6       	std	Z+47, r10	; 0x2f
    203c:	a7 a5       	ldd	r26, Z+47	; 0x2f
    203e:	a6 a1       	ldd	r26, Z+38	; 0x26
    2040:	97 8e       	std	Z+31, r9	; 0x1f
    2042:	84 7c       	andi	r24, 0xC4	; 196
    2044:	7a 78       	andi	r23, 0x8A	; 138
    2046:	76 75       	andi	r23, 0x56	; 86
    2048:	70 6a       	ori	r23, 0xA0	; 160
    204a:	67 67       	ori	r22, 0x77	; 119
    204c:	6a 6e       	ori	r22, 0xEA	; 234
    204e:	6c 68       	ori	r22, 0x8C	; 140
    2050:	63 63       	ori	r22, 0x33	; 51
    2052:	6d 77       	andi	r22, 0x7D	; 125
    2054:	7e 85       	ldd	r23, Y+14	; 0x0e
    2056:	88 8a       	std	Y+16, r8	; 0x10
    2058:	8b 8a       	std	Y+19, r8	; 0x13
    205a:	8b 8c       	ldd	r8, Y+27	; 0x1b
    205c:	88 87       	std	Y+8, r24	; 0x08
    205e:	8a 90       	ld	r8, -Y
    2060:	96 99       	sbic	0x12, 6	; 18
    2062:	95 8e       	std	Z+29, r9	; 0x1d
    2064:	88 87       	std	Y+8, r24	; 0x08
    2066:	8c 91       	ld	r24, X
    2068:	90 89       	ldd	r25, Z+16	; 0x10
    206a:	7d 75       	andi	r23, 0x5D	; 93
    206c:	72 72       	andi	r23, 0x22	; 34
    206e:	73 74       	andi	r23, 0x43	; 67
    2070:	75 76       	andi	r23, 0x65	; 101
    2072:	76 77       	andi	r23, 0x76	; 118
    2074:	74 6b       	ori	r23, 0xB4	; 180
    2076:	64 60       	ori	r22, 0x04	; 4
    2078:	62 69       	ori	r22, 0x92	; 146
    207a:	6e 70       	andi	r22, 0x0E	; 14
    207c:	70 6e       	ori	r23, 0xE0	; 224
    207e:	76 82       	std	Z+6, r7	; 0x06
    2080:	83 7e       	andi	r24, 0xE3	; 227
    2082:	7c 7c       	andi	r23, 0xCC	; 204
    2084:	83 8b       	std	Z+19, r24	; 0x13
    2086:	91 9a       	sbi	0x12, 1	; 18
    2088:	a0 a3       	std	Z+32, r26	; 0x20
    208a:	a8 a8       	ldd	r10, Y+48	; 0x30
    208c:	a2 a1       	ldd	r26, Z+34	; 0x22
    208e:	9c 96       	adiw	r26, 0x2c	; 44
    2090:	91 89       	ldd	r25, Z+17	; 0x11
    2092:	87 88       	ldd	r8, Z+23	; 0x17
    2094:	85 81       	ldd	r24, Z+5	; 0x05
    2096:	7a 72       	andi	r23, 0x2A	; 42
    2098:	6e 6d       	ori	r22, 0xDE	; 222
    209a:	6c 6b       	ori	r22, 0xBC	; 188
    209c:	65 60       	ori	r22, 0x05	; 5
    209e:	60 61       	ori	r22, 0x10	; 16
    20a0:	62 65       	ori	r22, 0x52	; 82
    20a2:	66 6b       	ori	r22, 0xB6	; 182
    20a4:	72 76       	andi	r23, 0x62	; 98
    20a6:	7c 81       	ldd	r23, Y+4	; 0x04
    20a8:	85 89       	ldd	r24, Z+21	; 0x15
    20aa:	8c 8d       	ldd	r24, Y+28	; 0x1c
    20ac:	90 92 93 96 	sts	0x9693, r9	; 0x809693 <__bss_end+0x958f>
    20b0:	98 9b       	sbis	0x13, 0	; 19
    20b2:	9c 9a       	sbi	0x13, 4	; 19
    20b4:	95 8f       	std	Z+29, r25	; 0x1d
    20b6:	8a 86       	std	Y+10, r8	; 0x0a
    20b8:	83 80       	ldd	r8, Z+3	; 0x03
    20ba:	7d 7a       	andi	r23, 0xAD	; 173
    20bc:	79 79       	andi	r23, 0x99	; 153
    20be:	7a 7d       	andi	r23, 0xDA	; 218
    20c0:	7e 7a       	andi	r23, 0xAE	; 174
    20c2:	74 6c       	ori	r23, 0xC4	; 196
    20c4:	6a 6e       	ori	r22, 0xEA	; 234
    20c6:	73 79       	andi	r23, 0x93	; 147
    20c8:	7c 7b       	andi	r23, 0xBC	; 188
    20ca:	7a 7a       	andi	r23, 0xAA	; 170
    20cc:	79 7b       	andi	r23, 0xB9	; 185
    20ce:	7c 7b       	andi	r23, 0xBC	; 188
    20d0:	7a 76       	andi	r23, 0x6A	; 106
    20d2:	74 74       	andi	r23, 0x44	; 68
    20d4:	74 74       	andi	r23, 0x44	; 68
    20d6:	79 7f       	andi	r23, 0xF9	; 249
    20d8:	7f 7d       	andi	r23, 0xDF	; 223
    20da:	7e 7f       	andi	r23, 0xFE	; 254
    20dc:	83 86       	std	Z+11, r8	; 0x0b
    20de:	86 8b       	std	Z+22, r24	; 0x16
    20e0:	8f 92       	push	r8
    20e2:	93 92       	.word	0x9293	; ????
    20e4:	90 90 92 8f 	lds	r9, 0x8F92	; 0x808f92 <__bss_end+0x8e8e>
    20e8:	8b 88       	ldd	r8, Y+19	; 0x13
    20ea:	88 8a       	std	Y+16, r8	; 0x10
    20ec:	8a 89       	ldd	r24, Y+18	; 0x12
    20ee:	85 80       	ldd	r8, Z+5	; 0x05
    20f0:	7f 80       	ldd	r7, Y+7	; 0x07
    20f2:	81 7f       	andi	r24, 0xF1	; 241
    20f4:	7a 73       	andi	r23, 0x3A	; 58
    20f6:	6c 69       	ori	r22, 0x9C	; 156
    20f8:	6b 6f       	ori	r22, 0xFB	; 251
    20fa:	73 76       	andi	r23, 0x63	; 99
    20fc:	78 79       	andi	r23, 0x98	; 152
    20fe:	7a 7d       	andi	r23, 0xDA	; 218
    2100:	80 82       	st	Z, r8
    2102:	85 87       	std	Z+13, r24	; 0x0d
    2104:	88 88       	ldd	r8, Y+16	; 0x10
    2106:	88 8a       	std	Y+16, r8	; 0x10
    2108:	8c 8f       	std	Y+28, r24	; 0x1c
    210a:	91 91       	ld	r25, Z+
    210c:	8f 8b       	std	Y+23, r24	; 0x17
    210e:	87 83       	std	Z+7, r24	; 0x07
    2110:	7f 7f       	andi	r23, 0xFF	; 255
    2112:	81 7f       	andi	r24, 0xF1	; 241
    2114:	7e 7e       	andi	r23, 0xEE	; 238
    2116:	7f 81       	ldd	r23, Y+7	; 0x07
    2118:	80 7f       	andi	r24, 0xF0	; 240
    211a:	7f 7e       	andi	r23, 0xEF	; 239
    211c:	7f 7e       	andi	r23, 0xEF	; 239
    211e:	7c 7e       	andi	r23, 0xEC	; 236
    2120:	80 83       	st	Z, r24
    2122:	83 82       	std	Z+3, r8	; 0x03
    2124:	80 7f       	andi	r24, 0xF0	; 240
    2126:	7e 7a       	andi	r23, 0xAE	; 174
    2128:	78 77       	andi	r23, 0x78	; 120
    212a:	76 75       	andi	r23, 0x56	; 86
    212c:	74 72       	andi	r23, 0x24	; 36
    212e:	6f 6e       	ori	r22, 0xEF	; 239
    2130:	6f 70       	andi	r22, 0x0F	; 15
    2132:	72 73       	andi	r23, 0x32	; 50
    2134:	75 79       	andi	r23, 0x95	; 149
    2136:	78 74       	andi	r23, 0x48	; 72
    2138:	77 7d       	andi	r23, 0xD7	; 215
    213a:	86 8e       	std	Z+30, r8	; 0x1e
    213c:	90 91 91 92 	lds	r25, 0x9291	; 0x809291 <__bss_end+0x918d>
    2140:	95 97       	sbiw	r26, 0x25	; 37
    2142:	97 98       	cbi	0x12, 7	; 18
    2144:	9a 9a       	sbi	0x13, 2	; 19
    2146:	9a 99       	sbic	0x13, 2	; 19
    2148:	96 92       	lac	Z, r9
    214a:	8c 86       	std	Y+12, r8	; 0x0c
    214c:	82 7e       	andi	r24, 0xE2	; 226
    214e:	7a 77       	andi	r23, 0x7A	; 122
    2150:	70 6b       	ori	r23, 0xB0	; 176
    2152:	67 65       	ori	r22, 0x57	; 87
    2154:	66 67       	ori	r22, 0x76	; 118
    2156:	66 66       	ori	r22, 0x66	; 102
    2158:	67 6c       	ori	r22, 0xC7	; 199
    215a:	72 75       	andi	r23, 0x52	; 82
    215c:	77 79       	andi	r23, 0x97	; 151
    215e:	79 7c       	andi	r23, 0xC9	; 201
    2160:	80 87       	std	Z+8, r24	; 0x08
    2162:	8e 92       	st	-X, r8
    2164:	93 93       	.word	0x9393	; ????
    2166:	91 8f       	std	Z+25, r25	; 0x19
    2168:	91 92       	st	Z+, r9
    216a:	93 90       	.word	0x9093	; ????
    216c:	8a 87       	std	Y+10, r24	; 0x0a
    216e:	85 84       	ldd	r8, Z+13	; 0x0d
    2170:	83 82       	std	Z+3, r8	; 0x03
    2172:	82 81       	ldd	r24, Z+2	; 0x02
    2174:	7e 7c       	andi	r23, 0xCE	; 206
    2176:	7a 78       	andi	r23, 0x8A	; 138
    2178:	77 77       	andi	r23, 0x77	; 119
    217a:	78 7c       	andi	r23, 0xC8	; 200
    217c:	80 82       	st	Z, r8
    217e:	83 82       	std	Z+3, r8	; 0x03
    2180:	7f 7d       	andi	r23, 0xDF	; 223
    2182:	7d 7e       	andi	r23, 0xED	; 237
    2184:	7f 7f       	andi	r23, 0xFF	; 255
    2186:	7d 7c       	andi	r23, 0xCD	; 205
    2188:	7c 7e       	andi	r23, 0xEC	; 236
    218a:	80 7f       	andi	r24, 0xF0	; 240
    218c:	7a 73       	andi	r23, 0x3A	; 58
    218e:	6e 6f       	ori	r22, 0xFE	; 254
    2190:	71 73       	andi	r23, 0x31	; 49
    2192:	72 6e       	ori	r23, 0xE2	; 226
    2194:	69 6a       	ori	r22, 0xA9	; 169
    2196:	72 7b       	andi	r23, 0xB2	; 178
    2198:	7b 7b       	andi	r23, 0xBB	; 187
    219a:	7f 83       	std	Y+7, r23	; 0x07
    219c:	89 8a       	std	Y+17, r8	; 0x11
    219e:	89 8c       	ldd	r8, Y+25	; 0x19
    21a0:	90 95       	com	r25
    21a2:	9b 9d       	mul	r25, r11
    21a4:	9c 9a       	sbi	0x13, 4	; 19
    21a6:	96 90       	elpm	r9, Z
    21a8:	8d 8c       	ldd	r8, Y+29	; 0x1d
    21aa:	8b 8a       	std	Y+19, r8	; 0x13
    21ac:	83 7d       	andi	r24, 0xD3	; 211
    21ae:	79 76       	andi	r23, 0x69	; 105
    21b0:	78 79       	andi	r23, 0x98	; 152
    21b2:	76 74       	andi	r23, 0x46	; 70
    21b4:	73 73       	andi	r23, 0x33	; 51
    21b6:	74 72       	andi	r23, 0x24	; 36
    21b8:	70 71       	andi	r23, 0x10	; 16
    21ba:	74 7b       	andi	r23, 0xB4	; 180
    21bc:	81 83       	std	Z+1, r24	; 0x01
    21be:	83 86       	std	Z+11, r8	; 0x0b
    21c0:	89 8d       	ldd	r24, Y+25	; 0x19
    21c2:	8f 8e       	std	Y+31, r8	; 0x1f
    21c4:	8f 8f       	std	Y+31, r24	; 0x1f
    21c6:	8f 91       	pop	r24
    21c8:	91 90       	ld	r9, Z+
    21ca:	8e 8b       	std	Y+22, r24	; 0x16
    21cc:	88 86       	std	Y+8, r8	; 0x08
    21ce:	83 80       	ldd	r8, Z+3	; 0x03
    21d0:	7c 78       	andi	r23, 0x8C	; 140
    21d2:	75 74       	andi	r23, 0x45	; 69
    21d4:	73 72       	andi	r23, 0x23	; 35
    21d6:	72 70       	andi	r23, 0x02	; 2
    21d8:	70 72       	andi	r23, 0x20	; 32
    21da:	74 77       	andi	r23, 0x74	; 116
    21dc:	79 7a       	andi	r23, 0xA9	; 169
    21de:	7b 7c       	andi	r23, 0xCB	; 203
    21e0:	7e 82       	std	Y+6, r7	; 0x06
    21e2:	84 85       	ldd	r24, Z+12	; 0x0c
    21e4:	86 85       	ldd	r24, Z+14	; 0x0e
    21e6:	84 81       	ldd	r24, Z+4	; 0x04
    21e8:	81 82       	std	Z+1, r8	; 0x01
    21ea:	83 80       	ldd	r8, Z+3	; 0x03
    21ec:	7c 78       	andi	r23, 0x8C	; 140
    21ee:	75 75       	andi	r23, 0x55	; 85
    21f0:	75 75       	andi	r23, 0x55	; 85
    21f2:	74 74       	andi	r23, 0x44	; 68
    21f4:	74 73       	andi	r23, 0x34	; 52
    21f6:	71 6f       	ori	r23, 0xF1	; 241
    21f8:	6d 6c       	ori	r22, 0xCD	; 205
    21fa:	6c 6f       	ori	r22, 0xFC	; 252
    21fc:	77 7d       	andi	r23, 0xD7	; 215
    21fe:	7f 82       	std	Y+7, r7	; 0x07
    2200:	88 8c       	ldd	r8, Y+24	; 0x18
    2202:	91 93       	st	Z+, r25
    2204:	94 97       	sbiw	r26, 0x24	; 36
    2206:	9a 9d       	mul	r25, r10
    2208:	a1 a0       	ldd	r10, Z+33	; 0x21
    220a:	9d 9b       	sbis	0x13, 5	; 19
    220c:	96 90       	elpm	r9, Z
    220e:	8c 87       	std	Y+12, r24	; 0x0c
    2210:	86 84       	ldd	r8, Z+14	; 0x0e
    2212:	7f 7a       	andi	r23, 0xAF	; 175
    2214:	75 6f       	ori	r23, 0xF5	; 245
    2216:	6d 6b       	ori	r22, 0xBD	; 189
    2218:	68 68       	ori	r22, 0x88	; 136
    221a:	69 69       	ori	r22, 0x99	; 153
    221c:	6d 6e       	ori	r22, 0xED	; 237
    221e:	6e 71       	andi	r22, 0x1E	; 30
    2220:	74 7a       	andi	r23, 0xA4	; 164
    2222:	81 84       	ldd	r8, Z+9	; 0x09
    2224:	86 88       	ldd	r8, Z+22	; 0x16
    2226:	87 88       	ldd	r8, Z+23	; 0x17
    2228:	8b 8e       	std	Y+27, r8	; 0x1b
    222a:	92 94       	swap	r9
    222c:	92 90       	ld	r9, -Z
    222e:	8e 8c       	ldd	r8, Y+30	; 0x1e
    2230:	8c 8a       	std	Y+20, r8	; 0x14
    2232:	87 84       	ldd	r8, Z+15	; 0x0f
    2234:	80 7d       	andi	r24, 0xD0	; 208
    2236:	7b 78       	andi	r23, 0x8B	; 139
    2238:	77 76       	andi	r23, 0x67	; 103
    223a:	74 73       	andi	r23, 0x34	; 52
    223c:	74 74       	andi	r23, 0x44	; 68
    223e:	76 77       	andi	r23, 0x76	; 118
    2240:	78 7a       	andi	r23, 0xA8	; 168
    2242:	7e 82       	std	Y+6, r7	; 0x06
    2244:	85 85       	ldd	r24, Z+13	; 0x0d
    2246:	85 87       	std	Z+13, r24	; 0x0d
    2248:	8a 8e       	std	Y+26, r8	; 0x1a
    224a:	90 8f       	std	Z+24, r25	; 0x18
    224c:	8c 89       	ldd	r24, Y+20	; 0x14
    224e:	87 84       	ldd	r8, Z+15	; 0x0f
    2250:	82 81       	ldd	r24, Z+2	; 0x02
    2252:	80 7e       	andi	r24, 0xE0	; 224
    2254:	7c 79       	andi	r23, 0x9C	; 156
    2256:	76 75       	andi	r23, 0x56	; 86
    2258:	75 74       	andi	r23, 0x45	; 69
    225a:	72 71       	andi	r23, 0x12	; 18
    225c:	70 70       	andi	r23, 0x00	; 0
    225e:	6f 6e       	ori	r22, 0xEF	; 239
    2260:	6f 72       	andi	r22, 0x2F	; 47
    2262:	78 7f       	andi	r23, 0xF8	; 248
    2264:	81 80       	ldd	r8, Z+1	; 0x01
    2266:	82 85       	ldd	r24, Z+10	; 0x0a
    2268:	89 8e       	std	Y+25, r8	; 0x19
    226a:	93 97       	sbiw	r26, 0x23	; 35
    226c:	9a 99       	sbic	0x13, 2	; 19
    226e:	98 98       	cbi	0x13, 0	; 19
    2270:	95 94       	asr	r9
    2272:	91 8c       	ldd	r9, Z+25	; 0x19
    2274:	85 81       	ldd	r24, Z+5	; 0x05
    2276:	7f 7f       	andi	r23, 0xFF	; 255
    2278:	7d 79       	andi	r23, 0x9D	; 157
    227a:	76 74       	andi	r23, 0x46	; 70
    227c:	72 72       	andi	r23, 0x22	; 34
    227e:	70 6e       	ori	r23, 0xE0	; 224
    2280:	6d 6e       	ori	r22, 0xED	; 237
    2282:	70 73       	andi	r23, 0x30	; 48
    2284:	74 77       	andi	r23, 0x74	; 116
    2286:	79 7d       	andi	r23, 0xD9	; 217
    2288:	80 84       	ldd	r8, Z+8	; 0x08
    228a:	87 89       	ldd	r24, Z+23	; 0x17
    228c:	8c 8e       	std	Y+28, r8	; 0x1c
    228e:	8f 8f       	std	Y+31, r24	; 0x1f
    2290:	8d 8b       	std	Y+21, r24	; 0x15
    2292:	8b 8a       	std	Y+19, r8	; 0x13
    2294:	89 86       	std	Y+9, r8	; 0x09
    2296:	83 81       	ldd	r24, Z+3	; 0x03
    2298:	7f 7c       	andi	r23, 0xCF	; 207
    229a:	7a 78       	andi	r23, 0x8A	; 138
    229c:	76 74       	andi	r23, 0x46	; 70
    229e:	72 72       	andi	r23, 0x22	; 34
    22a0:	72 74       	andi	r23, 0x42	; 66
    22a2:	77 78       	andi	r23, 0x87	; 135
    22a4:	79 79       	andi	r23, 0x99	; 153
    22a6:	7a 7c       	andi	r23, 0xCA	; 202
    22a8:	7e 80       	ldd	r7, Y+6	; 0x06
    22aa:	83 88       	ldd	r8, Z+19	; 0x13
    22ac:	8b 8c       	ldd	r8, Y+27	; 0x1b
    22ae:	8a 88       	ldd	r8, Y+18	; 0x12
    22b0:	88 89       	ldd	r24, Y+16	; 0x10
    22b2:	88 86       	std	Y+8, r8	; 0x08
    22b4:	83 81       	ldd	r24, Z+3	; 0x03
    22b6:	80 7f       	andi	r24, 0xF0	; 240
    22b8:	7d 7a       	andi	r23, 0xAD	; 173
    22ba:	78 76       	andi	r23, 0x68	; 104
    22bc:	76 76       	andi	r23, 0x66	; 102
    22be:	77 77       	andi	r23, 0x77	; 119
    22c0:	76 73       	andi	r23, 0x36	; 54
    22c2:	6f 6e       	ori	r22, 0xEF	; 239
    22c4:	70 71       	andi	r23, 0x10	; 16
    22c6:	72 73       	andi	r23, 0x32	; 50
    22c8:	76 80       	ldd	r7, Z+6	; 0x06
    22ca:	89 8d       	ldd	r24, Y+25	; 0x19
    22cc:	8c 89       	ldd	r24, Y+20	; 0x14
    22ce:	89 8c       	ldd	r8, Y+25	; 0x19
    22d0:	8e 90       	ld	r8, -X
    22d2:	94 95       	.word	0x9594	; ????
    22d4:	96 95       	lsr	r25
    22d6:	90 8c       	ldd	r9, Z+24	; 0x18
    22d8:	89 86       	std	Y+9, r8	; 0x09
    22da:	85 83       	std	Z+5, r24	; 0x05
    22dc:	80 7f       	andi	r24, 0xF0	; 240
    22de:	7b 78       	andi	r23, 0x8B	; 139
    22e0:	76 73       	andi	r23, 0x36	; 54
    22e2:	73 74       	andi	r23, 0x43	; 67
    22e4:	75 75       	andi	r23, 0x55	; 85
    22e6:	75 74       	andi	r23, 0x45	; 69
    22e8:	74 76       	andi	r23, 0x64	; 100
    22ea:	77 7b       	andi	r23, 0xB7	; 183
    22ec:	7d 80       	ldd	r7, Y+5	; 0x05
    22ee:	84 87       	std	Z+12, r24	; 0x0c
    22f0:	87 88       	ldd	r8, Z+23	; 0x17
    22f2:	88 89       	ldd	r24, Y+16	; 0x10
    22f4:	8b 8c       	ldd	r8, Y+27	; 0x1b
    22f6:	8c 8b       	std	Y+20, r24	; 0x14
    22f8:	8a 89       	ldd	r24, Y+18	; 0x12
    22fa:	88 85       	ldd	r24, Y+8	; 0x08
    22fc:	82 81       	ldd	r24, Z+2	; 0x02
    22fe:	81 81       	ldd	r24, Z+1	; 0x01
    2300:	80 7e       	andi	r24, 0xE0	; 224
    2302:	7b 7a       	andi	r23, 0xAB	; 171
    2304:	79 79       	andi	r23, 0x99	; 153
    2306:	79 7c       	andi	r23, 0xC9	; 201
    2308:	7f 82       	std	Y+7, r7	; 0x07
    230a:	81 7e       	andi	r24, 0xE1	; 225
    230c:	7d 7d       	andi	r23, 0xDD	; 221
    230e:	7f 82       	std	Y+7, r7	; 0x07
    2310:	85 87       	std	Z+13, r24	; 0x0d
    2312:	89 89       	ldd	r24, Y+17	; 0x11
    2314:	88 86       	std	Y+8, r8	; 0x08
    2316:	83 82       	std	Z+3, r8	; 0x03
    2318:	83 83       	std	Z+3, r24	; 0x03
    231a:	82 80       	ldd	r8, Z+2	; 0x02
    231c:	7e 7d       	andi	r23, 0xDE	; 222
    231e:	7c 79       	andi	r23, 0x9C	; 156
    2320:	76 75       	andi	r23, 0x56	; 86
    2322:	76 78       	andi	r23, 0x86	; 134
    2324:	78 76       	andi	r23, 0x68	; 104
    2326:	75 73       	andi	r23, 0x35	; 53
    2328:	72 72       	andi	r23, 0x22	; 34
    232a:	73 74       	andi	r23, 0x43	; 67
    232c:	75 75       	andi	r23, 0x55	; 85
    232e:	77 7e       	andi	r23, 0xE7	; 231
    2330:	89 8f       	std	Y+25, r24	; 0x19
    2332:	8f 89       	ldd	r24, Y+23	; 0x17
    2334:	85 86       	std	Z+13, r8	; 0x0d
    2336:	8a 8d       	ldd	r24, Y+26	; 0x1a
    2338:	91 92       	st	Z+, r9
    233a:	94 93       	xch	Z, r25
    233c:	8e 87       	std	Y+14, r24	; 0x0e
    233e:	84 83       	std	Z+4, r24	; 0x04
    2340:	85 85       	ldd	r24, Z+13	; 0x0d
    2342:	82 80       	ldd	r8, Z+2	; 0x02
    2344:	7f 7d       	andi	r23, 0xDF	; 223
    2346:	7b 75       	andi	r23, 0x5B	; 91
    2348:	72 74       	andi	r23, 0x42	; 66
    234a:	78 7a       	andi	r23, 0xA8	; 168
    234c:	7c 7a       	andi	r23, 0xAC	; 172
    234e:	7a 7b       	andi	r23, 0xBA	; 186
    2350:	7c 7d       	andi	r23, 0xDC	; 220
    2352:	7e 80       	ldd	r7, Y+6	; 0x06
    2354:	84 86       	std	Z+12, r8	; 0x0c
    2356:	87 88       	ldd	r8, Z+23	; 0x17
    2358:	87 87       	std	Z+15, r24	; 0x0f
    235a:	87 87       	std	Z+15, r24	; 0x0f
    235c:	87 87       	std	Z+15, r24	; 0x0f
    235e:	87 86       	std	Z+15, r8	; 0x0f
    2360:	84 82       	std	Z+4, r8	; 0x04
    2362:	81 7e       	andi	r24, 0xE1	; 225
    2364:	7c 79       	andi	r23, 0x9C	; 156
    2366:	76 75       	andi	r23, 0x56	; 86
    2368:	75 76       	andi	r23, 0x65	; 101
    236a:	78 79       	andi	r23, 0x98	; 152
    236c:	78 77       	andi	r23, 0x78	; 120
    236e:	77 7d       	andi	r23, 0xD7	; 215
    2370:	82 82       	std	Z+2, r8	; 0x02
    2372:	7e 7c       	andi	r23, 0xCE	; 206
    2374:	7e 82       	std	Y+6, r7	; 0x06
    2376:	85 86       	std	Z+13, r8	; 0x0d
    2378:	89 8d       	ldd	r24, Y+25	; 0x19
    237a:	8d 89       	ldd	r24, Y+21	; 0x15
    237c:	82 7f       	andi	r24, 0xF2	; 242
    237e:	81 84       	ldd	r8, Z+9	; 0x09
    2380:	83 80       	ldd	r8, Z+3	; 0x03
    2382:	7f 81       	ldd	r23, Y+7	; 0x07
    2384:	81 7c       	andi	r24, 0xC1	; 193
    2386:	76 74       	andi	r23, 0x46	; 70
    2388:	76 79       	andi	r23, 0x96	; 150
    238a:	79 76       	andi	r23, 0x69	; 105
    238c:	76 77       	andi	r23, 0x76	; 118
    238e:	78 77       	andi	r23, 0x78	; 120
    2390:	75 76       	andi	r23, 0x65	; 101
    2392:	79 7a       	andi	r23, 0xA9	; 169
    2394:	79 78       	andi	r23, 0x89	; 137
    2396:	7b 88       	ldd	r7, Y+19	; 0x13
    2398:	93 95       	inc	r25
    239a:	8d 85       	ldd	r24, Y+13	; 0x0d
    239c:	84 8a       	std	Z+20, r8	; 0x14
    239e:	8c 8e       	std	Y+28, r8	; 0x1c
    23a0:	93 94       	inc	r9
    23a2:	96 91       	elpm	r25, Z
    23a4:	87 81       	ldd	r24, Z+7	; 0x07
    23a6:	7f 80       	ldd	r7, Y+7	; 0x07
    23a8:	84 81       	ldd	r24, Z+4	; 0x04
    23aa:	7f 80       	ldd	r7, Y+7	; 0x07
    23ac:	7f 7d       	andi	r23, 0xDF	; 223
    23ae:	79 73       	andi	r23, 0x39	; 57
    23b0:	73 77       	andi	r23, 0x73	; 115
    23b2:	7b 7e       	andi	r23, 0xEB	; 235
    23b4:	7b 7a       	andi	r23, 0xAB	; 171
    23b6:	7d 7f       	andi	r23, 0xFD	; 253
    23b8:	80 7d       	andi	r24, 0xD0	; 208
    23ba:	7b 7f       	andi	r23, 0xFB	; 251
    23bc:	85 88       	ldd	r8, Z+21	; 0x15
    23be:	89 85       	ldd	r24, Y+9	; 0x09
    23c0:	83 83       	std	Z+3, r24	; 0x03
    23c2:	83 82       	std	Z+3, r8	; 0x03
    23c4:	83 84       	ldd	r8, Z+11	; 0x0b
    23c6:	86 86       	std	Z+14, r8	; 0x0e
    23c8:	82 7e       	andi	r24, 0xE2	; 226
    23ca:	7b 7a       	andi	r23, 0xAB	; 171
    23cc:	7b 7a       	andi	r23, 0xAB	; 171
    23ce:	78 78       	andi	r23, 0x88	; 136
    23d0:	79 7c       	andi	r23, 0xC9	; 201
    23d2:	7d 7a       	andi	r23, 0xAD	; 173
    23d4:	78 78       	andi	r23, 0x88	; 136
    23d6:	7c 83       	std	Y+4, r23	; 0x04
    23d8:	84 80       	ldd	r8, Z+4	; 0x04
    23da:	7c 7d       	andi	r23, 0xDC	; 220
    23dc:	81 86       	std	Z+9, r8	; 0x09
    23de:	87 8a       	std	Z+23, r8	; 0x17
    23e0:	8b 8a       	std	Y+19, r8	; 0x13
    23e2:	87 7f       	andi	r24, 0xF7	; 247
    23e4:	7a 7b       	andi	r23, 0xBA	; 186
    23e6:	7f 82       	std	Y+7, r7	; 0x07
    23e8:	82 7d       	andi	r24, 0xD2	; 210
    23ea:	7d 7d       	andi	r23, 0xDD	; 221
    23ec:	7a 77       	andi	r23, 0x7A	; 122
    23ee:	75 75       	andi	r23, 0x55	; 85
    23f0:	79 7a       	andi	r23, 0xA9	; 169
    23f2:	78 75       	andi	r23, 0x58	; 88
    23f4:	74 78       	andi	r23, 0x84	; 132
    23f6:	79 77       	andi	r23, 0x79	; 121
    23f8:	77 79       	andi	r23, 0x97	; 151
    23fa:	7d 81       	ldd	r23, Y+5	; 0x05
    23fc:	81 7f       	andi	r24, 0xF1	; 241
    23fe:	7d 7c       	andi	r23, 0xCD	; 205
    2400:	7f 85       	ldd	r23, Y+15	; 0x0f
    2402:	8a 8c       	ldd	r8, Y+26	; 0x1a
    2404:	8c 8b       	std	Y+20, r24	; 0x14
    2406:	8d 89       	ldd	r24, Y+21	; 0x15
    2408:	87 84       	ldd	r8, Z+15	; 0x0f
    240a:	87 8c       	ldd	r8, Z+31	; 0x1f
    240c:	8e 8c       	ldd	r8, Y+30	; 0x1e
    240e:	86 81       	ldd	r24, Z+6	; 0x06
    2410:	80 83       	st	Z, r24
    2412:	83 84       	ldd	r8, Z+11	; 0x0b
    2414:	82 81       	ldd	r24, Z+2	; 0x02
    2416:	81 7e       	andi	r24, 0xE1	; 225
    2418:	7e 7d       	andi	r23, 0xDE	; 222
    241a:	7f 81       	ldd	r23, Y+7	; 0x07
    241c:	82 80       	ldd	r8, Z+2	; 0x02
    241e:	7f 7e       	andi	r23, 0xEF	; 239
    2420:	80 80       	ld	r8, Z
    2422:	80 80       	ld	r8, Z
    2424:	80 81       	ld	r24, Z
    2426:	80 7e       	andi	r24, 0xE0	; 224
    2428:	7e 80       	ldd	r7, Y+6	; 0x06
    242a:	7f 82       	std	Y+7, r7	; 0x07
    242c:	80 7f       	andi	r24, 0xF0	; 240
    242e:	7f 80       	ldd	r7, Y+7	; 0x07
    2430:	82 84       	ldd	r8, Z+10	; 0x0a
    2432:	81 80       	ldd	r8, Z+1	; 0x01
    2434:	81 80       	ldd	r8, Z+1	; 0x01
    2436:	82 81       	ldd	r24, Z+2	; 0x02
    2438:	81 82       	std	Z+1, r8	; 0x01
    243a:	83 81       	ldd	r24, Z+3	; 0x03
    243c:	82 80       	ldd	r8, Z+2	; 0x02
    243e:	84 84       	ldd	r8, Z+12	; 0x0c
    2440:	84 83       	std	Z+4, r24	; 0x04
    2442:	82 81       	ldd	r24, Z+2	; 0x02
    2444:	82 81       	ldd	r24, Z+2	; 0x02
    2446:	80 80       	ld	r8, Z
    2448:	7e 7f       	andi	r23, 0xFE	; 254
    244a:	7e 7d       	andi	r23, 0xDE	; 222
    244c:	7c 7a       	andi	r23, 0xAC	; 172
    244e:	77 78       	andi	r23, 0x87	; 135
    2450:	7a 7d       	andi	r23, 0xDA	; 218
    2452:	7e 7b       	andi	r23, 0xBE	; 190
    2454:	79 78       	andi	r23, 0x89	; 137
    2456:	78 7a       	andi	r23, 0xA8	; 168
    2458:	7d 7f       	andi	r23, 0xFD	; 253
    245a:	81 82       	std	Z+1, r8	; 0x01
    245c:	81 81       	ldd	r24, Z+1	; 0x01
    245e:	80 7e       	andi	r24, 0xE0	; 224
    2460:	7e 7f       	andi	r23, 0xFE	; 254
    2462:	81 83       	std	Z+1, r24	; 0x01
    2464:	82 84       	ldd	r8, Z+10	; 0x0a
    2466:	84 82       	std	Z+4, r8	; 0x04
    2468:	7f 7e       	andi	r23, 0xEF	; 239
    246a:	7d 80       	ldd	r7, Y+5	; 0x05
    246c:	81 80       	ldd	r8, Z+1	; 0x01
    246e:	81 80       	ldd	r8, Z+1	; 0x01
    2470:	81 81       	ldd	r24, Z+1	; 0x01
    2472:	80 80       	ld	r8, Z
    2474:	81 81       	ldd	r24, Z+1	; 0x01
    2476:	82 81       	ldd	r24, Z+2	; 0x02
    2478:	83 83       	std	Z+3, r24	; 0x03
    247a:	84 83       	std	Z+4, r24	; 0x04
    247c:	84 82       	std	Z+4, r8	; 0x04
    247e:	86 85       	ldd	r24, Z+14	; 0x0e
    2480:	86 86       	std	Z+14, r8	; 0x0e
    2482:	86 87       	std	Z+14, r24	; 0x0e
    2484:	86 85       	ldd	r24, Z+14	; 0x0e
    2486:	82 84       	ldd	r8, Z+10	; 0x0a
    2488:	82 84       	ldd	r8, Z+10	; 0x0a
    248a:	81 80       	ldd	r8, Z+1	; 0x01
    248c:	82 83       	std	Z+2, r24	; 0x02
    248e:	80 7e       	andi	r24, 0xE0	; 224
    2490:	7d 7c       	andi	r23, 0xCD	; 205
    2492:	7e 7d       	andi	r23, 0xDE	; 222
    2494:	7f 7f       	andi	r23, 0xFF	; 255
    2496:	7e 7c       	andi	r23, 0xCE	; 206
    2498:	7c 7c       	andi	r23, 0xCC	; 204
    249a:	80 80       	ld	r8, Z
    249c:	7d 7b       	andi	r23, 0xBD	; 189
    249e:	7c 7f       	andi	r23, 0xFC	; 252
    24a0:	81 80       	ldd	r8, Z+1	; 0x01
    24a2:	7c 7c       	andi	r23, 0xCC	; 204
    24a4:	7c 7f       	andi	r23, 0xFC	; 252
    24a6:	7e 7d       	andi	r23, 0xDE	; 222
    24a8:	7b 7d       	andi	r23, 0xDB	; 219
    24aa:	7d 7f       	andi	r23, 0xFD	; 253
    24ac:	7d 7d       	andi	r23, 0xDD	; 221
    24ae:	7e 7f       	andi	r23, 0xFE	; 254
    24b0:	7f 7f       	andi	r23, 0xFF	; 255
    24b2:	81 81       	ldd	r24, Z+1	; 0x01
    24b4:	82 7f       	andi	r24, 0xF2	; 242
    24b6:	7f 7e       	andi	r23, 0xEF	; 239
    24b8:	7f 7f       	andi	r23, 0xFF	; 255
    24ba:	81 80       	ldd	r8, Z+1	; 0x01
    24bc:	7f 7f       	andi	r23, 0xFF	; 255
    24be:	7f 80       	ldd	r7, Y+7	; 0x07
    24c0:	80 81       	ld	r24, Z
    24c2:	81 80       	ldd	r8, Z+1	; 0x01
    24c4:	80 80       	ld	r8, Z
    24c6:	7f 7d       	andi	r23, 0xDF	; 223
    24c8:	7d 7d       	andi	r23, 0xDD	; 221
    24ca:	7e 80       	ldd	r7, Y+6	; 0x06
    24cc:	80 80       	ld	r8, Z
    24ce:	80 7d       	andi	r24, 0xD0	; 208
    24d0:	7d 7c       	andi	r23, 0xCD	; 205
    24d2:	7e 7f       	andi	r23, 0xFE	; 254
    24d4:	82 81       	ldd	r24, Z+2	; 0x02
    24d6:	81 7f       	andi	r24, 0xF1	; 241
    24d8:	80 81       	ld	r24, Z
    24da:	80 83       	st	Z, r24
    24dc:	83 85       	ldd	r24, Z+11	; 0x0b
    24de:	82 82       	std	Z+2, r8	; 0x02
    24e0:	7f 82       	std	Y+7, r7	; 0x07
    24e2:	80 81       	ld	r24, Z
    24e4:	80 7f       	andi	r24, 0xF0	; 240
    24e6:	7f 80       	ldd	r7, Y+7	; 0x07
    24e8:	7e 80       	ldd	r7, Y+6	; 0x06
    24ea:	80 80       	ld	r8, Z
    24ec:	80 7e       	andi	r24, 0xE0	; 224
    24ee:	80 80       	ld	r8, Z
    24f0:	82 80       	ldd	r8, Z+2	; 0x02
    24f2:	82 7f       	andi	r24, 0xF2	; 242
    24f4:	84 83       	std	Z+4, r24	; 0x04
    24f6:	83 82       	std	Z+3, r8	; 0x03
    24f8:	81 81       	ldd	r24, Z+1	; 0x01
    24fa:	80 7f       	andi	r24, 0xF0	; 240
    24fc:	7f 7f       	andi	r23, 0xFF	; 255
    24fe:	7d 80       	ldd	r7, Y+5	; 0x05
    2500:	7e 7e       	andi	r23, 0xEE	; 238
    2502:	7d 7d       	andi	r23, 0xDD	; 221
    2504:	7c 7f       	andi	r23, 0xFC	; 252
    2506:	7d 7f       	andi	r23, 0xFD	; 253
    2508:	7d 7b       	andi	r23, 0xBD	; 189
    250a:	7d 7d       	andi	r23, 0xDD	; 221
    250c:	7f 7f       	andi	r23, 0xFF	; 255
    250e:	7f 7d       	andi	r23, 0xDF	; 223
    2510:	7e 7c       	andi	r23, 0xCE	; 206
    2512:	7f 80       	ldd	r7, Y+7	; 0x07
    2514:	80 83       	st	Z, r24
    2516:	82 83       	std	Z+2, r24	; 0x02
    2518:	82 81       	ldd	r24, Z+2	; 0x02
    251a:	81 82       	std	Z+1, r8	; 0x01
    251c:	80 80       	ld	r8, Z
    251e:	80 80       	ld	r8, Z
    2520:	83 81       	ldd	r24, Z+3	; 0x03
    2522:	81 81       	ldd	r24, Z+1	; 0x01
    2524:	80 80       	ld	r8, Z
    2526:	80 7f       	andi	r24, 0xF0	; 240
    2528:	82 82       	std	Z+2, r8	; 0x02
    252a:	80 7f       	andi	r24, 0xF0	; 240
    252c:	7d 7e       	andi	r23, 0xED	; 237
    252e:	81 81       	ldd	r24, Z+1	; 0x01
    2530:	81 80       	ldd	r8, Z+1	; 0x01
    2532:	7e 7f       	andi	r23, 0xFE	; 254
    2534:	80 7f       	andi	r24, 0xF0	; 240
    2536:	7e 7f       	andi	r23, 0xFE	; 254
    2538:	81 84       	ldd	r8, Z+9	; 0x09
    253a:	82 80       	ldd	r8, Z+2	; 0x02
    253c:	81 82       	std	Z+1, r8	; 0x01
    253e:	84 85       	ldd	r24, Z+12	; 0x0c
    2540:	82 80       	ldd	r8, Z+2	; 0x02
    2542:	7d 7e       	andi	r23, 0xED	; 237
    2544:	7f 80       	ldd	r7, Y+7	; 0x07
    2546:	81 82       	std	Z+1, r8	; 0x01
    2548:	83 83       	std	Z+3, r24	; 0x03
    254a:	80 7e       	andi	r24, 0xE0	; 224
    254c:	7f 7e       	andi	r23, 0xEF	; 239
    254e:	80 7f       	andi	r24, 0xF0	; 240
    2550:	7f 7f       	andi	r23, 0xFF	; 255
    2552:	80 7f       	andi	r24, 0xF0	; 240
    2554:	81 81       	ldd	r24, Z+1	; 0x01
    2556:	82 83       	std	Z+2, r24	; 0x02
    2558:	82 84       	ldd	r8, Z+10	; 0x0a
    255a:	83 80       	ldd	r8, Z+3	; 0x03
    255c:	7f 7f       	andi	r23, 0xFF	; 255
    255e:	7f 81       	ldd	r23, Y+7	; 0x07
    2560:	7f 81       	ldd	r23, Y+7	; 0x07
    2562:	80 7f       	andi	r24, 0xF0	; 240
    2564:	7f 7f       	andi	r23, 0xFF	; 255
    2566:	7f 80       	ldd	r7, Y+7	; 0x07
    2568:	80 7e       	andi	r24, 0xE0	; 224
    256a:	7f 7f       	andi	r23, 0xFF	; 255
    256c:	82 82       	std	Z+2, r8	; 0x02
    256e:	81 81       	ldd	r24, Z+1	; 0x01
    2570:	80 81       	ld	r24, Z
    2572:	7f 80       	ldd	r7, Y+7	; 0x07
    2574:	80 81       	ld	r24, Z
    2576:	7f 7f       	andi	r23, 0xFF	; 255
    2578:	7e 7f       	andi	r23, 0xFE	; 254
    257a:	82 82       	std	Z+2, r8	; 0x02
    257c:	82 81       	ldd	r24, Z+2	; 0x02
    257e:	80 7e       	andi	r24, 0xE0	; 224
    2580:	7e 7d       	andi	r23, 0xDE	; 222
    2582:	7f 7f       	andi	r23, 0xFF	; 255
    2584:	7f 80       	ldd	r7, Y+7	; 0x07
    2586:	80 81       	ld	r24, Z
    2588:	80 7f       	andi	r24, 0xF0	; 240
    258a:	7e 7e       	andi	r23, 0xEE	; 238
    258c:	7f 81       	ldd	r23, Y+7	; 0x07
    258e:	82 81       	ldd	r24, Z+2	; 0x02
    2590:	82 81       	ldd	r24, Z+2	; 0x02
    2592:	83 81       	ldd	r24, Z+3	; 0x03
    2594:	81 80       	ldd	r8, Z+1	; 0x01
    2596:	81 81       	ldd	r24, Z+1	; 0x01
    2598:	82 81       	ldd	r24, Z+2	; 0x02
    259a:	80 81       	ld	r24, Z
    259c:	81 82       	std	Z+1, r8	; 0x01
    259e:	80 81       	ld	r24, Z
    25a0:	80 81       	ld	r24, Z
    25a2:	80 80       	ld	r8, Z
    25a4:	80 80       	ld	r8, Z
    25a6:	7e 7f       	andi	r23, 0xFE	; 254
    25a8:	7e 7f       	andi	r23, 0xFE	; 254
    25aa:	80 80       	ld	r8, Z
    25ac:	80 7f       	andi	r24, 0xF0	; 240
    25ae:	7f 7e       	andi	r23, 0xEF	; 239
    25b0:	80 7f       	andi	r24, 0xF0	; 240
    25b2:	81 7f       	andi	r24, 0xF1	; 241
    25b4:	80 80       	ld	r8, Z
    25b6:	81 81       	ldd	r24, Z+1	; 0x01
    25b8:	80 81       	ld	r24, Z
    25ba:	80 81       	ld	r24, Z
    25bc:	80 81       	ld	r24, Z
    25be:	80 80       	ld	r8, Z
    25c0:	80 80       	ld	r8, Z
    25c2:	80 80       	ld	r8, Z
    25c4:	80 81       	ld	r24, Z
    25c6:	81 7f       	andi	r24, 0xF1	; 241
    25c8:	7f 7e       	andi	r23, 0xEF	; 239
    25ca:	80 7f       	andi	r24, 0xF0	; 240
    25cc:	7f 7e       	andi	r23, 0xEF	; 239
    25ce:	7f 80       	ldd	r7, Y+7	; 0x07
    25d0:	80 7f       	andi	r24, 0xF0	; 240
    25d2:	7d 7d       	andi	r23, 0xDD	; 221
    25d4:	7e 81       	ldd	r23, Y+6	; 0x06
    25d6:	81 81       	ldd	r24, Z+1	; 0x01
    25d8:	81 80       	ldd	r8, Z+1	; 0x01
    25da:	80 7f       	andi	r24, 0xF0	; 240
    25dc:	7f 7f       	andi	r23, 0xFF	; 255
    25de:	80 81       	ld	r24, Z
    25e0:	82 82       	std	Z+2, r8	; 0x02
    25e2:	81 81       	ldd	r24, Z+1	; 0x01
    25e4:	7f 80       	ldd	r7, Y+7	; 0x07
    25e6:	80 82       	st	Z, r8
    25e8:	81 81       	ldd	r24, Z+1	; 0x01
    25ea:	80 81       	ld	r24, Z
    25ec:	81 82       	std	Z+1, r8	; 0x01
    25ee:	82 81       	ldd	r24, Z+2	; 0x02
    25f0:	82 80       	ldd	r8, Z+2	; 0x02
    25f2:	81 80       	ldd	r8, Z+1	; 0x01
    25f4:	80 7f       	andi	r24, 0xF0	; 240
    25f6:	80 81       	ld	r24, Z
    25f8:	81 80       	ldd	r8, Z+1	; 0x01
    25fa:	7e 7f       	andi	r23, 0xFE	; 254
    25fc:	7e 80       	ldd	r7, Y+6	; 0x06
    25fe:	80 80       	ld	r8, Z
    2600:	80 7f       	andi	r24, 0xF0	; 240
    2602:	7f 7e       	andi	r23, 0xEF	; 239
    2604:	7e 7e       	andi	r23, 0xEE	; 238
    2606:	80 80       	ld	r8, Z
    2608:	81 80       	ldd	r8, Z+1	; 0x01
    260a:	7f 7f       	andi	r23, 0xFF	; 255
    260c:	7e 7f       	andi	r23, 0xFE	; 254
    260e:	7f 80       	ldd	r7, Y+7	; 0x07
    2610:	81 83       	std	Z+1, r24	; 0x01
    2612:	83 81       	ldd	r24, Z+3	; 0x03
    2614:	80 7f       	andi	r24, 0xF0	; 240
    2616:	80 80       	ld	r8, Z
    2618:	81 82       	std	Z+1, r8	; 0x01
    261a:	82 81       	ldd	r24, Z+2	; 0x02
    261c:	80 80       	ld	r8, Z
    261e:	80 82       	st	Z, r8
    2620:	82 82       	std	Z+2, r8	; 0x02
    2622:	81 80       	ldd	r8, Z+1	; 0x01
    2624:	7f 7e       	andi	r23, 0xEF	; 239
    2626:	7e 7f       	andi	r23, 0xFE	; 254
    2628:	7f 80       	ldd	r7, Y+7	; 0x07
    262a:	81 7f       	andi	r24, 0xF1	; 241
    262c:	7e 7c       	andi	r23, 0xCE	; 206
    262e:	7d 7f       	andi	r23, 0xFD	; 253
    2630:	80 7e       	andi	r24, 0xE0	; 224
    2632:	7e 7e       	andi	r23, 0xEE	; 238
    2634:	7f 7f       	andi	r23, 0xFF	; 255
    2636:	7e 7e       	andi	r23, 0xEE	; 238
    2638:	7f 81       	ldd	r23, Y+7	; 0x07
    263a:	80 80       	ld	r8, Z
    263c:	7e 7e       	andi	r23, 0xEE	; 238
    263e:	7f 80       	ldd	r7, Y+7	; 0x07
    2640:	82 81       	ldd	r24, Z+2	; 0x02
    2642:	81 80       	ldd	r8, Z+1	; 0x01
    2644:	80 81       	ld	r24, Z
    2646:	82 81       	ldd	r24, Z+2	; 0x02
    2648:	81 81       	ldd	r24, Z+1	; 0x01
    264a:	81 82       	std	Z+1, r8	; 0x01
    264c:	81 81       	ldd	r24, Z+1	; 0x01
    264e:	81 81       	ldd	r24, Z+1	; 0x01
    2650:	81 81       	ldd	r24, Z+1	; 0x01
    2652:	81 80       	ldd	r8, Z+1	; 0x01
    2654:	81 81       	ldd	r24, Z+1	; 0x01
    2656:	81 81       	ldd	r24, Z+1	; 0x01
    2658:	81 80       	ldd	r8, Z+1	; 0x01
    265a:	7f 80       	ldd	r7, Y+7	; 0x07
    265c:	80 81       	ld	r24, Z
    265e:	81 80       	ldd	r8, Z+1	; 0x01
    2660:	7e 7f       	andi	r23, 0xFE	; 254
    2662:	7f 81       	ldd	r23, Y+7	; 0x07
    2664:	81 81       	ldd	r24, Z+1	; 0x01
    2666:	81 81       	ldd	r24, Z+1	; 0x01
    2668:	81 80       	ldd	r8, Z+1	; 0x01
    266a:	80 7e       	andi	r24, 0xE0	; 224
    266c:	7f 7f       	andi	r23, 0xFF	; 255
    266e:	80 7f       	andi	r24, 0xF0	; 240
    2670:	80 7f       	andi	r24, 0xF0	; 240
    2672:	80 81       	ld	r24, Z
    2674:	81 82       	std	Z+1, r8	; 0x01
    2676:	81 82       	std	Z+1, r8	; 0x01
    2678:	82 82       	std	Z+2, r8	; 0x02
    267a:	81 81       	ldd	r24, Z+1	; 0x01
    267c:	82 83       	std	Z+2, r24	; 0x02
    267e:	83 82       	std	Z+3, r8	; 0x03
    2680:	82 81       	ldd	r24, Z+2	; 0x02
    2682:	81 80       	ldd	r8, Z+1	; 0x01
    2684:	80 7f       	andi	r24, 0xF0	; 240
    2686:	80 7f       	andi	r24, 0xF0	; 240
    2688:	80 80       	ld	r8, Z
    268a:	7f 7f       	andi	r23, 0xFF	; 255
    268c:	7e 7e       	andi	r23, 0xEE	; 238
    268e:	7e 7f       	andi	r23, 0xFE	; 254
    2690:	7e 7f       	andi	r23, 0xFE	; 254
    2692:	7e 7f       	andi	r23, 0xFE	; 254
    2694:	7f 7f       	andi	r23, 0xFF	; 255
    2696:	80 80       	ld	r8, Z
    2698:	80 80       	ld	r8, Z
    269a:	80 80       	ld	r8, Z
    269c:	80 80       	ld	r8, Z
    269e:	80 80       	ld	r8, Z
    26a0:	80 80       	ld	r8, Z
    26a2:	81 81       	ldd	r24, Z+1	; 0x01
    26a4:	81 81       	ldd	r24, Z+1	; 0x01
    26a6:	82 81       	ldd	r24, Z+2	; 0x02
    26a8:	81 81       	ldd	r24, Z+1	; 0x01
    26aa:	81 81       	ldd	r24, Z+1	; 0x01
    26ac:	81 81       	ldd	r24, Z+1	; 0x01
    26ae:	81 81       	ldd	r24, Z+1	; 0x01
    26b0:	81 81       	ldd	r24, Z+1	; 0x01
    26b2:	80 80       	ld	r8, Z
    26b4:	80 80       	ld	r8, Z
    26b6:	80 80       	ld	r8, Z
    26b8:	81 81       	ldd	r24, Z+1	; 0x01
    26ba:	81 80       	ldd	r8, Z+1	; 0x01
    26bc:	80 80       	ld	r8, Z
    26be:	80 80       	ld	r8, Z
    26c0:	81 81       	ldd	r24, Z+1	; 0x01
    26c2:	80 80       	ld	r8, Z
    26c4:	80 80       	ld	r8, Z
    26c6:	7f 7f       	andi	r23, 0xFF	; 255
    26c8:	80 81       	ld	r24, Z
    26ca:	81 81       	ldd	r24, Z+1	; 0x01
    26cc:	80 7f       	andi	r24, 0xF0	; 240
    26ce:	7e 7f       	andi	r23, 0xFE	; 254
    26d0:	80 80       	ld	r8, Z
    26d2:	7f 7f       	andi	r23, 0xFF	; 255
    26d4:	7e 7e       	andi	r23, 0xEE	; 238
    26d6:	7e 7f       	andi	r23, 0xFE	; 254
    26d8:	7f 80       	ldd	r7, Y+7	; 0x07
    26da:	80 80       	ld	r8, Z
    26dc:	80 80       	ld	r8, Z
    26de:	80 80       	ld	r8, Z
    26e0:	81 80       	ldd	r8, Z+1	; 0x01
    26e2:	80 80       	ld	r8, Z
    26e4:	81 80       	ldd	r8, Z+1	; 0x01
    26e6:	80 80       	ld	r8, Z
    26e8:	80 81       	ld	r24, Z
    26ea:	81 81       	ldd	r24, Z+1	; 0x01
    26ec:	80 80       	ld	r8, Z
    26ee:	7f 7f       	andi	r23, 0xFF	; 255
    26f0:	80 80       	ld	r8, Z
    26f2:	80 7f       	andi	r24, 0xF0	; 240
    26f4:	7f 7f       	andi	r23, 0xFF	; 255
    26f6:	7f 7f       	andi	r23, 0xFF	; 255
    26f8:	7f 7f       	andi	r23, 0xFF	; 255
    26fa:	80 80       	ld	r8, Z
    26fc:	80 80       	ld	r8, Z
    26fe:	80 80       	ld	r8, Z
    2700:	81 80       	ldd	r8, Z+1	; 0x01
    2702:	81 81       	ldd	r24, Z+1	; 0x01
    2704:	81 81       	ldd	r24, Z+1	; 0x01
    2706:	80 80       	ld	r8, Z
    2708:	80 81       	ld	r24, Z
    270a:	81 81       	ldd	r24, Z+1	; 0x01
    270c:	80 80       	ld	r8, Z
    270e:	7f 7f       	andi	r23, 0xFF	; 255
    2710:	80 80       	ld	r8, Z
    2712:	80 80       	ld	r8, Z
    2714:	80 80       	ld	r8, Z
    2716:	80 80       	ld	r8, Z
    2718:	80 81       	ld	r24, Z
    271a:	81 81       	ldd	r24, Z+1	; 0x01
    271c:	80 80       	ld	r8, Z
    271e:	80 80       	ld	r8, Z
    2720:	80 80       	ld	r8, Z
    2722:	80 80       	ld	r8, Z
    2724:	81 80       	ldd	r8, Z+1	; 0x01
    2726:	80 81       	ld	r24, Z
    2728:	80 80       	ld	r8, Z
    272a:	7f 7f       	andi	r23, 0xFF	; 255
    272c:	7f 7f       	andi	r23, 0xFF	; 255
    272e:	7f 7f       	andi	r23, 0xFF	; 255
    2730:	80 80       	ld	r8, Z
    2732:	80 80       	ld	r8, Z
    2734:	80 80       	ld	r8, Z
    2736:	80 7f       	andi	r24, 0xF0	; 240
    2738:	80 80       	ld	r8, Z
    273a:	81 81       	ldd	r24, Z+1	; 0x01
    273c:	81 81       	ldd	r24, Z+1	; 0x01
    273e:	81 81       	ldd	r24, Z+1	; 0x01
    2740:	81 80       	ldd	r8, Z+1	; 0x01
    2742:	80 80       	ld	r8, Z
    2744:	80 80       	ld	r8, Z
    2746:	81 81       	ldd	r24, Z+1	; 0x01
    2748:	80 80       	ld	r8, Z
    274a:	80 80       	ld	r8, Z
    274c:	80 80       	ld	r8, Z
    274e:	7f 7f       	andi	r23, 0xFF	; 255
    2750:	7f 7f       	andi	r23, 0xFF	; 255
    2752:	7f 7f       	andi	r23, 0xFF	; 255
    2754:	7f 7f       	andi	r23, 0xFF	; 255
    2756:	7f 7f       	andi	r23, 0xFF	; 255
    2758:	7f 7f       	andi	r23, 0xFF	; 255
    275a:	80 80       	ld	r8, Z
    275c:	80 7f       	andi	r24, 0xF0	; 240
    275e:	80 80       	ld	r8, Z
    2760:	81 81       	ldd	r24, Z+1	; 0x01
    2762:	81 81       	ldd	r24, Z+1	; 0x01
    2764:	81 81       	ldd	r24, Z+1	; 0x01
    2766:	80 80       	ld	r8, Z
    2768:	80 80       	ld	r8, Z
    276a:	7f 7f       	andi	r23, 0xFF	; 255
    276c:	80 80       	ld	r8, Z
    276e:	80 80       	ld	r8, Z
    2770:	80 7f       	andi	r24, 0xF0	; 240
    2772:	7f 7f       	andi	r23, 0xFF	; 255
    2774:	7f 7e       	andi	r23, 0xEF	; 239
    2776:	7f 7f       	andi	r23, 0xFF	; 255
    2778:	7f 7f       	andi	r23, 0xFF	; 255
    277a:	7f 00       	.word	0x007f	; ????

0000277c <__ctors_end>:
    277c:	11 24       	eor	r1, r1
    277e:	1f be       	out	0x3f, r1	; 63
    2780:	cf ef       	ldi	r28, 0xFF	; 255
    2782:	d8 e0       	ldi	r29, 0x08	; 8
    2784:	de bf       	out	0x3e, r29	; 62
    2786:	cd bf       	out	0x3d, r28	; 61

00002788 <__do_copy_data>:
    2788:	11 e0       	ldi	r17, 0x01	; 1
    278a:	a0 e0       	ldi	r26, 0x00	; 0
    278c:	b1 e0       	ldi	r27, 0x01	; 1
    278e:	ec ee       	ldi	r30, 0xEC	; 236
    2790:	f8 e2       	ldi	r31, 0x28	; 40
    2792:	02 c0       	rjmp	.+4      	; 0x2798 <__do_copy_data+0x10>
    2794:	05 90       	lpm	r0, Z+
    2796:	0d 92       	st	X+, r0
    2798:	a2 30       	cpi	r26, 0x02	; 2
    279a:	b1 07       	cpc	r27, r17
    279c:	d9 f7       	brne	.-10     	; 0x2794 <__do_copy_data+0xc>

0000279e <__do_clear_bss>:
    279e:	21 e0       	ldi	r18, 0x01	; 1
    27a0:	a2 e0       	ldi	r26, 0x02	; 2
    27a2:	b1 e0       	ldi	r27, 0x01	; 1
    27a4:	01 c0       	rjmp	.+2      	; 0x27a8 <.do_clear_bss_start>

000027a6 <.do_clear_bss_loop>:
    27a6:	1d 92       	st	X+, r1

000027a8 <.do_clear_bss_start>:
    27a8:	a4 30       	cpi	r26, 0x04	; 4
    27aa:	b2 07       	cpc	r27, r18
    27ac:	e1 f7       	brne	.-8      	; 0x27a6 <.do_clear_bss_loop>
    27ae:	0e 94 4b 14 	call	0x2896	; 0x2896 <main>
    27b2:	0c 94 74 14 	jmp	0x28e8	; 0x28e8 <_exit>

000027b6 <__bad_interrupt>:
    27b6:	0c 94 00 00 	jmp	0	; 0x0 <__vectors>

000027ba <spi_init>:
#include <avr/interrupt.h>

#include "dzwiek.h"

void spi_init() {
	DDRB |= _BV(PB3) | _BV(PB5) | _BV(PB2);
    27ba:	84 b1       	in	r24, 0x04	; 4
    27bc:	8c 62       	ori	r24, 0x2C	; 44
    27be:	84 b9       	out	0x04, r24	; 4
	PORTB |= _BV(PB2);
    27c0:	2a 9a       	sbi	0x05, 2	; 5
	SPCR |= _BV(SPE) | _BV(MSTR) | _BV(SPR0);
    27c2:	8c b5       	in	r24, 0x2c	; 44
    27c4:	81 65       	ori	r24, 0x51	; 81
    27c6:	8c bd       	out	0x2c, r24	; 44
	SPSR = 0;
    27c8:	1d bc       	out	0x2d, r1	; 45
    27ca:	08 95       	ret

000027cc <spi_transfer>:
}

uint8_t spi_transfer(uint8_t data) {
	SPDR = data;
    27cc:	8e bd       	out	0x2e, r24	; 46
	while (!(SPSR & _BV(SPIF)));
    27ce:	0d b4       	in	r0, 0x2d	; 45
    27d0:	07 fe       	sbrs	r0, 7
    27d2:	fd cf       	rjmp	.-6      	; 0x27ce <spi_transfer+0x2>
	SPSR |= _BV(SPIF);
    27d4:	8d b5       	in	r24, 0x2d	; 45
    27d6:	80 68       	ori	r24, 0x80	; 128
    27d8:	8d bd       	out	0x2d, r24	; 45
	return SPDR;
    27da:	8e b5       	in	r24, 0x2e	; 46
}
    27dc:	08 95       	ret

000027de <timer1_init>:

void timer1_init() {
	TCCR1A = 0;
    27de:	10 92 80 00 	sts	0x0080, r1	; 0x800080 <__TEXT_REGION_LENGTH__+0x7f8080>
	TCCR1B = _BV(WGM12); // CTC A
    27e2:	e1 e8       	ldi	r30, 0x81	; 129
    27e4:	f0 e0       	ldi	r31, 0x00	; 0
    27e6:	88 e0       	ldi	r24, 0x08	; 8
    27e8:	80 83       	st	Z, r24
	OCR1A = 249;
    27ea:	89 ef       	ldi	r24, 0xF9	; 249
    27ec:	90 e0       	ldi	r25, 0x00	; 0
    27ee:	90 93 89 00 	sts	0x0089, r25	; 0x800089 <__TEXT_REGION_LENGTH__+0x7f8089>
    27f2:	80 93 88 00 	sts	0x0088, r24	; 0x800088 <__TEXT_REGION_LENGTH__+0x7f8088>
	TCCR1B |= _BV(CS11); // prescaler 8
    27f6:	80 81       	ld	r24, Z
    27f8:	82 60       	ori	r24, 0x02	; 2
    27fa:	80 83       	st	Z, r24
	TIMSK1 |= _BV(OCIE1A); // interrupt
    27fc:	ef e6       	ldi	r30, 0x6F	; 111
    27fe:	f0 e0       	ldi	r31, 0x00	; 0
    2800:	80 81       	ld	r24, Z
    2802:	82 60       	ori	r24, 0x02	; 2
    2804:	80 83       	st	Z, r24
    2806:	08 95       	ret

00002808 <__vector_11>:
}

volatile uint16_t index = 0;

ISR(TIMER1_COMPA_vect) {
    2808:	1f 92       	push	r1
    280a:	0f 92       	push	r0
    280c:	0f b6       	in	r0, 0x3f	; 63
    280e:	0f 92       	push	r0
    2810:	11 24       	eor	r1, r1
    2812:	8f 93       	push	r24
    2814:	9f 93       	push	r25
    2816:	ef 93       	push	r30
    2818:	ff 93       	push	r31
	uint8_t sample = pgm_read_byte(&dzwiek_raw[index]);
    281a:	e0 91 02 01 	lds	r30, 0x0102	; 0x800102 <__data_end>
    281e:	f0 91 03 01 	lds	r31, 0x0103	; 0x800103 <__data_end+0x1>
    2822:	e8 59       	subi	r30, 0x98	; 152
    2824:	ff 4f       	sbci	r31, 0xFF	; 255
    2826:	e4 91       	lpm	r30, Z

	uint16_t packet = (1UL << 12) | (1UL << 13) | (((uint16_t) sample) << 4);
    2828:	80 e1       	ldi	r24, 0x10	; 16
    282a:	e8 9f       	mul	r30, r24
    282c:	f0 01       	movw	r30, r0
    282e:	11 24       	eor	r1, r1
    2830:	f0 63       	ori	r31, 0x30	; 48
	PORTB &= ~_BV(PB2);
    2832:	2a 98       	cbi	0x05, 2	; 5
	SPCR |= _BV(SPE) | _BV(MSTR) | _BV(SPR0);
	SPSR = 0;
}

uint8_t spi_transfer(uint8_t data) {
	SPDR = data;
    2834:	fe bd       	out	0x2e, r31	; 46
	while (!(SPSR & _BV(SPIF)));
    2836:	0d b4       	in	r0, 0x2d	; 45
    2838:	07 fe       	sbrs	r0, 7
    283a:	fd cf       	rjmp	.-6      	; 0x2836 <__vector_11+0x2e>
	SPSR |= _BV(SPIF);
    283c:	8d b5       	in	r24, 0x2d	; 45
    283e:	80 68       	ori	r24, 0x80	; 128
    2840:	8d bd       	out	0x2d, r24	; 45
	return SPDR;
    2842:	8e b5       	in	r24, 0x2e	; 46
	SPCR |= _BV(SPE) | _BV(MSTR) | _BV(SPR0);
	SPSR = 0;
}

uint8_t spi_transfer(uint8_t data) {
	SPDR = data;
    2844:	ee bd       	out	0x2e, r30	; 46
	while (!(SPSR & _BV(SPIF)));
    2846:	0d b4       	in	r0, 0x2d	; 45
    2848:	07 fe       	sbrs	r0, 7
    284a:	fd cf       	rjmp	.-6      	; 0x2846 <__vector_11+0x3e>
	SPSR |= _BV(SPIF);
    284c:	8d b5       	in	r24, 0x2d	; 45
    284e:	80 68       	ori	r24, 0x80	; 128
    2850:	8d bd       	out	0x2d, r24	; 45
	return SPDR;
    2852:	8e b5       	in	r24, 0x2e	; 46

	uint16_t packet = (1UL << 12) | (1UL << 13) | (((uint16_t) sample) << 4);
	PORTB &= ~_BV(PB2);
	spi_transfer(packet >> 8);
	spi_transfer(packet & 0xff);
	PORTB |= _BV(PB2);
    2854:	2a 9a       	sbi	0x05, 2	; 5

	if (index == 0) {
    2856:	80 91 02 01 	lds	r24, 0x0102	; 0x800102 <__data_end>
    285a:	90 91 03 01 	lds	r25, 0x0103	; 0x800103 <__data_end+0x1>
    285e:	89 2b       	or	r24, r25
    2860:	41 f4       	brne	.+16     	; 0x2872 <__vector_11+0x6a>
		index = dzwiek_raw_len;
    2862:	80 91 00 01 	lds	r24, 0x0100	; 0x800100 <__DATA_REGION_ORIGIN__>
    2866:	90 91 01 01 	lds	r25, 0x0101	; 0x800101 <__DATA_REGION_ORIGIN__+0x1>
    286a:	90 93 03 01 	sts	0x0103, r25	; 0x800103 <__data_end+0x1>
    286e:	80 93 02 01 	sts	0x0102, r24	; 0x800102 <__data_end>
	}
	index--;
    2872:	80 91 02 01 	lds	r24, 0x0102	; 0x800102 <__data_end>
    2876:	90 91 03 01 	lds	r25, 0x0103	; 0x800103 <__data_end+0x1>
    287a:	01 97       	sbiw	r24, 0x01	; 1
    287c:	90 93 03 01 	sts	0x0103, r25	; 0x800103 <__data_end+0x1>
    2880:	80 93 02 01 	sts	0x0102, r24	; 0x800102 <__data_end>
	/*
	if (++index == dzwiek_raw_len) {
		index = 0;
	}
	*/
}
    2884:	ff 91       	pop	r31
    2886:	ef 91       	pop	r30
    2888:	9f 91       	pop	r25
    288a:	8f 91       	pop	r24
    288c:	0f 90       	pop	r0
    288e:	0f be       	out	0x3f, r0	; 63
    2890:	0f 90       	pop	r0
    2892:	1f 90       	pop	r1
    2894:	18 95       	reti

00002896 <main>:
#include <avr/interrupt.h>

#include "dzwiek.h"

void spi_init() {
	DDRB |= _BV(PB3) | _BV(PB5) | _BV(PB2);
    2896:	84 b1       	in	r24, 0x04	; 4
    2898:	8c 62       	ori	r24, 0x2C	; 44
    289a:	84 b9       	out	0x04, r24	; 4
	PORTB |= _BV(PB2);
    289c:	2a 9a       	sbi	0x05, 2	; 5
	SPCR |= _BV(SPE) | _BV(MSTR) | _BV(SPR0);
    289e:	8c b5       	in	r24, 0x2c	; 44
    28a0:	81 65       	ori	r24, 0x51	; 81
    28a2:	8c bd       	out	0x2c, r24	; 44
	SPSR = 0;
    28a4:	1d bc       	out	0x2d, r1	; 45
	SPSR |= _BV(SPIF);
	return SPDR;
}

void timer1_init() {
	TCCR1A = 0;
    28a6:	10 92 80 00 	sts	0x0080, r1	; 0x800080 <__TEXT_REGION_LENGTH__+0x7f8080>
	TCCR1B = _BV(WGM12); // CTC A
    28aa:	88 e0       	ldi	r24, 0x08	; 8
    28ac:	80 93 81 00 	sts	0x0081, r24	; 0x800081 <__TEXT_REGION_LENGTH__+0x7f8081>
	OCR1A = 249;
    28b0:	89 ef       	ldi	r24, 0xF9	; 249
    28b2:	90 e0       	ldi	r25, 0x00	; 0
    28b4:	90 93 89 00 	sts	0x0089, r25	; 0x800089 <__TEXT_REGION_LENGTH__+0x7f8089>
    28b8:	80 93 88 00 	sts	0x0088, r24	; 0x800088 <__TEXT_REGION_LENGTH__+0x7f8088>
	TCCR1B |= _BV(CS11); // prescaler 8
    28bc:	80 91 81 00 	lds	r24, 0x0081	; 0x800081 <__TEXT_REGION_LENGTH__+0x7f8081>
    28c0:	82 60       	ori	r24, 0x02	; 2
    28c2:	80 93 81 00 	sts	0x0081, r24	; 0x800081 <__TEXT_REGION_LENGTH__+0x7f8081>
	TIMSK1 |= _BV(OCIE1A); // interrupt
    28c6:	80 91 6f 00 	lds	r24, 0x006F	; 0x80006f <__TEXT_REGION_LENGTH__+0x7f806f>
    28ca:	82 60       	ori	r24, 0x02	; 2
    28cc:	80 93 6f 00 	sts	0x006F, r24	; 0x80006f <__TEXT_REGION_LENGTH__+0x7f806f>

int main() {
	spi_init();
	timer1_init();

	set_sleep_mode(SLEEP_MODE_IDLE);
    28d0:	83 b7       	in	r24, 0x33	; 51
    28d2:	81 7f       	andi	r24, 0xF1	; 241
    28d4:	83 bf       	out	0x33, r24	; 51

	sei();
    28d6:	78 94       	sei

	while (1) {
		sleep_mode();
    28d8:	83 b7       	in	r24, 0x33	; 51
    28da:	81 60       	ori	r24, 0x01	; 1
    28dc:	83 bf       	out	0x33, r24	; 51
    28de:	88 95       	sleep
    28e0:	83 b7       	in	r24, 0x33	; 51
    28e2:	8e 7f       	andi	r24, 0xFE	; 254
    28e4:	83 bf       	out	0x33, r24	; 51
    28e6:	f8 cf       	rjmp	.-16     	; 0x28d8 <main+0x42>

000028e8 <_exit>:
    28e8:	f8 94       	cli

000028ea <__stop_program>:
    28ea:	ff cf       	rjmp	.-2      	; 0x28ea <__stop_program>
