
task1.elf:     file format elf32-avr

Sections:
Idx Name          Size      VMA       LMA       File off  Algn
  0 .data         0000005a  00800100  000015fc  00001690  2**0
                  CONTENTS, ALLOC, LOAD, DATA
  1 .text         000015fc  00000000  00000000  00000094  2**1
                  CONTENTS, ALLOC, LOAD, READONLY, CODE
  2 .bss          00000016  0080015a  0080015a  000016ea  2**0
                  ALLOC
  3 .stab         000014dc  00000000  00000000  000016ec  2**2
                  CONTENTS, READONLY, DEBUGGING
  4 .stabstr      00001172  00000000  00000000  00002bc8  2**0
                  CONTENTS, READONLY, DEBUGGING
  5 .comment      00000011  00000000  00000000  00003d3a  2**0
                  CONTENTS, READONLY
  6 .note.gnu.avr.deviceinfo 00000040  00000000  00000000  00003d4c  2**2
                  CONTENTS, READONLY
  7 .debug_info   000005f4  00000000  00000000  00003d8c  2**0
                  CONTENTS, READONLY, DEBUGGING
  8 .debug_abbrev 000005a2  00000000  00000000  00004380  2**0
                  CONTENTS, READONLY, DEBUGGING
  9 .debug_line   0000001a  00000000  00000000  00004922  2**0
                  CONTENTS, READONLY, DEBUGGING
 10 .debug_str    00000208  00000000  00000000  0000493c  2**0
                  CONTENTS, READONLY, DEBUGGING

Disassembly of section .text:

00000000 <__vectors>:
       0:	0c 94 3a 00 	jmp	0x74	; 0x74 <__ctors_end>
       4:	0c 94 57 00 	jmp	0xae	; 0xae <__bad_interrupt>
       8:	0c 94 57 00 	jmp	0xae	; 0xae <__bad_interrupt>
       c:	0c 94 57 00 	jmp	0xae	; 0xae <__bad_interrupt>
      10:	0c 94 57 00 	jmp	0xae	; 0xae <__bad_interrupt>
      14:	0c 94 57 00 	jmp	0xae	; 0xae <__bad_interrupt>
      18:	0c 94 57 00 	jmp	0xae	; 0xae <__bad_interrupt>
      1c:	0c 94 57 00 	jmp	0xae	; 0xae <__bad_interrupt>
      20:	0c 94 57 00 	jmp	0xae	; 0xae <__bad_interrupt>
      24:	0c 94 57 00 	jmp	0xae	; 0xae <__bad_interrupt>
      28:	0c 94 57 00 	jmp	0xae	; 0xae <__bad_interrupt>
      2c:	0c 94 57 00 	jmp	0xae	; 0xae <__bad_interrupt>
      30:	0c 94 57 00 	jmp	0xae	; 0xae <__bad_interrupt>
      34:	0c 94 57 00 	jmp	0xae	; 0xae <__bad_interrupt>
      38:	0c 94 57 00 	jmp	0xae	; 0xae <__bad_interrupt>
      3c:	0c 94 57 00 	jmp	0xae	; 0xae <__bad_interrupt>
      40:	0c 94 57 00 	jmp	0xae	; 0xae <__bad_interrupt>
      44:	0c 94 57 00 	jmp	0xae	; 0xae <__bad_interrupt>
      48:	0c 94 57 00 	jmp	0xae	; 0xae <__bad_interrupt>
      4c:	0c 94 57 00 	jmp	0xae	; 0xae <__bad_interrupt>
      50:	0c 94 57 00 	jmp	0xae	; 0xae <__bad_interrupt>
      54:	0c 94 57 00 	jmp	0xae	; 0xae <__bad_interrupt>
      58:	0c 94 57 00 	jmp	0xae	; 0xae <__bad_interrupt>
      5c:	0c 94 57 00 	jmp	0xae	; 0xae <__bad_interrupt>
      60:	0c 94 57 00 	jmp	0xae	; 0xae <__bad_interrupt>
      64:	0c 94 57 00 	jmp	0xae	; 0xae <__bad_interrupt>

00000068 <__trampolines_end>:
      68:	63 64       	ori	r22, 0x43	; 67
      6a:	69 6e       	ori	r22, 0xE9	; 233
      6c:	6f 70       	andi	r22, 0x0F	; 15
      6e:	73 75       	andi	r23, 0x53	; 83
      70:	78 58       	subi	r23, 0x88	; 136
      72:	5b 00       	.word	0x005b	; ????

00000074 <__ctors_end>:
      74:	11 24       	eor	r1, r1
      76:	1f be       	out	0x3f, r1	; 63
      78:	cf ef       	ldi	r28, 0xFF	; 255
      7a:	d8 e0       	ldi	r29, 0x08	; 8
      7c:	de bf       	out	0x3e, r29	; 62
      7e:	cd bf       	out	0x3d, r28	; 61

00000080 <__do_copy_data>:
      80:	11 e0       	ldi	r17, 0x01	; 1
      82:	a0 e0       	ldi	r26, 0x00	; 0
      84:	b1 e0       	ldi	r27, 0x01	; 1
      86:	ec ef       	ldi	r30, 0xFC	; 252
      88:	f5 e1       	ldi	r31, 0x15	; 21
      8a:	02 c0       	rjmp	.+4      	; 0x90 <__do_copy_data+0x10>
      8c:	05 90       	lpm	r0, Z+
      8e:	0d 92       	st	X+, r0
      90:	aa 35       	cpi	r26, 0x5A	; 90
      92:	b1 07       	cpc	r27, r17
      94:	d9 f7       	brne	.-10     	; 0x8c <__do_copy_data+0xc>

00000096 <__do_clear_bss>:
      96:	21 e0       	ldi	r18, 0x01	; 1
      98:	aa e5       	ldi	r26, 0x5A	; 90
      9a:	b1 e0       	ldi	r27, 0x01	; 1
      9c:	01 c0       	rjmp	.+2      	; 0xa0 <.do_clear_bss_start>

0000009e <.do_clear_bss_loop>:
      9e:	1d 92       	st	X+, r1

000000a0 <.do_clear_bss_start>:
      a0:	a0 37       	cpi	r26, 0x70	; 112
      a2:	b2 07       	cpc	r27, r18
      a4:	e1 f7       	brne	.-8      	; 0x9e <.do_clear_bss_loop>
      a6:	0e 94 52 01 	call	0x2a4	; 0x2a4 <main>
      aa:	0c 94 fc 0a 	jmp	0x15f8	; 0x15f8 <_exit>

000000ae <__bad_interrupt>:
      ae:	0c 94 00 00 	jmp	0	; 0x0 <__vectors>

000000b2 <uart_transmit>:
  UCSR0C = _BV(UCSZ00) | _BV(UCSZ01);
}

int uart_transmit(char data, FILE *stream)
{
  while(!(UCSR0A & _BV(UDRE0)));
      b2:	90 91 c0 00 	lds	r25, 0x00C0	; 0x8000c0 <__TEXT_REGION_LENGTH__+0x7f80c0>
      b6:	95 ff       	sbrs	r25, 5
      b8:	fc cf       	rjmp	.-8      	; 0xb2 <uart_transmit>
  UDR0 = data;
      ba:	80 93 c6 00 	sts	0x00C6, r24	; 0x8000c6 <__TEXT_REGION_LENGTH__+0x7f80c6>
  return 0;
}
      be:	80 e0       	ldi	r24, 0x00	; 0
      c0:	90 e0       	ldi	r25, 0x00	; 0
      c2:	08 95       	ret

000000c4 <uart_receive>:

int uart_receive(FILE *stream)
{
  while (!(UCSR0A & _BV(RXC0)));
      c4:	80 91 c0 00 	lds	r24, 0x00C0	; 0x8000c0 <__TEXT_REGION_LENGTH__+0x7f80c0>
      c8:	87 ff       	sbrs	r24, 7
      ca:	fc cf       	rjmp	.-8      	; 0xc4 <uart_receive>
  uint8_t data = UDR0;
      cc:	80 91 c6 00 	lds	r24, 0x00C6	; 0x8000c6 <__TEXT_REGION_LENGTH__+0x7f80c6>
  UCSR0C = _BV(UCSZ00) | _BV(UCSZ01);
}

int uart_transmit(char data, FILE *stream)
{
  while(!(UCSR0A & _BV(UDRE0)));
      d0:	90 91 c0 00 	lds	r25, 0x00C0	; 0x8000c0 <__TEXT_REGION_LENGTH__+0x7f80c0>
      d4:	95 ff       	sbrs	r25, 5
      d6:	fc cf       	rjmp	.-8      	; 0xd0 <uart_receive+0xc>
  UDR0 = data;
      d8:	80 93 c6 00 	sts	0x00C6, r24	; 0x8000c6 <__TEXT_REGION_LENGTH__+0x7f80c6>
  uint8_t data = UDR0;
//   if (data == '\r')
//     uart_transmit('\n', stream);
  uart_transmit(data, stream);
  return data;
}
      dc:	90 e0       	ldi	r25, 0x00	; 0
      de:	08 95       	ret

000000e0 <uart_init>:

FILE uart_file;

void uart_init()
{
  UBRR0 = UBRR_VALUE;
      e0:	87 e6       	ldi	r24, 0x67	; 103
      e2:	90 e0       	ldi	r25, 0x00	; 0
      e4:	90 93 c5 00 	sts	0x00C5, r25	; 0x8000c5 <__TEXT_REGION_LENGTH__+0x7f80c5>
      e8:	80 93 c4 00 	sts	0x00C4, r24	; 0x8000c4 <__TEXT_REGION_LENGTH__+0x7f80c4>
  UCSR0A = 0;
      ec:	10 92 c0 00 	sts	0x00C0, r1	; 0x8000c0 <__TEXT_REGION_LENGTH__+0x7f80c0>
  UCSR0B = _BV(RXEN0) | _BV(TXEN0);
      f0:	88 e1       	ldi	r24, 0x18	; 24
      f2:	80 93 c1 00 	sts	0x00C1, r24	; 0x8000c1 <__TEXT_REGION_LENGTH__+0x7f80c1>
  UCSR0C = _BV(UCSZ00) | _BV(UCSZ01);
      f6:	86 e0       	ldi	r24, 0x06	; 6
      f8:	80 93 c2 00 	sts	0x00C2, r24	; 0x8000c2 <__TEXT_REGION_LENGTH__+0x7f80c2>
      fc:	08 95       	ret

000000fe <read_seq>:
  return data;
}

const uint8_t eeprom_addr = 0xa0;

void read_seq(uint16_t addr, uint8_t *buf, uint16_t len) {
      fe:	cf 92       	push	r12
     100:	df 92       	push	r13
     102:	ef 92       	push	r14
     104:	ff 92       	push	r15
     106:	0f 93       	push	r16
     108:	1f 93       	push	r17
     10a:	cf 93       	push	r28
     10c:	df 93       	push	r29
     10e:	8c 01       	movw	r16, r24
     110:	6b 01       	movw	r12, r22
     112:	7a 01       	movw	r14, r20
    i2cStart();
     114:	0e 94 24 01 	call	0x248	; 0x248 <i2cStart>
    i2cSend(eeprom_addr | ((addr & 0x100) >> 7));
     118:	e8 01       	movw	r28, r16
     11a:	cc 27       	eor	r28, r28
     11c:	d1 70       	andi	r29, 0x01	; 1
     11e:	cc 0f       	add	r28, r28
     120:	cd 2f       	mov	r28, r29
     122:	cc 1f       	adc	r28, r28
     124:	dd 0b       	sbc	r29, r29
     126:	d1 95       	neg	r29
     128:	8c 2f       	mov	r24, r28
     12a:	80 6a       	ori	r24, 0xA0	; 160
     12c:	0e 94 48 01 	call	0x290	; 0x290 <i2cSend>
    i2cSend(addr & 0xff);
     130:	80 2f       	mov	r24, r16
     132:	0e 94 48 01 	call	0x290	; 0x290 <i2cSend>

    i2cStart();
     136:	0e 94 24 01 	call	0x248	; 0x248 <i2cStart>
    i2cSend(eeprom_addr | 0x1 | ((addr & 0x100) >> 7));
     13a:	8c 2f       	mov	r24, r28
     13c:	81 6a       	ori	r24, 0xA1	; 161
     13e:	0e 94 48 01 	call	0x290	; 0x290 <i2cSend>

    while (len--) {
     142:	87 01       	movw	r16, r14
     144:	01 50       	subi	r16, 0x01	; 1
     146:	11 09       	sbc	r17, r1
     148:	ef 28       	or	r14, r15
     14a:	81 f0       	breq	.+32     	; 0x16c <read_seq+0x6e>
     14c:	e6 01       	movw	r28, r12
     14e:	0c 0d       	add	r16, r12
     150:	1d 1d       	adc	r17, r13
        *(buf++) = (len ? i2cReadAck() : i2cReadNoAck());
     152:	0c 17       	cp	r16, r28
     154:	1d 07       	cpc	r17, r29
     156:	31 f0       	breq	.+12     	; 0x164 <read_seq+0x66>
     158:	0e 94 34 01 	call	0x268	; 0x268 <i2cReadAck>
     15c:	89 93       	st	Y+, r24
     15e:	0c 17       	cp	r16, r28
     160:	1d 07       	cpc	r17, r29
     162:	d1 f7       	brne	.-12     	; 0x158 <read_seq+0x5a>
     164:	0e 94 3e 01 	call	0x27c	; 0x27c <i2cReadNoAck>
     168:	f8 01       	movw	r30, r16
     16a:	80 83       	st	Z, r24
    }
}
     16c:	df 91       	pop	r29
     16e:	cf 91       	pop	r28
     170:	1f 91       	pop	r17
     172:	0f 91       	pop	r16
     174:	ff 90       	pop	r15
     176:	ef 90       	pop	r14
     178:	df 90       	pop	r13
     17a:	cf 90       	pop	r12
     17c:	08 95       	ret

0000017e <write_seq>:

void write_seq(uint16_t addr, uint8_t *buf, uint16_t len) {
     17e:	7f 92       	push	r7
     180:	8f 92       	push	r8
     182:	9f 92       	push	r9
     184:	af 92       	push	r10
     186:	bf 92       	push	r11
     188:	cf 92       	push	r12
     18a:	df 92       	push	r13
     18c:	ef 92       	push	r14
     18e:	ff 92       	push	r15
     190:	0f 93       	push	r16
     192:	1f 93       	push	r17
     194:	cf 93       	push	r28
     196:	df 93       	push	r29
     198:	6b 01       	movw	r12, r22
     19a:	7a 01       	movw	r14, r20
    while (len) {
     19c:	45 2b       	or	r20, r21
     19e:	a9 f1       	breq	.+106    	; 0x20a <write_seq+0x8c>
     1a0:	98 2e       	mov	r9, r24
     1a2:	28 2f       	mov	r18, r24
     1a4:	2f 70       	andi	r18, 0x0F	; 15
     1a6:	30 e1       	ldi	r19, 0x10	; 16
     1a8:	83 2e       	mov	r8, r19
     1aa:	82 1a       	sub	r8, r18
     1ac:	a8 2c       	mov	r10, r8
     1ae:	b1 2c       	mov	r11, r1
     1b0:	88 27       	eor	r24, r24
     1b2:	91 70       	andi	r25, 0x01	; 1
     1b4:	88 0f       	add	r24, r24
     1b6:	89 2f       	mov	r24, r25
     1b8:	88 1f       	adc	r24, r24
     1ba:	99 0b       	sbc	r25, r25
     1bc:	91 95       	neg	r25
     1be:	d8 2f       	mov	r29, r24
     1c0:	d0 6a       	ori	r29, 0xA0	; 160
        uint8_t left = 0x10 - (addr & 0xf);
        // printf("left: %d len: %d\n", left, len);
        if (len < left)
     1c2:	ea 14       	cp	r14, r10
     1c4:	fb 04       	cpc	r15, r11
     1c6:	78 f5       	brcc	.+94     	; 0x226 <write_seq+0xa8>
            left = len;
     1c8:	7e 2c       	mov	r7, r14
     1ca:	87 01       	movw	r16, r14
     1cc:	11 27       	eor	r17, r17

        i2cStart();
     1ce:	0e 94 24 01 	call	0x248	; 0x248 <i2cStart>
        i2cSend(eeprom_addr | ((addr & 0x100) >> 7));
     1d2:	8d 2f       	mov	r24, r29
     1d4:	0e 94 48 01 	call	0x290	; 0x290 <i2cSend>
        i2cSend(addr & 0xff);
     1d8:	89 2d       	mov	r24, r9
     1da:	0e 94 48 01 	call	0x290	; 0x290 <i2cSend>

        len -= left;
     1de:	e0 1a       	sub	r14, r16
     1e0:	f1 0a       	sbc	r15, r17
        while (left--) {
     1e2:	7a 94       	dec	r7
     1e4:	86 01       	movw	r16, r12
     1e6:	c7 2d       	mov	r28, r7
            // printf("Here, left: %d\n", left);
            i2cSend(*(buf++));
     1e8:	f8 01       	movw	r30, r16
     1ea:	81 91       	ld	r24, Z+
     1ec:	8f 01       	movw	r16, r30
     1ee:	0e 94 48 01 	call	0x290	; 0x290 <i2cSend>
        i2cStart();
        i2cSend(eeprom_addr | ((addr & 0x100) >> 7));
        i2cSend(addr & 0xff);

        len -= left;
        while (left--) {
     1f2:	c1 50       	subi	r28, 0x01	; 1
     1f4:	c8 f7       	brcc	.-14     	; 0x1e8 <write_seq+0x6a>
     1f6:	87 2d       	mov	r24, r7
     1f8:	90 e0       	ldi	r25, 0x00	; 0
     1fa:	01 96       	adiw	r24, 0x01	; 1
     1fc:	c8 0e       	add	r12, r24
     1fe:	d9 1e       	adc	r13, r25
            // printf("Here, left: %d\n", left);
            i2cSend(*(buf++));
        }
        // printf("Hello len: %d\n", len);
        i2cStop();
     200:	0e 94 2c 01 	call	0x258	; 0x258 <i2cStop>
        *(buf++) = (len ? i2cReadAck() : i2cReadNoAck());
    }
}

void write_seq(uint16_t addr, uint8_t *buf, uint16_t len) {
    while (len) {
     204:	e1 14       	cp	r14, r1
     206:	f1 04       	cpc	r15, r1
     208:	e1 f6       	brne	.-72     	; 0x1c2 <write_seq+0x44>
            i2cSend(*(buf++));
        }
        // printf("Hello len: %d\n", len);
        i2cStop();
    }
}
     20a:	df 91       	pop	r29
     20c:	cf 91       	pop	r28
     20e:	1f 91       	pop	r17
     210:	0f 91       	pop	r16
     212:	ff 90       	pop	r15
     214:	ef 90       	pop	r14
     216:	df 90       	pop	r13
     218:	cf 90       	pop	r12
     21a:	bf 90       	pop	r11
     21c:	af 90       	pop	r10
     21e:	9f 90       	pop	r9
     220:	8f 90       	pop	r8
     222:	7f 90       	pop	r7
     224:	08 95       	ret
     226:	85 01       	movw	r16, r10
    }
}

void write_seq(uint16_t addr, uint8_t *buf, uint16_t len) {
    while (len) {
        uint8_t left = 0x10 - (addr & 0xf);
     228:	78 2c       	mov	r7, r8
     22a:	d1 cf       	rjmp	.-94     	; 0x1ce <write_seq+0x50>

0000022c <i2cInit>:
#include "i2c.h"

void i2cInit() {
  // ustaw bitrate
  // 8MHz / (16+2*TWBR*1) ~= 100kHz
  TWBR = 32;
     22c:	80 e2       	ldi	r24, 0x20	; 32
     22e:	80 93 b8 00 	sts	0x00B8, r24	; 0x8000b8 <__TEXT_REGION_LENGTH__+0x7f80b8>
  // uruchom TWI
  TWCR |= _BV(TWEN);
     232:	ec eb       	ldi	r30, 0xBC	; 188
     234:	f0 e0       	ldi	r31, 0x00	; 0
     236:	80 81       	ld	r24, Z
     238:	84 60       	ori	r24, 0x04	; 4
     23a:	80 83       	st	Z, r24
     23c:	08 95       	ret

0000023e <i2cWaitForComplete>:
}
void i2cWaitForComplete() {
  // czekaj na flagę TWINT
  while(!(TWCR & _BV(TWINT)));
     23e:	80 91 bc 00 	lds	r24, 0x00BC	; 0x8000bc <__TEXT_REGION_LENGTH__+0x7f80bc>
     242:	87 ff       	sbrs	r24, 7
     244:	fc cf       	rjmp	.-8      	; 0x23e <i2cWaitForComplete>
}
     246:	08 95       	ret

00000248 <i2cStart>:
void i2cStart() {
  // wyślij warunek startu
  TWCR = _BV(TWINT) | _BV(TWEN) | _BV(TWSTA);
     248:	84 ea       	ldi	r24, 0xA4	; 164
     24a:	80 93 bc 00 	sts	0x00BC, r24	; 0x8000bc <__TEXT_REGION_LENGTH__+0x7f80bc>
  // uruchom TWI
  TWCR |= _BV(TWEN);
}
void i2cWaitForComplete() {
  // czekaj na flagę TWINT
  while(!(TWCR & _BV(TWINT)));
     24e:	80 91 bc 00 	lds	r24, 0x00BC	; 0x8000bc <__TEXT_REGION_LENGTH__+0x7f80bc>
     252:	87 ff       	sbrs	r24, 7
     254:	fc cf       	rjmp	.-8      	; 0x24e <i2cStart+0x6>
}
void i2cStart() {
  // wyślij warunek startu
  TWCR = _BV(TWINT) | _BV(TWEN) | _BV(TWSTA);
  i2cWaitForComplete();
}
     256:	08 95       	ret

00000258 <i2cStop>:
void i2cStop() {
  // wyślij warunek stopu
  TWCR = _BV(TWINT) | _BV(TWEN) | _BV(TWSTO);
     258:	84 e9       	ldi	r24, 0x94	; 148
     25a:	80 93 bc 00 	sts	0x00BC, r24	; 0x8000bc <__TEXT_REGION_LENGTH__+0x7f80bc>
     25e:	08 95       	ret

00000260 <i2cReset>:
}
void i2cReset() {
  // wyślij warunek stopu i wyłącz TWI
  TWCR = _BV(TWINT) | _BV(TWSTO);
     260:	80 e9       	ldi	r24, 0x90	; 144
     262:	80 93 bc 00 	sts	0x00BC, r24	; 0x8000bc <__TEXT_REGION_LENGTH__+0x7f80bc>
     266:	08 95       	ret

00000268 <i2cReadAck>:
}
uint8_t i2cReadAck() {
  // odczytaj dane, wyślij ACK
  TWCR = _BV(TWINT) | _BV(TWEN) | _BV(TWEA);
     268:	84 ec       	ldi	r24, 0xC4	; 196
     26a:	80 93 bc 00 	sts	0x00BC, r24	; 0x8000bc <__TEXT_REGION_LENGTH__+0x7f80bc>
  // uruchom TWI
  TWCR |= _BV(TWEN);
}
void i2cWaitForComplete() {
  // czekaj na flagę TWINT
  while(!(TWCR & _BV(TWINT)));
     26e:	80 91 bc 00 	lds	r24, 0x00BC	; 0x8000bc <__TEXT_REGION_LENGTH__+0x7f80bc>
     272:	87 ff       	sbrs	r24, 7
     274:	fc cf       	rjmp	.-8      	; 0x26e <i2cReadAck+0x6>
}
uint8_t i2cReadAck() {
  // odczytaj dane, wyślij ACK
  TWCR = _BV(TWINT) | _BV(TWEN) | _BV(TWEA);
  i2cWaitForComplete();
  return TWDR;
     276:	80 91 bb 00 	lds	r24, 0x00BB	; 0x8000bb <__TEXT_REGION_LENGTH__+0x7f80bb>
}
     27a:	08 95       	ret

0000027c <i2cReadNoAck>:
uint8_t i2cReadNoAck() {
  // odczytaj dane, wyślij NOACK
  TWCR = _BV(TWINT) | _BV(TWEN);
     27c:	84 e8       	ldi	r24, 0x84	; 132
     27e:	80 93 bc 00 	sts	0x00BC, r24	; 0x8000bc <__TEXT_REGION_LENGTH__+0x7f80bc>
  // uruchom TWI
  TWCR |= _BV(TWEN);
}
void i2cWaitForComplete() {
  // czekaj na flagę TWINT
  while(!(TWCR & _BV(TWINT)));
     282:	80 91 bc 00 	lds	r24, 0x00BC	; 0x8000bc <__TEXT_REGION_LENGTH__+0x7f80bc>
     286:	87 ff       	sbrs	r24, 7
     288:	fc cf       	rjmp	.-8      	; 0x282 <i2cReadNoAck+0x6>
}
uint8_t i2cReadNoAck() {
  // odczytaj dane, wyślij NOACK
  TWCR = _BV(TWINT) | _BV(TWEN);
  i2cWaitForComplete();
  return TWDR;
     28a:	80 91 bb 00 	lds	r24, 0x00BB	; 0x8000bb <__TEXT_REGION_LENGTH__+0x7f80bb>
}
     28e:	08 95       	ret

00000290 <i2cSend>:
     290:	80 93 bb 00 	sts	0x00BB, r24	; 0x8000bb <__TEXT_REGION_LENGTH__+0x7f80bb>
     294:	84 e8       	ldi	r24, 0x84	; 132
     296:	80 93 bc 00 	sts	0x00BC, r24	; 0x8000bc <__TEXT_REGION_LENGTH__+0x7f80bc>
     29a:	80 91 bc 00 	lds	r24, 0x00BC	; 0x8000bc <__TEXT_REGION_LENGTH__+0x7f80bc>
     29e:	87 ff       	sbrs	r24, 7
     2a0:	fc cf       	rjmp	.-8      	; 0x29a <i2cSend+0xa>
     2a2:	08 95       	ret

000002a4 <main>:
        // printf("Hello len: %d\n", len);
        i2cStop();
    }
}

int main() {
     2a4:	cf 93       	push	r28
     2a6:	df 93       	push	r29
     2a8:	cd b7       	in	r28, 0x3d	; 61
     2aa:	de b7       	in	r29, 0x3e	; 62
     2ac:	c3 57       	subi	r28, 0x73	; 115
     2ae:	d4 40       	sbci	r29, 0x04	; 4
     2b0:	0f b6       	in	r0, 0x3f	; 63
     2b2:	f8 94       	cli
     2b4:	de bf       	out	0x3e, r29	; 62
     2b6:	0f be       	out	0x3f, r0	; 63
     2b8:	cd bf       	out	0x3d, r28	; 61

FILE uart_file;

void uart_init()
{
  UBRR0 = UBRR_VALUE;
     2ba:	87 e6       	ldi	r24, 0x67	; 103
     2bc:	90 e0       	ldi	r25, 0x00	; 0
     2be:	90 93 c5 00 	sts	0x00C5, r25	; 0x8000c5 <__TEXT_REGION_LENGTH__+0x7f80c5>
     2c2:	80 93 c4 00 	sts	0x00C4, r24	; 0x8000c4 <__TEXT_REGION_LENGTH__+0x7f80c4>
  UCSR0A = 0;
     2c6:	10 92 c0 00 	sts	0x00C0, r1	; 0x8000c0 <__TEXT_REGION_LENGTH__+0x7f80c0>
  UCSR0B = _BV(RXEN0) | _BV(TXEN0);
     2ca:	88 e1       	ldi	r24, 0x18	; 24
     2cc:	80 93 c1 00 	sts	0x00C1, r24	; 0x8000c1 <__TEXT_REGION_LENGTH__+0x7f80c1>
  UCSR0C = _BV(UCSZ00) | _BV(UCSZ01);
     2d0:	86 e0       	ldi	r24, 0x06	; 6
     2d2:	80 93 c2 00 	sts	0x00C2, r24	; 0x8000c2 <__TEXT_REGION_LENGTH__+0x7f80c2>
    }
}

int main() {
    uart_init();
    fdev_setup_stream(&uart_file, uart_transmit, uart_receive, _FDEV_SETUP_RW);
     2d6:	8c e5       	ldi	r24, 0x5C	; 92
     2d8:	91 e0       	ldi	r25, 0x01	; 1
     2da:	29 e5       	ldi	r18, 0x59	; 89
     2dc:	30 e0       	ldi	r19, 0x00	; 0
     2de:	30 93 65 01 	sts	0x0165, r19	; 0x800165 <uart_file+0x9>
     2e2:	20 93 64 01 	sts	0x0164, r18	; 0x800164 <uart_file+0x8>
     2e6:	22 e6       	ldi	r18, 0x62	; 98
     2e8:	30 e0       	ldi	r19, 0x00	; 0
     2ea:	30 93 67 01 	sts	0x0167, r19	; 0x800167 <uart_file+0xb>
     2ee:	20 93 66 01 	sts	0x0166, r18	; 0x800166 <uart_file+0xa>
     2f2:	23 e0       	ldi	r18, 0x03	; 3
     2f4:	20 93 5f 01 	sts	0x015F, r18	; 0x80015f <uart_file+0x3>
     2f8:	10 92 69 01 	sts	0x0169, r1	; 0x800169 <uart_file+0xd>
     2fc:	10 92 68 01 	sts	0x0168, r1	; 0x800168 <uart_file+0xc>
    stdin = stdout = stderr = &uart_file;
     300:	90 93 6f 01 	sts	0x016F, r25	; 0x80016f <__iob+0x5>
     304:	80 93 6e 01 	sts	0x016E, r24	; 0x80016e <__iob+0x4>
     308:	90 93 6d 01 	sts	0x016D, r25	; 0x80016d <__iob+0x3>
     30c:	80 93 6c 01 	sts	0x016C, r24	; 0x80016c <__iob+0x2>
     310:	90 93 6b 01 	sts	0x016B, r25	; 0x80016b <__iob+0x1>
     314:	80 93 6a 01 	sts	0x016A, r24	; 0x80016a <__iob>

    i2cInit();
     318:	0e 94 16 01 	call	0x22c	; 0x22c <i2cInit>
     31c:	ae 01       	movw	r20, r28
     31e:	4f 5f       	subi	r20, 0xFF	; 255
     320:	5d 4f       	sbci	r21, 0xFD	; 253
     322:	4a 01       	movw	r8, r20
     324:	ce 01       	movw	r24, r28
     326:	8b 59       	subi	r24, 0x9B	; 155
     328:	9b 4f       	sbci	r25, 0xFB	; 251
     32a:	1c 01       	movw	r2, r24
     32c:	fe 01       	movw	r30, r28
     32e:	ea 59       	subi	r30, 0x9A	; 154
     330:	fb 4f       	sbci	r31, 0xFB	; 251
     332:	c6 59       	subi	r28, 0x96	; 150
     334:	db 4f       	sbci	r29, 0xFB	; 251
     336:	f9 83       	std	Y+1, r31	; 0x01
     338:	e8 83       	st	Y, r30
     33a:	ca 56       	subi	r28, 0x6A	; 106
     33c:	d4 40       	sbci	r29, 0x04	; 4
     33e:	4a 59       	subi	r20, 0x9A	; 154
     340:	5d 4f       	sbci	r21, 0xFD	; 253
     342:	c4 59       	subi	r28, 0x94	; 148
     344:	db 4f       	sbci	r29, 0xFB	; 251
     346:	59 83       	std	Y+1, r21	; 0x01
     348:	48 83       	st	Y, r20
     34a:	cc 56       	subi	r28, 0x6C	; 108
     34c:	d4 40       	sbci	r29, 0x04	; 4
     34e:	03 96       	adiw	r24, 0x03	; 3
     350:	c2 59       	subi	r28, 0x92	; 146
     352:	db 4f       	sbci	r29, 0xFB	; 251
     354:	99 83       	std	Y+1, r25	; 0x01
     356:	88 83       	st	Y, r24
     358:	ce 56       	subi	r28, 0x6E	; 110
     35a:	d4 40       	sbci	r29, 0x04	; 4
     35c:	33 96       	adiw	r30, 0x03	; 3
     35e:	c0 59       	subi	r28, 0x90	; 144
     360:	db 4f       	sbci	r29, 0xFB	; 251
     362:	f9 83       	std	Y+1, r31	; 0x01
     364:	e8 83       	st	Y, r30
     366:	c0 57       	subi	r28, 0x70	; 112
     368:	d4 40       	sbci	r29, 0x04	; 4
     36a:	60 e1       	ldi	r22, 0x10	; 16
     36c:	56 2e       	mov	r5, r22
    char line[100];
    uint8_t buf[512], tmp[512];

    while (1) {
        
        printf("$ ");
     36e:	41 e0       	ldi	r20, 0x01	; 1
     370:	51 e0       	ldi	r21, 0x01	; 1
     372:	5f 93       	push	r21
     374:	4f 93       	push	r20
     376:	0e 94 ba 04 	call	0x974	; 0x974 <printf>
        if (!fgets(line, sizeof(line), stdin))
     37a:	40 91 6a 01 	lds	r20, 0x016A	; 0x80016a <__iob>
     37e:	50 91 6b 01 	lds	r21, 0x016B	; 0x80016b <__iob+0x1>
     382:	64 e6       	ldi	r22, 0x64	; 100
     384:	70 e0       	ldi	r23, 0x00	; 0
     386:	ce 01       	movw	r24, r28
     388:	8f 5f       	subi	r24, 0xFF	; 255
     38a:	9b 4f       	sbci	r25, 0xFB	; 251
     38c:	0e 94 8e 04 	call	0x91c	; 0x91c <fgets>
     390:	0f 90       	pop	r0
     392:	0f 90       	pop	r0
     394:	89 2b       	or	r24, r25
     396:	59 f3       	breq	.-42     	; 0x36e <main+0xca>
            continue;
        

        char* cmd = strtok(line, " \t\r\n");
     398:	64 e0       	ldi	r22, 0x04	; 4
     39a:	71 e0       	ldi	r23, 0x01	; 1
     39c:	ce 01       	movw	r24, r28
     39e:	8f 5f       	subi	r24, 0xFF	; 255
     3a0:	9b 4f       	sbci	r25, 0xFB	; 251
     3a2:	0e 94 3c 04 	call	0x878	; 0x878 <strtok>
     3a6:	7c 01       	movw	r14, r24

        if (strcmp(cmd, "read") == 0) {
     3a8:	69 e0       	ldi	r22, 0x09	; 9
     3aa:	71 e0       	ldi	r23, 0x01	; 1
     3ac:	0e 94 41 04 	call	0x882	; 0x882 <strcmp>
     3b0:	8c 01       	movw	r16, r24
     3b2:	89 2b       	or	r24, r25
     3b4:	09 f4       	brne	.+2      	; 0x3b8 <main+0x114>
     3b6:	4d c0       	rjmp	.+154    	; 0x452 <__EEPROM_REGION_LENGTH__+0x52>
            }
            else {
                printf("%02X\r\n", buf[0]);
            }
        }
        else if (strcmp(cmd, "write") == 0) {
     3b8:	67 e2       	ldi	r22, 0x27	; 39
     3ba:	71 e0       	ldi	r23, 0x01	; 1
     3bc:	c7 01       	movw	r24, r14
     3be:	0e 94 41 04 	call	0x882	; 0x882 <strcmp>
     3c2:	89 2b       	or	r24, r25
     3c4:	09 f0       	breq	.+2      	; 0x3c8 <main+0x124>
     3c6:	40 c0       	rjmp	.+128    	; 0x448 <__EEPROM_REGION_LENGTH__+0x48>
            char* addr_s = strtok(NULL, " \t\r\n");
     3c8:	64 e0       	ldi	r22, 0x04	; 4
     3ca:	71 e0       	ldi	r23, 0x01	; 1
     3cc:	80 e0       	ldi	r24, 0x00	; 0
     3ce:	90 e0       	ldi	r25, 0x00	; 0
     3d0:	0e 94 3c 04 	call	0x878	; 0x878 <strtok>
     3d4:	7c 01       	movw	r14, r24
            char* value_s = strtok(NULL, " \t\r\n");
     3d6:	64 e0       	ldi	r22, 0x04	; 4
     3d8:	71 e0       	ldi	r23, 0x01	; 1
     3da:	80 e0       	ldi	r24, 0x00	; 0
     3dc:	90 e0       	ldi	r25, 0x00	; 0
     3de:	0e 94 3c 04 	call	0x878	; 0x878 <strtok>
     3e2:	8c 01       	movw	r16, r24
        
            if (!addr_s && !value_s) {
     3e4:	e1 14       	cp	r14, r1
     3e6:	f1 04       	cpc	r15, r1
     3e8:	09 f4       	brne	.+2      	; 0x3ec <main+0x148>
     3ea:	da c0       	rjmp	.+436    	; 0x5a0 <__EEPROM_REGION_LENGTH__+0x1a0>
                    write_seq(addr, tmp, length);
                }
            }
            else {
                // printf("here\r\n");
                uint16_t addr = atol(addr_s);
     3ec:	c7 01       	movw	r24, r14
     3ee:	0e 94 15 04 	call	0x82a	; 0x82a <atol>
     3f2:	6b 01       	movw	r12, r22
     3f4:	7c 01       	movw	r14, r24
                uint8_t value = atoi(value_s); 
     3f6:	c8 01       	movw	r24, r16
     3f8:	0e 94 f7 03 	call	0x7ee	; 0x7ee <atoi>
     3fc:	f1 01       	movw	r30, r2
     3fe:	80 83       	st	Z, r24
     400:	8c 2d       	mov	r24, r12
     402:	8f 70       	andi	r24, 0x0F	; 15
     404:	f5 2d       	mov	r31, r5
     406:	f8 1b       	sub	r31, r24
     408:	11 e0       	ldi	r17, 0x01	; 1
     40a:	f1 17       	cp	r31, r17
     40c:	08 f4       	brcc	.+2      	; 0x410 <__EEPROM_REGION_LENGTH__+0x10>
     40e:	1f 2f       	mov	r17, r31
        uint8_t left = 0x10 - (addr & 0xf);
        // printf("left: %d len: %d\n", left, len);
        if (len < left)
            left = len;

        i2cStart();
     410:	0e 94 24 01 	call	0x248	; 0x248 <i2cStart>
        i2cSend(eeprom_addr | ((addr & 0x100) >> 7));
     414:	c6 01       	movw	r24, r12
     416:	88 27       	eor	r24, r24
     418:	91 70       	andi	r25, 0x01	; 1
     41a:	88 0f       	add	r24, r24
     41c:	89 2f       	mov	r24, r25
     41e:	88 1f       	adc	r24, r24
     420:	99 0b       	sbc	r25, r25
     422:	91 95       	neg	r25
     424:	80 6a       	ori	r24, 0xA0	; 160
     426:	0e 94 48 01 	call	0x290	; 0x290 <i2cSend>
        i2cSend(addr & 0xff);
     42a:	8c 2d       	mov	r24, r12
     42c:	0e 94 48 01 	call	0x290	; 0x290 <i2cSend>

        len -= left;
        while (left--) {
     430:	11 50       	subi	r17, 0x01	; 1
     432:	71 01       	movw	r14, r2
            // printf("Here, left: %d\n", left);
            i2cSend(*(buf++));
     434:	f7 01       	movw	r30, r14
     436:	81 91       	ld	r24, Z+
     438:	7f 01       	movw	r14, r30
     43a:	0e 94 48 01 	call	0x290	; 0x290 <i2cSend>
        i2cStart();
        i2cSend(eeprom_addr | ((addr & 0x100) >> 7));
        i2cSend(addr & 0xff);

        len -= left;
        while (left--) {
     43e:	11 50       	subi	r17, 0x01	; 1
     440:	c8 f7       	brcc	.-14     	; 0x434 <__EEPROM_REGION_LENGTH__+0x34>
            // printf("Here, left: %d\n", left);
            i2cSend(*(buf++));
        }
        // printf("Hello len: %d\n", len);
        i2cStop();
     442:	0e 94 2c 01 	call	0x258	; 0x258 <i2cStop>
     446:	93 cf       	rjmp	.-218    	; 0x36e <main+0xca>
                uint8_t value = atoi(value_s); 
                write_seq(addr, &value, 1);
            }
        }
        else {
            printf("Unknown command\r\n");
     448:	89 e4       	ldi	r24, 0x49	; 73
     44a:	91 e0       	ldi	r25, 0x01	; 1
     44c:	0e 94 d0 04 	call	0x9a0	; 0x9a0 <puts>
     450:	8e cf       	rjmp	.-228    	; 0x36e <main+0xca>
        

        char* cmd = strtok(line, " \t\r\n");

        if (strcmp(cmd, "read") == 0) {
            char* addr_s = strtok(NULL, " \t\r\n");
     452:	64 e0       	ldi	r22, 0x04	; 4
     454:	71 e0       	ldi	r23, 0x01	; 1
     456:	80 e0       	ldi	r24, 0x00	; 0
     458:	90 e0       	ldi	r25, 0x00	; 0
     45a:	0e 94 3c 04 	call	0x878	; 0x878 <strtok>
     45e:	7c 01       	movw	r14, r24
            char* length_s = strtok(NULL, " \t\r\n");
     460:	64 e0       	ldi	r22, 0x04	; 4
     462:	71 e0       	ldi	r23, 0x01	; 1
     464:	80 e0       	ldi	r24, 0x00	; 0
     466:	90 e0       	ldi	r25, 0x00	; 0
     468:	0e 94 3c 04 	call	0x878	; 0x878 <strtok>
     46c:	3c 01       	movw	r6, r24

            uint16_t addr = atol(addr_s);
     46e:	c7 01       	movw	r24, r14
     470:	0e 94 15 04 	call	0x82a	; 0x82a <atol>
     474:	46 2e       	mov	r4, r22
     476:	ce 58       	subi	r28, 0x8E	; 142
     478:	db 4f       	sbci	r29, 0xFB	; 251
     47a:	68 83       	st	Y, r22
     47c:	c2 57       	subi	r28, 0x72	; 114
     47e:	d4 40       	sbci	r29, 0x04	; 4
     480:	cd 58       	subi	r28, 0x8D	; 141
     482:	db 4f       	sbci	r29, 0xFB	; 251
     484:	78 83       	st	Y, r23
     486:	c3 57       	subi	r28, 0x73	; 115
     488:	d4 40       	sbci	r29, 0x04	; 4
            int length = (length_s ? atoi(length_s) : 1);
     48a:	61 14       	cp	r6, r1
     48c:	71 04       	cpc	r7, r1
     48e:	09 f4       	brne	.+2      	; 0x492 <__EEPROM_REGION_LENGTH__+0x92>
     490:	82 c1       	rjmp	.+772    	; 0x796 <__EEPROM_REGION_LENGTH__+0x396>
     492:	c3 01       	movw	r24, r6
     494:	0e 94 f7 03 	call	0x7ee	; 0x7ee <atoi>
     498:	6c 01       	movw	r12, r24
}

const uint8_t eeprom_addr = 0xa0;

void read_seq(uint16_t addr, uint8_t *buf, uint16_t len) {
    i2cStart();
     49a:	0e 94 24 01 	call	0x248	; 0x248 <i2cStart>
    i2cSend(eeprom_addr | ((addr & 0x100) >> 7));
     49e:	ce 58       	subi	r28, 0x8E	; 142
     4a0:	db 4f       	sbci	r29, 0xFB	; 251
     4a2:	e8 80       	ld	r14, Y
     4a4:	f9 80       	ldd	r15, Y+1	; 0x01
     4a6:	c2 57       	subi	r28, 0x72	; 114
     4a8:	d4 40       	sbci	r29, 0x04	; 4
     4aa:	ee 24       	eor	r14, r14
     4ac:	91 e0       	ldi	r25, 0x01	; 1
     4ae:	f9 22       	and	r15, r25
     4b0:	ee 0c       	add	r14, r14
     4b2:	ef 2c       	mov	r14, r15
     4b4:	ee 1c       	adc	r14, r14
     4b6:	ff 08       	sbc	r15, r15
     4b8:	f1 94       	neg	r15
     4ba:	8e 2d       	mov	r24, r14
     4bc:	80 6a       	ori	r24, 0xA0	; 160
     4be:	0e 94 48 01 	call	0x290	; 0x290 <i2cSend>
    i2cSend(addr & 0xff);
     4c2:	84 2d       	mov	r24, r4
     4c4:	0e 94 48 01 	call	0x290	; 0x290 <i2cSend>

    i2cStart();
     4c8:	0e 94 24 01 	call	0x248	; 0x248 <i2cStart>
    i2cSend(eeprom_addr | 0x1 | ((addr & 0x100) >> 7));
     4cc:	8e 2d       	mov	r24, r14
     4ce:	81 6a       	ori	r24, 0xA1	; 161
     4d0:	0e 94 48 01 	call	0x290	; 0x290 <i2cSend>

    while (len--) {
     4d4:	76 01       	movw	r14, r12
     4d6:	e1 e0       	ldi	r30, 0x01	; 1
     4d8:	ee 1a       	sub	r14, r30
     4da:	f1 08       	sbc	r15, r1
     4dc:	c1 14       	cp	r12, r1
     4de:	d1 04       	cpc	r13, r1
     4e0:	a9 f0       	breq	.+42     	; 0x50c <__EEPROM_REGION_LENGTH__+0x10c>
     4e2:	54 01       	movw	r10, r8
     4e4:	e8 0c       	add	r14, r8
     4e6:	f9 1c       	adc	r15, r9
        *(buf++) = (len ? i2cReadAck() : i2cReadNoAck());
     4e8:	ea 14       	cp	r14, r10
     4ea:	fb 04       	cpc	r15, r11
     4ec:	41 f0       	breq	.+16     	; 0x4fe <__EEPROM_REGION_LENGTH__+0xfe>
     4ee:	0e 94 34 01 	call	0x268	; 0x268 <i2cReadAck>
     4f2:	f5 01       	movw	r30, r10
     4f4:	81 93       	st	Z+, r24
     4f6:	5f 01       	movw	r10, r30
     4f8:	ea 14       	cp	r14, r10
     4fa:	fb 04       	cpc	r15, r11
     4fc:	c1 f7       	brne	.-16     	; 0x4ee <__EEPROM_REGION_LENGTH__+0xee>
     4fe:	0e 94 3e 01 	call	0x27c	; 0x27c <i2cReadNoAck>
     502:	f7 01       	movw	r30, r14
     504:	80 83       	st	Z, r24

            uint16_t addr = atol(addr_s);
            int length = (length_s ? atoi(length_s) : 1);
            read_seq(addr, buf, length);

            if (length_s) {
     506:	67 28       	or	r6, r7
     508:	09 f4       	brne	.+2      	; 0x50c <__EEPROM_REGION_LENGTH__+0x10c>
     50a:	40 c1       	rjmp	.+640    	; 0x78c <__EEPROM_REGION_LENGTH__+0x38c>
                uint8_t csum = 0;

                uint8_t ah = addr >> 8;
                uint8_t al = addr & 0xff;

                printf(":%02X%02X%02X%02X", length, ah, al, 0x00);
     50c:	1f 92       	push	r1
     50e:	1f 92       	push	r1
     510:	1f 92       	push	r1
     512:	4f 92       	push	r4
     514:	1f 92       	push	r1
     516:	cd 58       	subi	r28, 0x8D	; 141
     518:	db 4f       	sbci	r29, 0xFB	; 251
     51a:	f8 81       	ld	r31, Y
     51c:	c3 57       	subi	r28, 0x73	; 115
     51e:	d4 40       	sbci	r29, 0x04	; 4
     520:	ff 93       	push	r31
     522:	df 92       	push	r13
     524:	cf 92       	push	r12
     526:	8e e0       	ldi	r24, 0x0E	; 14
     528:	91 e0       	ldi	r25, 0x01	; 1
     52a:	9f 93       	push	r25
     52c:	8f 93       	push	r24
     52e:	0e 94 ba 04 	call	0x974	; 0x974 <printf>

                csum += length;
                csum += ah;
                csum += al;
     532:	cd 58       	subi	r28, 0x8D	; 141
     534:	db 4f       	sbci	r29, 0xFB	; 251
     536:	e8 80       	ld	r14, Y
     538:	c3 57       	subi	r28, 0x73	; 115
     53a:	d4 40       	sbci	r29, 0x04	; 4
     53c:	e4 0c       	add	r14, r4
     53e:	ec 0c       	add	r14, r12
                csum += 0x00; // type
                for (uint8_t i = 0; i < length; i++) {
     540:	0f b6       	in	r0, 0x3f	; 63
     542:	f8 94       	cli
     544:	de bf       	out	0x3e, r29	; 62
     546:	0f be       	out	0x3f, r0	; 63
     548:	cd bf       	out	0x3d, r28	; 61
     54a:	1c 14       	cp	r1, r12
     54c:	1d 04       	cpc	r1, r13
     54e:	d4 f4       	brge	.+52     	; 0x584 <__EEPROM_REGION_LENGTH__+0x184>
     550:	f1 2c       	mov	r15, r1
                    printf("%02X", buf[i]);
     552:	08 0d       	add	r16, r8
     554:	19 1d       	adc	r17, r9
     556:	f8 01       	movw	r30, r16
     558:	80 81       	ld	r24, Z
     55a:	1f 92       	push	r1
     55c:	8f 93       	push	r24
     55e:	4b e1       	ldi	r20, 0x1B	; 27
     560:	51 e0       	ldi	r21, 0x01	; 1
     562:	5f 93       	push	r21
     564:	4f 93       	push	r20
     566:	0e 94 ba 04 	call	0x974	; 0x974 <printf>
                    csum += buf[i];
     56a:	f8 01       	movw	r30, r16
     56c:	80 81       	ld	r24, Z
     56e:	e8 0e       	add	r14, r24

                csum += length;
                csum += ah;
                csum += al;
                csum += 0x00; // type
                for (uint8_t i = 0; i < length; i++) {
     570:	f3 94       	inc	r15
     572:	0f 2d       	mov	r16, r15
     574:	10 e0       	ldi	r17, 0x00	; 0
     576:	0f 90       	pop	r0
     578:	0f 90       	pop	r0
     57a:	0f 90       	pop	r0
     57c:	0f 90       	pop	r0
     57e:	0c 15       	cp	r16, r12
     580:	1d 05       	cpc	r17, r13
     582:	3c f3       	brlt	.-50     	; 0x552 <__EEPROM_REGION_LENGTH__+0x152>
                    printf("%02X", buf[i]);
                    csum += buf[i];
                }
                csum = ~csum + 1;
                printf("%02X\r\n", csum);
     584:	e1 94       	neg	r14
     586:	1f 92       	push	r1
     588:	ef 92       	push	r14
            }
            else {
                printf("%02X\r\n", buf[0]);
     58a:	80 e2       	ldi	r24, 0x20	; 32
     58c:	91 e0       	ldi	r25, 0x01	; 1
     58e:	9f 93       	push	r25
     590:	8f 93       	push	r24
     592:	0e 94 ba 04 	call	0x974	; 0x974 <printf>
     596:	0f 90       	pop	r0
     598:	0f 90       	pop	r0
     59a:	0f 90       	pop	r0
     59c:	0f 90       	pop	r0
     59e:	e7 ce       	rjmp	.-562    	; 0x36e <main+0xca>
        }
        else if (strcmp(cmd, "write") == 0) {
            char* addr_s = strtok(NULL, " \t\r\n");
            char* value_s = strtok(NULL, " \t\r\n");
        
            if (!addr_s && !value_s) {
     5a0:	89 2b       	or	r24, r25
     5a2:	09 f0       	breq	.+2      	; 0x5a6 <__EEPROM_REGION_LENGTH__+0x1a6>
     5a4:	23 cf       	rjmp	.-442    	; 0x3ec <main+0x148>
     5a6:	ce 58       	subi	r28, 0x8E	; 142
     5a8:	db 4f       	sbci	r29, 0xFB	; 251
     5aa:	99 82       	std	Y+1, r9	; 0x01
     5ac:	88 82       	st	Y, r8
     5ae:	c2 57       	subi	r28, 0x72	; 114
     5b0:	d4 40       	sbci	r29, 0x04	; 4
                while (1) {
                    if (!fgets(buf, sizeof(buf), stdin))
     5b2:	40 91 6a 01 	lds	r20, 0x016A	; 0x80016a <__iob>
     5b6:	50 91 6b 01 	lds	r21, 0x016B	; 0x80016b <__iob+0x1>
     5ba:	60 e0       	ldi	r22, 0x00	; 0
     5bc:	72 e0       	ldi	r23, 0x02	; 2
     5be:	ce 58       	subi	r28, 0x8E	; 142
     5c0:	db 4f       	sbci	r29, 0xFB	; 251
     5c2:	88 81       	ld	r24, Y
     5c4:	99 81       	ldd	r25, Y+1	; 0x01
     5c6:	c2 57       	subi	r28, 0x72	; 114
     5c8:	d4 40       	sbci	r29, 0x04	; 4
     5ca:	0e 94 8e 04 	call	0x91c	; 0x91c <fgets>
     5ce:	89 2b       	or	r24, r25
     5d0:	09 f4       	brne	.+2      	; 0x5d4 <__EEPROM_REGION_LENGTH__+0x1d4>
     5d2:	06 c1       	rjmp	.+524    	; 0x7e0 <__EEPROM_REGION_LENGTH__+0x3e0>
                        break;

                    if (buf[0] != ':') break;
     5d4:	ce 58       	subi	r28, 0x8E	; 142
     5d6:	db 4f       	sbci	r29, 0xFB	; 251
     5d8:	e8 81       	ld	r30, Y
     5da:	f9 81       	ldd	r31, Y+1	; 0x01
     5dc:	c2 57       	subi	r28, 0x72	; 114
     5de:	d4 40       	sbci	r29, 0x04	; 4
     5e0:	80 81       	ld	r24, Z
     5e2:	8a 33       	cpi	r24, 0x3A	; 58
     5e4:	09 f0       	breq	.+2      	; 0x5e8 <__EEPROM_REGION_LENGTH__+0x1e8>
     5e6:	fa c0       	rjmp	.+500    	; 0x7dc <__EEPROM_REGION_LENGTH__+0x3dc>
                    
                    char* line = buf;

                    uint8_t length, ah, al, type, n;
                    sscanf(line, ":%02hhX%02hhX%02hhX%02hhX%n", &length, &ah, &al, &type, &n);
     5e8:	3f 92       	push	r3
     5ea:	2f 92       	push	r2
     5ec:	c5 59       	subi	r28, 0x95	; 149
     5ee:	db 4f       	sbci	r29, 0xFB	; 251
     5f0:	f8 81       	ld	r31, Y
     5f2:	cb 56       	subi	r28, 0x6B	; 107
     5f4:	d4 40       	sbci	r29, 0x04	; 4
     5f6:	ff 93       	push	r31
     5f8:	c6 59       	subi	r28, 0x96	; 150
     5fa:	db 4f       	sbci	r29, 0xFB	; 251
     5fc:	28 81       	ld	r18, Y
     5fe:	ca 56       	subi	r28, 0x6A	; 106
     600:	d4 40       	sbci	r29, 0x04	; 4
     602:	2f 93       	push	r18
     604:	c3 59       	subi	r28, 0x93	; 147
     606:	db 4f       	sbci	r29, 0xFB	; 251
     608:	48 81       	ld	r20, Y
     60a:	cd 56       	subi	r28, 0x6D	; 109
     60c:	d4 40       	sbci	r29, 0x04	; 4
     60e:	4f 93       	push	r20
     610:	c4 59       	subi	r28, 0x94	; 148
     612:	db 4f       	sbci	r29, 0xFB	; 251
     614:	58 81       	ld	r21, Y
     616:	cc 56       	subi	r28, 0x6C	; 108
     618:	d4 40       	sbci	r29, 0x04	; 4
     61a:	5f 93       	push	r21
     61c:	c1 59       	subi	r28, 0x91	; 145
     61e:	db 4f       	sbci	r29, 0xFB	; 251
     620:	88 81       	ld	r24, Y
     622:	cf 56       	subi	r28, 0x6F	; 111
     624:	d4 40       	sbci	r29, 0x04	; 4
     626:	8f 93       	push	r24
     628:	c2 59       	subi	r28, 0x92	; 146
     62a:	db 4f       	sbci	r29, 0xFB	; 251
     62c:	98 81       	ld	r25, Y
     62e:	ce 56       	subi	r28, 0x6E	; 110
     630:	d4 40       	sbci	r29, 0x04	; 4
     632:	9f 93       	push	r25
     634:	cf 58       	subi	r28, 0x8F	; 143
     636:	db 4f       	sbci	r29, 0xFB	; 251
     638:	e8 81       	ld	r30, Y
     63a:	c1 57       	subi	r28, 0x71	; 113
     63c:	d4 40       	sbci	r29, 0x04	; 4
     63e:	ef 93       	push	r30
     640:	c0 59       	subi	r28, 0x90	; 144
     642:	db 4f       	sbci	r29, 0xFB	; 251
     644:	f8 81       	ld	r31, Y
     646:	c0 57       	subi	r28, 0x70	; 112
     648:	d4 40       	sbci	r29, 0x04	; 4
     64a:	ff 93       	push	r31
     64c:	4d e2       	ldi	r20, 0x2D	; 45
     64e:	51 e0       	ldi	r21, 0x01	; 1
     650:	5f 93       	push	r21
     652:	4f 93       	push	r20
     654:	cd 58       	subi	r28, 0x8D	; 141
     656:	db 4f       	sbci	r29, 0xFB	; 251
     658:	98 81       	ld	r25, Y
     65a:	c3 57       	subi	r28, 0x73	; 115
     65c:	d4 40       	sbci	r29, 0x04	; 4
     65e:	9f 93       	push	r25
     660:	ce 58       	subi	r28, 0x8E	; 142
     662:	db 4f       	sbci	r29, 0xFB	; 251
     664:	e8 81       	ld	r30, Y
     666:	c2 57       	subi	r28, 0x72	; 114
     668:	d4 40       	sbci	r29, 0x04	; 4
     66a:	ef 93       	push	r30
     66c:	0e 94 00 05 	call	0xa00	; 0xa00 <sscanf>
                    line += n;
     670:	f1 01       	movw	r30, r2
     672:	80 81       	ld	r24, Z
     674:	ce 58       	subi	r28, 0x8E	; 142
     676:	db 4f       	sbci	r29, 0xFB	; 251
     678:	08 81       	ld	r16, Y
     67a:	19 81       	ldd	r17, Y+1	; 0x01
     67c:	c2 57       	subi	r28, 0x72	; 114
     67e:	d4 40       	sbci	r29, 0x04	; 4
     680:	08 0f       	add	r16, r24
     682:	11 1d       	adc	r17, r1

                    // printf("buf: %s \r\n", buf);
                    // printf("n: %d\n", n);
                    // printf("> %d %d %d %d\r\n", length, ah, al, type);
                    uint8_t *data = tmp;
                    for (uint8_t i = 0; i < length; i++) {
     684:	0f b6       	in	r0, 0x3f	; 63
     686:	f8 94       	cli
     688:	de bf       	out	0x3e, r29	; 62
     68a:	0f be       	out	0x3f, r0	; 63
     68c:	cd bf       	out	0x3d, r28	; 61
     68e:	c7 59       	subi	r28, 0x97	; 151
     690:	db 4f       	sbci	r29, 0xFB	; 251
     692:	88 81       	ld	r24, Y
     694:	c9 56       	subi	r28, 0x69	; 105
     696:	d4 40       	sbci	r29, 0x04	; 4
     698:	88 23       	and	r24, r24
     69a:	09 f4       	brne	.+2      	; 0x69e <__EEPROM_REGION_LENGTH__+0x29e>
     69c:	8a cf       	rjmp	.-236    	; 0x5b2 <__EEPROM_REGION_LENGTH__+0x1b2>
     69e:	f1 2c       	mov	r15, r1
     6a0:	ce 01       	movw	r24, r28
     6a2:	01 96       	adiw	r24, 0x01	; 1
                        sscanf(line, "%02hhX%n", data++, &n);
     6a4:	6c 01       	movw	r12, r24
     6a6:	5f ef       	ldi	r21, 0xFF	; 255
     6a8:	c5 1a       	sub	r12, r21
     6aa:	d5 0a       	sbc	r13, r21
     6ac:	3f 92       	push	r3
     6ae:	2f 92       	push	r2
     6b0:	9f 93       	push	r25
     6b2:	8f 93       	push	r24
     6b4:	80 e4       	ldi	r24, 0x40	; 64
     6b6:	91 e0       	ldi	r25, 0x01	; 1
     6b8:	9f 93       	push	r25
     6ba:	8f 93       	push	r24
     6bc:	1f 93       	push	r17
     6be:	0f 93       	push	r16
     6c0:	0e 94 00 05 	call	0xa00	; 0xa00 <sscanf>
                        line += n;
     6c4:	f1 01       	movw	r30, r2
     6c6:	80 81       	ld	r24, Z
     6c8:	08 0f       	add	r16, r24
     6ca:	11 1d       	adc	r17, r1

                    // printf("buf: %s \r\n", buf);
                    // printf("n: %d\n", n);
                    // printf("> %d %d %d %d\r\n", length, ah, al, type);
                    uint8_t *data = tmp;
                    for (uint8_t i = 0; i < length; i++) {
     6cc:	f3 94       	inc	r15
     6ce:	c7 59       	subi	r28, 0x97	; 151
     6d0:	db 4f       	sbci	r29, 0xFB	; 251
     6d2:	28 81       	ld	r18, Y
     6d4:	c9 56       	subi	r28, 0x69	; 105
     6d6:	d4 40       	sbci	r29, 0x04	; 4
                        sscanf(line, "%02hhX%n", data++, &n);
     6d8:	c6 01       	movw	r24, r12

                    // printf("buf: %s \r\n", buf);
                    // printf("n: %d\n", n);
                    // printf("> %d %d %d %d\r\n", length, ah, al, type);
                    uint8_t *data = tmp;
                    for (uint8_t i = 0; i < length; i++) {
     6da:	0f b6       	in	r0, 0x3f	; 63
     6dc:	f8 94       	cli
     6de:	de bf       	out	0x3e, r29	; 62
     6e0:	0f be       	out	0x3f, r0	; 63
     6e2:	cd bf       	out	0x3d, r28	; 61
     6e4:	f2 16       	cp	r15, r18
     6e6:	f0 f2       	brcs	.-68     	; 0x6a4 <__EEPROM_REGION_LENGTH__+0x2a4>
                        sscanf(line, "%02hhX%n", data++, &n);
                        line += n;
                    }

                    uint16_t addr = (((uint16_t) ah) << 8) | al;
     6e8:	c8 59       	subi	r28, 0x98	; 152
     6ea:	db 4f       	sbci	r29, 0xFB	; 251
     6ec:	88 81       	ld	r24, Y
     6ee:	c8 56       	subi	r28, 0x68	; 104
     6f0:	d4 40       	sbci	r29, 0x04	; 4
     6f2:	90 e0       	ldi	r25, 0x00	; 0
     6f4:	98 2f       	mov	r25, r24
     6f6:	88 27       	eor	r24, r24
     6f8:	c9 59       	subi	r28, 0x99	; 153
     6fa:	db 4f       	sbci	r29, 0xFB	; 251
     6fc:	38 81       	ld	r19, Y
     6fe:	c7 56       	subi	r28, 0x67	; 103
     700:	d4 40       	sbci	r29, 0x04	; 4
     702:	83 2b       	or	r24, r19
                    // printf("Here\n");
                    write_seq(addr, tmp, length);
     704:	e2 2e       	mov	r14, r18
     706:	f1 2c       	mov	r15, r1
        *(buf++) = (len ? i2cReadAck() : i2cReadNoAck());
    }
}

void write_seq(uint16_t addr, uint8_t *buf, uint16_t len) {
    while (len) {
     708:	22 23       	and	r18, r18
     70a:	09 f4       	brne	.+2      	; 0x70e <__EEPROM_REGION_LENGTH__+0x30e>
     70c:	52 cf       	rjmp	.-348    	; 0x5b2 <__EEPROM_REGION_LENGTH__+0x1b2>
     70e:	68 2e       	mov	r6, r24
     710:	28 2f       	mov	r18, r24
     712:	2f 70       	andi	r18, 0x0F	; 15
     714:	45 2c       	mov	r4, r5
     716:	42 1a       	sub	r4, r18
     718:	a4 2c       	mov	r10, r4
     71a:	b1 2c       	mov	r11, r1
     71c:	88 27       	eor	r24, r24
     71e:	91 70       	andi	r25, 0x01	; 1
     720:	88 0f       	add	r24, r24
     722:	89 2f       	mov	r24, r25
     724:	88 1f       	adc	r24, r24
     726:	99 0b       	sbc	r25, r25
     728:	91 95       	neg	r25
     72a:	58 2f       	mov	r21, r24
     72c:	50 6a       	ori	r21, 0xA0	; 160
     72e:	75 2e       	mov	r7, r21
     730:	ce 01       	movw	r24, r28
     732:	01 96       	adiw	r24, 0x01	; 1
     734:	6c 01       	movw	r12, r24
        uint8_t left = 0x10 - (addr & 0xf);
        // printf("left: %d len: %d\n", left, len);
        if (len < left)
     736:	ea 14       	cp	r14, r10
     738:	fb 04       	cpc	r15, r11
     73a:	28 f5       	brcc	.+74     	; 0x786 <__EEPROM_REGION_LENGTH__+0x386>
            left = len;
     73c:	9e 2c       	mov	r9, r14
     73e:	87 01       	movw	r16, r14

        i2cStart();
     740:	0e 94 24 01 	call	0x248	; 0x248 <i2cStart>
        i2cSend(eeprom_addr | ((addr & 0x100) >> 7));
     744:	87 2d       	mov	r24, r7
     746:	0e 94 48 01 	call	0x290	; 0x290 <i2cSend>
        i2cSend(addr & 0xff);
     74a:	86 2d       	mov	r24, r6
     74c:	0e 94 48 01 	call	0x290	; 0x290 <i2cSend>

        len -= left;
     750:	e0 1a       	sub	r14, r16
     752:	f1 0a       	sbc	r15, r17
        while (left--) {
     754:	0f ef       	ldi	r16, 0xFF	; 255
     756:	09 0d       	add	r16, r9
     758:	46 01       	movw	r8, r12
     75a:	10 2f       	mov	r17, r16
            // printf("Here, left: %d\n", left);
            i2cSend(*(buf++));
     75c:	f4 01       	movw	r30, r8
     75e:	81 91       	ld	r24, Z+
     760:	4f 01       	movw	r8, r30
     762:	0e 94 48 01 	call	0x290	; 0x290 <i2cSend>
        i2cStart();
        i2cSend(eeprom_addr | ((addr & 0x100) >> 7));
        i2cSend(addr & 0xff);

        len -= left;
        while (left--) {
     766:	11 50       	subi	r17, 0x01	; 1
     768:	c8 f7       	brcc	.-14     	; 0x75c <__EEPROM_REGION_LENGTH__+0x35c>
     76a:	80 2f       	mov	r24, r16
     76c:	90 e0       	ldi	r25, 0x00	; 0
     76e:	01 96       	adiw	r24, 0x01	; 1
     770:	c8 0e       	add	r12, r24
     772:	d9 1e       	adc	r13, r25
            // printf("Here, left: %d\n", left);
            i2cSend(*(buf++));
        }
        // printf("Hello len: %d\n", len);
        i2cStop();
     774:	0e 94 2c 01 	call	0x258	; 0x258 <i2cStop>
        *(buf++) = (len ? i2cReadAck() : i2cReadNoAck());
    }
}

void write_seq(uint16_t addr, uint8_t *buf, uint16_t len) {
    while (len) {
     778:	e1 14       	cp	r14, r1
     77a:	f1 04       	cpc	r15, r1
     77c:	09 f4       	brne	.+2      	; 0x780 <__EEPROM_REGION_LENGTH__+0x380>
     77e:	19 cf       	rjmp	.-462    	; 0x5b2 <__EEPROM_REGION_LENGTH__+0x1b2>
        uint8_t left = 0x10 - (addr & 0xf);
        // printf("left: %d len: %d\n", left, len);
        if (len < left)
     780:	ea 14       	cp	r14, r10
     782:	fb 04       	cpc	r15, r11
     784:	d8 f2       	brcs	.-74     	; 0x73c <__EEPROM_REGION_LENGTH__+0x33c>
     786:	85 01       	movw	r16, r10
    }
}

void write_seq(uint16_t addr, uint8_t *buf, uint16_t len) {
    while (len) {
        uint8_t left = 0x10 - (addr & 0xf);
     788:	94 2c       	mov	r9, r4
     78a:	da cf       	rjmp	.-76     	; 0x740 <__EEPROM_REGION_LENGTH__+0x340>
                }
                csum = ~csum + 1;
                printf("%02X\r\n", csum);
            }
            else {
                printf("%02X\r\n", buf[0]);
     78c:	f4 01       	movw	r30, r8
     78e:	80 81       	ld	r24, Z
     790:	1f 92       	push	r1
     792:	8f 93       	push	r24
     794:	fa ce       	rjmp	.-524    	; 0x58a <__EEPROM_REGION_LENGTH__+0x18a>
}

const uint8_t eeprom_addr = 0xa0;

void read_seq(uint16_t addr, uint8_t *buf, uint16_t len) {
    i2cStart();
     796:	0e 94 24 01 	call	0x248	; 0x248 <i2cStart>
    i2cSend(eeprom_addr | ((addr & 0x100) >> 7));
     79a:	ce 58       	subi	r28, 0x8E	; 142
     79c:	db 4f       	sbci	r29, 0xFB	; 251
     79e:	e8 80       	ld	r14, Y
     7a0:	f9 80       	ldd	r15, Y+1	; 0x01
     7a2:	c2 57       	subi	r28, 0x72	; 114
     7a4:	d4 40       	sbci	r29, 0x04	; 4
     7a6:	ee 24       	eor	r14, r14
     7a8:	f1 e0       	ldi	r31, 0x01	; 1
     7aa:	ff 22       	and	r15, r31
     7ac:	ee 0c       	add	r14, r14
     7ae:	ef 2c       	mov	r14, r15
     7b0:	ee 1c       	adc	r14, r14
     7b2:	ff 08       	sbc	r15, r15
     7b4:	f1 94       	neg	r15
     7b6:	8e 2d       	mov	r24, r14
     7b8:	80 6a       	ori	r24, 0xA0	; 160
     7ba:	0e 94 48 01 	call	0x290	; 0x290 <i2cSend>
    i2cSend(addr & 0xff);
     7be:	84 2d       	mov	r24, r4
     7c0:	0e 94 48 01 	call	0x290	; 0x290 <i2cSend>

    i2cStart();
     7c4:	0e 94 24 01 	call	0x248	; 0x248 <i2cStart>
    i2cSend(eeprom_addr | 0x1 | ((addr & 0x100) >> 7));
     7c8:	8e 2d       	mov	r24, r14
     7ca:	81 6a       	ori	r24, 0xA1	; 161
     7cc:	0e 94 48 01 	call	0x290	; 0x290 <i2cSend>

    while (len--) {
     7d0:	e1 2c       	mov	r14, r1
     7d2:	f1 2c       	mov	r15, r1
        if (strcmp(cmd, "read") == 0) {
            char* addr_s = strtok(NULL, " \t\r\n");
            char* length_s = strtok(NULL, " \t\r\n");

            uint16_t addr = atol(addr_s);
            int length = (length_s ? atoi(length_s) : 1);
     7d4:	cc 24       	eor	r12, r12
     7d6:	c3 94       	inc	r12
     7d8:	d1 2c       	mov	r13, r1
     7da:	83 ce       	rjmp	.-762    	; 0x4e2 <__EEPROM_REGION_LENGTH__+0xe2>
     7dc:	4f 01       	movw	r8, r30
     7de:	c7 cd       	rjmp	.-1138   	; 0x36e <main+0xca>
     7e0:	ce 58       	subi	r28, 0x8E	; 142
     7e2:	db 4f       	sbci	r29, 0xFB	; 251
     7e4:	88 80       	ld	r8, Y
     7e6:	99 80       	ldd	r9, Y+1	; 0x01
     7e8:	c2 57       	subi	r28, 0x72	; 114
     7ea:	d4 40       	sbci	r29, 0x04	; 4
     7ec:	c0 cd       	rjmp	.-1152   	; 0x36e <main+0xca>

000007ee <atoi>:
     7ee:	fc 01       	movw	r30, r24
     7f0:	88 27       	eor	r24, r24
     7f2:	99 27       	eor	r25, r25
     7f4:	e8 94       	clt
     7f6:	21 91       	ld	r18, Z+
     7f8:	20 32       	cpi	r18, 0x20	; 32
     7fa:	e9 f3       	breq	.-6      	; 0x7f6 <atoi+0x8>
     7fc:	29 30       	cpi	r18, 0x09	; 9
     7fe:	10 f0       	brcs	.+4      	; 0x804 <__DATA_REGION_LENGTH__+0x4>
     800:	2e 30       	cpi	r18, 0x0E	; 14
     802:	c8 f3       	brcs	.-14     	; 0x7f6 <atoi+0x8>
     804:	2b 32       	cpi	r18, 0x2B	; 43
     806:	41 f0       	breq	.+16     	; 0x818 <__DATA_REGION_LENGTH__+0x18>
     808:	2d 32       	cpi	r18, 0x2D	; 45
     80a:	39 f4       	brne	.+14     	; 0x81a <__DATA_REGION_LENGTH__+0x1a>
     80c:	68 94       	set
     80e:	04 c0       	rjmp	.+8      	; 0x818 <__DATA_REGION_LENGTH__+0x18>
     810:	0e 94 86 04 	call	0x90c	; 0x90c <__mulhi_const_10>
     814:	82 0f       	add	r24, r18
     816:	91 1d       	adc	r25, r1
     818:	21 91       	ld	r18, Z+
     81a:	20 53       	subi	r18, 0x30	; 48
     81c:	2a 30       	cpi	r18, 0x0A	; 10
     81e:	c0 f3       	brcs	.-16     	; 0x810 <__DATA_REGION_LENGTH__+0x10>
     820:	1e f4       	brtc	.+6      	; 0x828 <__DATA_REGION_LENGTH__+0x28>
     822:	90 95       	com	r25
     824:	81 95       	neg	r24
     826:	9f 4f       	sbci	r25, 0xFF	; 255
     828:	08 95       	ret

0000082a <atol>:
     82a:	1f 93       	push	r17
     82c:	fc 01       	movw	r30, r24
     82e:	99 27       	eor	r25, r25
     830:	88 27       	eor	r24, r24
     832:	bc 01       	movw	r22, r24
     834:	e8 94       	clt
     836:	11 91       	ld	r17, Z+
     838:	10 32       	cpi	r17, 0x20	; 32
     83a:	e9 f3       	breq	.-6      	; 0x836 <atol+0xc>
     83c:	19 30       	cpi	r17, 0x09	; 9
     83e:	10 f0       	brcs	.+4      	; 0x844 <atol+0x1a>
     840:	1e 30       	cpi	r17, 0x0E	; 14
     842:	c8 f3       	brcs	.-14     	; 0x836 <atol+0xc>
     844:	1b 32       	cpi	r17, 0x2B	; 43
     846:	51 f0       	breq	.+20     	; 0x85c <atol+0x32>
     848:	1d 32       	cpi	r17, 0x2D	; 45
     84a:	49 f4       	brne	.+18     	; 0x85e <atol+0x34>
     84c:	68 94       	set
     84e:	06 c0       	rjmp	.+12     	; 0x85c <atol+0x32>
     850:	0e 94 71 04 	call	0x8e2	; 0x8e2 <__mulsi_const_10>
     854:	61 0f       	add	r22, r17
     856:	71 1d       	adc	r23, r1
     858:	81 1d       	adc	r24, r1
     85a:	91 1d       	adc	r25, r1
     85c:	11 91       	ld	r17, Z+
     85e:	10 53       	subi	r17, 0x30	; 48
     860:	1a 30       	cpi	r17, 0x0A	; 10
     862:	b0 f3       	brcs	.-20     	; 0x850 <atol+0x26>
     864:	3e f4       	brtc	.+14     	; 0x874 <atol+0x4a>
     866:	90 95       	com	r25
     868:	80 95       	com	r24
     86a:	70 95       	com	r23
     86c:	61 95       	neg	r22
     86e:	7f 4f       	sbci	r23, 0xFF	; 255
     870:	8f 4f       	sbci	r24, 0xFF	; 255
     872:	9f 4f       	sbci	r25, 0xFF	; 255
     874:	1f 91       	pop	r17
     876:	08 95       	ret

00000878 <strtok>:
     878:	4a e5       	ldi	r20, 0x5A	; 90
     87a:	51 e0       	ldi	r21, 0x01	; 1
     87c:	0e 94 4a 04 	call	0x894	; 0x894 <strtok_r>
     880:	08 95       	ret

00000882 <strcmp>:
     882:	fb 01       	movw	r30, r22
     884:	dc 01       	movw	r26, r24
     886:	8d 91       	ld	r24, X+
     888:	01 90       	ld	r0, Z+
     88a:	80 19       	sub	r24, r0
     88c:	01 10       	cpse	r0, r1
     88e:	d9 f3       	breq	.-10     	; 0x886 <strcmp+0x4>
     890:	99 0b       	sbc	r25, r25
     892:	08 95       	ret

00000894 <strtok_r>:
     894:	fa 01       	movw	r30, r20
     896:	a1 91       	ld	r26, Z+
     898:	b0 81       	ld	r27, Z
     89a:	00 97       	sbiw	r24, 0x00	; 0
     89c:	19 f4       	brne	.+6      	; 0x8a4 <strtok_r+0x10>
     89e:	10 97       	sbiw	r26, 0x00	; 0
     8a0:	e1 f0       	breq	.+56     	; 0x8da <strtok_r+0x46>
     8a2:	cd 01       	movw	r24, r26
     8a4:	dc 01       	movw	r26, r24
     8a6:	cd 01       	movw	r24, r26
     8a8:	0d 90       	ld	r0, X+
     8aa:	00 20       	and	r0, r0
     8ac:	11 f4       	brne	.+4      	; 0x8b2 <strtok_r+0x1e>
     8ae:	c0 01       	movw	r24, r0
     8b0:	13 c0       	rjmp	.+38     	; 0x8d8 <strtok_r+0x44>
     8b2:	fb 01       	movw	r30, r22
     8b4:	21 91       	ld	r18, Z+
     8b6:	22 23       	and	r18, r18
     8b8:	19 f0       	breq	.+6      	; 0x8c0 <strtok_r+0x2c>
     8ba:	20 15       	cp	r18, r0
     8bc:	d9 f7       	brne	.-10     	; 0x8b4 <strtok_r+0x20>
     8be:	f3 cf       	rjmp	.-26     	; 0x8a6 <strtok_r+0x12>
     8c0:	fb 01       	movw	r30, r22
     8c2:	21 91       	ld	r18, Z+
     8c4:	20 15       	cp	r18, r0
     8c6:	19 f4       	brne	.+6      	; 0x8ce <strtok_r+0x3a>
     8c8:	1e 92       	st	-X, r1
     8ca:	11 96       	adiw	r26, 0x01	; 1
     8cc:	06 c0       	rjmp	.+12     	; 0x8da <strtok_r+0x46>
     8ce:	22 23       	and	r18, r18
     8d0:	c1 f7       	brne	.-16     	; 0x8c2 <strtok_r+0x2e>
     8d2:	0d 90       	ld	r0, X+
     8d4:	00 20       	and	r0, r0
     8d6:	a1 f7       	brne	.-24     	; 0x8c0 <strtok_r+0x2c>
     8d8:	d0 01       	movw	r26, r0
     8da:	fa 01       	movw	r30, r20
     8dc:	a1 93       	st	Z+, r26
     8de:	b0 83       	st	Z, r27
     8e0:	08 95       	ret

000008e2 <__mulsi_const_10>:
     8e2:	59 2f       	mov	r21, r25
     8e4:	48 2f       	mov	r20, r24
     8e6:	37 2f       	mov	r19, r23
     8e8:	26 2f       	mov	r18, r22
     8ea:	66 0f       	add	r22, r22
     8ec:	77 1f       	adc	r23, r23
     8ee:	88 1f       	adc	r24, r24
     8f0:	99 1f       	adc	r25, r25
     8f2:	66 0f       	add	r22, r22
     8f4:	77 1f       	adc	r23, r23
     8f6:	88 1f       	adc	r24, r24
     8f8:	99 1f       	adc	r25, r25
     8fa:	62 0f       	add	r22, r18
     8fc:	73 1f       	adc	r23, r19
     8fe:	84 1f       	adc	r24, r20
     900:	95 1f       	adc	r25, r21
     902:	66 0f       	add	r22, r22
     904:	77 1f       	adc	r23, r23
     906:	88 1f       	adc	r24, r24
     908:	99 1f       	adc	r25, r25
     90a:	08 95       	ret

0000090c <__mulhi_const_10>:
     90c:	7a e0       	ldi	r23, 0x0A	; 10
     90e:	97 9f       	mul	r25, r23
     910:	90 2d       	mov	r25, r0
     912:	87 9f       	mul	r24, r23
     914:	80 2d       	mov	r24, r0
     916:	91 0d       	add	r25, r1
     918:	11 24       	eor	r1, r1
     91a:	08 95       	ret

0000091c <fgets>:
     91c:	a0 e0       	ldi	r26, 0x00	; 0
     91e:	b0 e0       	ldi	r27, 0x00	; 0
     920:	e4 e9       	ldi	r30, 0x94	; 148
     922:	f4 e0       	ldi	r31, 0x04	; 4
     924:	0c 94 cf 0a 	jmp	0x159e	; 0x159e <__prologue_saves__+0x14>
     928:	fa 01       	movw	r30, r20
     92a:	23 81       	ldd	r18, Z+3	; 0x03
     92c:	20 fd       	sbrc	r18, 0
     92e:	03 c0       	rjmp	.+6      	; 0x936 <fgets+0x1a>
     930:	80 e0       	ldi	r24, 0x00	; 0
     932:	90 e0       	ldi	r25, 0x00	; 0
     934:	1a c0       	rjmp	.+52     	; 0x96a <fgets+0x4e>
     936:	16 16       	cp	r1, r22
     938:	17 06       	cpc	r1, r23
     93a:	d4 f7       	brge	.-12     	; 0x930 <fgets+0x14>
     93c:	7a 01       	movw	r14, r20
     93e:	8c 01       	movw	r16, r24
     940:	eb 01       	movw	r28, r22
     942:	6c 01       	movw	r12, r24
     944:	c1 30       	cpi	r28, 0x01	; 1
     946:	d1 05       	cpc	r29, r1
     948:	69 f0       	breq	.+26     	; 0x964 <fgets+0x48>
     94a:	c7 01       	movw	r24, r14
     94c:	0e 94 d1 09 	call	0x13a2	; 0x13a2 <fgetc>
     950:	8f 3f       	cpi	r24, 0xFF	; 255
     952:	ff ef       	ldi	r31, 0xFF	; 255
     954:	9f 07       	cpc	r25, r31
     956:	61 f3       	breq	.-40     	; 0x930 <fgets+0x14>
     958:	f6 01       	movw	r30, r12
     95a:	81 93       	st	Z+, r24
     95c:	6f 01       	movw	r12, r30
     95e:	21 97       	sbiw	r28, 0x01	; 1
     960:	0a 97       	sbiw	r24, 0x0a	; 10
     962:	81 f7       	brne	.-32     	; 0x944 <fgets+0x28>
     964:	f6 01       	movw	r30, r12
     966:	10 82       	st	Z, r1
     968:	c8 01       	movw	r24, r16
     96a:	cd b7       	in	r28, 0x3d	; 61
     96c:	de b7       	in	r29, 0x3e	; 62
     96e:	e8 e0       	ldi	r30, 0x08	; 8
     970:	0c 94 eb 0a 	jmp	0x15d6	; 0x15d6 <__epilogue_restores__+0x14>

00000974 <printf>:
     974:	a0 e0       	ldi	r26, 0x00	; 0
     976:	b0 e0       	ldi	r27, 0x00	; 0
     978:	e0 ec       	ldi	r30, 0xC0	; 192
     97a:	f4 e0       	ldi	r31, 0x04	; 4
     97c:	0c 94 d5 0a 	jmp	0x15aa	; 0x15aa <__prologue_saves__+0x20>
     980:	ae 01       	movw	r20, r28
     982:	4b 5f       	subi	r20, 0xFB	; 251
     984:	5f 4f       	sbci	r21, 0xFF	; 255
     986:	fa 01       	movw	r30, r20
     988:	61 91       	ld	r22, Z+
     98a:	71 91       	ld	r23, Z+
     98c:	af 01       	movw	r20, r30
     98e:	80 91 6c 01 	lds	r24, 0x016C	; 0x80016c <__iob+0x2>
     992:	90 91 6d 01 	lds	r25, 0x016D	; 0x80016d <__iob+0x3>
     996:	0e 94 19 05 	call	0xa32	; 0xa32 <vfprintf>
     99a:	e2 e0       	ldi	r30, 0x02	; 2
     99c:	0c 94 f1 0a 	jmp	0x15e2	; 0x15e2 <__epilogue_restores__+0x20>

000009a0 <puts>:
     9a0:	0f 93       	push	r16
     9a2:	1f 93       	push	r17
     9a4:	cf 93       	push	r28
     9a6:	df 93       	push	r29
     9a8:	e0 91 6c 01 	lds	r30, 0x016C	; 0x80016c <__iob+0x2>
     9ac:	f0 91 6d 01 	lds	r31, 0x016D	; 0x80016d <__iob+0x3>
     9b0:	23 81       	ldd	r18, Z+3	; 0x03
     9b2:	21 ff       	sbrs	r18, 1
     9b4:	1b c0       	rjmp	.+54     	; 0x9ec <puts+0x4c>
     9b6:	8c 01       	movw	r16, r24
     9b8:	d0 e0       	ldi	r29, 0x00	; 0
     9ba:	c0 e0       	ldi	r28, 0x00	; 0
     9bc:	f8 01       	movw	r30, r16
     9be:	81 91       	ld	r24, Z+
     9c0:	8f 01       	movw	r16, r30
     9c2:	60 91 6c 01 	lds	r22, 0x016C	; 0x80016c <__iob+0x2>
     9c6:	70 91 6d 01 	lds	r23, 0x016D	; 0x80016d <__iob+0x3>
     9ca:	db 01       	movw	r26, r22
     9cc:	18 96       	adiw	r26, 0x08	; 8
     9ce:	ed 91       	ld	r30, X+
     9d0:	fc 91       	ld	r31, X
     9d2:	19 97       	sbiw	r26, 0x09	; 9
     9d4:	88 23       	and	r24, r24
     9d6:	31 f0       	breq	.+12     	; 0x9e4 <puts+0x44>
     9d8:	09 95       	icall
     9da:	89 2b       	or	r24, r25
     9dc:	79 f3       	breq	.-34     	; 0x9bc <puts+0x1c>
     9de:	df ef       	ldi	r29, 0xFF	; 255
     9e0:	cf ef       	ldi	r28, 0xFF	; 255
     9e2:	ec cf       	rjmp	.-40     	; 0x9bc <puts+0x1c>
     9e4:	8a e0       	ldi	r24, 0x0A	; 10
     9e6:	09 95       	icall
     9e8:	89 2b       	or	r24, r25
     9ea:	19 f0       	breq	.+6      	; 0x9f2 <puts+0x52>
     9ec:	8f ef       	ldi	r24, 0xFF	; 255
     9ee:	9f ef       	ldi	r25, 0xFF	; 255
     9f0:	02 c0       	rjmp	.+4      	; 0x9f6 <puts+0x56>
     9f2:	8d 2f       	mov	r24, r29
     9f4:	9c 2f       	mov	r25, r28
     9f6:	df 91       	pop	r29
     9f8:	cf 91       	pop	r28
     9fa:	1f 91       	pop	r17
     9fc:	0f 91       	pop	r16
     9fe:	08 95       	ret

00000a00 <sscanf>:
     a00:	ae e0       	ldi	r26, 0x0E	; 14
     a02:	b0 e0       	ldi	r27, 0x00	; 0
     a04:	e6 e0       	ldi	r30, 0x06	; 6
     a06:	f5 e0       	ldi	r31, 0x05	; 5
     a08:	0c 94 d5 0a 	jmp	0x15aa	; 0x15aa <__prologue_saves__+0x20>
     a0c:	85 e0       	ldi	r24, 0x05	; 5
     a0e:	8c 83       	std	Y+4, r24	; 0x04
     a10:	8b 89       	ldd	r24, Y+19	; 0x13
     a12:	9c 89       	ldd	r25, Y+20	; 0x14
     a14:	9a 83       	std	Y+2, r25	; 0x02
     a16:	89 83       	std	Y+1, r24	; 0x01
     a18:	ae 01       	movw	r20, r28
     a1a:	49 5e       	subi	r20, 0xE9	; 233
     a1c:	5f 4f       	sbci	r21, 0xFF	; 255
     a1e:	6d 89       	ldd	r22, Y+21	; 0x15
     a20:	7e 89       	ldd	r23, Y+22	; 0x16
     a22:	ce 01       	movw	r24, r28
     a24:	01 96       	adiw	r24, 0x01	; 1
     a26:	0e 94 96 08 	call	0x112c	; 0x112c <vfscanf>
     a2a:	2e 96       	adiw	r28, 0x0e	; 14
     a2c:	e2 e0       	ldi	r30, 0x02	; 2
     a2e:	0c 94 f1 0a 	jmp	0x15e2	; 0x15e2 <__epilogue_restores__+0x20>

00000a32 <vfprintf>:
     a32:	ab e0       	ldi	r26, 0x0B	; 11
     a34:	b0 e0       	ldi	r27, 0x00	; 0
     a36:	ef e1       	ldi	r30, 0x1F	; 31
     a38:	f5 e0       	ldi	r31, 0x05	; 5
     a3a:	0c 94 c5 0a 	jmp	0x158a	; 0x158a <__prologue_saves__>
     a3e:	6c 01       	movw	r12, r24
     a40:	7b 01       	movw	r14, r22
     a42:	8a 01       	movw	r16, r20
     a44:	fc 01       	movw	r30, r24
     a46:	17 82       	std	Z+7, r1	; 0x07
     a48:	16 82       	std	Z+6, r1	; 0x06
     a4a:	83 81       	ldd	r24, Z+3	; 0x03
     a4c:	81 ff       	sbrs	r24, 1
     a4e:	cc c1       	rjmp	.+920    	; 0xde8 <vfprintf+0x3b6>
     a50:	ce 01       	movw	r24, r28
     a52:	01 96       	adiw	r24, 0x01	; 1
     a54:	3c 01       	movw	r6, r24
     a56:	f6 01       	movw	r30, r12
     a58:	93 81       	ldd	r25, Z+3	; 0x03
     a5a:	f7 01       	movw	r30, r14
     a5c:	93 fd       	sbrc	r25, 3
     a5e:	85 91       	lpm	r24, Z+
     a60:	93 ff       	sbrs	r25, 3
     a62:	81 91       	ld	r24, Z+
     a64:	7f 01       	movw	r14, r30
     a66:	88 23       	and	r24, r24
     a68:	09 f4       	brne	.+2      	; 0xa6c <vfprintf+0x3a>
     a6a:	ba c1       	rjmp	.+884    	; 0xde0 <vfprintf+0x3ae>
     a6c:	85 32       	cpi	r24, 0x25	; 37
     a6e:	39 f4       	brne	.+14     	; 0xa7e <vfprintf+0x4c>
     a70:	93 fd       	sbrc	r25, 3
     a72:	85 91       	lpm	r24, Z+
     a74:	93 ff       	sbrs	r25, 3
     a76:	81 91       	ld	r24, Z+
     a78:	7f 01       	movw	r14, r30
     a7a:	85 32       	cpi	r24, 0x25	; 37
     a7c:	29 f4       	brne	.+10     	; 0xa88 <vfprintf+0x56>
     a7e:	b6 01       	movw	r22, r12
     a80:	90 e0       	ldi	r25, 0x00	; 0
     a82:	0e 94 0f 0a 	call	0x141e	; 0x141e <fputc>
     a86:	e7 cf       	rjmp	.-50     	; 0xa56 <vfprintf+0x24>
     a88:	91 2c       	mov	r9, r1
     a8a:	21 2c       	mov	r2, r1
     a8c:	31 2c       	mov	r3, r1
     a8e:	ff e1       	ldi	r31, 0x1F	; 31
     a90:	f3 15       	cp	r31, r3
     a92:	d8 f0       	brcs	.+54     	; 0xaca <vfprintf+0x98>
     a94:	8b 32       	cpi	r24, 0x2B	; 43
     a96:	79 f0       	breq	.+30     	; 0xab6 <vfprintf+0x84>
     a98:	38 f4       	brcc	.+14     	; 0xaa8 <vfprintf+0x76>
     a9a:	80 32       	cpi	r24, 0x20	; 32
     a9c:	79 f0       	breq	.+30     	; 0xabc <vfprintf+0x8a>
     a9e:	83 32       	cpi	r24, 0x23	; 35
     aa0:	a1 f4       	brne	.+40     	; 0xaca <vfprintf+0x98>
     aa2:	23 2d       	mov	r18, r3
     aa4:	20 61       	ori	r18, 0x10	; 16
     aa6:	1d c0       	rjmp	.+58     	; 0xae2 <vfprintf+0xb0>
     aa8:	8d 32       	cpi	r24, 0x2D	; 45
     aaa:	61 f0       	breq	.+24     	; 0xac4 <vfprintf+0x92>
     aac:	80 33       	cpi	r24, 0x30	; 48
     aae:	69 f4       	brne	.+26     	; 0xaca <vfprintf+0x98>
     ab0:	23 2d       	mov	r18, r3
     ab2:	21 60       	ori	r18, 0x01	; 1
     ab4:	16 c0       	rjmp	.+44     	; 0xae2 <vfprintf+0xb0>
     ab6:	83 2d       	mov	r24, r3
     ab8:	82 60       	ori	r24, 0x02	; 2
     aba:	38 2e       	mov	r3, r24
     abc:	e3 2d       	mov	r30, r3
     abe:	e4 60       	ori	r30, 0x04	; 4
     ac0:	3e 2e       	mov	r3, r30
     ac2:	2a c0       	rjmp	.+84     	; 0xb18 <vfprintf+0xe6>
     ac4:	f3 2d       	mov	r31, r3
     ac6:	f8 60       	ori	r31, 0x08	; 8
     ac8:	1d c0       	rjmp	.+58     	; 0xb04 <vfprintf+0xd2>
     aca:	37 fc       	sbrc	r3, 7
     acc:	2d c0       	rjmp	.+90     	; 0xb28 <vfprintf+0xf6>
     ace:	20 ed       	ldi	r18, 0xD0	; 208
     ad0:	28 0f       	add	r18, r24
     ad2:	2a 30       	cpi	r18, 0x0A	; 10
     ad4:	40 f0       	brcs	.+16     	; 0xae6 <vfprintf+0xb4>
     ad6:	8e 32       	cpi	r24, 0x2E	; 46
     ad8:	b9 f4       	brne	.+46     	; 0xb08 <vfprintf+0xd6>
     ada:	36 fc       	sbrc	r3, 6
     adc:	81 c1       	rjmp	.+770    	; 0xde0 <vfprintf+0x3ae>
     ade:	23 2d       	mov	r18, r3
     ae0:	20 64       	ori	r18, 0x40	; 64
     ae2:	32 2e       	mov	r3, r18
     ae4:	19 c0       	rjmp	.+50     	; 0xb18 <vfprintf+0xe6>
     ae6:	36 fe       	sbrs	r3, 6
     ae8:	06 c0       	rjmp	.+12     	; 0xaf6 <vfprintf+0xc4>
     aea:	8a e0       	ldi	r24, 0x0A	; 10
     aec:	98 9e       	mul	r9, r24
     aee:	20 0d       	add	r18, r0
     af0:	11 24       	eor	r1, r1
     af2:	92 2e       	mov	r9, r18
     af4:	11 c0       	rjmp	.+34     	; 0xb18 <vfprintf+0xe6>
     af6:	ea e0       	ldi	r30, 0x0A	; 10
     af8:	2e 9e       	mul	r2, r30
     afa:	20 0d       	add	r18, r0
     afc:	11 24       	eor	r1, r1
     afe:	22 2e       	mov	r2, r18
     b00:	f3 2d       	mov	r31, r3
     b02:	f0 62       	ori	r31, 0x20	; 32
     b04:	3f 2e       	mov	r3, r31
     b06:	08 c0       	rjmp	.+16     	; 0xb18 <vfprintf+0xe6>
     b08:	8c 36       	cpi	r24, 0x6C	; 108
     b0a:	21 f4       	brne	.+8      	; 0xb14 <vfprintf+0xe2>
     b0c:	83 2d       	mov	r24, r3
     b0e:	80 68       	ori	r24, 0x80	; 128
     b10:	38 2e       	mov	r3, r24
     b12:	02 c0       	rjmp	.+4      	; 0xb18 <vfprintf+0xe6>
     b14:	88 36       	cpi	r24, 0x68	; 104
     b16:	41 f4       	brne	.+16     	; 0xb28 <vfprintf+0xf6>
     b18:	f7 01       	movw	r30, r14
     b1a:	93 fd       	sbrc	r25, 3
     b1c:	85 91       	lpm	r24, Z+
     b1e:	93 ff       	sbrs	r25, 3
     b20:	81 91       	ld	r24, Z+
     b22:	7f 01       	movw	r14, r30
     b24:	81 11       	cpse	r24, r1
     b26:	b3 cf       	rjmp	.-154    	; 0xa8e <vfprintf+0x5c>
     b28:	98 2f       	mov	r25, r24
     b2a:	9f 7d       	andi	r25, 0xDF	; 223
     b2c:	95 54       	subi	r25, 0x45	; 69
     b2e:	93 30       	cpi	r25, 0x03	; 3
     b30:	28 f4       	brcc	.+10     	; 0xb3c <vfprintf+0x10a>
     b32:	0c 5f       	subi	r16, 0xFC	; 252
     b34:	1f 4f       	sbci	r17, 0xFF	; 255
     b36:	9f e3       	ldi	r25, 0x3F	; 63
     b38:	99 83       	std	Y+1, r25	; 0x01
     b3a:	0d c0       	rjmp	.+26     	; 0xb56 <vfprintf+0x124>
     b3c:	83 36       	cpi	r24, 0x63	; 99
     b3e:	31 f0       	breq	.+12     	; 0xb4c <vfprintf+0x11a>
     b40:	83 37       	cpi	r24, 0x73	; 115
     b42:	71 f0       	breq	.+28     	; 0xb60 <vfprintf+0x12e>
     b44:	83 35       	cpi	r24, 0x53	; 83
     b46:	09 f0       	breq	.+2      	; 0xb4a <vfprintf+0x118>
     b48:	59 c0       	rjmp	.+178    	; 0xbfc <vfprintf+0x1ca>
     b4a:	21 c0       	rjmp	.+66     	; 0xb8e <vfprintf+0x15c>
     b4c:	f8 01       	movw	r30, r16
     b4e:	80 81       	ld	r24, Z
     b50:	89 83       	std	Y+1, r24	; 0x01
     b52:	0e 5f       	subi	r16, 0xFE	; 254
     b54:	1f 4f       	sbci	r17, 0xFF	; 255
     b56:	88 24       	eor	r8, r8
     b58:	83 94       	inc	r8
     b5a:	91 2c       	mov	r9, r1
     b5c:	53 01       	movw	r10, r6
     b5e:	13 c0       	rjmp	.+38     	; 0xb86 <vfprintf+0x154>
     b60:	28 01       	movw	r4, r16
     b62:	f2 e0       	ldi	r31, 0x02	; 2
     b64:	4f 0e       	add	r4, r31
     b66:	51 1c       	adc	r5, r1
     b68:	f8 01       	movw	r30, r16
     b6a:	a0 80       	ld	r10, Z
     b6c:	b1 80       	ldd	r11, Z+1	; 0x01
     b6e:	36 fe       	sbrs	r3, 6
     b70:	03 c0       	rjmp	.+6      	; 0xb78 <vfprintf+0x146>
     b72:	69 2d       	mov	r22, r9
     b74:	70 e0       	ldi	r23, 0x00	; 0
     b76:	02 c0       	rjmp	.+4      	; 0xb7c <vfprintf+0x14a>
     b78:	6f ef       	ldi	r22, 0xFF	; 255
     b7a:	7f ef       	ldi	r23, 0xFF	; 255
     b7c:	c5 01       	movw	r24, r10
     b7e:	0e 94 c6 09 	call	0x138c	; 0x138c <strnlen>
     b82:	4c 01       	movw	r8, r24
     b84:	82 01       	movw	r16, r4
     b86:	f3 2d       	mov	r31, r3
     b88:	ff 77       	andi	r31, 0x7F	; 127
     b8a:	3f 2e       	mov	r3, r31
     b8c:	16 c0       	rjmp	.+44     	; 0xbba <vfprintf+0x188>
     b8e:	28 01       	movw	r4, r16
     b90:	22 e0       	ldi	r18, 0x02	; 2
     b92:	42 0e       	add	r4, r18
     b94:	51 1c       	adc	r5, r1
     b96:	f8 01       	movw	r30, r16
     b98:	a0 80       	ld	r10, Z
     b9a:	b1 80       	ldd	r11, Z+1	; 0x01
     b9c:	36 fe       	sbrs	r3, 6
     b9e:	03 c0       	rjmp	.+6      	; 0xba6 <vfprintf+0x174>
     ba0:	69 2d       	mov	r22, r9
     ba2:	70 e0       	ldi	r23, 0x00	; 0
     ba4:	02 c0       	rjmp	.+4      	; 0xbaa <vfprintf+0x178>
     ba6:	6f ef       	ldi	r22, 0xFF	; 255
     ba8:	7f ef       	ldi	r23, 0xFF	; 255
     baa:	c5 01       	movw	r24, r10
     bac:	0e 94 bb 09 	call	0x1376	; 0x1376 <strnlen_P>
     bb0:	4c 01       	movw	r8, r24
     bb2:	f3 2d       	mov	r31, r3
     bb4:	f0 68       	ori	r31, 0x80	; 128
     bb6:	3f 2e       	mov	r3, r31
     bb8:	82 01       	movw	r16, r4
     bba:	33 fc       	sbrc	r3, 3
     bbc:	1b c0       	rjmp	.+54     	; 0xbf4 <vfprintf+0x1c2>
     bbe:	82 2d       	mov	r24, r2
     bc0:	90 e0       	ldi	r25, 0x00	; 0
     bc2:	88 16       	cp	r8, r24
     bc4:	99 06       	cpc	r9, r25
     bc6:	b0 f4       	brcc	.+44     	; 0xbf4 <vfprintf+0x1c2>
     bc8:	b6 01       	movw	r22, r12
     bca:	80 e2       	ldi	r24, 0x20	; 32
     bcc:	90 e0       	ldi	r25, 0x00	; 0
     bce:	0e 94 0f 0a 	call	0x141e	; 0x141e <fputc>
     bd2:	2a 94       	dec	r2
     bd4:	f4 cf       	rjmp	.-24     	; 0xbbe <vfprintf+0x18c>
     bd6:	f5 01       	movw	r30, r10
     bd8:	37 fc       	sbrc	r3, 7
     bda:	85 91       	lpm	r24, Z+
     bdc:	37 fe       	sbrs	r3, 7
     bde:	81 91       	ld	r24, Z+
     be0:	5f 01       	movw	r10, r30
     be2:	b6 01       	movw	r22, r12
     be4:	90 e0       	ldi	r25, 0x00	; 0
     be6:	0e 94 0f 0a 	call	0x141e	; 0x141e <fputc>
     bea:	21 10       	cpse	r2, r1
     bec:	2a 94       	dec	r2
     bee:	21 e0       	ldi	r18, 0x01	; 1
     bf0:	82 1a       	sub	r8, r18
     bf2:	91 08       	sbc	r9, r1
     bf4:	81 14       	cp	r8, r1
     bf6:	91 04       	cpc	r9, r1
     bf8:	71 f7       	brne	.-36     	; 0xbd6 <vfprintf+0x1a4>
     bfa:	e8 c0       	rjmp	.+464    	; 0xdcc <vfprintf+0x39a>
     bfc:	84 36       	cpi	r24, 0x64	; 100
     bfe:	11 f0       	breq	.+4      	; 0xc04 <vfprintf+0x1d2>
     c00:	89 36       	cpi	r24, 0x69	; 105
     c02:	41 f5       	brne	.+80     	; 0xc54 <vfprintf+0x222>
     c04:	f8 01       	movw	r30, r16
     c06:	37 fe       	sbrs	r3, 7
     c08:	07 c0       	rjmp	.+14     	; 0xc18 <vfprintf+0x1e6>
     c0a:	60 81       	ld	r22, Z
     c0c:	71 81       	ldd	r23, Z+1	; 0x01
     c0e:	82 81       	ldd	r24, Z+2	; 0x02
     c10:	93 81       	ldd	r25, Z+3	; 0x03
     c12:	0c 5f       	subi	r16, 0xFC	; 252
     c14:	1f 4f       	sbci	r17, 0xFF	; 255
     c16:	08 c0       	rjmp	.+16     	; 0xc28 <vfprintf+0x1f6>
     c18:	60 81       	ld	r22, Z
     c1a:	71 81       	ldd	r23, Z+1	; 0x01
     c1c:	07 2e       	mov	r0, r23
     c1e:	00 0c       	add	r0, r0
     c20:	88 0b       	sbc	r24, r24
     c22:	99 0b       	sbc	r25, r25
     c24:	0e 5f       	subi	r16, 0xFE	; 254
     c26:	1f 4f       	sbci	r17, 0xFF	; 255
     c28:	f3 2d       	mov	r31, r3
     c2a:	ff 76       	andi	r31, 0x6F	; 111
     c2c:	3f 2e       	mov	r3, r31
     c2e:	97 ff       	sbrs	r25, 7
     c30:	09 c0       	rjmp	.+18     	; 0xc44 <vfprintf+0x212>
     c32:	90 95       	com	r25
     c34:	80 95       	com	r24
     c36:	70 95       	com	r23
     c38:	61 95       	neg	r22
     c3a:	7f 4f       	sbci	r23, 0xFF	; 255
     c3c:	8f 4f       	sbci	r24, 0xFF	; 255
     c3e:	9f 4f       	sbci	r25, 0xFF	; 255
     c40:	f0 68       	ori	r31, 0x80	; 128
     c42:	3f 2e       	mov	r3, r31
     c44:	2a e0       	ldi	r18, 0x0A	; 10
     c46:	30 e0       	ldi	r19, 0x00	; 0
     c48:	a3 01       	movw	r20, r6
     c4a:	0e 94 64 0a 	call	0x14c8	; 0x14c8 <__ultoa_invert>
     c4e:	88 2e       	mov	r8, r24
     c50:	86 18       	sub	r8, r6
     c52:	45 c0       	rjmp	.+138    	; 0xcde <vfprintf+0x2ac>
     c54:	85 37       	cpi	r24, 0x75	; 117
     c56:	31 f4       	brne	.+12     	; 0xc64 <vfprintf+0x232>
     c58:	23 2d       	mov	r18, r3
     c5a:	2f 7e       	andi	r18, 0xEF	; 239
     c5c:	b2 2e       	mov	r11, r18
     c5e:	2a e0       	ldi	r18, 0x0A	; 10
     c60:	30 e0       	ldi	r19, 0x00	; 0
     c62:	25 c0       	rjmp	.+74     	; 0xcae <vfprintf+0x27c>
     c64:	93 2d       	mov	r25, r3
     c66:	99 7f       	andi	r25, 0xF9	; 249
     c68:	b9 2e       	mov	r11, r25
     c6a:	8f 36       	cpi	r24, 0x6F	; 111
     c6c:	c1 f0       	breq	.+48     	; 0xc9e <vfprintf+0x26c>
     c6e:	18 f4       	brcc	.+6      	; 0xc76 <vfprintf+0x244>
     c70:	88 35       	cpi	r24, 0x58	; 88
     c72:	79 f0       	breq	.+30     	; 0xc92 <vfprintf+0x260>
     c74:	b5 c0       	rjmp	.+362    	; 0xde0 <vfprintf+0x3ae>
     c76:	80 37       	cpi	r24, 0x70	; 112
     c78:	19 f0       	breq	.+6      	; 0xc80 <vfprintf+0x24e>
     c7a:	88 37       	cpi	r24, 0x78	; 120
     c7c:	21 f0       	breq	.+8      	; 0xc86 <vfprintf+0x254>
     c7e:	b0 c0       	rjmp	.+352    	; 0xde0 <vfprintf+0x3ae>
     c80:	e9 2f       	mov	r30, r25
     c82:	e0 61       	ori	r30, 0x10	; 16
     c84:	be 2e       	mov	r11, r30
     c86:	b4 fe       	sbrs	r11, 4
     c88:	0d c0       	rjmp	.+26     	; 0xca4 <vfprintf+0x272>
     c8a:	fb 2d       	mov	r31, r11
     c8c:	f4 60       	ori	r31, 0x04	; 4
     c8e:	bf 2e       	mov	r11, r31
     c90:	09 c0       	rjmp	.+18     	; 0xca4 <vfprintf+0x272>
     c92:	34 fe       	sbrs	r3, 4
     c94:	0a c0       	rjmp	.+20     	; 0xcaa <vfprintf+0x278>
     c96:	29 2f       	mov	r18, r25
     c98:	26 60       	ori	r18, 0x06	; 6
     c9a:	b2 2e       	mov	r11, r18
     c9c:	06 c0       	rjmp	.+12     	; 0xcaa <vfprintf+0x278>
     c9e:	28 e0       	ldi	r18, 0x08	; 8
     ca0:	30 e0       	ldi	r19, 0x00	; 0
     ca2:	05 c0       	rjmp	.+10     	; 0xcae <vfprintf+0x27c>
     ca4:	20 e1       	ldi	r18, 0x10	; 16
     ca6:	30 e0       	ldi	r19, 0x00	; 0
     ca8:	02 c0       	rjmp	.+4      	; 0xcae <vfprintf+0x27c>
     caa:	20 e1       	ldi	r18, 0x10	; 16
     cac:	32 e0       	ldi	r19, 0x02	; 2
     cae:	f8 01       	movw	r30, r16
     cb0:	b7 fe       	sbrs	r11, 7
     cb2:	07 c0       	rjmp	.+14     	; 0xcc2 <vfprintf+0x290>
     cb4:	60 81       	ld	r22, Z
     cb6:	71 81       	ldd	r23, Z+1	; 0x01
     cb8:	82 81       	ldd	r24, Z+2	; 0x02
     cba:	93 81       	ldd	r25, Z+3	; 0x03
     cbc:	0c 5f       	subi	r16, 0xFC	; 252
     cbe:	1f 4f       	sbci	r17, 0xFF	; 255
     cc0:	06 c0       	rjmp	.+12     	; 0xcce <vfprintf+0x29c>
     cc2:	60 81       	ld	r22, Z
     cc4:	71 81       	ldd	r23, Z+1	; 0x01
     cc6:	80 e0       	ldi	r24, 0x00	; 0
     cc8:	90 e0       	ldi	r25, 0x00	; 0
     cca:	0e 5f       	subi	r16, 0xFE	; 254
     ccc:	1f 4f       	sbci	r17, 0xFF	; 255
     cce:	a3 01       	movw	r20, r6
     cd0:	0e 94 64 0a 	call	0x14c8	; 0x14c8 <__ultoa_invert>
     cd4:	88 2e       	mov	r8, r24
     cd6:	86 18       	sub	r8, r6
     cd8:	fb 2d       	mov	r31, r11
     cda:	ff 77       	andi	r31, 0x7F	; 127
     cdc:	3f 2e       	mov	r3, r31
     cde:	36 fe       	sbrs	r3, 6
     ce0:	0d c0       	rjmp	.+26     	; 0xcfc <vfprintf+0x2ca>
     ce2:	23 2d       	mov	r18, r3
     ce4:	2e 7f       	andi	r18, 0xFE	; 254
     ce6:	a2 2e       	mov	r10, r18
     ce8:	89 14       	cp	r8, r9
     cea:	58 f4       	brcc	.+22     	; 0xd02 <vfprintf+0x2d0>
     cec:	34 fe       	sbrs	r3, 4
     cee:	0b c0       	rjmp	.+22     	; 0xd06 <vfprintf+0x2d4>
     cf0:	32 fc       	sbrc	r3, 2
     cf2:	09 c0       	rjmp	.+18     	; 0xd06 <vfprintf+0x2d4>
     cf4:	83 2d       	mov	r24, r3
     cf6:	8e 7e       	andi	r24, 0xEE	; 238
     cf8:	a8 2e       	mov	r10, r24
     cfa:	05 c0       	rjmp	.+10     	; 0xd06 <vfprintf+0x2d4>
     cfc:	b8 2c       	mov	r11, r8
     cfe:	a3 2c       	mov	r10, r3
     d00:	03 c0       	rjmp	.+6      	; 0xd08 <vfprintf+0x2d6>
     d02:	b8 2c       	mov	r11, r8
     d04:	01 c0       	rjmp	.+2      	; 0xd08 <vfprintf+0x2d6>
     d06:	b9 2c       	mov	r11, r9
     d08:	a4 fe       	sbrs	r10, 4
     d0a:	0f c0       	rjmp	.+30     	; 0xd2a <vfprintf+0x2f8>
     d0c:	fe 01       	movw	r30, r28
     d0e:	e8 0d       	add	r30, r8
     d10:	f1 1d       	adc	r31, r1
     d12:	80 81       	ld	r24, Z
     d14:	80 33       	cpi	r24, 0x30	; 48
     d16:	21 f4       	brne	.+8      	; 0xd20 <vfprintf+0x2ee>
     d18:	9a 2d       	mov	r25, r10
     d1a:	99 7e       	andi	r25, 0xE9	; 233
     d1c:	a9 2e       	mov	r10, r25
     d1e:	09 c0       	rjmp	.+18     	; 0xd32 <vfprintf+0x300>
     d20:	a2 fe       	sbrs	r10, 2
     d22:	06 c0       	rjmp	.+12     	; 0xd30 <vfprintf+0x2fe>
     d24:	b3 94       	inc	r11
     d26:	b3 94       	inc	r11
     d28:	04 c0       	rjmp	.+8      	; 0xd32 <vfprintf+0x300>
     d2a:	8a 2d       	mov	r24, r10
     d2c:	86 78       	andi	r24, 0x86	; 134
     d2e:	09 f0       	breq	.+2      	; 0xd32 <vfprintf+0x300>
     d30:	b3 94       	inc	r11
     d32:	a3 fc       	sbrc	r10, 3
     d34:	11 c0       	rjmp	.+34     	; 0xd58 <vfprintf+0x326>
     d36:	a0 fe       	sbrs	r10, 0
     d38:	06 c0       	rjmp	.+12     	; 0xd46 <vfprintf+0x314>
     d3a:	b2 14       	cp	r11, r2
     d3c:	88 f4       	brcc	.+34     	; 0xd60 <vfprintf+0x32e>
     d3e:	28 0c       	add	r2, r8
     d40:	92 2c       	mov	r9, r2
     d42:	9b 18       	sub	r9, r11
     d44:	0e c0       	rjmp	.+28     	; 0xd62 <vfprintf+0x330>
     d46:	b2 14       	cp	r11, r2
     d48:	60 f4       	brcc	.+24     	; 0xd62 <vfprintf+0x330>
     d4a:	b6 01       	movw	r22, r12
     d4c:	80 e2       	ldi	r24, 0x20	; 32
     d4e:	90 e0       	ldi	r25, 0x00	; 0
     d50:	0e 94 0f 0a 	call	0x141e	; 0x141e <fputc>
     d54:	b3 94       	inc	r11
     d56:	f7 cf       	rjmp	.-18     	; 0xd46 <vfprintf+0x314>
     d58:	b2 14       	cp	r11, r2
     d5a:	18 f4       	brcc	.+6      	; 0xd62 <vfprintf+0x330>
     d5c:	2b 18       	sub	r2, r11
     d5e:	02 c0       	rjmp	.+4      	; 0xd64 <vfprintf+0x332>
     d60:	98 2c       	mov	r9, r8
     d62:	21 2c       	mov	r2, r1
     d64:	a4 fe       	sbrs	r10, 4
     d66:	10 c0       	rjmp	.+32     	; 0xd88 <vfprintf+0x356>
     d68:	b6 01       	movw	r22, r12
     d6a:	80 e3       	ldi	r24, 0x30	; 48
     d6c:	90 e0       	ldi	r25, 0x00	; 0
     d6e:	0e 94 0f 0a 	call	0x141e	; 0x141e <fputc>
     d72:	a2 fe       	sbrs	r10, 2
     d74:	17 c0       	rjmp	.+46     	; 0xda4 <vfprintf+0x372>
     d76:	a1 fc       	sbrc	r10, 1
     d78:	03 c0       	rjmp	.+6      	; 0xd80 <vfprintf+0x34e>
     d7a:	88 e7       	ldi	r24, 0x78	; 120
     d7c:	90 e0       	ldi	r25, 0x00	; 0
     d7e:	02 c0       	rjmp	.+4      	; 0xd84 <vfprintf+0x352>
     d80:	88 e5       	ldi	r24, 0x58	; 88
     d82:	90 e0       	ldi	r25, 0x00	; 0
     d84:	b6 01       	movw	r22, r12
     d86:	0c c0       	rjmp	.+24     	; 0xda0 <vfprintf+0x36e>
     d88:	8a 2d       	mov	r24, r10
     d8a:	86 78       	andi	r24, 0x86	; 134
     d8c:	59 f0       	breq	.+22     	; 0xda4 <vfprintf+0x372>
     d8e:	a1 fe       	sbrs	r10, 1
     d90:	02 c0       	rjmp	.+4      	; 0xd96 <vfprintf+0x364>
     d92:	8b e2       	ldi	r24, 0x2B	; 43
     d94:	01 c0       	rjmp	.+2      	; 0xd98 <vfprintf+0x366>
     d96:	80 e2       	ldi	r24, 0x20	; 32
     d98:	a7 fc       	sbrc	r10, 7
     d9a:	8d e2       	ldi	r24, 0x2D	; 45
     d9c:	b6 01       	movw	r22, r12
     d9e:	90 e0       	ldi	r25, 0x00	; 0
     da0:	0e 94 0f 0a 	call	0x141e	; 0x141e <fputc>
     da4:	89 14       	cp	r8, r9
     da6:	38 f4       	brcc	.+14     	; 0xdb6 <vfprintf+0x384>
     da8:	b6 01       	movw	r22, r12
     daa:	80 e3       	ldi	r24, 0x30	; 48
     dac:	90 e0       	ldi	r25, 0x00	; 0
     dae:	0e 94 0f 0a 	call	0x141e	; 0x141e <fputc>
     db2:	9a 94       	dec	r9
     db4:	f7 cf       	rjmp	.-18     	; 0xda4 <vfprintf+0x372>
     db6:	8a 94       	dec	r8
     db8:	f3 01       	movw	r30, r6
     dba:	e8 0d       	add	r30, r8
     dbc:	f1 1d       	adc	r31, r1
     dbe:	80 81       	ld	r24, Z
     dc0:	b6 01       	movw	r22, r12
     dc2:	90 e0       	ldi	r25, 0x00	; 0
     dc4:	0e 94 0f 0a 	call	0x141e	; 0x141e <fputc>
     dc8:	81 10       	cpse	r8, r1
     dca:	f5 cf       	rjmp	.-22     	; 0xdb6 <vfprintf+0x384>
     dcc:	22 20       	and	r2, r2
     dce:	09 f4       	brne	.+2      	; 0xdd2 <vfprintf+0x3a0>
     dd0:	42 ce       	rjmp	.-892    	; 0xa56 <vfprintf+0x24>
     dd2:	b6 01       	movw	r22, r12
     dd4:	80 e2       	ldi	r24, 0x20	; 32
     dd6:	90 e0       	ldi	r25, 0x00	; 0
     dd8:	0e 94 0f 0a 	call	0x141e	; 0x141e <fputc>
     ddc:	2a 94       	dec	r2
     dde:	f6 cf       	rjmp	.-20     	; 0xdcc <vfprintf+0x39a>
     de0:	f6 01       	movw	r30, r12
     de2:	86 81       	ldd	r24, Z+6	; 0x06
     de4:	97 81       	ldd	r25, Z+7	; 0x07
     de6:	02 c0       	rjmp	.+4      	; 0xdec <vfprintf+0x3ba>
     de8:	8f ef       	ldi	r24, 0xFF	; 255
     dea:	9f ef       	ldi	r25, 0xFF	; 255
     dec:	2b 96       	adiw	r28, 0x0b	; 11
     dee:	e2 e1       	ldi	r30, 0x12	; 18
     df0:	0c 94 e1 0a 	jmp	0x15c2	; 0x15c2 <__epilogue_restores__>

00000df4 <putval>:
     df4:	20 fd       	sbrc	r18, 0
     df6:	09 c0       	rjmp	.+18     	; 0xe0a <putval+0x16>
     df8:	fc 01       	movw	r30, r24
     dfa:	23 fd       	sbrc	r18, 3
     dfc:	05 c0       	rjmp	.+10     	; 0xe08 <putval+0x14>
     dfe:	22 ff       	sbrs	r18, 2
     e00:	02 c0       	rjmp	.+4      	; 0xe06 <putval+0x12>
     e02:	73 83       	std	Z+3, r23	; 0x03
     e04:	62 83       	std	Z+2, r22	; 0x02
     e06:	51 83       	std	Z+1, r21	; 0x01
     e08:	40 83       	st	Z, r20
     e0a:	08 95       	ret

00000e0c <mulacc>:
     e0c:	44 fd       	sbrc	r20, 4
     e0e:	17 c0       	rjmp	.+46     	; 0xe3e <mulacc+0x32>
     e10:	46 fd       	sbrc	r20, 6
     e12:	17 c0       	rjmp	.+46     	; 0xe42 <mulacc+0x36>
     e14:	ab 01       	movw	r20, r22
     e16:	bc 01       	movw	r22, r24
     e18:	da 01       	movw	r26, r20
     e1a:	fb 01       	movw	r30, r22
     e1c:	aa 0f       	add	r26, r26
     e1e:	bb 1f       	adc	r27, r27
     e20:	ee 1f       	adc	r30, r30
     e22:	ff 1f       	adc	r31, r31
     e24:	10 94       	com	r1
     e26:	d1 f7       	brne	.-12     	; 0xe1c <mulacc+0x10>
     e28:	4a 0f       	add	r20, r26
     e2a:	5b 1f       	adc	r21, r27
     e2c:	6e 1f       	adc	r22, r30
     e2e:	7f 1f       	adc	r23, r31
     e30:	cb 01       	movw	r24, r22
     e32:	ba 01       	movw	r22, r20
     e34:	66 0f       	add	r22, r22
     e36:	77 1f       	adc	r23, r23
     e38:	88 1f       	adc	r24, r24
     e3a:	99 1f       	adc	r25, r25
     e3c:	09 c0       	rjmp	.+18     	; 0xe50 <mulacc+0x44>
     e3e:	33 e0       	ldi	r19, 0x03	; 3
     e40:	01 c0       	rjmp	.+2      	; 0xe44 <mulacc+0x38>
     e42:	34 e0       	ldi	r19, 0x04	; 4
     e44:	66 0f       	add	r22, r22
     e46:	77 1f       	adc	r23, r23
     e48:	88 1f       	adc	r24, r24
     e4a:	99 1f       	adc	r25, r25
     e4c:	31 50       	subi	r19, 0x01	; 1
     e4e:	d1 f7       	brne	.-12     	; 0xe44 <mulacc+0x38>
     e50:	62 0f       	add	r22, r18
     e52:	71 1d       	adc	r23, r1
     e54:	81 1d       	adc	r24, r1
     e56:	91 1d       	adc	r25, r1
     e58:	08 95       	ret

00000e5a <skip_spaces>:
     e5a:	0f 93       	push	r16
     e5c:	1f 93       	push	r17
     e5e:	cf 93       	push	r28
     e60:	df 93       	push	r29
     e62:	8c 01       	movw	r16, r24
     e64:	c8 01       	movw	r24, r16
     e66:	0e 94 d1 09 	call	0x13a2	; 0x13a2 <fgetc>
     e6a:	ec 01       	movw	r28, r24
     e6c:	97 fd       	sbrc	r25, 7
     e6e:	08 c0       	rjmp	.+16     	; 0xe80 <skip_spaces+0x26>
     e70:	0e 94 a7 09 	call	0x134e	; 0x134e <isspace>
     e74:	89 2b       	or	r24, r25
     e76:	b1 f7       	brne	.-20     	; 0xe64 <skip_spaces+0xa>
     e78:	b8 01       	movw	r22, r16
     e7a:	ce 01       	movw	r24, r28
     e7c:	0e 94 4b 0a 	call	0x1496	; 0x1496 <ungetc>
     e80:	ce 01       	movw	r24, r28
     e82:	df 91       	pop	r29
     e84:	cf 91       	pop	r28
     e86:	1f 91       	pop	r17
     e88:	0f 91       	pop	r16
     e8a:	08 95       	ret

00000e8c <conv_int>:
     e8c:	8f 92       	push	r8
     e8e:	9f 92       	push	r9
     e90:	af 92       	push	r10
     e92:	bf 92       	push	r11
     e94:	ef 92       	push	r14
     e96:	ff 92       	push	r15
     e98:	0f 93       	push	r16
     e9a:	1f 93       	push	r17
     e9c:	cf 93       	push	r28
     e9e:	df 93       	push	r29
     ea0:	8c 01       	movw	r16, r24
     ea2:	d6 2f       	mov	r29, r22
     ea4:	7a 01       	movw	r14, r20
     ea6:	b2 2e       	mov	r11, r18
     ea8:	0e 94 d1 09 	call	0x13a2	; 0x13a2 <fgetc>
     eac:	9c 01       	movw	r18, r24
     eae:	33 27       	eor	r19, r19
     eb0:	2b 32       	cpi	r18, 0x2B	; 43
     eb2:	31 05       	cpc	r19, r1
     eb4:	31 f0       	breq	.+12     	; 0xec2 <conv_int+0x36>
     eb6:	2d 32       	cpi	r18, 0x2D	; 45
     eb8:	31 05       	cpc	r19, r1
     eba:	61 f4       	brne	.+24     	; 0xed4 <conv_int+0x48>
     ebc:	8b 2d       	mov	r24, r11
     ebe:	80 68       	ori	r24, 0x80	; 128
     ec0:	b8 2e       	mov	r11, r24
     ec2:	d1 50       	subi	r29, 0x01	; 1
     ec4:	11 f4       	brne	.+4      	; 0xeca <conv_int+0x3e>
     ec6:	80 e0       	ldi	r24, 0x00	; 0
     ec8:	68 c0       	rjmp	.+208    	; 0xf9a <conv_int+0x10e>
     eca:	c8 01       	movw	r24, r16
     ecc:	0e 94 d1 09 	call	0x13a2	; 0x13a2 <fgetc>
     ed0:	97 fd       	sbrc	r25, 7
     ed2:	f9 cf       	rjmp	.-14     	; 0xec6 <conv_int+0x3a>
     ed4:	cb 2d       	mov	r28, r11
     ed6:	cd 7f       	andi	r28, 0xFD	; 253
     ed8:	2b 2d       	mov	r18, r11
     eda:	20 73       	andi	r18, 0x30	; 48
     edc:	09 f5       	brne	.+66     	; 0xf20 <conv_int+0x94>
     ede:	80 33       	cpi	r24, 0x30	; 48
     ee0:	f9 f4       	brne	.+62     	; 0xf20 <conv_int+0x94>
     ee2:	aa 24       	eor	r10, r10
     ee4:	aa 94       	dec	r10
     ee6:	ad 0e       	add	r10, r29
     ee8:	09 f4       	brne	.+2      	; 0xeec <conv_int+0x60>
     eea:	43 c0       	rjmp	.+134    	; 0xf72 <conv_int+0xe6>
     eec:	c8 01       	movw	r24, r16
     eee:	0e 94 d1 09 	call	0x13a2	; 0x13a2 <fgetc>
     ef2:	97 fd       	sbrc	r25, 7
     ef4:	3e c0       	rjmp	.+124    	; 0xf72 <conv_int+0xe6>
     ef6:	9c 01       	movw	r18, r24
     ef8:	2f 7d       	andi	r18, 0xDF	; 223
     efa:	33 27       	eor	r19, r19
     efc:	28 35       	cpi	r18, 0x58	; 88
     efe:	31 05       	cpc	r19, r1
     f00:	49 f4       	brne	.+18     	; 0xf14 <conv_int+0x88>
     f02:	c2 64       	ori	r28, 0x42	; 66
     f04:	d2 50       	subi	r29, 0x02	; 2
     f06:	a9 f1       	breq	.+106    	; 0xf72 <conv_int+0xe6>
     f08:	c8 01       	movw	r24, r16
     f0a:	0e 94 d1 09 	call	0x13a2	; 0x13a2 <fgetc>
     f0e:	97 ff       	sbrs	r25, 7
     f10:	07 c0       	rjmp	.+14     	; 0xf20 <conv_int+0x94>
     f12:	2f c0       	rjmp	.+94     	; 0xf72 <conv_int+0xe6>
     f14:	b6 fe       	sbrs	r11, 6
     f16:	02 c0       	rjmp	.+4      	; 0xf1c <conv_int+0x90>
     f18:	c2 60       	ori	r28, 0x02	; 2
     f1a:	01 c0       	rjmp	.+2      	; 0xf1e <conv_int+0x92>
     f1c:	c2 61       	ori	r28, 0x12	; 18
     f1e:	da 2d       	mov	r29, r10
     f20:	81 2c       	mov	r8, r1
     f22:	91 2c       	mov	r9, r1
     f24:	54 01       	movw	r10, r8
     f26:	20 ed       	ldi	r18, 0xD0	; 208
     f28:	28 0f       	add	r18, r24
     f2a:	28 30       	cpi	r18, 0x08	; 8
     f2c:	80 f0       	brcs	.+32     	; 0xf4e <conv_int+0xc2>
     f2e:	c4 ff       	sbrs	r28, 4
     f30:	04 c0       	rjmp	.+8      	; 0xf3a <conv_int+0xae>
     f32:	b8 01       	movw	r22, r16
     f34:	0e 94 4b 0a 	call	0x1496	; 0x1496 <ungetc>
     f38:	19 c0       	rjmp	.+50     	; 0xf6c <conv_int+0xe0>
     f3a:	2a 30       	cpi	r18, 0x0A	; 10
     f3c:	40 f0       	brcs	.+16     	; 0xf4e <conv_int+0xc2>
     f3e:	c6 ff       	sbrs	r28, 6
     f40:	f8 cf       	rjmp	.-16     	; 0xf32 <conv_int+0xa6>
     f42:	2f 7d       	andi	r18, 0xDF	; 223
     f44:	3f ee       	ldi	r19, 0xEF	; 239
     f46:	32 0f       	add	r19, r18
     f48:	36 30       	cpi	r19, 0x06	; 6
     f4a:	98 f7       	brcc	.-26     	; 0xf32 <conv_int+0xa6>
     f4c:	27 50       	subi	r18, 0x07	; 7
     f4e:	4c 2f       	mov	r20, r28
     f50:	c5 01       	movw	r24, r10
     f52:	b4 01       	movw	r22, r8
     f54:	0e 94 06 07 	call	0xe0c	; 0xe0c <mulacc>
     f58:	4b 01       	movw	r8, r22
     f5a:	5c 01       	movw	r10, r24
     f5c:	c2 60       	ori	r28, 0x02	; 2
     f5e:	d1 50       	subi	r29, 0x01	; 1
     f60:	59 f0       	breq	.+22     	; 0xf78 <conv_int+0xec>
     f62:	c8 01       	movw	r24, r16
     f64:	0e 94 d1 09 	call	0x13a2	; 0x13a2 <fgetc>
     f68:	97 ff       	sbrs	r25, 7
     f6a:	dd cf       	rjmp	.-70     	; 0xf26 <conv_int+0x9a>
     f6c:	c1 fd       	sbrc	r28, 1
     f6e:	04 c0       	rjmp	.+8      	; 0xf78 <conv_int+0xec>
     f70:	aa cf       	rjmp	.-172    	; 0xec6 <conv_int+0x3a>
     f72:	81 2c       	mov	r8, r1
     f74:	91 2c       	mov	r9, r1
     f76:	54 01       	movw	r10, r8
     f78:	c7 ff       	sbrs	r28, 7
     f7a:	08 c0       	rjmp	.+16     	; 0xf8c <conv_int+0x100>
     f7c:	b0 94       	com	r11
     f7e:	a0 94       	com	r10
     f80:	90 94       	com	r9
     f82:	80 94       	com	r8
     f84:	81 1c       	adc	r8, r1
     f86:	91 1c       	adc	r9, r1
     f88:	a1 1c       	adc	r10, r1
     f8a:	b1 1c       	adc	r11, r1
     f8c:	2c 2f       	mov	r18, r28
     f8e:	b5 01       	movw	r22, r10
     f90:	a4 01       	movw	r20, r8
     f92:	c7 01       	movw	r24, r14
     f94:	0e 94 fa 06 	call	0xdf4	; 0xdf4 <putval>
     f98:	81 e0       	ldi	r24, 0x01	; 1
     f9a:	df 91       	pop	r29
     f9c:	cf 91       	pop	r28
     f9e:	1f 91       	pop	r17
     fa0:	0f 91       	pop	r16
     fa2:	ff 90       	pop	r15
     fa4:	ef 90       	pop	r14
     fa6:	bf 90       	pop	r11
     fa8:	af 90       	pop	r10
     faa:	9f 90       	pop	r9
     fac:	8f 90       	pop	r8
     fae:	08 95       	ret

00000fb0 <conv_brk>:
     fb0:	a0 e2       	ldi	r26, 0x20	; 32
     fb2:	b0 e0       	ldi	r27, 0x00	; 0
     fb4:	ee ed       	ldi	r30, 0xDE	; 222
     fb6:	f7 e0       	ldi	r31, 0x07	; 7
     fb8:	0c 94 c8 0a 	jmp	0x1590	; 0x1590 <__prologue_saves__+0x6>
     fbc:	5c 01       	movw	r10, r24
     fbe:	96 2e       	mov	r9, r22
     fc0:	7a 01       	movw	r14, r20
     fc2:	f9 01       	movw	r30, r18
     fc4:	8e 01       	movw	r16, r28
     fc6:	0f 5f       	subi	r16, 0xFF	; 255
     fc8:	1f 4f       	sbci	r17, 0xFF	; 255
     fca:	68 01       	movw	r12, r16
     fcc:	80 e2       	ldi	r24, 0x20	; 32
     fce:	d8 01       	movw	r26, r16
     fd0:	1d 92       	st	X+, r1
     fd2:	8a 95       	dec	r24
     fd4:	e9 f7       	brne	.-6      	; 0xfd0 <conv_brk+0x20>
     fd6:	d5 01       	movw	r26, r10
     fd8:	13 96       	adiw	r26, 0x03	; 3
     fda:	8c 90       	ld	r8, X
     fdc:	80 e0       	ldi	r24, 0x00	; 0
     fde:	90 e0       	ldi	r25, 0x00	; 0
     fe0:	61 2c       	mov	r6, r1
     fe2:	71 2c       	mov	r7, r1
     fe4:	30 e0       	ldi	r19, 0x00	; 0
     fe6:	61 e0       	ldi	r22, 0x01	; 1
     fe8:	70 e0       	ldi	r23, 0x00	; 0
     fea:	83 fc       	sbrc	r8, 3
     fec:	25 91       	lpm	r18, Z+
     fee:	83 fe       	sbrs	r8, 3
     ff0:	21 91       	ld	r18, Z+
     ff2:	8f 01       	movw	r16, r30
     ff4:	52 2e       	mov	r5, r18
     ff6:	21 11       	cpse	r18, r1
     ff8:	03 c0       	rjmp	.+6      	; 0x1000 <conv_brk+0x50>
     ffa:	80 e0       	ldi	r24, 0x00	; 0
     ffc:	90 e0       	ldi	r25, 0x00	; 0
     ffe:	92 c0       	rjmp	.+292    	; 0x1124 <conv_brk+0x174>
    1000:	2e 35       	cpi	r18, 0x5E	; 94
    1002:	11 f4       	brne	.+4      	; 0x1008 <conv_brk+0x58>
    1004:	00 97       	sbiw	r24, 0x00	; 0
    1006:	51 f1       	breq	.+84     	; 0x105c <conv_brk+0xac>
    1008:	43 2f       	mov	r20, r19
    100a:	50 e0       	ldi	r21, 0x00	; 0
    100c:	48 17       	cp	r20, r24
    100e:	59 07       	cpc	r21, r25
    1010:	3c f4       	brge	.+14     	; 0x1020 <conv_brk+0x70>
    1012:	2d 35       	cpi	r18, 0x5D	; 93
    1014:	59 f1       	breq	.+86     	; 0x106c <conv_brk+0xbc>
    1016:	2d 32       	cpi	r18, 0x2D	; 45
    1018:	19 f4       	brne	.+6      	; 0x1020 <conv_brk+0x70>
    101a:	77 20       	and	r7, r7
    101c:	09 f1       	breq	.+66     	; 0x1060 <conv_brk+0xb0>
    101e:	03 c0       	rjmp	.+6      	; 0x1026 <conv_brk+0x76>
    1020:	77 20       	and	r7, r7
    1022:	09 f4       	brne	.+2      	; 0x1026 <conv_brk+0x76>
    1024:	6a c0       	rjmp	.+212    	; 0x10fa <conv_brk+0x14a>
    1026:	45 2d       	mov	r20, r5
    1028:	46 95       	lsr	r20
    102a:	46 95       	lsr	r20
    102c:	46 95       	lsr	r20
    102e:	d6 01       	movw	r26, r12
    1030:	a4 0f       	add	r26, r20
    1032:	b1 1d       	adc	r27, r1
    1034:	45 2d       	mov	r20, r5
    1036:	47 70       	andi	r20, 0x07	; 7
    1038:	8b 01       	movw	r16, r22
    103a:	02 c0       	rjmp	.+4      	; 0x1040 <conv_brk+0x90>
    103c:	00 0f       	add	r16, r16
    103e:	11 1f       	adc	r17, r17
    1040:	4a 95       	dec	r20
    1042:	e2 f7       	brpl	.-8      	; 0x103c <conv_brk+0x8c>
    1044:	a8 01       	movw	r20, r16
    1046:	5c 91       	ld	r21, X
    1048:	45 2b       	or	r20, r21
    104a:	4c 93       	st	X, r20
    104c:	65 14       	cp	r6, r5
    104e:	59 f0       	breq	.+22     	; 0x1066 <conv_brk+0xb6>
    1050:	56 14       	cp	r5, r6
    1052:	10 f4       	brcc	.+4      	; 0x1058 <conv_brk+0xa8>
    1054:	53 94       	inc	r5
    1056:	e7 cf       	rjmp	.-50     	; 0x1026 <conv_brk+0x76>
    1058:	5a 94       	dec	r5
    105a:	e5 cf       	rjmp	.-54     	; 0x1026 <conv_brk+0x76>
    105c:	31 e0       	ldi	r19, 0x01	; 1
    105e:	04 c0       	rjmp	.+8      	; 0x1068 <conv_brk+0xb8>
    1060:	77 24       	eor	r7, r7
    1062:	73 94       	inc	r7
    1064:	01 c0       	rjmp	.+2      	; 0x1068 <conv_brk+0xb8>
    1066:	71 2c       	mov	r7, r1
    1068:	01 96       	adiw	r24, 0x01	; 1
    106a:	bf cf       	rjmp	.-130    	; 0xfea <conv_brk+0x3a>
    106c:	77 20       	and	r7, r7
    106e:	19 f0       	breq	.+6      	; 0x1076 <conv_brk+0xc6>
    1070:	8e 81       	ldd	r24, Y+6	; 0x06
    1072:	80 62       	ori	r24, 0x20	; 32
    1074:	8e 83       	std	Y+6, r24	; 0x06
    1076:	31 11       	cpse	r19, r1
    1078:	03 c0       	rjmp	.+6      	; 0x1080 <conv_brk+0xd0>
    107a:	88 24       	eor	r8, r8
    107c:	83 94       	inc	r8
    107e:	17 c0       	rjmp	.+46     	; 0x10ae <conv_brk+0xfe>
    1080:	f6 01       	movw	r30, r12
    1082:	9e 01       	movw	r18, r28
    1084:	2f 5d       	subi	r18, 0xDF	; 223
    1086:	3f 4f       	sbci	r19, 0xFF	; 255
    1088:	80 81       	ld	r24, Z
    108a:	80 95       	com	r24
    108c:	81 93       	st	Z+, r24
    108e:	2e 17       	cp	r18, r30
    1090:	3f 07       	cpc	r19, r31
    1092:	d1 f7       	brne	.-12     	; 0x1088 <conv_brk+0xd8>
    1094:	f2 cf       	rjmp	.-28     	; 0x107a <conv_brk+0xca>
    1096:	e1 14       	cp	r14, r1
    1098:	f1 04       	cpc	r15, r1
    109a:	29 f0       	breq	.+10     	; 0x10a6 <conv_brk+0xf6>
    109c:	d7 01       	movw	r26, r14
    109e:	8c 93       	st	X, r24
    10a0:	f7 01       	movw	r30, r14
    10a2:	31 96       	adiw	r30, 0x01	; 1
    10a4:	7f 01       	movw	r14, r30
    10a6:	9a 94       	dec	r9
    10a8:	81 2c       	mov	r8, r1
    10aa:	99 20       	and	r9, r9
    10ac:	f9 f0       	breq	.+62     	; 0x10ec <conv_brk+0x13c>
    10ae:	c5 01       	movw	r24, r10
    10b0:	0e 94 d1 09 	call	0x13a2	; 0x13a2 <fgetc>
    10b4:	97 fd       	sbrc	r25, 7
    10b6:	18 c0       	rjmp	.+48     	; 0x10e8 <conv_brk+0x138>
    10b8:	fc 01       	movw	r30, r24
    10ba:	ff 27       	eor	r31, r31
    10bc:	23 e0       	ldi	r18, 0x03	; 3
    10be:	f5 95       	asr	r31
    10c0:	e7 95       	ror	r30
    10c2:	2a 95       	dec	r18
    10c4:	e1 f7       	brne	.-8      	; 0x10be <conv_brk+0x10e>
    10c6:	ec 0d       	add	r30, r12
    10c8:	fd 1d       	adc	r31, r13
    10ca:	20 81       	ld	r18, Z
    10cc:	30 e0       	ldi	r19, 0x00	; 0
    10ce:	ac 01       	movw	r20, r24
    10d0:	47 70       	andi	r20, 0x07	; 7
    10d2:	55 27       	eor	r21, r21
    10d4:	02 c0       	rjmp	.+4      	; 0x10da <conv_brk+0x12a>
    10d6:	35 95       	asr	r19
    10d8:	27 95       	ror	r18
    10da:	4a 95       	dec	r20
    10dc:	e2 f7       	brpl	.-8      	; 0x10d6 <conv_brk+0x126>
    10de:	20 fd       	sbrc	r18, 0
    10e0:	da cf       	rjmp	.-76     	; 0x1096 <conv_brk+0xe6>
    10e2:	b5 01       	movw	r22, r10
    10e4:	0e 94 4b 0a 	call	0x1496	; 0x1496 <ungetc>
    10e8:	81 10       	cpse	r8, r1
    10ea:	87 cf       	rjmp	.-242    	; 0xffa <conv_brk+0x4a>
    10ec:	e1 14       	cp	r14, r1
    10ee:	f1 04       	cpc	r15, r1
    10f0:	11 f0       	breq	.+4      	; 0x10f6 <conv_brk+0x146>
    10f2:	d7 01       	movw	r26, r14
    10f4:	1c 92       	st	X, r1
    10f6:	c8 01       	movw	r24, r16
    10f8:	15 c0       	rjmp	.+42     	; 0x1124 <conv_brk+0x174>
    10fa:	42 2f       	mov	r20, r18
    10fc:	46 95       	lsr	r20
    10fe:	46 95       	lsr	r20
    1100:	46 95       	lsr	r20
    1102:	d6 01       	movw	r26, r12
    1104:	a4 0f       	add	r26, r20
    1106:	b1 1d       	adc	r27, r1
    1108:	42 2f       	mov	r20, r18
    110a:	47 70       	andi	r20, 0x07	; 7
    110c:	8b 01       	movw	r16, r22
    110e:	02 c0       	rjmp	.+4      	; 0x1114 <conv_brk+0x164>
    1110:	00 0f       	add	r16, r16
    1112:	11 1f       	adc	r17, r17
    1114:	4a 95       	dec	r20
    1116:	e2 f7       	brpl	.-8      	; 0x1110 <conv_brk+0x160>
    1118:	a8 01       	movw	r20, r16
    111a:	5c 91       	ld	r21, X
    111c:	45 2b       	or	r20, r21
    111e:	4c 93       	st	X, r20
    1120:	62 2e       	mov	r6, r18
    1122:	a2 cf       	rjmp	.-188    	; 0x1068 <conv_brk+0xb8>
    1124:	a0 96       	adiw	r28, 0x20	; 32
    1126:	ef e0       	ldi	r30, 0x0F	; 15
    1128:	0c 94 e4 0a 	jmp	0x15c8	; 0x15c8 <__epilogue_restores__+0x6>

0000112c <vfscanf>:
    112c:	a0 e0       	ldi	r26, 0x00	; 0
    112e:	b0 e0       	ldi	r27, 0x00	; 0
    1130:	ec e9       	ldi	r30, 0x9C	; 156
    1132:	f8 e0       	ldi	r31, 0x08	; 8
    1134:	0c 94 c8 0a 	jmp	0x1590	; 0x1590 <__prologue_saves__+0x6>
    1138:	6c 01       	movw	r12, r24
    113a:	eb 01       	movw	r28, r22
    113c:	5a 01       	movw	r10, r20
    113e:	fc 01       	movw	r30, r24
    1140:	17 82       	std	Z+7, r1	; 0x07
    1142:	16 82       	std	Z+6, r1	; 0x06
    1144:	51 2c       	mov	r5, r1
    1146:	f6 01       	movw	r30, r12
    1148:	e3 80       	ldd	r14, Z+3	; 0x03
    114a:	fe 01       	movw	r30, r28
    114c:	e3 fc       	sbrc	r14, 3
    114e:	85 91       	lpm	r24, Z+
    1150:	e3 fe       	sbrs	r14, 3
    1152:	81 91       	ld	r24, Z+
    1154:	18 2f       	mov	r17, r24
    1156:	ef 01       	movw	r28, r30
    1158:	88 23       	and	r24, r24
    115a:	09 f4       	brne	.+2      	; 0x115e <vfscanf+0x32>
    115c:	ee c0       	rjmp	.+476    	; 0x133a <vfscanf+0x20e>
    115e:	90 e0       	ldi	r25, 0x00	; 0
    1160:	0e 94 a7 09 	call	0x134e	; 0x134e <isspace>
    1164:	89 2b       	or	r24, r25
    1166:	21 f0       	breq	.+8      	; 0x1170 <vfscanf+0x44>
    1168:	c6 01       	movw	r24, r12
    116a:	0e 94 2d 07 	call	0xe5a	; 0xe5a <skip_spaces>
    116e:	eb cf       	rjmp	.-42     	; 0x1146 <vfscanf+0x1a>
    1170:	15 32       	cpi	r17, 0x25	; 37
    1172:	41 f4       	brne	.+16     	; 0x1184 <vfscanf+0x58>
    1174:	fe 01       	movw	r30, r28
    1176:	e3 fc       	sbrc	r14, 3
    1178:	15 91       	lpm	r17, Z+
    117a:	e3 fe       	sbrs	r14, 3
    117c:	11 91       	ld	r17, Z+
    117e:	ef 01       	movw	r28, r30
    1180:	15 32       	cpi	r17, 0x25	; 37
    1182:	81 f4       	brne	.+32     	; 0x11a4 <vfscanf+0x78>
    1184:	c6 01       	movw	r24, r12
    1186:	0e 94 d1 09 	call	0x13a2	; 0x13a2 <fgetc>
    118a:	97 fd       	sbrc	r25, 7
    118c:	d4 c0       	rjmp	.+424    	; 0x1336 <vfscanf+0x20a>
    118e:	41 2f       	mov	r20, r17
    1190:	50 e0       	ldi	r21, 0x00	; 0
    1192:	9c 01       	movw	r18, r24
    1194:	33 27       	eor	r19, r19
    1196:	24 17       	cp	r18, r20
    1198:	35 07       	cpc	r19, r21
    119a:	a9 f2       	breq	.-86     	; 0x1146 <vfscanf+0x1a>
    119c:	b6 01       	movw	r22, r12
    119e:	0e 94 4b 0a 	call	0x1496	; 0x1496 <ungetc>
    11a2:	cb c0       	rjmp	.+406    	; 0x133a <vfscanf+0x20e>
    11a4:	1a 32       	cpi	r17, 0x2A	; 42
    11a6:	39 f4       	brne	.+14     	; 0x11b6 <vfscanf+0x8a>
    11a8:	e3 fc       	sbrc	r14, 3
    11aa:	15 91       	lpm	r17, Z+
    11ac:	e3 fe       	sbrs	r14, 3
    11ae:	11 91       	ld	r17, Z+
    11b0:	ef 01       	movw	r28, r30
    11b2:	01 e0       	ldi	r16, 0x01	; 1
    11b4:	01 c0       	rjmp	.+2      	; 0x11b8 <vfscanf+0x8c>
    11b6:	00 e0       	ldi	r16, 0x00	; 0
    11b8:	f1 2c       	mov	r15, r1
    11ba:	20 ed       	ldi	r18, 0xD0	; 208
    11bc:	21 0f       	add	r18, r17
    11be:	2a 30       	cpi	r18, 0x0A	; 10
    11c0:	80 f4       	brcc	.+32     	; 0x11e2 <vfscanf+0xb6>
    11c2:	02 60       	ori	r16, 0x02	; 2
    11c4:	6f 2d       	mov	r22, r15
    11c6:	70 e0       	ldi	r23, 0x00	; 0
    11c8:	80 e0       	ldi	r24, 0x00	; 0
    11ca:	90 e0       	ldi	r25, 0x00	; 0
    11cc:	40 e2       	ldi	r20, 0x20	; 32
    11ce:	0e 94 06 07 	call	0xe0c	; 0xe0c <mulacc>
    11d2:	f6 2e       	mov	r15, r22
    11d4:	fe 01       	movw	r30, r28
    11d6:	e3 fc       	sbrc	r14, 3
    11d8:	15 91       	lpm	r17, Z+
    11da:	e3 fe       	sbrs	r14, 3
    11dc:	11 91       	ld	r17, Z+
    11de:	ef 01       	movw	r28, r30
    11e0:	ec cf       	rjmp	.-40     	; 0x11ba <vfscanf+0x8e>
    11e2:	01 ff       	sbrs	r16, 1
    11e4:	03 c0       	rjmp	.+6      	; 0x11ec <vfscanf+0xc0>
    11e6:	f1 10       	cpse	r15, r1
    11e8:	03 c0       	rjmp	.+6      	; 0x11f0 <vfscanf+0xc4>
    11ea:	a7 c0       	rjmp	.+334    	; 0x133a <vfscanf+0x20e>
    11ec:	ff 24       	eor	r15, r15
    11ee:	fa 94       	dec	r15
    11f0:	18 36       	cpi	r17, 0x68	; 104
    11f2:	19 f0       	breq	.+6      	; 0x11fa <vfscanf+0xce>
    11f4:	1c 36       	cpi	r17, 0x6C	; 108
    11f6:	51 f0       	breq	.+20     	; 0x120c <vfscanf+0xe0>
    11f8:	10 c0       	rjmp	.+32     	; 0x121a <vfscanf+0xee>
    11fa:	fe 01       	movw	r30, r28
    11fc:	e3 fc       	sbrc	r14, 3
    11fe:	15 91       	lpm	r17, Z+
    1200:	e3 fe       	sbrs	r14, 3
    1202:	11 91       	ld	r17, Z+
    1204:	ef 01       	movw	r28, r30
    1206:	18 36       	cpi	r17, 0x68	; 104
    1208:	41 f4       	brne	.+16     	; 0x121a <vfscanf+0xee>
    120a:	08 60       	ori	r16, 0x08	; 8
    120c:	04 60       	ori	r16, 0x04	; 4
    120e:	fe 01       	movw	r30, r28
    1210:	e3 fc       	sbrc	r14, 3
    1212:	15 91       	lpm	r17, Z+
    1214:	e3 fe       	sbrs	r14, 3
    1216:	11 91       	ld	r17, Z+
    1218:	ef 01       	movw	r28, r30
    121a:	11 23       	and	r17, r17
    121c:	09 f4       	brne	.+2      	; 0x1220 <vfscanf+0xf4>
    121e:	8d c0       	rjmp	.+282    	; 0x133a <vfscanf+0x20e>
    1220:	61 2f       	mov	r22, r17
    1222:	70 e0       	ldi	r23, 0x00	; 0
    1224:	88 e6       	ldi	r24, 0x68	; 104
    1226:	90 e0       	ldi	r25, 0x00	; 0
    1228:	0e 94 b0 09 	call	0x1360	; 0x1360 <strchr_P>
    122c:	89 2b       	or	r24, r25
    122e:	09 f4       	brne	.+2      	; 0x1232 <vfscanf+0x106>
    1230:	84 c0       	rjmp	.+264    	; 0x133a <vfscanf+0x20e>
    1232:	00 fd       	sbrc	r16, 0
    1234:	07 c0       	rjmp	.+14     	; 0x1244 <vfscanf+0x118>
    1236:	f5 01       	movw	r30, r10
    1238:	80 80       	ld	r8, Z
    123a:	91 80       	ldd	r9, Z+1	; 0x01
    123c:	c5 01       	movw	r24, r10
    123e:	02 96       	adiw	r24, 0x02	; 2
    1240:	5c 01       	movw	r10, r24
    1242:	02 c0       	rjmp	.+4      	; 0x1248 <vfscanf+0x11c>
    1244:	81 2c       	mov	r8, r1
    1246:	91 2c       	mov	r9, r1
    1248:	1e 36       	cpi	r17, 0x6E	; 110
    124a:	51 f4       	brne	.+20     	; 0x1260 <vfscanf+0x134>
    124c:	f6 01       	movw	r30, r12
    124e:	46 81       	ldd	r20, Z+6	; 0x06
    1250:	57 81       	ldd	r21, Z+7	; 0x07
    1252:	60 e0       	ldi	r22, 0x00	; 0
    1254:	70 e0       	ldi	r23, 0x00	; 0
    1256:	20 2f       	mov	r18, r16
    1258:	c4 01       	movw	r24, r8
    125a:	0e 94 fa 06 	call	0xdf4	; 0xdf4 <putval>
    125e:	73 cf       	rjmp	.-282    	; 0x1146 <vfscanf+0x1a>
    1260:	13 36       	cpi	r17, 0x63	; 99
    1262:	a9 f4       	brne	.+42     	; 0x128e <vfscanf+0x162>
    1264:	01 fd       	sbrc	r16, 1
    1266:	02 c0       	rjmp	.+4      	; 0x126c <vfscanf+0x140>
    1268:	ff 24       	eor	r15, r15
    126a:	f3 94       	inc	r15
    126c:	c6 01       	movw	r24, r12
    126e:	0e 94 d1 09 	call	0x13a2	; 0x13a2 <fgetc>
    1272:	97 fd       	sbrc	r25, 7
    1274:	60 c0       	rjmp	.+192    	; 0x1336 <vfscanf+0x20a>
    1276:	81 14       	cp	r8, r1
    1278:	91 04       	cpc	r9, r1
    127a:	29 f0       	breq	.+10     	; 0x1286 <vfscanf+0x15a>
    127c:	f4 01       	movw	r30, r8
    127e:	80 83       	st	Z, r24
    1280:	c4 01       	movw	r24, r8
    1282:	01 96       	adiw	r24, 0x01	; 1
    1284:	4c 01       	movw	r8, r24
    1286:	fa 94       	dec	r15
    1288:	f1 10       	cpse	r15, r1
    128a:	f0 cf       	rjmp	.-32     	; 0x126c <vfscanf+0x140>
    128c:	50 c0       	rjmp	.+160    	; 0x132e <vfscanf+0x202>
    128e:	1b 35       	cpi	r17, 0x5B	; 91
    1290:	59 f4       	brne	.+22     	; 0x12a8 <vfscanf+0x17c>
    1292:	9e 01       	movw	r18, r28
    1294:	a4 01       	movw	r20, r8
    1296:	6f 2d       	mov	r22, r15
    1298:	c6 01       	movw	r24, r12
    129a:	0e 94 d8 07 	call	0xfb0	; 0xfb0 <conv_brk>
    129e:	ec 01       	movw	r28, r24
    12a0:	89 2b       	or	r24, r25
    12a2:	09 f0       	breq	.+2      	; 0x12a6 <vfscanf+0x17a>
    12a4:	44 c0       	rjmp	.+136    	; 0x132e <vfscanf+0x202>
    12a6:	3e c0       	rjmp	.+124    	; 0x1324 <vfscanf+0x1f8>
    12a8:	c6 01       	movw	r24, r12
    12aa:	0e 94 2d 07 	call	0xe5a	; 0xe5a <skip_spaces>
    12ae:	97 fd       	sbrc	r25, 7
    12b0:	42 c0       	rjmp	.+132    	; 0x1336 <vfscanf+0x20a>
    12b2:	1f 36       	cpi	r17, 0x6F	; 111
    12b4:	61 f1       	breq	.+88     	; 0x130e <vfscanf+0x1e2>
    12b6:	28 f4       	brcc	.+10     	; 0x12c2 <vfscanf+0x196>
    12b8:	14 36       	cpi	r17, 0x64	; 100
    12ba:	39 f1       	breq	.+78     	; 0x130a <vfscanf+0x1de>
    12bc:	19 36       	cpi	r17, 0x69	; 105
    12be:	51 f1       	breq	.+84     	; 0x1314 <vfscanf+0x1e8>
    12c0:	28 c0       	rjmp	.+80     	; 0x1312 <vfscanf+0x1e6>
    12c2:	13 37       	cpi	r17, 0x73	; 115
    12c4:	71 f0       	breq	.+28     	; 0x12e2 <vfscanf+0x1b6>
    12c6:	15 37       	cpi	r17, 0x75	; 117
    12c8:	01 f1       	breq	.+64     	; 0x130a <vfscanf+0x1de>
    12ca:	23 c0       	rjmp	.+70     	; 0x1312 <vfscanf+0x1e6>
    12cc:	81 14       	cp	r8, r1
    12ce:	91 04       	cpc	r9, r1
    12d0:	29 f0       	breq	.+10     	; 0x12dc <vfscanf+0x1b0>
    12d2:	f4 01       	movw	r30, r8
    12d4:	60 82       	st	Z, r6
    12d6:	c4 01       	movw	r24, r8
    12d8:	01 96       	adiw	r24, 0x01	; 1
    12da:	4c 01       	movw	r8, r24
    12dc:	fa 94       	dec	r15
    12de:	ff 20       	and	r15, r15
    12e0:	71 f0       	breq	.+28     	; 0x12fe <vfscanf+0x1d2>
    12e2:	c6 01       	movw	r24, r12
    12e4:	0e 94 d1 09 	call	0x13a2	; 0x13a2 <fgetc>
    12e8:	3c 01       	movw	r6, r24
    12ea:	97 fd       	sbrc	r25, 7
    12ec:	08 c0       	rjmp	.+16     	; 0x12fe <vfscanf+0x1d2>
    12ee:	0e 94 a7 09 	call	0x134e	; 0x134e <isspace>
    12f2:	89 2b       	or	r24, r25
    12f4:	59 f3       	breq	.-42     	; 0x12cc <vfscanf+0x1a0>
    12f6:	b6 01       	movw	r22, r12
    12f8:	c3 01       	movw	r24, r6
    12fa:	0e 94 4b 0a 	call	0x1496	; 0x1496 <ungetc>
    12fe:	81 14       	cp	r8, r1
    1300:	91 04       	cpc	r9, r1
    1302:	a9 f0       	breq	.+42     	; 0x132e <vfscanf+0x202>
    1304:	f4 01       	movw	r30, r8
    1306:	10 82       	st	Z, r1
    1308:	12 c0       	rjmp	.+36     	; 0x132e <vfscanf+0x202>
    130a:	00 62       	ori	r16, 0x20	; 32
    130c:	03 c0       	rjmp	.+6      	; 0x1314 <vfscanf+0x1e8>
    130e:	00 61       	ori	r16, 0x10	; 16
    1310:	01 c0       	rjmp	.+2      	; 0x1314 <vfscanf+0x1e8>
    1312:	00 64       	ori	r16, 0x40	; 64
    1314:	20 2f       	mov	r18, r16
    1316:	a4 01       	movw	r20, r8
    1318:	6f 2d       	mov	r22, r15
    131a:	c6 01       	movw	r24, r12
    131c:	0e 94 46 07 	call	0xe8c	; 0xe8c <conv_int>
    1320:	81 11       	cpse	r24, r1
    1322:	05 c0       	rjmp	.+10     	; 0x132e <vfscanf+0x202>
    1324:	f6 01       	movw	r30, r12
    1326:	83 81       	ldd	r24, Z+3	; 0x03
    1328:	80 73       	andi	r24, 0x30	; 48
    132a:	29 f4       	brne	.+10     	; 0x1336 <vfscanf+0x20a>
    132c:	06 c0       	rjmp	.+12     	; 0x133a <vfscanf+0x20e>
    132e:	00 fd       	sbrc	r16, 0
    1330:	0a cf       	rjmp	.-492    	; 0x1146 <vfscanf+0x1a>
    1332:	53 94       	inc	r5
    1334:	08 cf       	rjmp	.-496    	; 0x1146 <vfscanf+0x1a>
    1336:	55 20       	and	r5, r5
    1338:	19 f0       	breq	.+6      	; 0x1340 <vfscanf+0x214>
    133a:	85 2d       	mov	r24, r5
    133c:	90 e0       	ldi	r25, 0x00	; 0
    133e:	02 c0       	rjmp	.+4      	; 0x1344 <vfscanf+0x218>
    1340:	8f ef       	ldi	r24, 0xFF	; 255
    1342:	9f ef       	ldi	r25, 0xFF	; 255
    1344:	cd b7       	in	r28, 0x3d	; 61
    1346:	de b7       	in	r29, 0x3e	; 62
    1348:	ef e0       	ldi	r30, 0x0F	; 15
    134a:	0c 94 e4 0a 	jmp	0x15c8	; 0x15c8 <__epilogue_restores__+0x6>

0000134e <isspace>:
    134e:	91 11       	cpse	r25, r1
    1350:	0c 94 c2 0a 	jmp	0x1584	; 0x1584 <__ctype_isfalse>
    1354:	80 32       	cpi	r24, 0x20	; 32
    1356:	19 f0       	breq	.+6      	; 0x135e <isspace+0x10>
    1358:	89 50       	subi	r24, 0x09	; 9
    135a:	85 50       	subi	r24, 0x05	; 5
    135c:	c8 f7       	brcc	.-14     	; 0x1350 <isspace+0x2>
    135e:	08 95       	ret

00001360 <strchr_P>:
    1360:	fc 01       	movw	r30, r24
    1362:	05 90       	lpm	r0, Z+
    1364:	06 16       	cp	r0, r22
    1366:	21 f0       	breq	.+8      	; 0x1370 <strchr_P+0x10>
    1368:	00 20       	and	r0, r0
    136a:	d9 f7       	brne	.-10     	; 0x1362 <strchr_P+0x2>
    136c:	c0 01       	movw	r24, r0
    136e:	08 95       	ret
    1370:	31 97       	sbiw	r30, 0x01	; 1
    1372:	cf 01       	movw	r24, r30
    1374:	08 95       	ret

00001376 <strnlen_P>:
    1376:	fc 01       	movw	r30, r24
    1378:	05 90       	lpm	r0, Z+
    137a:	61 50       	subi	r22, 0x01	; 1
    137c:	70 40       	sbci	r23, 0x00	; 0
    137e:	01 10       	cpse	r0, r1
    1380:	d8 f7       	brcc	.-10     	; 0x1378 <strnlen_P+0x2>
    1382:	80 95       	com	r24
    1384:	90 95       	com	r25
    1386:	8e 0f       	add	r24, r30
    1388:	9f 1f       	adc	r25, r31
    138a:	08 95       	ret

0000138c <strnlen>:
    138c:	fc 01       	movw	r30, r24
    138e:	61 50       	subi	r22, 0x01	; 1
    1390:	70 40       	sbci	r23, 0x00	; 0
    1392:	01 90       	ld	r0, Z+
    1394:	01 10       	cpse	r0, r1
    1396:	d8 f7       	brcc	.-10     	; 0x138e <strnlen+0x2>
    1398:	80 95       	com	r24
    139a:	90 95       	com	r25
    139c:	8e 0f       	add	r24, r30
    139e:	9f 1f       	adc	r25, r31
    13a0:	08 95       	ret

000013a2 <fgetc>:
    13a2:	cf 93       	push	r28
    13a4:	df 93       	push	r29
    13a6:	ec 01       	movw	r28, r24
    13a8:	2b 81       	ldd	r18, Y+3	; 0x03
    13aa:	20 ff       	sbrs	r18, 0
    13ac:	33 c0       	rjmp	.+102    	; 0x1414 <fgetc+0x72>
    13ae:	26 ff       	sbrs	r18, 6
    13b0:	0a c0       	rjmp	.+20     	; 0x13c6 <fgetc+0x24>
    13b2:	2f 7b       	andi	r18, 0xBF	; 191
    13b4:	2b 83       	std	Y+3, r18	; 0x03
    13b6:	8e 81       	ldd	r24, Y+6	; 0x06
    13b8:	9f 81       	ldd	r25, Y+7	; 0x07
    13ba:	01 96       	adiw	r24, 0x01	; 1
    13bc:	9f 83       	std	Y+7, r25	; 0x07
    13be:	8e 83       	std	Y+6, r24	; 0x06
    13c0:	8a 81       	ldd	r24, Y+2	; 0x02
    13c2:	90 e0       	ldi	r25, 0x00	; 0
    13c4:	29 c0       	rjmp	.+82     	; 0x1418 <fgetc+0x76>
    13c6:	22 ff       	sbrs	r18, 2
    13c8:	0f c0       	rjmp	.+30     	; 0x13e8 <fgetc+0x46>
    13ca:	e8 81       	ld	r30, Y
    13cc:	f9 81       	ldd	r31, Y+1	; 0x01
    13ce:	80 81       	ld	r24, Z
    13d0:	08 2e       	mov	r0, r24
    13d2:	00 0c       	add	r0, r0
    13d4:	99 0b       	sbc	r25, r25
    13d6:	00 97       	sbiw	r24, 0x00	; 0
    13d8:	19 f4       	brne	.+6      	; 0x13e0 <fgetc+0x3e>
    13da:	20 62       	ori	r18, 0x20	; 32
    13dc:	2b 83       	std	Y+3, r18	; 0x03
    13de:	1a c0       	rjmp	.+52     	; 0x1414 <fgetc+0x72>
    13e0:	31 96       	adiw	r30, 0x01	; 1
    13e2:	f9 83       	std	Y+1, r31	; 0x01
    13e4:	e8 83       	st	Y, r30
    13e6:	0e c0       	rjmp	.+28     	; 0x1404 <fgetc+0x62>
    13e8:	ea 85       	ldd	r30, Y+10	; 0x0a
    13ea:	fb 85       	ldd	r31, Y+11	; 0x0b
    13ec:	09 95       	icall
    13ee:	97 ff       	sbrs	r25, 7
    13f0:	09 c0       	rjmp	.+18     	; 0x1404 <fgetc+0x62>
    13f2:	2b 81       	ldd	r18, Y+3	; 0x03
    13f4:	01 96       	adiw	r24, 0x01	; 1
    13f6:	11 f0       	breq	.+4      	; 0x13fc <fgetc+0x5a>
    13f8:	80 e2       	ldi	r24, 0x20	; 32
    13fa:	01 c0       	rjmp	.+2      	; 0x13fe <fgetc+0x5c>
    13fc:	80 e1       	ldi	r24, 0x10	; 16
    13fe:	82 2b       	or	r24, r18
    1400:	8b 83       	std	Y+3, r24	; 0x03
    1402:	08 c0       	rjmp	.+16     	; 0x1414 <fgetc+0x72>
    1404:	2e 81       	ldd	r18, Y+6	; 0x06
    1406:	3f 81       	ldd	r19, Y+7	; 0x07
    1408:	2f 5f       	subi	r18, 0xFF	; 255
    140a:	3f 4f       	sbci	r19, 0xFF	; 255
    140c:	3f 83       	std	Y+7, r19	; 0x07
    140e:	2e 83       	std	Y+6, r18	; 0x06
    1410:	99 27       	eor	r25, r25
    1412:	02 c0       	rjmp	.+4      	; 0x1418 <fgetc+0x76>
    1414:	8f ef       	ldi	r24, 0xFF	; 255
    1416:	9f ef       	ldi	r25, 0xFF	; 255
    1418:	df 91       	pop	r29
    141a:	cf 91       	pop	r28
    141c:	08 95       	ret

0000141e <fputc>:
    141e:	0f 93       	push	r16
    1420:	1f 93       	push	r17
    1422:	cf 93       	push	r28
    1424:	df 93       	push	r29
    1426:	fb 01       	movw	r30, r22
    1428:	23 81       	ldd	r18, Z+3	; 0x03
    142a:	21 fd       	sbrc	r18, 1
    142c:	03 c0       	rjmp	.+6      	; 0x1434 <fputc+0x16>
    142e:	8f ef       	ldi	r24, 0xFF	; 255
    1430:	9f ef       	ldi	r25, 0xFF	; 255
    1432:	2c c0       	rjmp	.+88     	; 0x148c <fputc+0x6e>
    1434:	22 ff       	sbrs	r18, 2
    1436:	16 c0       	rjmp	.+44     	; 0x1464 <fputc+0x46>
    1438:	46 81       	ldd	r20, Z+6	; 0x06
    143a:	57 81       	ldd	r21, Z+7	; 0x07
    143c:	24 81       	ldd	r18, Z+4	; 0x04
    143e:	35 81       	ldd	r19, Z+5	; 0x05
    1440:	42 17       	cp	r20, r18
    1442:	53 07       	cpc	r21, r19
    1444:	44 f4       	brge	.+16     	; 0x1456 <fputc+0x38>
    1446:	a0 81       	ld	r26, Z
    1448:	b1 81       	ldd	r27, Z+1	; 0x01
    144a:	9d 01       	movw	r18, r26
    144c:	2f 5f       	subi	r18, 0xFF	; 255
    144e:	3f 4f       	sbci	r19, 0xFF	; 255
    1450:	31 83       	std	Z+1, r19	; 0x01
    1452:	20 83       	st	Z, r18
    1454:	8c 93       	st	X, r24
    1456:	26 81       	ldd	r18, Z+6	; 0x06
    1458:	37 81       	ldd	r19, Z+7	; 0x07
    145a:	2f 5f       	subi	r18, 0xFF	; 255
    145c:	3f 4f       	sbci	r19, 0xFF	; 255
    145e:	37 83       	std	Z+7, r19	; 0x07
    1460:	26 83       	std	Z+6, r18	; 0x06
    1462:	14 c0       	rjmp	.+40     	; 0x148c <fputc+0x6e>
    1464:	8b 01       	movw	r16, r22
    1466:	ec 01       	movw	r28, r24
    1468:	fb 01       	movw	r30, r22
    146a:	00 84       	ldd	r0, Z+8	; 0x08
    146c:	f1 85       	ldd	r31, Z+9	; 0x09
    146e:	e0 2d       	mov	r30, r0
    1470:	09 95       	icall
    1472:	89 2b       	or	r24, r25
    1474:	e1 f6       	brne	.-72     	; 0x142e <fputc+0x10>
    1476:	d8 01       	movw	r26, r16
    1478:	16 96       	adiw	r26, 0x06	; 6
    147a:	8d 91       	ld	r24, X+
    147c:	9c 91       	ld	r25, X
    147e:	17 97       	sbiw	r26, 0x07	; 7
    1480:	01 96       	adiw	r24, 0x01	; 1
    1482:	17 96       	adiw	r26, 0x07	; 7
    1484:	9c 93       	st	X, r25
    1486:	8e 93       	st	-X, r24
    1488:	16 97       	sbiw	r26, 0x06	; 6
    148a:	ce 01       	movw	r24, r28
    148c:	df 91       	pop	r29
    148e:	cf 91       	pop	r28
    1490:	1f 91       	pop	r17
    1492:	0f 91       	pop	r16
    1494:	08 95       	ret

00001496 <ungetc>:
    1496:	fb 01       	movw	r30, r22
    1498:	23 81       	ldd	r18, Z+3	; 0x03
    149a:	20 ff       	sbrs	r18, 0
    149c:	12 c0       	rjmp	.+36     	; 0x14c2 <ungetc+0x2c>
    149e:	26 fd       	sbrc	r18, 6
    14a0:	10 c0       	rjmp	.+32     	; 0x14c2 <ungetc+0x2c>
    14a2:	8f 3f       	cpi	r24, 0xFF	; 255
    14a4:	3f ef       	ldi	r19, 0xFF	; 255
    14a6:	93 07       	cpc	r25, r19
    14a8:	61 f0       	breq	.+24     	; 0x14c2 <ungetc+0x2c>
    14aa:	82 83       	std	Z+2, r24	; 0x02
    14ac:	2f 7d       	andi	r18, 0xDF	; 223
    14ae:	20 64       	ori	r18, 0x40	; 64
    14b0:	23 83       	std	Z+3, r18	; 0x03
    14b2:	26 81       	ldd	r18, Z+6	; 0x06
    14b4:	37 81       	ldd	r19, Z+7	; 0x07
    14b6:	21 50       	subi	r18, 0x01	; 1
    14b8:	31 09       	sbc	r19, r1
    14ba:	37 83       	std	Z+7, r19	; 0x07
    14bc:	26 83       	std	Z+6, r18	; 0x06
    14be:	99 27       	eor	r25, r25
    14c0:	08 95       	ret
    14c2:	8f ef       	ldi	r24, 0xFF	; 255
    14c4:	9f ef       	ldi	r25, 0xFF	; 255
    14c6:	08 95       	ret

000014c8 <__ultoa_invert>:
    14c8:	fa 01       	movw	r30, r20
    14ca:	aa 27       	eor	r26, r26
    14cc:	28 30       	cpi	r18, 0x08	; 8
    14ce:	51 f1       	breq	.+84     	; 0x1524 <__ultoa_invert+0x5c>
    14d0:	20 31       	cpi	r18, 0x10	; 16
    14d2:	81 f1       	breq	.+96     	; 0x1534 <__ultoa_invert+0x6c>
    14d4:	e8 94       	clt
    14d6:	6f 93       	push	r22
    14d8:	6e 7f       	andi	r22, 0xFE	; 254
    14da:	6e 5f       	subi	r22, 0xFE	; 254
    14dc:	7f 4f       	sbci	r23, 0xFF	; 255
    14de:	8f 4f       	sbci	r24, 0xFF	; 255
    14e0:	9f 4f       	sbci	r25, 0xFF	; 255
    14e2:	af 4f       	sbci	r26, 0xFF	; 255
    14e4:	b1 e0       	ldi	r27, 0x01	; 1
    14e6:	3e d0       	rcall	.+124    	; 0x1564 <__ultoa_invert+0x9c>
    14e8:	b4 e0       	ldi	r27, 0x04	; 4
    14ea:	3c d0       	rcall	.+120    	; 0x1564 <__ultoa_invert+0x9c>
    14ec:	67 0f       	add	r22, r23
    14ee:	78 1f       	adc	r23, r24
    14f0:	89 1f       	adc	r24, r25
    14f2:	9a 1f       	adc	r25, r26
    14f4:	a1 1d       	adc	r26, r1
    14f6:	68 0f       	add	r22, r24
    14f8:	79 1f       	adc	r23, r25
    14fa:	8a 1f       	adc	r24, r26
    14fc:	91 1d       	adc	r25, r1
    14fe:	a1 1d       	adc	r26, r1
    1500:	6a 0f       	add	r22, r26
    1502:	71 1d       	adc	r23, r1
    1504:	81 1d       	adc	r24, r1
    1506:	91 1d       	adc	r25, r1
    1508:	a1 1d       	adc	r26, r1
    150a:	20 d0       	rcall	.+64     	; 0x154c <__ultoa_invert+0x84>
    150c:	09 f4       	brne	.+2      	; 0x1510 <__ultoa_invert+0x48>
    150e:	68 94       	set
    1510:	3f 91       	pop	r19
    1512:	2a e0       	ldi	r18, 0x0A	; 10
    1514:	26 9f       	mul	r18, r22
    1516:	11 24       	eor	r1, r1
    1518:	30 19       	sub	r19, r0
    151a:	30 5d       	subi	r19, 0xD0	; 208
    151c:	31 93       	st	Z+, r19
    151e:	de f6       	brtc	.-74     	; 0x14d6 <__ultoa_invert+0xe>
    1520:	cf 01       	movw	r24, r30
    1522:	08 95       	ret
    1524:	46 2f       	mov	r20, r22
    1526:	47 70       	andi	r20, 0x07	; 7
    1528:	40 5d       	subi	r20, 0xD0	; 208
    152a:	41 93       	st	Z+, r20
    152c:	b3 e0       	ldi	r27, 0x03	; 3
    152e:	0f d0       	rcall	.+30     	; 0x154e <__ultoa_invert+0x86>
    1530:	c9 f7       	brne	.-14     	; 0x1524 <__ultoa_invert+0x5c>
    1532:	f6 cf       	rjmp	.-20     	; 0x1520 <__ultoa_invert+0x58>
    1534:	46 2f       	mov	r20, r22
    1536:	4f 70       	andi	r20, 0x0F	; 15
    1538:	40 5d       	subi	r20, 0xD0	; 208
    153a:	4a 33       	cpi	r20, 0x3A	; 58
    153c:	18 f0       	brcs	.+6      	; 0x1544 <__ultoa_invert+0x7c>
    153e:	49 5d       	subi	r20, 0xD9	; 217
    1540:	31 fd       	sbrc	r19, 1
    1542:	40 52       	subi	r20, 0x20	; 32
    1544:	41 93       	st	Z+, r20
    1546:	02 d0       	rcall	.+4      	; 0x154c <__ultoa_invert+0x84>
    1548:	a9 f7       	brne	.-22     	; 0x1534 <__ultoa_invert+0x6c>
    154a:	ea cf       	rjmp	.-44     	; 0x1520 <__ultoa_invert+0x58>
    154c:	b4 e0       	ldi	r27, 0x04	; 4
    154e:	a6 95       	lsr	r26
    1550:	97 95       	ror	r25
    1552:	87 95       	ror	r24
    1554:	77 95       	ror	r23
    1556:	67 95       	ror	r22
    1558:	ba 95       	dec	r27
    155a:	c9 f7       	brne	.-14     	; 0x154e <__ultoa_invert+0x86>
    155c:	00 97       	sbiw	r24, 0x00	; 0
    155e:	61 05       	cpc	r22, r1
    1560:	71 05       	cpc	r23, r1
    1562:	08 95       	ret
    1564:	9b 01       	movw	r18, r22
    1566:	ac 01       	movw	r20, r24
    1568:	0a 2e       	mov	r0, r26
    156a:	06 94       	lsr	r0
    156c:	57 95       	ror	r21
    156e:	47 95       	ror	r20
    1570:	37 95       	ror	r19
    1572:	27 95       	ror	r18
    1574:	ba 95       	dec	r27
    1576:	c9 f7       	brne	.-14     	; 0x156a <__ultoa_invert+0xa2>
    1578:	62 0f       	add	r22, r18
    157a:	73 1f       	adc	r23, r19
    157c:	84 1f       	adc	r24, r20
    157e:	95 1f       	adc	r25, r21
    1580:	a0 1d       	adc	r26, r0
    1582:	08 95       	ret

00001584 <__ctype_isfalse>:
    1584:	99 27       	eor	r25, r25
    1586:	88 27       	eor	r24, r24

00001588 <__ctype_istrue>:
    1588:	08 95       	ret

0000158a <__prologue_saves__>:
    158a:	2f 92       	push	r2
    158c:	3f 92       	push	r3
    158e:	4f 92       	push	r4
    1590:	5f 92       	push	r5
    1592:	6f 92       	push	r6
    1594:	7f 92       	push	r7
    1596:	8f 92       	push	r8
    1598:	9f 92       	push	r9
    159a:	af 92       	push	r10
    159c:	bf 92       	push	r11
    159e:	cf 92       	push	r12
    15a0:	df 92       	push	r13
    15a2:	ef 92       	push	r14
    15a4:	ff 92       	push	r15
    15a6:	0f 93       	push	r16
    15a8:	1f 93       	push	r17
    15aa:	cf 93       	push	r28
    15ac:	df 93       	push	r29
    15ae:	cd b7       	in	r28, 0x3d	; 61
    15b0:	de b7       	in	r29, 0x3e	; 62
    15b2:	ca 1b       	sub	r28, r26
    15b4:	db 0b       	sbc	r29, r27
    15b6:	0f b6       	in	r0, 0x3f	; 63
    15b8:	f8 94       	cli
    15ba:	de bf       	out	0x3e, r29	; 62
    15bc:	0f be       	out	0x3f, r0	; 63
    15be:	cd bf       	out	0x3d, r28	; 61
    15c0:	09 94       	ijmp

000015c2 <__epilogue_restores__>:
    15c2:	2a 88       	ldd	r2, Y+18	; 0x12
    15c4:	39 88       	ldd	r3, Y+17	; 0x11
    15c6:	48 88       	ldd	r4, Y+16	; 0x10
    15c8:	5f 84       	ldd	r5, Y+15	; 0x0f
    15ca:	6e 84       	ldd	r6, Y+14	; 0x0e
    15cc:	7d 84       	ldd	r7, Y+13	; 0x0d
    15ce:	8c 84       	ldd	r8, Y+12	; 0x0c
    15d0:	9b 84       	ldd	r9, Y+11	; 0x0b
    15d2:	aa 84       	ldd	r10, Y+10	; 0x0a
    15d4:	b9 84       	ldd	r11, Y+9	; 0x09
    15d6:	c8 84       	ldd	r12, Y+8	; 0x08
    15d8:	df 80       	ldd	r13, Y+7	; 0x07
    15da:	ee 80       	ldd	r14, Y+6	; 0x06
    15dc:	fd 80       	ldd	r15, Y+5	; 0x05
    15de:	0c 81       	ldd	r16, Y+4	; 0x04
    15e0:	1b 81       	ldd	r17, Y+3	; 0x03
    15e2:	aa 81       	ldd	r26, Y+2	; 0x02
    15e4:	b9 81       	ldd	r27, Y+1	; 0x01
    15e6:	ce 0f       	add	r28, r30
    15e8:	d1 1d       	adc	r29, r1
    15ea:	0f b6       	in	r0, 0x3f	; 63
    15ec:	f8 94       	cli
    15ee:	de bf       	out	0x3e, r29	; 62
    15f0:	0f be       	out	0x3f, r0	; 63
    15f2:	cd bf       	out	0x3d, r28	; 61
    15f4:	ed 01       	movw	r28, r26
    15f6:	08 95       	ret

000015f8 <_exit>:
    15f8:	f8 94       	cli

000015fa <__stop_program>:
    15fa:	ff cf       	rjmp	.-2      	; 0x15fa <__stop_program>
