
task2.elf:     file format elf32-avr

Sections:
Idx Name          Size      VMA       LMA       File off  Algn
  0 .data         00000060  00800100  00001e0e  00001e82  2**0
                  CONTENTS, ALLOC, LOAD, DATA
  1 .text         00001e0e  00000000  00000000  00000074  2**1
                  CONTENTS, ALLOC, LOAD, READONLY, CODE
  2 .stab         00002460  00000000  00000000  00001ee4  2**2
                  CONTENTS, READONLY, DEBUGGING
  3 .stabstr      00001026  00000000  00000000  00004344  2**0
                  CONTENTS, READONLY, DEBUGGING
  4 .comment      00000011  00000000  00000000  0000536a  2**0
                  CONTENTS, READONLY
  5 .note.gnu.avr.deviceinfo 00000040  00000000  00000000  0000537c  2**2
                  CONTENTS, READONLY
  6 .debug_info   000005f4  00000000  00000000  000053bc  2**0
                  CONTENTS, READONLY, DEBUGGING
  7 .debug_abbrev 000005a2  00000000  00000000  000059b0  2**0
                  CONTENTS, READONLY, DEBUGGING
  8 .debug_line   0000001a  00000000  00000000  00005f52  2**0
                  CONTENTS, READONLY, DEBUGGING
  9 .debug_str    00000208  00000000  00000000  00005f6c  2**0
                  CONTENTS, READONLY, DEBUGGING

Disassembly of section .text:

00000000 <__vectors>:
       0:	0c 94 dc 00 	jmp	0x1b8	; 0x1b8 <__ctors_end>
       4:	0c 94 f1 00 	jmp	0x1e2	; 0x1e2 <__bad_interrupt>
       8:	0c 94 f1 00 	jmp	0x1e2	; 0x1e2 <__bad_interrupt>
       c:	0c 94 f1 00 	jmp	0x1e2	; 0x1e2 <__bad_interrupt>
      10:	0c 94 f1 00 	jmp	0x1e2	; 0x1e2 <__bad_interrupt>
      14:	0c 94 f1 00 	jmp	0x1e2	; 0x1e2 <__bad_interrupt>
      18:	0c 94 f1 00 	jmp	0x1e2	; 0x1e2 <__bad_interrupt>
      1c:	0c 94 f1 00 	jmp	0x1e2	; 0x1e2 <__bad_interrupt>
      20:	0c 94 f1 00 	jmp	0x1e2	; 0x1e2 <__bad_interrupt>
      24:	0c 94 f1 00 	jmp	0x1e2	; 0x1e2 <__bad_interrupt>
      28:	0c 94 f1 00 	jmp	0x1e2	; 0x1e2 <__bad_interrupt>
      2c:	0c 94 f1 00 	jmp	0x1e2	; 0x1e2 <__bad_interrupt>
      30:	0c 94 f1 00 	jmp	0x1e2	; 0x1e2 <__bad_interrupt>
      34:	0c 94 f1 00 	jmp	0x1e2	; 0x1e2 <__bad_interrupt>
      38:	0c 94 f1 00 	jmp	0x1e2	; 0x1e2 <__bad_interrupt>
      3c:	0c 94 f1 00 	jmp	0x1e2	; 0x1e2 <__bad_interrupt>
      40:	0c 94 f1 00 	jmp	0x1e2	; 0x1e2 <__bad_interrupt>
      44:	0c 94 f1 00 	jmp	0x1e2	; 0x1e2 <__bad_interrupt>
      48:	0c 94 f1 00 	jmp	0x1e2	; 0x1e2 <__bad_interrupt>
      4c:	0c 94 f1 00 	jmp	0x1e2	; 0x1e2 <__bad_interrupt>
      50:	0c 94 f1 00 	jmp	0x1e2	; 0x1e2 <__bad_interrupt>
      54:	0c 94 f1 00 	jmp	0x1e2	; 0x1e2 <__bad_interrupt>
      58:	0c 94 f1 00 	jmp	0x1e2	; 0x1e2 <__bad_interrupt>
      5c:	0c 94 f1 00 	jmp	0x1e2	; 0x1e2 <__bad_interrupt>
      60:	0c 94 f1 00 	jmp	0x1e2	; 0x1e2 <__bad_interrupt>
      64:	0c 94 f1 00 	jmp	0x1e2	; 0x1e2 <__bad_interrupt>

00000068 <__trampolines_end>:
      68:	6e 61       	ori	r22, 0x1E	; 30
      6a:	6e 00       	.word	0x006e	; ????

0000006c <__c.2332>:
      6c:	69 6e 66 00 00 40 7a 10 f3 5a 00 a0 72 4e 18 09     inf..@z..Z..rN..
      7c:	00 10 a5 d4 e8 00 00 e8 76 48 17 00 00 e4 0b 54     ........vH.....T
      8c:	02 00 00 ca 9a 3b 00 00 00 e1 f5 05 00 00 80 96     .....;..........
      9c:	98 00 00 00 40 42 0f 00 00 00 a0 86 01 00 00 00     ....@B..........
      ac:	10 27 00 00 00 00 e8 03 00 00 00 00 64 00 00 00     .'..........d...
      bc:	00 00 0a 00 00 00 00 00 01 00 00 00 00 00 2c 76     ..............,v
      cc:	d8 88 dc 67 4f 08 23 df c1 df ae 59 e1 b1 b7 96     ...gO.#....Y....
      dc:	e5 e3 e4 53 c6 3a e6 51 99 76 96 e8 e6 c2 84 26     ...S.:.Q.v.....&
      ec:	eb 89 8c 9b 62 ed 40 7c 6f fc ef bc 9c 9f 40 f2     ....b.@|o.....@.
      fc:	ba a5 6f a5 f4 90 05 5a 2a f7 5c 93 6b 6c f9 67     ..o....Z*.\.kl.g
     10c:	6d c1 1b fc e0 e4 0d 47 fe f5 20 e6 b5 00 d0 ed     m......G.. .....
     11c:	90 2e 03 00 94 35 77 05 00 80 84 1e 08 00 00 20     .....5w........ 
     12c:	4e 0a 00 00 00 c8 0c 33 33 33 33 0f 98 6e 12 83     N......3333..n..
     13c:	11 41 ef 8d 21 14 89 3b e6 55 16 cf fe e6 db 18     .A..!..;.U......
     14c:	d1 84 4b 38 1b f7 7c 1d 90 1d a4 bb e4 24 20 32     ..K8..|......$ 2
     15c:	84 72 5e 22 81 00 c9 f1 24 ec a1 e5 3d 27           .r^"....$...='

0000016a <__c.2529>:
     16a:	63 64 69 6e 6f 70 73 75 78 58 5b 65 66 67 45 46     cdinopsuxX[efgEF
     17a:	47 00                                               G.

0000017c <pstr_an>:
     17c:	61 6e 00                                            an.

0000017f <pstr_nfinity>:
     17f:	6e 66 69 6e 69 74 79 00                             nfinity.

00000187 <pwr_m10>:
     187:	cd cc cc 3d 0a d7 23 3c 17 b7 d1 38 77 cc 2b 32     ...=..#<...8w.+2
     197:	95 95 e6 24 1f b1 4f 0a                             ...$..O.

0000019f <pwr_p10>:
     19f:	00 00 20 41 00 00 c8 42 00 40 1c 46 20 bc be 4c     .. A...B.@.F ..L
     1af:	ca 1b 0e 5a ae c5 9d 74 00                          ...Z...t.

000001b8 <__ctors_end>:
     1b8:	11 24       	eor	r1, r1
     1ba:	1f be       	out	0x3f, r1	; 63
     1bc:	cf ef       	ldi	r28, 0xFF	; 255
     1be:	d8 e0       	ldi	r29, 0x08	; 8
     1c0:	de bf       	out	0x3e, r29	; 62
     1c2:	cd bf       	out	0x3d, r28	; 61

000001c4 <__do_copy_data>:
     1c4:	11 e0       	ldi	r17, 0x01	; 1
     1c6:	a0 e0       	ldi	r26, 0x00	; 0
     1c8:	b1 e0       	ldi	r27, 0x01	; 1
     1ca:	ee e0       	ldi	r30, 0x0E	; 14
     1cc:	fe e1       	ldi	r31, 0x1E	; 30
     1ce:	02 c0       	rjmp	.+4      	; 0x1d4 <__do_copy_data+0x10>
     1d0:	05 90       	lpm	r0, Z+
     1d2:	0d 92       	st	X+, r0
     1d4:	a0 36       	cpi	r26, 0x60	; 96
     1d6:	b1 07       	cpc	r27, r17
     1d8:	d9 f7       	brne	.-10     	; 0x1d0 <__do_copy_data+0xc>
     1da:	0e 94 af 03 	call	0x75e	; 0x75e <main>
     1de:	0c 94 05 0f 	jmp	0x1e0a	; 0x1e0a <_exit>

000001e2 <__bad_interrupt>:
     1e2:	0c 94 00 00 	jmp	0	; 0x0 <__vectors>

000001e6 <uart_init>:

// inicjalizacja UART
void uart_init()
{
  // ustaw baudrate
  UBRR0 = UBRR_VALUE;
     1e6:	87 e6       	ldi	r24, 0x67	; 103
     1e8:	90 e0       	ldi	r25, 0x00	; 0
     1ea:	90 93 c5 00 	sts	0x00C5, r25	; 0x8000c5 <__TEXT_REGION_LENGTH__+0x7f80c5>
     1ee:	80 93 c4 00 	sts	0x00C4, r24	; 0x8000c4 <__TEXT_REGION_LENGTH__+0x7f80c4>
  // wyczyść rejestr UCSR0A
  UCSR0A = 0;
     1f2:	10 92 c0 00 	sts	0x00C0, r1	; 0x8000c0 <__TEXT_REGION_LENGTH__+0x7f80c0>
  // włącz odbiornik i nadajnik
  UCSR0B = _BV(RXEN0) | _BV(TXEN0);
     1f6:	88 e1       	ldi	r24, 0x18	; 24
     1f8:	80 93 c1 00 	sts	0x00C1, r24	; 0x8000c1 <__TEXT_REGION_LENGTH__+0x7f80c1>
  // ustaw format 8n1
  UCSR0C = _BV(UCSZ00) | _BV(UCSZ01);
     1fc:	86 e0       	ldi	r24, 0x06	; 6
     1fe:	80 93 c2 00 	sts	0x00C2, r24	; 0x8000c2 <__TEXT_REGION_LENGTH__+0x7f80c2>
     202:	08 95       	ret

00000204 <uart_transmit>:

// transmisja jednego znaku
int uart_transmit(char data)
{
  // czekaj aż transmiter gotowy
  while(!(UCSR0A & _BV(UDRE0)));
     204:	90 91 c0 00 	lds	r25, 0x00C0	; 0x8000c0 <__TEXT_REGION_LENGTH__+0x7f80c0>
     208:	95 ff       	sbrs	r25, 5
     20a:	fc cf       	rjmp	.-8      	; 0x204 <uart_transmit>
  UDR0 = data;
     20c:	80 93 c6 00 	sts	0x00C6, r24	; 0x8000c6 <__TEXT_REGION_LENGTH__+0x7f80c6>
  return 0;
}
     210:	80 e0       	ldi	r24, 0x00	; 0
     212:	90 e0       	ldi	r25, 0x00	; 0
     214:	08 95       	ret

00000216 <uart_receive>:

// odczyt jednego znaku
int uart_receive()
{
  // czekaj aż znak dostępny
  while (!(UCSR0A & _BV(RXC0)));
     216:	80 91 c0 00 	lds	r24, 0x00C0	; 0x8000c0 <__TEXT_REGION_LENGTH__+0x7f80c0>
     21a:	87 ff       	sbrs	r24, 7
     21c:	fc cf       	rjmp	.-8      	; 0x216 <uart_receive>
  return UDR0;
     21e:	80 91 c6 00 	lds	r24, 0x00C6	; 0x8000c6 <__TEXT_REGION_LENGTH__+0x7f80c6>
     222:	90 e0       	ldi	r25, 0x00	; 0
     224:	08 95       	ret

00000226 <init_font>:
    {0x1C,0x1C,0x1C,0x1C,0x1C,0x1C,0x1C,0x1C},
    {0x1E,0x1E,0x1E,0x1E,0x1E,0x1E,0x1E,0x1E},
    {0x1F,0x1F,0x1F,0x1F,0x1F,0x1F,0x1F,0x1F}
};

void init_font() {
     226:	ef 92       	push	r14
     228:	ff 92       	push	r15
     22a:	0f 93       	push	r16
     22c:	1f 93       	push	r17
     22e:	cf 93       	push	r28
     230:	df 93       	push	r29
     232:	c0 e0       	ldi	r28, 0x00	; 0
     234:	d1 e0       	ldi	r29, 0x01	; 1
    for (int i = 0; i < 6; i++) {
     236:	e1 2c       	mov	r14, r1
     238:	f1 2c       	mov	r15, r1
        LCD_WriteCommand(HD44780_CGRAM_SET | (i << 3));
     23a:	c7 01       	movw	r24, r14
     23c:	88 0f       	add	r24, r24
     23e:	99 1f       	adc	r25, r25
     240:	88 0f       	add	r24, r24
     242:	99 1f       	adc	r25, r25
     244:	88 0f       	add	r24, r24
     246:	99 1f       	adc	r25, r25
     248:	80 64       	ori	r24, 0x40	; 64
     24a:	0e 94 cc 01 	call	0x398	; 0x398 <LCD_WriteCommand>
     24e:	8e 01       	movw	r16, r28
     250:	00 5f       	subi	r16, 0xF0	; 240
     252:	1f 4f       	sbci	r17, 0xFF	; 255
        for (int j = 0; j < 8; j++) {
            LCD_WriteData(chars[i][j]);
     254:	88 81       	ld	r24, Y
     256:	22 96       	adiw	r28, 0x02	; 2
     258:	0e 94 13 02 	call	0x426	; 0x426 <LCD_WriteData>
};

void init_font() {
    for (int i = 0; i < 6; i++) {
        LCD_WriteCommand(HD44780_CGRAM_SET | (i << 3));
        for (int j = 0; j < 8; j++) {
     25c:	0c 17       	cp	r16, r28
     25e:	1d 07       	cpc	r17, r29
     260:	c9 f7       	brne	.-14     	; 0x254 <init_font+0x2e>
    {0x1E,0x1E,0x1E,0x1E,0x1E,0x1E,0x1E,0x1E},
    {0x1F,0x1F,0x1F,0x1F,0x1F,0x1F,0x1F,0x1F}
};

void init_font() {
    for (int i = 0; i < 6; i++) {
     262:	8f ef       	ldi	r24, 0xFF	; 255
     264:	e8 1a       	sub	r14, r24
     266:	f8 0a       	sbc	r15, r24
     268:	e8 01       	movw	r28, r16
     26a:	86 e0       	ldi	r24, 0x06	; 6
     26c:	e8 16       	cp	r14, r24
     26e:	f1 04       	cpc	r15, r1
     270:	21 f7       	brne	.-56     	; 0x23a <init_font+0x14>
        LCD_WriteCommand(HD44780_CGRAM_SET | (i << 3));
        for (int j = 0; j < 8; j++) {
            LCD_WriteData(chars[i][j]);
        }
    }
}
     272:	df 91       	pop	r29
     274:	cf 91       	pop	r28
     276:	1f 91       	pop	r17
     278:	0f 91       	pop	r16
     27a:	ff 90       	pop	r15
     27c:	ef 90       	pop	r14
     27e:	08 95       	ret

00000280 <draw>:

void draw(int value) {
     280:	ff 92       	push	r15
     282:	0f 93       	push	r16
     284:	1f 93       	push	r17
     286:	cf 93       	push	r28
     288:	df 93       	push	r29
    int full = value / 5;
     28a:	65 e0       	ldi	r22, 0x05	; 5
     28c:	70 e0       	ldi	r23, 0x00	; 0
     28e:	0e 94 a8 0c 	call	0x1950	; 0x1950 <__divmodhi4>
     292:	8b 01       	movw	r16, r22
    int rem  = value % 5;
     294:	f8 2e       	mov	r15, r24

    LCD_GoTo(0, 0);
     296:	60 e0       	ldi	r22, 0x00	; 0
     298:	80 e0       	ldi	r24, 0x00	; 0
     29a:	0e 94 a4 02 	call	0x548	; 0x548 <LCD_GoTo>
    for (int i = 0; i < LCD_COLS; i++) {
     29e:	c0 e0       	ldi	r28, 0x00	; 0
     2a0:	d0 e0       	ldi	r29, 0x00	; 0
     2a2:	0a c0       	rjmp	.+20     	; 0x2b8 <draw+0x38>
        int c = 0;
        if (i < full) {
            c = 5;
        }
        else if (i == full && rem) {
     2a4:	0c 17       	cp	r16, r28
     2a6:	1d 07       	cpc	r17, r29
     2a8:	b9 f0       	breq	.+46     	; 0x2d8 <draw+0x58>
     2aa:	80 e0       	ldi	r24, 0x00	; 0
            c = rem;
        }
        else {
            c = 0;
        }
        LCD_WriteData(c);
     2ac:	0e 94 13 02 	call	0x426	; 0x426 <LCD_WriteData>
void draw(int value) {
    int full = value / 5;
    int rem  = value % 5;

    LCD_GoTo(0, 0);
    for (int i = 0; i < LCD_COLS; i++) {
     2b0:	21 96       	adiw	r28, 0x01	; 1
     2b2:	c0 31       	cpi	r28, 0x10	; 16
     2b4:	d1 05       	cpc	r29, r1
     2b6:	51 f0       	breq	.+20     	; 0x2cc <draw+0x4c>
        int c = 0;
        if (i < full) {
     2b8:	c0 17       	cp	r28, r16
     2ba:	d1 07       	cpc	r29, r17
     2bc:	9c f7       	brge	.-26     	; 0x2a4 <draw+0x24>
     2be:	85 e0       	ldi	r24, 0x05	; 5
            c = rem;
        }
        else {
            c = 0;
        }
        LCD_WriteData(c);
     2c0:	0e 94 13 02 	call	0x426	; 0x426 <LCD_WriteData>
void draw(int value) {
    int full = value / 5;
    int rem  = value % 5;

    LCD_GoTo(0, 0);
    for (int i = 0; i < LCD_COLS; i++) {
     2c4:	21 96       	adiw	r28, 0x01	; 1
     2c6:	c0 31       	cpi	r28, 0x10	; 16
     2c8:	d1 05       	cpc	r29, r1
     2ca:	b1 f7       	brne	.-20     	; 0x2b8 <draw+0x38>
        else {
            c = 0;
        }
        LCD_WriteData(c);
    }
}
     2cc:	df 91       	pop	r29
     2ce:	cf 91       	pop	r28
     2d0:	1f 91       	pop	r17
     2d2:	0f 91       	pop	r16
     2d4:	ff 90       	pop	r15
     2d6:	08 95       	ret
     2d8:	8f 2d       	mov	r24, r15
     2da:	e8 cf       	rjmp	.-48     	; 0x2ac <draw+0x2c>

000002dc <_LCD_OutNibble>:
// Funkcja wystawiająca półbajt na magistralę danych
//
//-------------------------------------------------------------------------------------------------
void _LCD_OutNibble(unsigned char nibbleToWrite)
{
if(nibbleToWrite & 0x01)
     2dc:	80 ff       	sbrs	r24, 0
     2de:	0b c0       	rjmp	.+22     	; 0x2f6 <_LCD_OutNibble+0x1a>
	LCD_DB4_PORT |= LCD_DB4;
     2e0:	5e 9a       	sbi	0x0b, 6	; 11
else
	LCD_DB4_PORT  &= ~LCD_DB4;

if(nibbleToWrite & 0x02)
     2e2:	81 ff       	sbrs	r24, 1
     2e4:	0b c0       	rjmp	.+22     	; 0x2fc <_LCD_OutNibble+0x20>
	LCD_DB5_PORT |= LCD_DB5;
     2e6:	5d 9a       	sbi	0x0b, 5	; 11
else
	LCD_DB5_PORT  &= ~LCD_DB5;

if(nibbleToWrite & 0x04)
     2e8:	82 ff       	sbrs	r24, 2
     2ea:	0b c0       	rjmp	.+22     	; 0x302 <_LCD_OutNibble+0x26>
	LCD_DB6_PORT |= LCD_DB6;
     2ec:	5c 9a       	sbi	0x0b, 4	; 11
else
	LCD_DB6_PORT  &= ~LCD_DB6;

if(nibbleToWrite & 0x08)
     2ee:	83 fd       	sbrc	r24, 3
     2f0:	0b c0       	rjmp	.+22     	; 0x308 <_LCD_OutNibble+0x2c>
	LCD_DB7_PORT |= LCD_DB7;
else
	LCD_DB7_PORT  &= ~LCD_DB7;
     2f2:	5b 98       	cbi	0x0b, 3	; 11
     2f4:	08 95       	ret
void _LCD_OutNibble(unsigned char nibbleToWrite)
{
if(nibbleToWrite & 0x01)
	LCD_DB4_PORT |= LCD_DB4;
else
	LCD_DB4_PORT  &= ~LCD_DB4;
     2f6:	5e 98       	cbi	0x0b, 6	; 11

if(nibbleToWrite & 0x02)
     2f8:	81 fd       	sbrc	r24, 1
     2fa:	f5 cf       	rjmp	.-22     	; 0x2e6 <_LCD_OutNibble+0xa>
	LCD_DB5_PORT |= LCD_DB5;
else
	LCD_DB5_PORT  &= ~LCD_DB5;
     2fc:	5d 98       	cbi	0x0b, 5	; 11

if(nibbleToWrite & 0x04)
     2fe:	82 fd       	sbrc	r24, 2
     300:	f5 cf       	rjmp	.-22     	; 0x2ec <_LCD_OutNibble+0x10>
	LCD_DB6_PORT |= LCD_DB6;
else
	LCD_DB6_PORT  &= ~LCD_DB6;
     302:	5c 98       	cbi	0x0b, 4	; 11

if(nibbleToWrite & 0x08)
     304:	83 ff       	sbrs	r24, 3
     306:	f5 cf       	rjmp	.-22     	; 0x2f2 <_LCD_OutNibble+0x16>
	LCD_DB7_PORT |= LCD_DB7;
     308:	5b 9a       	sbi	0x0b, 3	; 11
     30a:	08 95       	ret

0000030c <_LCD_Write>:
// Funkcja zapisu bajtu do wyświetacza (bez rozróżnienia instrukcja/dane).
//
//-------------------------------------------------------------------------------------------------
void _LCD_Write(unsigned char dataToWrite)
{
LCD_E_PORT |= LCD_E;
     30c:	5f 9a       	sbi	0x0b, 7	; 11
_LCD_OutNibble(dataToWrite >> 4);
     30e:	98 2f       	mov	r25, r24
     310:	92 95       	swap	r25
     312:	9f 70       	andi	r25, 0x0F	; 15
// Funkcja wystawiająca półbajt na magistralę danych
//
//-------------------------------------------------------------------------------------------------
void _LCD_OutNibble(unsigned char nibbleToWrite)
{
if(nibbleToWrite & 0x01)
     314:	90 ff       	sbrs	r25, 0
     316:	20 c0       	rjmp	.+64     	; 0x358 <_LCD_Write+0x4c>
	LCD_DB4_PORT |= LCD_DB4;
     318:	5e 9a       	sbi	0x0b, 6	; 11
else
	LCD_DB4_PORT  &= ~LCD_DB4;

if(nibbleToWrite & 0x02)
     31a:	91 ff       	sbrs	r25, 1
     31c:	20 c0       	rjmp	.+64     	; 0x35e <_LCD_Write+0x52>
	LCD_DB5_PORT |= LCD_DB5;
     31e:	5d 9a       	sbi	0x0b, 5	; 11
else
	LCD_DB5_PORT  &= ~LCD_DB5;

if(nibbleToWrite & 0x04)
     320:	92 ff       	sbrs	r25, 2
     322:	20 c0       	rjmp	.+64     	; 0x364 <_LCD_Write+0x58>
	LCD_DB6_PORT |= LCD_DB6;
     324:	5c 9a       	sbi	0x0b, 4	; 11
else
	LCD_DB6_PORT  &= ~LCD_DB6;

if(nibbleToWrite & 0x08)
     326:	98 70       	andi	r25, 0x08	; 8
     328:	01 f5       	brne	.+64     	; 0x36a <_LCD_Write+0x5e>
	LCD_DB7_PORT |= LCD_DB7;
else
	LCD_DB7_PORT  &= ~LCD_DB7;
     32a:	5b 98       	cbi	0x0b, 3	; 11
//-------------------------------------------------------------------------------------------------
void _LCD_Write(unsigned char dataToWrite)
{
LCD_E_PORT |= LCD_E;
_LCD_OutNibble(dataToWrite >> 4);
LCD_E_PORT &= ~LCD_E;
     32c:	5f 98       	cbi	0x0b, 7	; 11
LCD_E_PORT |= LCD_E;
     32e:	5f 9a       	sbi	0x0b, 7	; 11
// Funkcja wystawiająca półbajt na magistralę danych
//
//-------------------------------------------------------------------------------------------------
void _LCD_OutNibble(unsigned char nibbleToWrite)
{
if(nibbleToWrite & 0x01)
     330:	80 ff       	sbrs	r24, 0
     332:	20 c0       	rjmp	.+64     	; 0x374 <_LCD_Write+0x68>
	LCD_DB4_PORT |= LCD_DB4;
     334:	5e 9a       	sbi	0x0b, 6	; 11
else
	LCD_DB4_PORT  &= ~LCD_DB4;

if(nibbleToWrite & 0x02)
     336:	81 ff       	sbrs	r24, 1
     338:	20 c0       	rjmp	.+64     	; 0x37a <_LCD_Write+0x6e>
	LCD_DB5_PORT |= LCD_DB5;
     33a:	5d 9a       	sbi	0x0b, 5	; 11
else
	LCD_DB5_PORT  &= ~LCD_DB5;

if(nibbleToWrite & 0x04)
     33c:	82 ff       	sbrs	r24, 2
     33e:	20 c0       	rjmp	.+64     	; 0x380 <_LCD_Write+0x74>
	LCD_DB6_PORT |= LCD_DB6;
     340:	5c 9a       	sbi	0x0b, 4	; 11
else
	LCD_DB6_PORT  &= ~LCD_DB6;

if(nibbleToWrite & 0x08)
     342:	83 fd       	sbrc	r24, 3
     344:	20 c0       	rjmp	.+64     	; 0x386 <_LCD_Write+0x7a>
	LCD_DB7_PORT |= LCD_DB7;
else
	LCD_DB7_PORT  &= ~LCD_DB7;
     346:	5b 98       	cbi	0x0b, 3	; 11
LCD_E_PORT |= LCD_E;
_LCD_OutNibble(dataToWrite >> 4);
LCD_E_PORT &= ~LCD_E;
LCD_E_PORT |= LCD_E;
_LCD_OutNibble(dataToWrite);
LCD_E_PORT &= ~LCD_E;
     348:	5f 98       	cbi	0x0b, 7	; 11
	#else
		//round up by default
		__ticks_dc = (uint32_t)(ceil(fabs(__tmp)));
	#endif

	__builtin_avr_delay_cycles(__ticks_dc);
     34a:	87 ec       	ldi	r24, 0xC7	; 199
     34c:	90 e0       	ldi	r25, 0x00	; 0
     34e:	01 97       	sbiw	r24, 0x01	; 1
     350:	f1 f7       	brne	.-4      	; 0x34e <_LCD_Write+0x42>
     352:	00 c0       	rjmp	.+0      	; 0x354 <_LCD_Write+0x48>
     354:	00 00       	nop
     356:	08 95       	ret
void _LCD_OutNibble(unsigned char nibbleToWrite)
{
if(nibbleToWrite & 0x01)
	LCD_DB4_PORT |= LCD_DB4;
else
	LCD_DB4_PORT  &= ~LCD_DB4;
     358:	5e 98       	cbi	0x0b, 6	; 11

if(nibbleToWrite & 0x02)
     35a:	91 fd       	sbrc	r25, 1
     35c:	e0 cf       	rjmp	.-64     	; 0x31e <_LCD_Write+0x12>
	LCD_DB5_PORT |= LCD_DB5;
else
	LCD_DB5_PORT  &= ~LCD_DB5;
     35e:	5d 98       	cbi	0x0b, 5	; 11

if(nibbleToWrite & 0x04)
     360:	92 fd       	sbrc	r25, 2
     362:	e0 cf       	rjmp	.-64     	; 0x324 <_LCD_Write+0x18>
	LCD_DB6_PORT |= LCD_DB6;
else
	LCD_DB6_PORT  &= ~LCD_DB6;
     364:	5c 98       	cbi	0x0b, 4	; 11

if(nibbleToWrite & 0x08)
     366:	98 70       	andi	r25, 0x08	; 8
     368:	01 f3       	breq	.-64     	; 0x32a <_LCD_Write+0x1e>
	LCD_DB7_PORT |= LCD_DB7;
     36a:	5b 9a       	sbi	0x0b, 3	; 11
//-------------------------------------------------------------------------------------------------
void _LCD_Write(unsigned char dataToWrite)
{
LCD_E_PORT |= LCD_E;
_LCD_OutNibble(dataToWrite >> 4);
LCD_E_PORT &= ~LCD_E;
     36c:	5f 98       	cbi	0x0b, 7	; 11
LCD_E_PORT |= LCD_E;
     36e:	5f 9a       	sbi	0x0b, 7	; 11
// Funkcja wystawiająca półbajt na magistralę danych
//
//-------------------------------------------------------------------------------------------------
void _LCD_OutNibble(unsigned char nibbleToWrite)
{
if(nibbleToWrite & 0x01)
     370:	80 fd       	sbrc	r24, 0
     372:	e0 cf       	rjmp	.-64     	; 0x334 <_LCD_Write+0x28>
	LCD_DB4_PORT |= LCD_DB4;
else
	LCD_DB4_PORT  &= ~LCD_DB4;
     374:	5e 98       	cbi	0x0b, 6	; 11

if(nibbleToWrite & 0x02)
     376:	81 fd       	sbrc	r24, 1
     378:	e0 cf       	rjmp	.-64     	; 0x33a <_LCD_Write+0x2e>
	LCD_DB5_PORT |= LCD_DB5;
else
	LCD_DB5_PORT  &= ~LCD_DB5;
     37a:	5d 98       	cbi	0x0b, 5	; 11

if(nibbleToWrite & 0x04)
     37c:	82 fd       	sbrc	r24, 2
     37e:	e0 cf       	rjmp	.-64     	; 0x340 <_LCD_Write+0x34>
	LCD_DB6_PORT |= LCD_DB6;
else
	LCD_DB6_PORT  &= ~LCD_DB6;
     380:	5c 98       	cbi	0x0b, 4	; 11

if(nibbleToWrite & 0x08)
     382:	83 ff       	sbrs	r24, 3
     384:	e0 cf       	rjmp	.-64     	; 0x346 <_LCD_Write+0x3a>
	LCD_DB7_PORT |= LCD_DB7;
     386:	5b 9a       	sbi	0x0b, 3	; 11
LCD_E_PORT |= LCD_E;
_LCD_OutNibble(dataToWrite >> 4);
LCD_E_PORT &= ~LCD_E;
LCD_E_PORT |= LCD_E;
_LCD_OutNibble(dataToWrite);
LCD_E_PORT &= ~LCD_E;
     388:	5f 98       	cbi	0x0b, 7	; 11
     38a:	87 ec       	ldi	r24, 0xC7	; 199
     38c:	90 e0       	ldi	r25, 0x00	; 0
     38e:	01 97       	sbiw	r24, 0x01	; 1
     390:	f1 f7       	brne	.-4      	; 0x38e <_LCD_Write+0x82>
     392:	00 c0       	rjmp	.+0      	; 0x394 <_LCD_Write+0x88>
     394:	00 00       	nop
     396:	08 95       	ret

00000398 <LCD_WriteCommand>:
// Funkcja zapisu rozkazu do wyświetlacza
//
//-------------------------------------------------------------------------------------------------
void LCD_WriteCommand(unsigned char commandToWrite)
{
LCD_RS_PORT &= ~LCD_RS;
     398:	28 98       	cbi	0x05, 0	; 5
// Funkcja zapisu bajtu do wyświetacza (bez rozróżnienia instrukcja/dane).
//
//-------------------------------------------------------------------------------------------------
void _LCD_Write(unsigned char dataToWrite)
{
LCD_E_PORT |= LCD_E;
     39a:	5f 9a       	sbi	0x0b, 7	; 11
_LCD_OutNibble(dataToWrite >> 4);
     39c:	98 2f       	mov	r25, r24
     39e:	92 95       	swap	r25
     3a0:	9f 70       	andi	r25, 0x0F	; 15
// Funkcja wystawiająca półbajt na magistralę danych
//
//-------------------------------------------------------------------------------------------------
void _LCD_OutNibble(unsigned char nibbleToWrite)
{
if(nibbleToWrite & 0x01)
     3a2:	90 ff       	sbrs	r25, 0
     3a4:	20 c0       	rjmp	.+64     	; 0x3e6 <LCD_WriteCommand+0x4e>
	LCD_DB4_PORT |= LCD_DB4;
     3a6:	5e 9a       	sbi	0x0b, 6	; 11
else
	LCD_DB4_PORT  &= ~LCD_DB4;

if(nibbleToWrite & 0x02)
     3a8:	91 ff       	sbrs	r25, 1
     3aa:	20 c0       	rjmp	.+64     	; 0x3ec <LCD_WriteCommand+0x54>
	LCD_DB5_PORT |= LCD_DB5;
     3ac:	5d 9a       	sbi	0x0b, 5	; 11
else
	LCD_DB5_PORT  &= ~LCD_DB5;

if(nibbleToWrite & 0x04)
     3ae:	92 ff       	sbrs	r25, 2
     3b0:	20 c0       	rjmp	.+64     	; 0x3f2 <LCD_WriteCommand+0x5a>
	LCD_DB6_PORT |= LCD_DB6;
     3b2:	5c 9a       	sbi	0x0b, 4	; 11
else
	LCD_DB6_PORT  &= ~LCD_DB6;

if(nibbleToWrite & 0x08)
     3b4:	98 70       	andi	r25, 0x08	; 8
     3b6:	01 f5       	brne	.+64     	; 0x3f8 <LCD_WriteCommand+0x60>
	LCD_DB7_PORT |= LCD_DB7;
else
	LCD_DB7_PORT  &= ~LCD_DB7;
     3b8:	5b 98       	cbi	0x0b, 3	; 11
//-------------------------------------------------------------------------------------------------
void _LCD_Write(unsigned char dataToWrite)
{
LCD_E_PORT |= LCD_E;
_LCD_OutNibble(dataToWrite >> 4);
LCD_E_PORT &= ~LCD_E;
     3ba:	5f 98       	cbi	0x0b, 7	; 11
LCD_E_PORT |= LCD_E;
     3bc:	5f 9a       	sbi	0x0b, 7	; 11
// Funkcja wystawiająca półbajt na magistralę danych
//
//-------------------------------------------------------------------------------------------------
void _LCD_OutNibble(unsigned char nibbleToWrite)
{
if(nibbleToWrite & 0x01)
     3be:	80 ff       	sbrs	r24, 0
     3c0:	20 c0       	rjmp	.+64     	; 0x402 <__EEPROM_REGION_LENGTH__+0x2>
	LCD_DB4_PORT |= LCD_DB4;
     3c2:	5e 9a       	sbi	0x0b, 6	; 11
else
	LCD_DB4_PORT  &= ~LCD_DB4;

if(nibbleToWrite & 0x02)
     3c4:	81 ff       	sbrs	r24, 1
     3c6:	20 c0       	rjmp	.+64     	; 0x408 <__EEPROM_REGION_LENGTH__+0x8>
	LCD_DB5_PORT |= LCD_DB5;
     3c8:	5d 9a       	sbi	0x0b, 5	; 11
else
	LCD_DB5_PORT  &= ~LCD_DB5;

if(nibbleToWrite & 0x04)
     3ca:	82 ff       	sbrs	r24, 2
     3cc:	20 c0       	rjmp	.+64     	; 0x40e <__EEPROM_REGION_LENGTH__+0xe>
	LCD_DB6_PORT |= LCD_DB6;
     3ce:	5c 9a       	sbi	0x0b, 4	; 11
else
	LCD_DB6_PORT  &= ~LCD_DB6;

if(nibbleToWrite & 0x08)
     3d0:	83 fd       	sbrc	r24, 3
     3d2:	20 c0       	rjmp	.+64     	; 0x414 <__EEPROM_REGION_LENGTH__+0x14>
	LCD_DB7_PORT |= LCD_DB7;
else
	LCD_DB7_PORT  &= ~LCD_DB7;
     3d4:	5b 98       	cbi	0x0b, 3	; 11
LCD_E_PORT |= LCD_E;
_LCD_OutNibble(dataToWrite >> 4);
LCD_E_PORT &= ~LCD_E;
LCD_E_PORT |= LCD_E;
_LCD_OutNibble(dataToWrite);
LCD_E_PORT &= ~LCD_E;
     3d6:	5f 98       	cbi	0x0b, 7	; 11
     3d8:	87 ec       	ldi	r24, 0xC7	; 199
     3da:	90 e0       	ldi	r25, 0x00	; 0
     3dc:	01 97       	sbiw	r24, 0x01	; 1
     3de:	f1 f7       	brne	.-4      	; 0x3dc <LCD_WriteCommand+0x44>
     3e0:	00 c0       	rjmp	.+0      	; 0x3e2 <LCD_WriteCommand+0x4a>
     3e2:	00 00       	nop
     3e4:	08 95       	ret
void _LCD_OutNibble(unsigned char nibbleToWrite)
{
if(nibbleToWrite & 0x01)
	LCD_DB4_PORT |= LCD_DB4;
else
	LCD_DB4_PORT  &= ~LCD_DB4;
     3e6:	5e 98       	cbi	0x0b, 6	; 11

if(nibbleToWrite & 0x02)
     3e8:	91 fd       	sbrc	r25, 1
     3ea:	e0 cf       	rjmp	.-64     	; 0x3ac <LCD_WriteCommand+0x14>
	LCD_DB5_PORT |= LCD_DB5;
else
	LCD_DB5_PORT  &= ~LCD_DB5;
     3ec:	5d 98       	cbi	0x0b, 5	; 11

if(nibbleToWrite & 0x04)
     3ee:	92 fd       	sbrc	r25, 2
     3f0:	e0 cf       	rjmp	.-64     	; 0x3b2 <LCD_WriteCommand+0x1a>
	LCD_DB6_PORT |= LCD_DB6;
else
	LCD_DB6_PORT  &= ~LCD_DB6;
     3f2:	5c 98       	cbi	0x0b, 4	; 11

if(nibbleToWrite & 0x08)
     3f4:	98 70       	andi	r25, 0x08	; 8
     3f6:	01 f3       	breq	.-64     	; 0x3b8 <LCD_WriteCommand+0x20>
	LCD_DB7_PORT |= LCD_DB7;
     3f8:	5b 9a       	sbi	0x0b, 3	; 11
//-------------------------------------------------------------------------------------------------
void _LCD_Write(unsigned char dataToWrite)
{
LCD_E_PORT |= LCD_E;
_LCD_OutNibble(dataToWrite >> 4);
LCD_E_PORT &= ~LCD_E;
     3fa:	5f 98       	cbi	0x0b, 7	; 11
LCD_E_PORT |= LCD_E;
     3fc:	5f 9a       	sbi	0x0b, 7	; 11
// Funkcja wystawiająca półbajt na magistralę danych
//
//-------------------------------------------------------------------------------------------------
void _LCD_OutNibble(unsigned char nibbleToWrite)
{
if(nibbleToWrite & 0x01)
     3fe:	80 fd       	sbrc	r24, 0
     400:	e0 cf       	rjmp	.-64     	; 0x3c2 <LCD_WriteCommand+0x2a>
	LCD_DB4_PORT |= LCD_DB4;
else
	LCD_DB4_PORT  &= ~LCD_DB4;
     402:	5e 98       	cbi	0x0b, 6	; 11

if(nibbleToWrite & 0x02)
     404:	81 fd       	sbrc	r24, 1
     406:	e0 cf       	rjmp	.-64     	; 0x3c8 <LCD_WriteCommand+0x30>
	LCD_DB5_PORT |= LCD_DB5;
else
	LCD_DB5_PORT  &= ~LCD_DB5;
     408:	5d 98       	cbi	0x0b, 5	; 11

if(nibbleToWrite & 0x04)
     40a:	82 fd       	sbrc	r24, 2
     40c:	e0 cf       	rjmp	.-64     	; 0x3ce <LCD_WriteCommand+0x36>
	LCD_DB6_PORT |= LCD_DB6;
else
	LCD_DB6_PORT  &= ~LCD_DB6;
     40e:	5c 98       	cbi	0x0b, 4	; 11

if(nibbleToWrite & 0x08)
     410:	83 ff       	sbrs	r24, 3
     412:	e0 cf       	rjmp	.-64     	; 0x3d4 <LCD_WriteCommand+0x3c>
	LCD_DB7_PORT |= LCD_DB7;
     414:	5b 9a       	sbi	0x0b, 3	; 11
LCD_E_PORT |= LCD_E;
_LCD_OutNibble(dataToWrite >> 4);
LCD_E_PORT &= ~LCD_E;
LCD_E_PORT |= LCD_E;
_LCD_OutNibble(dataToWrite);
LCD_E_PORT &= ~LCD_E;
     416:	5f 98       	cbi	0x0b, 7	; 11
     418:	87 ec       	ldi	r24, 0xC7	; 199
     41a:	90 e0       	ldi	r25, 0x00	; 0
     41c:	01 97       	sbiw	r24, 0x01	; 1
     41e:	f1 f7       	brne	.-4      	; 0x41c <__EEPROM_REGION_LENGTH__+0x1c>
     420:	00 c0       	rjmp	.+0      	; 0x422 <__EEPROM_REGION_LENGTH__+0x22>
     422:	00 00       	nop
     424:	08 95       	ret

00000426 <LCD_WriteData>:
// Funkcja zapisu danych do pamięci wyświetlacza
//
//-------------------------------------------------------------------------------------------------
void LCD_WriteData(unsigned char dataToWrite)
{
LCD_RS_PORT |= LCD_RS;
     426:	28 9a       	sbi	0x05, 0	; 5
// Funkcja zapisu bajtu do wyświetacza (bez rozróżnienia instrukcja/dane).
//
//-------------------------------------------------------------------------------------------------
void _LCD_Write(unsigned char dataToWrite)
{
LCD_E_PORT |= LCD_E;
     428:	5f 9a       	sbi	0x0b, 7	; 11
_LCD_OutNibble(dataToWrite >> 4);
     42a:	98 2f       	mov	r25, r24
     42c:	92 95       	swap	r25
     42e:	9f 70       	andi	r25, 0x0F	; 15
// Funkcja wystawiająca półbajt na magistralę danych
//
//-------------------------------------------------------------------------------------------------
void _LCD_OutNibble(unsigned char nibbleToWrite)
{
if(nibbleToWrite & 0x01)
     430:	90 ff       	sbrs	r25, 0
     432:	20 c0       	rjmp	.+64     	; 0x474 <LCD_WriteData+0x4e>
	LCD_DB4_PORT |= LCD_DB4;
     434:	5e 9a       	sbi	0x0b, 6	; 11
else
	LCD_DB4_PORT  &= ~LCD_DB4;

if(nibbleToWrite & 0x02)
     436:	91 ff       	sbrs	r25, 1
     438:	20 c0       	rjmp	.+64     	; 0x47a <LCD_WriteData+0x54>
	LCD_DB5_PORT |= LCD_DB5;
     43a:	5d 9a       	sbi	0x0b, 5	; 11
else
	LCD_DB5_PORT  &= ~LCD_DB5;

if(nibbleToWrite & 0x04)
     43c:	92 ff       	sbrs	r25, 2
     43e:	20 c0       	rjmp	.+64     	; 0x480 <LCD_WriteData+0x5a>
	LCD_DB6_PORT |= LCD_DB6;
     440:	5c 9a       	sbi	0x0b, 4	; 11
else
	LCD_DB6_PORT  &= ~LCD_DB6;

if(nibbleToWrite & 0x08)
     442:	98 70       	andi	r25, 0x08	; 8
     444:	01 f5       	brne	.+64     	; 0x486 <LCD_WriteData+0x60>
	LCD_DB7_PORT |= LCD_DB7;
else
	LCD_DB7_PORT  &= ~LCD_DB7;
     446:	5b 98       	cbi	0x0b, 3	; 11
//-------------------------------------------------------------------------------------------------
void _LCD_Write(unsigned char dataToWrite)
{
LCD_E_PORT |= LCD_E;
_LCD_OutNibble(dataToWrite >> 4);
LCD_E_PORT &= ~LCD_E;
     448:	5f 98       	cbi	0x0b, 7	; 11
LCD_E_PORT |= LCD_E;
     44a:	5f 9a       	sbi	0x0b, 7	; 11
// Funkcja wystawiająca półbajt na magistralę danych
//
//-------------------------------------------------------------------------------------------------
void _LCD_OutNibble(unsigned char nibbleToWrite)
{
if(nibbleToWrite & 0x01)
     44c:	80 ff       	sbrs	r24, 0
     44e:	20 c0       	rjmp	.+64     	; 0x490 <LCD_WriteData+0x6a>
	LCD_DB4_PORT |= LCD_DB4;
     450:	5e 9a       	sbi	0x0b, 6	; 11
else
	LCD_DB4_PORT  &= ~LCD_DB4;

if(nibbleToWrite & 0x02)
     452:	81 ff       	sbrs	r24, 1
     454:	20 c0       	rjmp	.+64     	; 0x496 <LCD_WriteData+0x70>
	LCD_DB5_PORT |= LCD_DB5;
     456:	5d 9a       	sbi	0x0b, 5	; 11
else
	LCD_DB5_PORT  &= ~LCD_DB5;

if(nibbleToWrite & 0x04)
     458:	82 ff       	sbrs	r24, 2
     45a:	20 c0       	rjmp	.+64     	; 0x49c <LCD_WriteData+0x76>
	LCD_DB6_PORT |= LCD_DB6;
     45c:	5c 9a       	sbi	0x0b, 4	; 11
else
	LCD_DB6_PORT  &= ~LCD_DB6;

if(nibbleToWrite & 0x08)
     45e:	83 fd       	sbrc	r24, 3
     460:	20 c0       	rjmp	.+64     	; 0x4a2 <LCD_WriteData+0x7c>
	LCD_DB7_PORT |= LCD_DB7;
else
	LCD_DB7_PORT  &= ~LCD_DB7;
     462:	5b 98       	cbi	0x0b, 3	; 11
LCD_E_PORT |= LCD_E;
_LCD_OutNibble(dataToWrite >> 4);
LCD_E_PORT &= ~LCD_E;
LCD_E_PORT |= LCD_E;
_LCD_OutNibble(dataToWrite);
LCD_E_PORT &= ~LCD_E;
     464:	5f 98       	cbi	0x0b, 7	; 11
     466:	87 ec       	ldi	r24, 0xC7	; 199
     468:	90 e0       	ldi	r25, 0x00	; 0
     46a:	01 97       	sbiw	r24, 0x01	; 1
     46c:	f1 f7       	brne	.-4      	; 0x46a <LCD_WriteData+0x44>
     46e:	00 c0       	rjmp	.+0      	; 0x470 <LCD_WriteData+0x4a>
     470:	00 00       	nop
     472:	08 95       	ret
void _LCD_OutNibble(unsigned char nibbleToWrite)
{
if(nibbleToWrite & 0x01)
	LCD_DB4_PORT |= LCD_DB4;
else
	LCD_DB4_PORT  &= ~LCD_DB4;
     474:	5e 98       	cbi	0x0b, 6	; 11

if(nibbleToWrite & 0x02)
     476:	91 fd       	sbrc	r25, 1
     478:	e0 cf       	rjmp	.-64     	; 0x43a <LCD_WriteData+0x14>
	LCD_DB5_PORT |= LCD_DB5;
else
	LCD_DB5_PORT  &= ~LCD_DB5;
     47a:	5d 98       	cbi	0x0b, 5	; 11

if(nibbleToWrite & 0x04)
     47c:	92 fd       	sbrc	r25, 2
     47e:	e0 cf       	rjmp	.-64     	; 0x440 <LCD_WriteData+0x1a>
	LCD_DB6_PORT |= LCD_DB6;
else
	LCD_DB6_PORT  &= ~LCD_DB6;
     480:	5c 98       	cbi	0x0b, 4	; 11

if(nibbleToWrite & 0x08)
     482:	98 70       	andi	r25, 0x08	; 8
     484:	01 f3       	breq	.-64     	; 0x446 <LCD_WriteData+0x20>
	LCD_DB7_PORT |= LCD_DB7;
     486:	5b 9a       	sbi	0x0b, 3	; 11
//-------------------------------------------------------------------------------------------------
void _LCD_Write(unsigned char dataToWrite)
{
LCD_E_PORT |= LCD_E;
_LCD_OutNibble(dataToWrite >> 4);
LCD_E_PORT &= ~LCD_E;
     488:	5f 98       	cbi	0x0b, 7	; 11
LCD_E_PORT |= LCD_E;
     48a:	5f 9a       	sbi	0x0b, 7	; 11
// Funkcja wystawiająca półbajt na magistralę danych
//
//-------------------------------------------------------------------------------------------------
void _LCD_OutNibble(unsigned char nibbleToWrite)
{
if(nibbleToWrite & 0x01)
     48c:	80 fd       	sbrc	r24, 0
     48e:	e0 cf       	rjmp	.-64     	; 0x450 <LCD_WriteData+0x2a>
	LCD_DB4_PORT |= LCD_DB4;
else
	LCD_DB4_PORT  &= ~LCD_DB4;
     490:	5e 98       	cbi	0x0b, 6	; 11

if(nibbleToWrite & 0x02)
     492:	81 fd       	sbrc	r24, 1
     494:	e0 cf       	rjmp	.-64     	; 0x456 <LCD_WriteData+0x30>
	LCD_DB5_PORT |= LCD_DB5;
else
	LCD_DB5_PORT  &= ~LCD_DB5;
     496:	5d 98       	cbi	0x0b, 5	; 11

if(nibbleToWrite & 0x04)
     498:	82 fd       	sbrc	r24, 2
     49a:	e0 cf       	rjmp	.-64     	; 0x45c <LCD_WriteData+0x36>
	LCD_DB6_PORT |= LCD_DB6;
else
	LCD_DB6_PORT  &= ~LCD_DB6;
     49c:	5c 98       	cbi	0x0b, 4	; 11

if(nibbleToWrite & 0x08)
     49e:	83 ff       	sbrs	r24, 3
     4a0:	e0 cf       	rjmp	.-64     	; 0x462 <LCD_WriteData+0x3c>
	LCD_DB7_PORT |= LCD_DB7;
     4a2:	5b 9a       	sbi	0x0b, 3	; 11
LCD_E_PORT |= LCD_E;
_LCD_OutNibble(dataToWrite >> 4);
LCD_E_PORT &= ~LCD_E;
LCD_E_PORT |= LCD_E;
_LCD_OutNibble(dataToWrite);
LCD_E_PORT &= ~LCD_E;
     4a4:	5f 98       	cbi	0x0b, 7	; 11
     4a6:	87 ec       	ldi	r24, 0xC7	; 199
     4a8:	90 e0       	ldi	r25, 0x00	; 0
     4aa:	01 97       	sbiw	r24, 0x01	; 1
     4ac:	f1 f7       	brne	.-4      	; 0x4aa <LCD_WriteData+0x84>
     4ae:	00 c0       	rjmp	.+0      	; 0x4b0 <LCD_WriteData+0x8a>
     4b0:	00 00       	nop
     4b2:	08 95       	ret

000004b4 <LCD_WriteText>:
//
// Funkcja wyświetlenia napisu na wyswietlaczu.
//
//-------------------------------------------------------------------------------------------------
void LCD_WriteText(char * text)
{
     4b4:	fc 01       	movw	r30, r24
while(*text)
     4b6:	90 81       	ld	r25, Z
     4b8:	99 23       	and	r25, r25
     4ba:	09 f4       	brne	.+2      	; 0x4be <LCD_WriteText+0xa>
     4bc:	44 c0       	rjmp	.+136    	; 0x546 <LCD_WriteText+0x92>
     4be:	31 96       	adiw	r30, 0x01	; 1
     4c0:	22 c0       	rjmp	.+68     	; 0x506 <LCD_WriteText+0x52>
//
//-------------------------------------------------------------------------------------------------
void _LCD_OutNibble(unsigned char nibbleToWrite)
{
if(nibbleToWrite & 0x01)
	LCD_DB4_PORT |= LCD_DB4;
     4c2:	5e 9a       	sbi	0x0b, 6	; 11
else
	LCD_DB4_PORT  &= ~LCD_DB4;

if(nibbleToWrite & 0x02)
     4c4:	21 ff       	sbrs	r18, 1
     4c6:	29 c0       	rjmp	.+82     	; 0x51a <LCD_WriteText+0x66>
	LCD_DB5_PORT |= LCD_DB5;
     4c8:	5d 9a       	sbi	0x0b, 5	; 11
else
	LCD_DB5_PORT  &= ~LCD_DB5;

if(nibbleToWrite & 0x04)
     4ca:	22 ff       	sbrs	r18, 2
     4cc:	29 c0       	rjmp	.+82     	; 0x520 <LCD_WriteText+0x6c>
	LCD_DB6_PORT |= LCD_DB6;
     4ce:	5c 9a       	sbi	0x0b, 4	; 11
else
	LCD_DB6_PORT  &= ~LCD_DB6;

if(nibbleToWrite & 0x08)
     4d0:	28 70       	andi	r18, 0x08	; 8
     4d2:	49 f5       	brne	.+82     	; 0x526 <LCD_WriteText+0x72>
	LCD_DB7_PORT |= LCD_DB7;
else
	LCD_DB7_PORT  &= ~LCD_DB7;
     4d4:	5b 98       	cbi	0x0b, 3	; 11
//-------------------------------------------------------------------------------------------------
void _LCD_Write(unsigned char dataToWrite)
{
LCD_E_PORT |= LCD_E;
_LCD_OutNibble(dataToWrite >> 4);
LCD_E_PORT &= ~LCD_E;
     4d6:	5f 98       	cbi	0x0b, 7	; 11
LCD_E_PORT |= LCD_E;
     4d8:	5f 9a       	sbi	0x0b, 7	; 11
// Funkcja wystawiająca półbajt na magistralę danych
//
//-------------------------------------------------------------------------------------------------
void _LCD_OutNibble(unsigned char nibbleToWrite)
{
if(nibbleToWrite & 0x01)
     4da:	90 ff       	sbrs	r25, 0
     4dc:	29 c0       	rjmp	.+82     	; 0x530 <LCD_WriteText+0x7c>
	LCD_DB4_PORT |= LCD_DB4;
     4de:	5e 9a       	sbi	0x0b, 6	; 11
else
	LCD_DB4_PORT  &= ~LCD_DB4;

if(nibbleToWrite & 0x02)
     4e0:	91 ff       	sbrs	r25, 1
     4e2:	29 c0       	rjmp	.+82     	; 0x536 <LCD_WriteText+0x82>
	LCD_DB5_PORT |= LCD_DB5;
     4e4:	5d 9a       	sbi	0x0b, 5	; 11
else
	LCD_DB5_PORT  &= ~LCD_DB5;

if(nibbleToWrite & 0x04)
     4e6:	92 ff       	sbrs	r25, 2
     4e8:	29 c0       	rjmp	.+82     	; 0x53c <LCD_WriteText+0x88>
	LCD_DB6_PORT |= LCD_DB6;
     4ea:	5c 9a       	sbi	0x0b, 4	; 11
else
	LCD_DB6_PORT  &= ~LCD_DB6;

if(nibbleToWrite & 0x08)
     4ec:	93 fd       	sbrc	r25, 3
     4ee:	29 c0       	rjmp	.+82     	; 0x542 <LCD_WriteText+0x8e>
	LCD_DB7_PORT |= LCD_DB7;
else
	LCD_DB7_PORT  &= ~LCD_DB7;
     4f0:	5b 98       	cbi	0x0b, 3	; 11
LCD_E_PORT |= LCD_E;
_LCD_OutNibble(dataToWrite >> 4);
LCD_E_PORT &= ~LCD_E;
LCD_E_PORT |= LCD_E;
_LCD_OutNibble(dataToWrite);
LCD_E_PORT &= ~LCD_E;
     4f2:	5f 98       	cbi	0x0b, 7	; 11
     4f4:	87 ec       	ldi	r24, 0xC7	; 199
     4f6:	90 e0       	ldi	r25, 0x00	; 0
     4f8:	01 97       	sbiw	r24, 0x01	; 1
     4fa:	f1 f7       	brne	.-4      	; 0x4f8 <LCD_WriteText+0x44>
     4fc:	00 c0       	rjmp	.+0      	; 0x4fe <LCD_WriteText+0x4a>
     4fe:	00 00       	nop
// Funkcja wyświetlenia napisu na wyswietlaczu.
//
//-------------------------------------------------------------------------------------------------
void LCD_WriteText(char * text)
{
while(*text)
     500:	91 91       	ld	r25, Z+
     502:	99 23       	and	r25, r25
     504:	01 f1       	breq	.+64     	; 0x546 <LCD_WriteText+0x92>
// Funkcja zapisu danych do pamięci wyświetlacza
//
//-------------------------------------------------------------------------------------------------
void LCD_WriteData(unsigned char dataToWrite)
{
LCD_RS_PORT |= LCD_RS;
     506:	28 9a       	sbi	0x05, 0	; 5
// Funkcja zapisu bajtu do wyświetacza (bez rozróżnienia instrukcja/dane).
//
//-------------------------------------------------------------------------------------------------
void _LCD_Write(unsigned char dataToWrite)
{
LCD_E_PORT |= LCD_E;
     508:	5f 9a       	sbi	0x0b, 7	; 11
_LCD_OutNibble(dataToWrite >> 4);
     50a:	29 2f       	mov	r18, r25
     50c:	22 95       	swap	r18
     50e:	2f 70       	andi	r18, 0x0F	; 15
// Funkcja wystawiająca półbajt na magistralę danych
//
//-------------------------------------------------------------------------------------------------
void _LCD_OutNibble(unsigned char nibbleToWrite)
{
if(nibbleToWrite & 0x01)
     510:	20 fd       	sbrc	r18, 0
     512:	d7 cf       	rjmp	.-82     	; 0x4c2 <LCD_WriteText+0xe>
	LCD_DB4_PORT |= LCD_DB4;
else
	LCD_DB4_PORT  &= ~LCD_DB4;
     514:	5e 98       	cbi	0x0b, 6	; 11

if(nibbleToWrite & 0x02)
     516:	21 fd       	sbrc	r18, 1
     518:	d7 cf       	rjmp	.-82     	; 0x4c8 <LCD_WriteText+0x14>
	LCD_DB5_PORT |= LCD_DB5;
else
	LCD_DB5_PORT  &= ~LCD_DB5;
     51a:	5d 98       	cbi	0x0b, 5	; 11

if(nibbleToWrite & 0x04)
     51c:	22 fd       	sbrc	r18, 2
     51e:	d7 cf       	rjmp	.-82     	; 0x4ce <LCD_WriteText+0x1a>
	LCD_DB6_PORT |= LCD_DB6;
else
	LCD_DB6_PORT  &= ~LCD_DB6;
     520:	5c 98       	cbi	0x0b, 4	; 11

if(nibbleToWrite & 0x08)
     522:	28 70       	andi	r18, 0x08	; 8
     524:	b9 f2       	breq	.-82     	; 0x4d4 <LCD_WriteText+0x20>
	LCD_DB7_PORT |= LCD_DB7;
     526:	5b 9a       	sbi	0x0b, 3	; 11
//-------------------------------------------------------------------------------------------------
void _LCD_Write(unsigned char dataToWrite)
{
LCD_E_PORT |= LCD_E;
_LCD_OutNibble(dataToWrite >> 4);
LCD_E_PORT &= ~LCD_E;
     528:	5f 98       	cbi	0x0b, 7	; 11
LCD_E_PORT |= LCD_E;
     52a:	5f 9a       	sbi	0x0b, 7	; 11
// Funkcja wystawiająca półbajt na magistralę danych
//
//-------------------------------------------------------------------------------------------------
void _LCD_OutNibble(unsigned char nibbleToWrite)
{
if(nibbleToWrite & 0x01)
     52c:	90 fd       	sbrc	r25, 0
     52e:	d7 cf       	rjmp	.-82     	; 0x4de <LCD_WriteText+0x2a>
	LCD_DB4_PORT |= LCD_DB4;
else
	LCD_DB4_PORT  &= ~LCD_DB4;
     530:	5e 98       	cbi	0x0b, 6	; 11

if(nibbleToWrite & 0x02)
     532:	91 fd       	sbrc	r25, 1
     534:	d7 cf       	rjmp	.-82     	; 0x4e4 <LCD_WriteText+0x30>
	LCD_DB5_PORT |= LCD_DB5;
else
	LCD_DB5_PORT  &= ~LCD_DB5;
     536:	5d 98       	cbi	0x0b, 5	; 11

if(nibbleToWrite & 0x04)
     538:	92 fd       	sbrc	r25, 2
     53a:	d7 cf       	rjmp	.-82     	; 0x4ea <LCD_WriteText+0x36>
	LCD_DB6_PORT |= LCD_DB6;
else
	LCD_DB6_PORT  &= ~LCD_DB6;
     53c:	5c 98       	cbi	0x0b, 4	; 11

if(nibbleToWrite & 0x08)
     53e:	93 ff       	sbrs	r25, 3
     540:	d7 cf       	rjmp	.-82     	; 0x4f0 <LCD_WriteText+0x3c>
	LCD_DB7_PORT |= LCD_DB7;
     542:	5b 9a       	sbi	0x0b, 3	; 11
     544:	d6 cf       	rjmp	.-84     	; 0x4f2 <LCD_WriteText+0x3e>
     546:	08 95       	ret

00000548 <LCD_GoTo>:
// Funkcja ustawienia współrzędnych ekranowych
//
//-------------------------------------------------------------------------------------------------
void LCD_GoTo(unsigned char x, unsigned char y)
{
LCD_WriteCommand(HD44780_DDRAM_SET | (x + (0x40 * y)));
     548:	90 e4       	ldi	r25, 0x40	; 64
     54a:	69 9f       	mul	r22, r25
     54c:	80 0d       	add	r24, r0
     54e:	11 24       	eor	r1, r1
     550:	80 68       	ori	r24, 0x80	; 128
// Funkcja zapisu rozkazu do wyświetlacza
//
//-------------------------------------------------------------------------------------------------
void LCD_WriteCommand(unsigned char commandToWrite)
{
LCD_RS_PORT &= ~LCD_RS;
     552:	28 98       	cbi	0x05, 0	; 5
// Funkcja zapisu bajtu do wyświetacza (bez rozróżnienia instrukcja/dane).
//
//-------------------------------------------------------------------------------------------------
void _LCD_Write(unsigned char dataToWrite)
{
LCD_E_PORT |= LCD_E;
     554:	5f 9a       	sbi	0x0b, 7	; 11
_LCD_OutNibble(dataToWrite >> 4);
     556:	98 2f       	mov	r25, r24
     558:	92 95       	swap	r25
     55a:	9f 70       	andi	r25, 0x0F	; 15
// Funkcja wystawiająca półbajt na magistralę danych
//
//-------------------------------------------------------------------------------------------------
void _LCD_OutNibble(unsigned char nibbleToWrite)
{
if(nibbleToWrite & 0x01)
     55c:	90 ff       	sbrs	r25, 0
     55e:	1e c0       	rjmp	.+60     	; 0x59c <LCD_GoTo+0x54>
	LCD_DB4_PORT |= LCD_DB4;
     560:	5e 9a       	sbi	0x0b, 6	; 11
else
	LCD_DB4_PORT  &= ~LCD_DB4;

if(nibbleToWrite & 0x02)
     562:	91 ff       	sbrs	r25, 1
     564:	1e c0       	rjmp	.+60     	; 0x5a2 <LCD_GoTo+0x5a>
	LCD_DB5_PORT |= LCD_DB5;
     566:	5d 9a       	sbi	0x0b, 5	; 11
else
	LCD_DB5_PORT  &= ~LCD_DB5;

if(nibbleToWrite & 0x04)
     568:	92 ff       	sbrs	r25, 2
     56a:	1e c0       	rjmp	.+60     	; 0x5a8 <LCD_GoTo+0x60>
	LCD_DB6_PORT |= LCD_DB6;
     56c:	5c 9a       	sbi	0x0b, 4	; 11
else
	LCD_DB6_PORT  &= ~LCD_DB6;

if(nibbleToWrite & 0x08)
	LCD_DB7_PORT |= LCD_DB7;
     56e:	5b 9a       	sbi	0x0b, 3	; 11
//-------------------------------------------------------------------------------------------------
void _LCD_Write(unsigned char dataToWrite)
{
LCD_E_PORT |= LCD_E;
_LCD_OutNibble(dataToWrite >> 4);
LCD_E_PORT &= ~LCD_E;
     570:	5f 98       	cbi	0x0b, 7	; 11
LCD_E_PORT |= LCD_E;
     572:	5f 9a       	sbi	0x0b, 7	; 11
// Funkcja wystawiająca półbajt na magistralę danych
//
//-------------------------------------------------------------------------------------------------
void _LCD_OutNibble(unsigned char nibbleToWrite)
{
if(nibbleToWrite & 0x01)
     574:	80 ff       	sbrs	r24, 0
     576:	1e c0       	rjmp	.+60     	; 0x5b4 <LCD_GoTo+0x6c>
	LCD_DB4_PORT |= LCD_DB4;
     578:	5e 9a       	sbi	0x0b, 6	; 11
else
	LCD_DB4_PORT  &= ~LCD_DB4;

if(nibbleToWrite & 0x02)
     57a:	81 ff       	sbrs	r24, 1
     57c:	1e c0       	rjmp	.+60     	; 0x5ba <LCD_GoTo+0x72>
	LCD_DB5_PORT |= LCD_DB5;
     57e:	5d 9a       	sbi	0x0b, 5	; 11
else
	LCD_DB5_PORT  &= ~LCD_DB5;

if(nibbleToWrite & 0x04)
     580:	82 ff       	sbrs	r24, 2
     582:	1e c0       	rjmp	.+60     	; 0x5c0 <LCD_GoTo+0x78>
	LCD_DB6_PORT |= LCD_DB6;
     584:	5c 9a       	sbi	0x0b, 4	; 11
else
	LCD_DB6_PORT  &= ~LCD_DB6;

if(nibbleToWrite & 0x08)
     586:	83 fd       	sbrc	r24, 3
     588:	1e c0       	rjmp	.+60     	; 0x5c6 <LCD_GoTo+0x7e>
	LCD_DB7_PORT |= LCD_DB7;
else
	LCD_DB7_PORT  &= ~LCD_DB7;
     58a:	5b 98       	cbi	0x0b, 3	; 11
LCD_E_PORT |= LCD_E;
_LCD_OutNibble(dataToWrite >> 4);
LCD_E_PORT &= ~LCD_E;
LCD_E_PORT |= LCD_E;
_LCD_OutNibble(dataToWrite);
LCD_E_PORT &= ~LCD_E;
     58c:	5f 98       	cbi	0x0b, 7	; 11
     58e:	87 ec       	ldi	r24, 0xC7	; 199
     590:	90 e0       	ldi	r25, 0x00	; 0
     592:	01 97       	sbiw	r24, 0x01	; 1
     594:	f1 f7       	brne	.-4      	; 0x592 <LCD_GoTo+0x4a>
     596:	00 c0       	rjmp	.+0      	; 0x598 <LCD_GoTo+0x50>
     598:	00 00       	nop
     59a:	08 95       	ret
void _LCD_OutNibble(unsigned char nibbleToWrite)
{
if(nibbleToWrite & 0x01)
	LCD_DB4_PORT |= LCD_DB4;
else
	LCD_DB4_PORT  &= ~LCD_DB4;
     59c:	5e 98       	cbi	0x0b, 6	; 11

if(nibbleToWrite & 0x02)
     59e:	91 fd       	sbrc	r25, 1
     5a0:	e2 cf       	rjmp	.-60     	; 0x566 <LCD_GoTo+0x1e>
	LCD_DB5_PORT |= LCD_DB5;
else
	LCD_DB5_PORT  &= ~LCD_DB5;
     5a2:	5d 98       	cbi	0x0b, 5	; 11

if(nibbleToWrite & 0x04)
     5a4:	92 fd       	sbrc	r25, 2
     5a6:	e2 cf       	rjmp	.-60     	; 0x56c <LCD_GoTo+0x24>
	LCD_DB6_PORT |= LCD_DB6;
else
	LCD_DB6_PORT  &= ~LCD_DB6;
     5a8:	5c 98       	cbi	0x0b, 4	; 11

if(nibbleToWrite & 0x08)
	LCD_DB7_PORT |= LCD_DB7;
     5aa:	5b 9a       	sbi	0x0b, 3	; 11
//-------------------------------------------------------------------------------------------------
void _LCD_Write(unsigned char dataToWrite)
{
LCD_E_PORT |= LCD_E;
_LCD_OutNibble(dataToWrite >> 4);
LCD_E_PORT &= ~LCD_E;
     5ac:	5f 98       	cbi	0x0b, 7	; 11
LCD_E_PORT |= LCD_E;
     5ae:	5f 9a       	sbi	0x0b, 7	; 11
// Funkcja wystawiająca półbajt na magistralę danych
//
//-------------------------------------------------------------------------------------------------
void _LCD_OutNibble(unsigned char nibbleToWrite)
{
if(nibbleToWrite & 0x01)
     5b0:	80 fd       	sbrc	r24, 0
     5b2:	e2 cf       	rjmp	.-60     	; 0x578 <LCD_GoTo+0x30>
	LCD_DB4_PORT |= LCD_DB4;
else
	LCD_DB4_PORT  &= ~LCD_DB4;
     5b4:	5e 98       	cbi	0x0b, 6	; 11

if(nibbleToWrite & 0x02)
     5b6:	81 fd       	sbrc	r24, 1
     5b8:	e2 cf       	rjmp	.-60     	; 0x57e <LCD_GoTo+0x36>
	LCD_DB5_PORT |= LCD_DB5;
else
	LCD_DB5_PORT  &= ~LCD_DB5;
     5ba:	5d 98       	cbi	0x0b, 5	; 11

if(nibbleToWrite & 0x04)
     5bc:	82 fd       	sbrc	r24, 2
     5be:	e2 cf       	rjmp	.-60     	; 0x584 <LCD_GoTo+0x3c>
	LCD_DB6_PORT |= LCD_DB6;
else
	LCD_DB6_PORT  &= ~LCD_DB6;
     5c0:	5c 98       	cbi	0x0b, 4	; 11

if(nibbleToWrite & 0x08)
     5c2:	83 ff       	sbrs	r24, 3
     5c4:	e2 cf       	rjmp	.-60     	; 0x58a <LCD_GoTo+0x42>
	LCD_DB7_PORT |= LCD_DB7;
     5c6:	5b 9a       	sbi	0x0b, 3	; 11
LCD_E_PORT |= LCD_E;
_LCD_OutNibble(dataToWrite >> 4);
LCD_E_PORT &= ~LCD_E;
LCD_E_PORT |= LCD_E;
_LCD_OutNibble(dataToWrite);
LCD_E_PORT &= ~LCD_E;
     5c8:	5f 98       	cbi	0x0b, 7	; 11
     5ca:	87 ec       	ldi	r24, 0xC7	; 199
     5cc:	90 e0       	ldi	r25, 0x00	; 0
     5ce:	01 97       	sbiw	r24, 0x01	; 1
     5d0:	f1 f7       	brne	.-4      	; 0x5ce <LCD_GoTo+0x86>
     5d2:	00 c0       	rjmp	.+0      	; 0x5d4 <LCD_GoTo+0x8c>
     5d4:	00 00       	nop
     5d6:	08 95       	ret

000005d8 <LCD_Clear>:
// Funkcja zapisu rozkazu do wyświetlacza
//
//-------------------------------------------------------------------------------------------------
void LCD_WriteCommand(unsigned char commandToWrite)
{
LCD_RS_PORT &= ~LCD_RS;
     5d8:	28 98       	cbi	0x05, 0	; 5
// Funkcja zapisu bajtu do wyświetacza (bez rozróżnienia instrukcja/dane).
//
//-------------------------------------------------------------------------------------------------
void _LCD_Write(unsigned char dataToWrite)
{
LCD_E_PORT |= LCD_E;
     5da:	5f 9a       	sbi	0x0b, 7	; 11
void _LCD_OutNibble(unsigned char nibbleToWrite)
{
if(nibbleToWrite & 0x01)
	LCD_DB4_PORT |= LCD_DB4;
else
	LCD_DB4_PORT  &= ~LCD_DB4;
     5dc:	5e 98       	cbi	0x0b, 6	; 11

if(nibbleToWrite & 0x02)
	LCD_DB5_PORT |= LCD_DB5;
else
	LCD_DB5_PORT  &= ~LCD_DB5;
     5de:	5d 98       	cbi	0x0b, 5	; 11

if(nibbleToWrite & 0x04)
	LCD_DB6_PORT |= LCD_DB6;
else
	LCD_DB6_PORT  &= ~LCD_DB6;
     5e0:	5c 98       	cbi	0x0b, 4	; 11

if(nibbleToWrite & 0x08)
	LCD_DB7_PORT |= LCD_DB7;
else
	LCD_DB7_PORT  &= ~LCD_DB7;
     5e2:	5b 98       	cbi	0x0b, 3	; 11
//-------------------------------------------------------------------------------------------------
void _LCD_Write(unsigned char dataToWrite)
{
LCD_E_PORT |= LCD_E;
_LCD_OutNibble(dataToWrite >> 4);
LCD_E_PORT &= ~LCD_E;
     5e4:	5f 98       	cbi	0x0b, 7	; 11
LCD_E_PORT |= LCD_E;
     5e6:	5f 9a       	sbi	0x0b, 7	; 11
//
//-------------------------------------------------------------------------------------------------
void _LCD_OutNibble(unsigned char nibbleToWrite)
{
if(nibbleToWrite & 0x01)
	LCD_DB4_PORT |= LCD_DB4;
     5e8:	5e 9a       	sbi	0x0b, 6	; 11
	LCD_DB4_PORT  &= ~LCD_DB4;

if(nibbleToWrite & 0x02)
	LCD_DB5_PORT |= LCD_DB5;
else
	LCD_DB5_PORT  &= ~LCD_DB5;
     5ea:	5d 98       	cbi	0x0b, 5	; 11

if(nibbleToWrite & 0x04)
	LCD_DB6_PORT |= LCD_DB6;
else
	LCD_DB6_PORT  &= ~LCD_DB6;
     5ec:	5c 98       	cbi	0x0b, 4	; 11

if(nibbleToWrite & 0x08)
	LCD_DB7_PORT |= LCD_DB7;
else
	LCD_DB7_PORT  &= ~LCD_DB7;
     5ee:	5b 98       	cbi	0x0b, 3	; 11
LCD_E_PORT |= LCD_E;
_LCD_OutNibble(dataToWrite >> 4);
LCD_E_PORT &= ~LCD_E;
LCD_E_PORT |= LCD_E;
_LCD_OutNibble(dataToWrite);
LCD_E_PORT &= ~LCD_E;
     5f0:	5f 98       	cbi	0x0b, 7	; 11
     5f2:	87 ec       	ldi	r24, 0xC7	; 199
     5f4:	90 e0       	ldi	r25, 0x00	; 0
     5f6:	01 97       	sbiw	r24, 0x01	; 1
     5f8:	f1 f7       	brne	.-4      	; 0x5f6 <LCD_Clear+0x1e>
     5fa:	00 c0       	rjmp	.+0      	; 0x5fc <LCD_Clear+0x24>
     5fc:	00 00       	nop
	#else
		//round up by default
		__ticks_dc = (uint32_t)(ceil(fabs(__tmp)));
	#endif

	__builtin_avr_delay_cycles(__ticks_dc);
     5fe:	8f e3       	ldi	r24, 0x3F	; 63
     600:	9f e1       	ldi	r25, 0x1F	; 31
     602:	01 97       	sbiw	r24, 0x01	; 1
     604:	f1 f7       	brne	.-4      	; 0x602 <LCD_Clear+0x2a>
     606:	00 c0       	rjmp	.+0      	; 0x608 <LCD_Clear+0x30>
     608:	00 00       	nop
     60a:	08 95       	ret

0000060c <LCD_Home>:
// Funkcja zapisu rozkazu do wyświetlacza
//
//-------------------------------------------------------------------------------------------------
void LCD_WriteCommand(unsigned char commandToWrite)
{
LCD_RS_PORT &= ~LCD_RS;
     60c:	28 98       	cbi	0x05, 0	; 5
// Funkcja zapisu bajtu do wyświetacza (bez rozróżnienia instrukcja/dane).
//
//-------------------------------------------------------------------------------------------------
void _LCD_Write(unsigned char dataToWrite)
{
LCD_E_PORT |= LCD_E;
     60e:	5f 9a       	sbi	0x0b, 7	; 11
void _LCD_OutNibble(unsigned char nibbleToWrite)
{
if(nibbleToWrite & 0x01)
	LCD_DB4_PORT |= LCD_DB4;
else
	LCD_DB4_PORT  &= ~LCD_DB4;
     610:	5e 98       	cbi	0x0b, 6	; 11

if(nibbleToWrite & 0x02)
	LCD_DB5_PORT |= LCD_DB5;
else
	LCD_DB5_PORT  &= ~LCD_DB5;
     612:	5d 98       	cbi	0x0b, 5	; 11

if(nibbleToWrite & 0x04)
	LCD_DB6_PORT |= LCD_DB6;
else
	LCD_DB6_PORT  &= ~LCD_DB6;
     614:	5c 98       	cbi	0x0b, 4	; 11

if(nibbleToWrite & 0x08)
	LCD_DB7_PORT |= LCD_DB7;
else
	LCD_DB7_PORT  &= ~LCD_DB7;
     616:	5b 98       	cbi	0x0b, 3	; 11
//-------------------------------------------------------------------------------------------------
void _LCD_Write(unsigned char dataToWrite)
{
LCD_E_PORT |= LCD_E;
_LCD_OutNibble(dataToWrite >> 4);
LCD_E_PORT &= ~LCD_E;
     618:	5f 98       	cbi	0x0b, 7	; 11
LCD_E_PORT |= LCD_E;
     61a:	5f 9a       	sbi	0x0b, 7	; 11
void _LCD_OutNibble(unsigned char nibbleToWrite)
{
if(nibbleToWrite & 0x01)
	LCD_DB4_PORT |= LCD_DB4;
else
	LCD_DB4_PORT  &= ~LCD_DB4;
     61c:	5e 98       	cbi	0x0b, 6	; 11

if(nibbleToWrite & 0x02)
	LCD_DB5_PORT |= LCD_DB5;
     61e:	5d 9a       	sbi	0x0b, 5	; 11
	LCD_DB5_PORT  &= ~LCD_DB5;

if(nibbleToWrite & 0x04)
	LCD_DB6_PORT |= LCD_DB6;
else
	LCD_DB6_PORT  &= ~LCD_DB6;
     620:	5c 98       	cbi	0x0b, 4	; 11

if(nibbleToWrite & 0x08)
	LCD_DB7_PORT |= LCD_DB7;
else
	LCD_DB7_PORT  &= ~LCD_DB7;
     622:	5b 98       	cbi	0x0b, 3	; 11
LCD_E_PORT |= LCD_E;
_LCD_OutNibble(dataToWrite >> 4);
LCD_E_PORT &= ~LCD_E;
LCD_E_PORT |= LCD_E;
_LCD_OutNibble(dataToWrite);
LCD_E_PORT &= ~LCD_E;
     624:	5f 98       	cbi	0x0b, 7	; 11
	#else
		//round up by default
		__ticks_dc = (uint32_t)(ceil(fabs(__tmp)));
	#endif

	__builtin_avr_delay_cycles(__ticks_dc);
     626:	87 ec       	ldi	r24, 0xC7	; 199
     628:	90 e0       	ldi	r25, 0x00	; 0
     62a:	01 97       	sbiw	r24, 0x01	; 1
     62c:	f1 f7       	brne	.-4      	; 0x62a <LCD_Home+0x1e>
     62e:	00 c0       	rjmp	.+0      	; 0x630 <LCD_Home+0x24>
     630:	00 00       	nop
	#else
		//round up by default
		__ticks_dc = (uint32_t)(ceil(fabs(__tmp)));
	#endif

	__builtin_avr_delay_cycles(__ticks_dc);
     632:	8f e3       	ldi	r24, 0x3F	; 63
     634:	9f e1       	ldi	r25, 0x1F	; 31
     636:	01 97       	sbiw	r24, 0x01	; 1
     638:	f1 f7       	brne	.-4      	; 0x636 <LCD_Home+0x2a>
     63a:	00 c0       	rjmp	.+0      	; 0x63c <LCD_Home+0x30>
     63c:	00 00       	nop
     63e:	08 95       	ret

00000640 <LCD_Initialize>:
     640:	56 9a       	sbi	0x0a, 6	; 10
     642:	55 9a       	sbi	0x0a, 5	; 10
     644:	54 9a       	sbi	0x0a, 4	; 10
     646:	53 9a       	sbi	0x0a, 3	; 10
     648:	57 9a       	sbi	0x0a, 7	; 10
     64a:	20 9a       	sbi	0x04, 0	; 4
     64c:	8f e5       	ldi	r24, 0x5F	; 95
     64e:	9a ee       	ldi	r25, 0xEA	; 234
     650:	01 97       	sbiw	r24, 0x01	; 1
     652:	f1 f7       	brne	.-4      	; 0x650 <LCD_Initialize+0x10>
     654:	00 c0       	rjmp	.+0      	; 0x656 <LCD_Initialize+0x16>
     656:	00 00       	nop
     658:	28 98       	cbi	0x05, 0	; 5
     65a:	5f 98       	cbi	0x0b, 7	; 11
     65c:	83 e0       	ldi	r24, 0x03	; 3
     65e:	5f 9a       	sbi	0x0b, 7	; 11
     660:	5e 9a       	sbi	0x0b, 6	; 11
     662:	5d 9a       	sbi	0x0b, 5	; 11
     664:	5c 98       	cbi	0x0b, 4	; 11
     666:	5b 98       	cbi	0x0b, 3	; 11
     668:	5f 98       	cbi	0x0b, 7	; 11
     66a:	ef e1       	ldi	r30, 0x1F	; 31
     66c:	fe e4       	ldi	r31, 0x4E	; 78
     66e:	31 97       	sbiw	r30, 0x01	; 1
     670:	f1 f7       	brne	.-4      	; 0x66e <LCD_Initialize+0x2e>
     672:	00 c0       	rjmp	.+0      	; 0x674 <LCD_Initialize+0x34>
     674:	00 00       	nop
     676:	81 50       	subi	r24, 0x01	; 1
     678:	91 f7       	brne	.-28     	; 0x65e <LCD_Initialize+0x1e>
     67a:	5f 9a       	sbi	0x0b, 7	; 11
     67c:	5e 98       	cbi	0x0b, 6	; 11
     67e:	5d 9a       	sbi	0x0b, 5	; 11
     680:	5c 98       	cbi	0x0b, 4	; 11
     682:	5b 98       	cbi	0x0b, 3	; 11
     684:	5f 98       	cbi	0x0b, 7	; 11
     686:	8f e9       	ldi	r24, 0x9F	; 159
     688:	9f e0       	ldi	r25, 0x0F	; 15
     68a:	01 97       	sbiw	r24, 0x01	; 1
     68c:	f1 f7       	brne	.-4      	; 0x68a <LCD_Initialize+0x4a>
     68e:	00 c0       	rjmp	.+0      	; 0x690 <LCD_Initialize+0x50>
     690:	00 00       	nop
     692:	28 98       	cbi	0x05, 0	; 5
     694:	5f 9a       	sbi	0x0b, 7	; 11
     696:	5e 98       	cbi	0x0b, 6	; 11
     698:	5d 9a       	sbi	0x0b, 5	; 11
     69a:	5c 98       	cbi	0x0b, 4	; 11
     69c:	5b 98       	cbi	0x0b, 3	; 11
     69e:	5f 98       	cbi	0x0b, 7	; 11
     6a0:	5f 9a       	sbi	0x0b, 7	; 11
     6a2:	5e 98       	cbi	0x0b, 6	; 11
     6a4:	5d 98       	cbi	0x0b, 5	; 11
     6a6:	5c 98       	cbi	0x0b, 4	; 11
     6a8:	5b 9a       	sbi	0x0b, 3	; 11
     6aa:	5f 98       	cbi	0x0b, 7	; 11
     6ac:	e7 ec       	ldi	r30, 0xC7	; 199
     6ae:	f0 e0       	ldi	r31, 0x00	; 0
     6b0:	31 97       	sbiw	r30, 0x01	; 1
     6b2:	f1 f7       	brne	.-4      	; 0x6b0 <LCD_Initialize+0x70>
     6b4:	00 c0       	rjmp	.+0      	; 0x6b6 <LCD_Initialize+0x76>
     6b6:	00 00       	nop
     6b8:	28 98       	cbi	0x05, 0	; 5
     6ba:	5f 9a       	sbi	0x0b, 7	; 11
     6bc:	5e 98       	cbi	0x0b, 6	; 11
     6be:	5d 98       	cbi	0x0b, 5	; 11
     6c0:	5c 98       	cbi	0x0b, 4	; 11
     6c2:	5b 98       	cbi	0x0b, 3	; 11
     6c4:	5f 98       	cbi	0x0b, 7	; 11
     6c6:	5f 9a       	sbi	0x0b, 7	; 11
     6c8:	5e 98       	cbi	0x0b, 6	; 11
     6ca:	5d 98       	cbi	0x0b, 5	; 11
     6cc:	5c 98       	cbi	0x0b, 4	; 11
     6ce:	5b 9a       	sbi	0x0b, 3	; 11
     6d0:	5f 98       	cbi	0x0b, 7	; 11
     6d2:	87 ec       	ldi	r24, 0xC7	; 199
     6d4:	90 e0       	ldi	r25, 0x00	; 0
     6d6:	01 97       	sbiw	r24, 0x01	; 1
     6d8:	f1 f7       	brne	.-4      	; 0x6d6 <LCD_Initialize+0x96>
     6da:	00 c0       	rjmp	.+0      	; 0x6dc <LCD_Initialize+0x9c>
     6dc:	00 00       	nop
     6de:	28 98       	cbi	0x05, 0	; 5
     6e0:	5f 9a       	sbi	0x0b, 7	; 11
     6e2:	5e 98       	cbi	0x0b, 6	; 11
     6e4:	5d 98       	cbi	0x0b, 5	; 11
     6e6:	5c 98       	cbi	0x0b, 4	; 11
     6e8:	5b 98       	cbi	0x0b, 3	; 11
     6ea:	5f 98       	cbi	0x0b, 7	; 11
     6ec:	5f 9a       	sbi	0x0b, 7	; 11
     6ee:	5e 9a       	sbi	0x0b, 6	; 11
     6f0:	5d 98       	cbi	0x0b, 5	; 11
     6f2:	5c 98       	cbi	0x0b, 4	; 11
     6f4:	5b 98       	cbi	0x0b, 3	; 11
     6f6:	5f 98       	cbi	0x0b, 7	; 11
     6f8:	e7 ec       	ldi	r30, 0xC7	; 199
     6fa:	f0 e0       	ldi	r31, 0x00	; 0
     6fc:	31 97       	sbiw	r30, 0x01	; 1
     6fe:	f1 f7       	brne	.-4      	; 0x6fc <LCD_Initialize+0xbc>
     700:	00 c0       	rjmp	.+0      	; 0x702 <LCD_Initialize+0xc2>
     702:	00 00       	nop
     704:	8f e3       	ldi	r24, 0x3F	; 63
     706:	9f e1       	ldi	r25, 0x1F	; 31
     708:	01 97       	sbiw	r24, 0x01	; 1
     70a:	f1 f7       	brne	.-4      	; 0x708 <LCD_Initialize+0xc8>
     70c:	00 c0       	rjmp	.+0      	; 0x70e <LCD_Initialize+0xce>
     70e:	00 00       	nop
     710:	28 98       	cbi	0x05, 0	; 5
     712:	5f 9a       	sbi	0x0b, 7	; 11
     714:	5e 98       	cbi	0x0b, 6	; 11
     716:	5d 98       	cbi	0x0b, 5	; 11
     718:	5c 98       	cbi	0x0b, 4	; 11
     71a:	5b 98       	cbi	0x0b, 3	; 11
     71c:	5f 98       	cbi	0x0b, 7	; 11
     71e:	5f 9a       	sbi	0x0b, 7	; 11
     720:	5e 98       	cbi	0x0b, 6	; 11
     722:	5d 9a       	sbi	0x0b, 5	; 11
     724:	5c 9a       	sbi	0x0b, 4	; 11
     726:	5b 98       	cbi	0x0b, 3	; 11
     728:	5f 98       	cbi	0x0b, 7	; 11
     72a:	e7 ec       	ldi	r30, 0xC7	; 199
     72c:	f0 e0       	ldi	r31, 0x00	; 0
     72e:	31 97       	sbiw	r30, 0x01	; 1
     730:	f1 f7       	brne	.-4      	; 0x72e <LCD_Initialize+0xee>
     732:	00 c0       	rjmp	.+0      	; 0x734 <LCD_Initialize+0xf4>
     734:	00 00       	nop
     736:	28 98       	cbi	0x05, 0	; 5
     738:	5f 9a       	sbi	0x0b, 7	; 11
     73a:	5e 98       	cbi	0x0b, 6	; 11
     73c:	5d 98       	cbi	0x0b, 5	; 11
     73e:	5c 98       	cbi	0x0b, 4	; 11
     740:	5b 98       	cbi	0x0b, 3	; 11
     742:	5f 98       	cbi	0x0b, 7	; 11
     744:	5f 9a       	sbi	0x0b, 7	; 11
     746:	5e 98       	cbi	0x0b, 6	; 11
     748:	5d 98       	cbi	0x0b, 5	; 11
     74a:	5c 9a       	sbi	0x0b, 4	; 11
     74c:	5b 9a       	sbi	0x0b, 3	; 11
     74e:	5f 98       	cbi	0x0b, 7	; 11
     750:	87 ec       	ldi	r24, 0xC7	; 199
     752:	90 e0       	ldi	r25, 0x00	; 0
     754:	01 97       	sbiw	r24, 0x01	; 1
     756:	f1 f7       	brne	.-4      	; 0x754 <LCD_Initialize+0x114>
     758:	00 c0       	rjmp	.+0      	; 0x75a <LCD_Initialize+0x11a>
     75a:	00 00       	nop
     75c:	08 95       	ret

0000075e <main>:

int main() {
    LCD_Initialize();
     75e:	0e 94 20 03 	call	0x640	; 0x640 <LCD_Initialize>
    LCD_Clear();
     762:	0e 94 ec 02 	call	0x5d8	; 0x5d8 <LCD_Clear>

    init_font();
     766:	0e 94 13 01 	call	0x226	; 0x226 <init_font>
        }
    }
}

void draw(int value) {
    int full = value / 5;
     76a:	95 e0       	ldi	r25, 0x05	; 5
     76c:	e9 2e       	mov	r14, r25
     76e:	f1 2c       	mov	r15, r1
    LCD_Clear();

    init_font();

    while (1) {
        for (int v = 0; v <= PROGRESS_MAX; v++) {
     770:	c1 2c       	mov	r12, r1
     772:	d1 2c       	mov	r13, r1
        }
    }
}

void draw(int value) {
    int full = value / 5;
     774:	c6 01       	movw	r24, r12
     776:	b7 01       	movw	r22, r14
     778:	0e 94 a8 0c 	call	0x1950	; 0x1950 <__divmodhi4>
     77c:	8b 01       	movw	r16, r22
    int rem  = value % 5;
     77e:	b8 2e       	mov	r11, r24

    LCD_GoTo(0, 0);
     780:	60 e0       	ldi	r22, 0x00	; 0
     782:	80 e0       	ldi	r24, 0x00	; 0
     784:	0e 94 a4 02 	call	0x548	; 0x548 <LCD_GoTo>
    for (int i = 0; i < LCD_COLS; i++) {
     788:	c0 e0       	ldi	r28, 0x00	; 0
     78a:	d0 e0       	ldi	r29, 0x00	; 0
     78c:	0b c0       	rjmp	.+22     	; 0x7a4 <main+0x46>
        int c = 0;
        if (i < full) {
            c = 5;
        }
        else if (i == full && rem) {
     78e:	0c 17       	cp	r16, r28
     790:	1d 07       	cpc	r17, r29
     792:	09 f4       	brne	.+2      	; 0x796 <main+0x38>
     794:	53 c0       	rjmp	.+166    	; 0x83c <__DATA_REGION_LENGTH__+0x3c>
     796:	80 e0       	ldi	r24, 0x00	; 0
            c = rem;
        }
        else {
            c = 0;
        }
        LCD_WriteData(c);
     798:	0e 94 13 02 	call	0x426	; 0x426 <LCD_WriteData>
void draw(int value) {
    int full = value / 5;
    int rem  = value % 5;

    LCD_GoTo(0, 0);
    for (int i = 0; i < LCD_COLS; i++) {
     79c:	21 96       	adiw	r28, 0x01	; 1
     79e:	c0 31       	cpi	r28, 0x10	; 16
     7a0:	d1 05       	cpc	r29, r1
     7a2:	51 f0       	breq	.+20     	; 0x7b8 <main+0x5a>
        int c = 0;
        if (i < full) {
     7a4:	c0 17       	cp	r28, r16
     7a6:	d1 07       	cpc	r29, r17
     7a8:	94 f7       	brge	.-28     	; 0x78e <main+0x30>
     7aa:	85 e0       	ldi	r24, 0x05	; 5
            c = rem;
        }
        else {
            c = 0;
        }
        LCD_WriteData(c);
     7ac:	0e 94 13 02 	call	0x426	; 0x426 <LCD_WriteData>
void draw(int value) {
    int full = value / 5;
    int rem  = value % 5;

    LCD_GoTo(0, 0);
    for (int i = 0; i < LCD_COLS; i++) {
     7b0:	21 96       	adiw	r28, 0x01	; 1
     7b2:	c0 31       	cpi	r28, 0x10	; 16
     7b4:	d1 05       	cpc	r29, r1
     7b6:	b1 f7       	brne	.-20     	; 0x7a4 <main+0x46>
     7b8:	2f ef       	ldi	r18, 0xFF	; 255
     7ba:	87 ee       	ldi	r24, 0xE7	; 231
     7bc:	93 e0       	ldi	r25, 0x03	; 3
     7be:	21 50       	subi	r18, 0x01	; 1
     7c0:	80 40       	sbci	r24, 0x00	; 0
     7c2:	90 40       	sbci	r25, 0x00	; 0
     7c4:	e1 f7       	brne	.-8      	; 0x7be <main+0x60>
     7c6:	00 c0       	rjmp	.+0      	; 0x7c8 <main+0x6a>
     7c8:	00 00       	nop
    LCD_Clear();

    init_font();

    while (1) {
        for (int v = 0; v <= PROGRESS_MAX; v++) {
     7ca:	2f ef       	ldi	r18, 0xFF	; 255
     7cc:	c2 1a       	sub	r12, r18
     7ce:	d2 0a       	sbc	r13, r18
     7d0:	81 e5       	ldi	r24, 0x51	; 81
     7d2:	c8 16       	cp	r12, r24
     7d4:	d1 04       	cpc	r13, r1
     7d6:	71 f6       	brne	.-100    	; 0x774 <main+0x16>
     7d8:	80 e5       	ldi	r24, 0x50	; 80
     7da:	c8 2e       	mov	r12, r24
     7dc:	d1 2c       	mov	r13, r1
        }
    }
}

void draw(int value) {
    int full = value / 5;
     7de:	c6 01       	movw	r24, r12
     7e0:	b7 01       	movw	r22, r14
     7e2:	0e 94 a8 0c 	call	0x1950	; 0x1950 <__divmodhi4>
     7e6:	8b 01       	movw	r16, r22
    int rem  = value % 5;
     7e8:	b8 2e       	mov	r11, r24

    LCD_GoTo(0, 0);
     7ea:	60 e0       	ldi	r22, 0x00	; 0
     7ec:	80 e0       	ldi	r24, 0x00	; 0
     7ee:	0e 94 a4 02 	call	0x548	; 0x548 <LCD_GoTo>
    for (int i = 0; i < LCD_COLS; i++) {
     7f2:	c0 e0       	ldi	r28, 0x00	; 0
     7f4:	d0 e0       	ldi	r29, 0x00	; 0
     7f6:	0a c0       	rjmp	.+20     	; 0x80c <__DATA_REGION_LENGTH__+0xc>
        int c = 0;
        if (i < full) {
            c = 5;
        }
        else if (i == full && rem) {
     7f8:	0c 17       	cp	r16, r28
     7fa:	1d 07       	cpc	r17, r29
     7fc:	09 f1       	breq	.+66     	; 0x840 <__DATA_REGION_LENGTH__+0x40>
     7fe:	80 e0       	ldi	r24, 0x00	; 0
            c = rem;
        }
        else {
            c = 0;
        }
        LCD_WriteData(c);
     800:	0e 94 13 02 	call	0x426	; 0x426 <LCD_WriteData>
void draw(int value) {
    int full = value / 5;
    int rem  = value % 5;

    LCD_GoTo(0, 0);
    for (int i = 0; i < LCD_COLS; i++) {
     804:	21 96       	adiw	r28, 0x01	; 1
     806:	c0 31       	cpi	r28, 0x10	; 16
     808:	d1 05       	cpc	r29, r1
     80a:	51 f0       	breq	.+20     	; 0x820 <__DATA_REGION_LENGTH__+0x20>
        int c = 0;
        if (i < full) {
     80c:	c0 17       	cp	r28, r16
     80e:	d1 07       	cpc	r29, r17
     810:	9c f7       	brge	.-26     	; 0x7f8 <main+0x9a>
     812:	85 e0       	ldi	r24, 0x05	; 5
            c = rem;
        }
        else {
            c = 0;
        }
        LCD_WriteData(c);
     814:	0e 94 13 02 	call	0x426	; 0x426 <LCD_WriteData>
void draw(int value) {
    int full = value / 5;
    int rem  = value % 5;

    LCD_GoTo(0, 0);
    for (int i = 0; i < LCD_COLS; i++) {
     818:	21 96       	adiw	r28, 0x01	; 1
     81a:	c0 31       	cpi	r28, 0x10	; 16
     81c:	d1 05       	cpc	r29, r1
     81e:	b1 f7       	brne	.-20     	; 0x80c <__DATA_REGION_LENGTH__+0xc>
     820:	9f ef       	ldi	r25, 0xFF	; 255
     822:	27 ee       	ldi	r18, 0xE7	; 231
     824:	83 e0       	ldi	r24, 0x03	; 3
     826:	91 50       	subi	r25, 0x01	; 1
     828:	20 40       	sbci	r18, 0x00	; 0
     82a:	80 40       	sbci	r24, 0x00	; 0
     82c:	e1 f7       	brne	.-8      	; 0x826 <__DATA_REGION_LENGTH__+0x26>
     82e:	00 c0       	rjmp	.+0      	; 0x830 <__DATA_REGION_LENGTH__+0x30>
     830:	00 00       	nop
    while (1) {
        for (int v = 0; v <= PROGRESS_MAX; v++) {
            draw(v);
            _delay_ms(80);
        }
        for (int v = PROGRESS_MAX; v >= 0; v--) {
     832:	91 e0       	ldi	r25, 0x01	; 1
     834:	c9 1a       	sub	r12, r25
     836:	d1 08       	sbc	r13, r1
     838:	90 f6       	brcc	.-92     	; 0x7de <main+0x80>
     83a:	9a cf       	rjmp	.-204    	; 0x770 <main+0x12>
     83c:	8b 2d       	mov	r24, r11
     83e:	ac cf       	rjmp	.-168    	; 0x798 <main+0x3a>
     840:	8b 2d       	mov	r24, r11
     842:	de cf       	rjmp	.-68     	; 0x800 <__DATA_REGION_LENGTH__>

00000844 <vfprintf>:
     844:	a0 e1       	ldi	r26, 0x10	; 16
     846:	b0 e0       	ldi	r27, 0x00	; 0
     848:	e8 e2       	ldi	r30, 0x28	; 40
     84a:	f4 e0       	ldi	r31, 0x04	; 4
     84c:	0c 94 bc 0c 	jmp	0x1978	; 0x1978 <__prologue_saves__>
     850:	7c 01       	movw	r14, r24
     852:	1b 01       	movw	r2, r22
     854:	6a 01       	movw	r12, r20
     856:	fc 01       	movw	r30, r24
     858:	17 82       	std	Z+7, r1	; 0x07
     85a:	16 82       	std	Z+6, r1	; 0x06
     85c:	83 81       	ldd	r24, Z+3	; 0x03
     85e:	81 ff       	sbrs	r24, 1
     860:	44 c3       	rjmp	.+1672   	; 0xeea <__stack+0x5eb>
     862:	9e 01       	movw	r18, r28
     864:	2f 5f       	subi	r18, 0xFF	; 255
     866:	3f 4f       	sbci	r19, 0xFF	; 255
     868:	39 01       	movw	r6, r18
     86a:	f7 01       	movw	r30, r14
     86c:	93 81       	ldd	r25, Z+3	; 0x03
     86e:	f1 01       	movw	r30, r2
     870:	93 fd       	sbrc	r25, 3
     872:	85 91       	lpm	r24, Z+
     874:	93 ff       	sbrs	r25, 3
     876:	81 91       	ld	r24, Z+
     878:	1f 01       	movw	r2, r30
     87a:	88 23       	and	r24, r24
     87c:	09 f4       	brne	.+2      	; 0x880 <vfprintf+0x3c>
     87e:	31 c3       	rjmp	.+1634   	; 0xee2 <__stack+0x5e3>
     880:	85 32       	cpi	r24, 0x25	; 37
     882:	39 f4       	brne	.+14     	; 0x892 <vfprintf+0x4e>
     884:	93 fd       	sbrc	r25, 3
     886:	85 91       	lpm	r24, Z+
     888:	93 ff       	sbrs	r25, 3
     88a:	81 91       	ld	r24, Z+
     88c:	1f 01       	movw	r2, r30
     88e:	85 32       	cpi	r24, 0x25	; 37
     890:	39 f4       	brne	.+14     	; 0x8a0 <vfprintf+0x5c>
     892:	b7 01       	movw	r22, r14
     894:	90 e0       	ldi	r25, 0x00	; 0
     896:	0e 94 4f 0e 	call	0x1c9e	; 0x1c9e <fputc>
     89a:	56 01       	movw	r10, r12
     89c:	65 01       	movw	r12, r10
     89e:	e5 cf       	rjmp	.-54     	; 0x86a <vfprintf+0x26>
     8a0:	10 e0       	ldi	r17, 0x00	; 0
     8a2:	51 2c       	mov	r5, r1
     8a4:	91 2c       	mov	r9, r1
     8a6:	ff e1       	ldi	r31, 0x1F	; 31
     8a8:	f9 15       	cp	r31, r9
     8aa:	d8 f0       	brcs	.+54     	; 0x8e2 <vfprintf+0x9e>
     8ac:	8b 32       	cpi	r24, 0x2B	; 43
     8ae:	79 f0       	breq	.+30     	; 0x8ce <vfprintf+0x8a>
     8b0:	38 f4       	brcc	.+14     	; 0x8c0 <vfprintf+0x7c>
     8b2:	80 32       	cpi	r24, 0x20	; 32
     8b4:	79 f0       	breq	.+30     	; 0x8d4 <vfprintf+0x90>
     8b6:	83 32       	cpi	r24, 0x23	; 35
     8b8:	a1 f4       	brne	.+40     	; 0x8e2 <vfprintf+0x9e>
     8ba:	f9 2d       	mov	r31, r9
     8bc:	f0 61       	ori	r31, 0x10	; 16
     8be:	2e c0       	rjmp	.+92     	; 0x91c <__stack+0x1d>
     8c0:	8d 32       	cpi	r24, 0x2D	; 45
     8c2:	61 f0       	breq	.+24     	; 0x8dc <vfprintf+0x98>
     8c4:	80 33       	cpi	r24, 0x30	; 48
     8c6:	69 f4       	brne	.+26     	; 0x8e2 <vfprintf+0x9e>
     8c8:	29 2d       	mov	r18, r9
     8ca:	21 60       	ori	r18, 0x01	; 1
     8cc:	2d c0       	rjmp	.+90     	; 0x928 <__stack+0x29>
     8ce:	39 2d       	mov	r19, r9
     8d0:	32 60       	ori	r19, 0x02	; 2
     8d2:	93 2e       	mov	r9, r19
     8d4:	89 2d       	mov	r24, r9
     8d6:	84 60       	ori	r24, 0x04	; 4
     8d8:	98 2e       	mov	r9, r24
     8da:	2a c0       	rjmp	.+84     	; 0x930 <__stack+0x31>
     8dc:	e9 2d       	mov	r30, r9
     8de:	e8 60       	ori	r30, 0x08	; 8
     8e0:	15 c0       	rjmp	.+42     	; 0x90c <__stack+0xd>
     8e2:	97 fc       	sbrc	r9, 7
     8e4:	2d c0       	rjmp	.+90     	; 0x940 <__stack+0x41>
     8e6:	20 ed       	ldi	r18, 0xD0	; 208
     8e8:	28 0f       	add	r18, r24
     8ea:	2a 30       	cpi	r18, 0x0A	; 10
     8ec:	88 f4       	brcc	.+34     	; 0x910 <__stack+0x11>
     8ee:	96 fe       	sbrs	r9, 6
     8f0:	06 c0       	rjmp	.+12     	; 0x8fe <vfprintf+0xba>
     8f2:	3a e0       	ldi	r19, 0x0A	; 10
     8f4:	13 9f       	mul	r17, r19
     8f6:	20 0d       	add	r18, r0
     8f8:	11 24       	eor	r1, r1
     8fa:	12 2f       	mov	r17, r18
     8fc:	19 c0       	rjmp	.+50     	; 0x930 <__stack+0x31>
     8fe:	8a e0       	ldi	r24, 0x0A	; 10
     900:	58 9e       	mul	r5, r24
     902:	20 0d       	add	r18, r0
     904:	11 24       	eor	r1, r1
     906:	52 2e       	mov	r5, r18
     908:	e9 2d       	mov	r30, r9
     90a:	e0 62       	ori	r30, 0x20	; 32
     90c:	9e 2e       	mov	r9, r30
     90e:	10 c0       	rjmp	.+32     	; 0x930 <__stack+0x31>
     910:	8e 32       	cpi	r24, 0x2E	; 46
     912:	31 f4       	brne	.+12     	; 0x920 <__stack+0x21>
     914:	96 fc       	sbrc	r9, 6
     916:	e5 c2       	rjmp	.+1482   	; 0xee2 <__stack+0x5e3>
     918:	f9 2d       	mov	r31, r9
     91a:	f0 64       	ori	r31, 0x40	; 64
     91c:	9f 2e       	mov	r9, r31
     91e:	08 c0       	rjmp	.+16     	; 0x930 <__stack+0x31>
     920:	8c 36       	cpi	r24, 0x6C	; 108
     922:	21 f4       	brne	.+8      	; 0x92c <__stack+0x2d>
     924:	29 2d       	mov	r18, r9
     926:	20 68       	ori	r18, 0x80	; 128
     928:	92 2e       	mov	r9, r18
     92a:	02 c0       	rjmp	.+4      	; 0x930 <__stack+0x31>
     92c:	88 36       	cpi	r24, 0x68	; 104
     92e:	41 f4       	brne	.+16     	; 0x940 <__stack+0x41>
     930:	f1 01       	movw	r30, r2
     932:	93 fd       	sbrc	r25, 3
     934:	85 91       	lpm	r24, Z+
     936:	93 ff       	sbrs	r25, 3
     938:	81 91       	ld	r24, Z+
     93a:	1f 01       	movw	r2, r30
     93c:	81 11       	cpse	r24, r1
     93e:	b3 cf       	rjmp	.-154    	; 0x8a6 <vfprintf+0x62>
     940:	9b eb       	ldi	r25, 0xBB	; 187
     942:	98 0f       	add	r25, r24
     944:	93 30       	cpi	r25, 0x03	; 3
     946:	20 f4       	brcc	.+8      	; 0x950 <__stack+0x51>
     948:	99 2d       	mov	r25, r9
     94a:	90 61       	ori	r25, 0x10	; 16
     94c:	80 5e       	subi	r24, 0xE0	; 224
     94e:	07 c0       	rjmp	.+14     	; 0x95e <__stack+0x5f>
     950:	9b e9       	ldi	r25, 0x9B	; 155
     952:	98 0f       	add	r25, r24
     954:	93 30       	cpi	r25, 0x03	; 3
     956:	08 f0       	brcs	.+2      	; 0x95a <__stack+0x5b>
     958:	66 c1       	rjmp	.+716    	; 0xc26 <__stack+0x327>
     95a:	99 2d       	mov	r25, r9
     95c:	9f 7e       	andi	r25, 0xEF	; 239
     95e:	96 ff       	sbrs	r25, 6
     960:	16 e0       	ldi	r17, 0x06	; 6
     962:	9f 73       	andi	r25, 0x3F	; 63
     964:	99 2e       	mov	r9, r25
     966:	85 36       	cpi	r24, 0x65	; 101
     968:	19 f4       	brne	.+6      	; 0x970 <__stack+0x71>
     96a:	90 64       	ori	r25, 0x40	; 64
     96c:	99 2e       	mov	r9, r25
     96e:	08 c0       	rjmp	.+16     	; 0x980 <__stack+0x81>
     970:	86 36       	cpi	r24, 0x66	; 102
     972:	21 f4       	brne	.+8      	; 0x97c <__stack+0x7d>
     974:	39 2f       	mov	r19, r25
     976:	30 68       	ori	r19, 0x80	; 128
     978:	93 2e       	mov	r9, r19
     97a:	02 c0       	rjmp	.+4      	; 0x980 <__stack+0x81>
     97c:	11 11       	cpse	r17, r1
     97e:	11 50       	subi	r17, 0x01	; 1
     980:	97 fe       	sbrs	r9, 7
     982:	07 c0       	rjmp	.+14     	; 0x992 <__stack+0x93>
     984:	1c 33       	cpi	r17, 0x3C	; 60
     986:	50 f4       	brcc	.+20     	; 0x99c <__stack+0x9d>
     988:	44 24       	eor	r4, r4
     98a:	43 94       	inc	r4
     98c:	41 0e       	add	r4, r17
     98e:	27 e0       	ldi	r18, 0x07	; 7
     990:	0b c0       	rjmp	.+22     	; 0x9a8 <__stack+0xa9>
     992:	18 30       	cpi	r17, 0x08	; 8
     994:	38 f0       	brcs	.+14     	; 0x9a4 <__stack+0xa5>
     996:	27 e0       	ldi	r18, 0x07	; 7
     998:	17 e0       	ldi	r17, 0x07	; 7
     99a:	05 c0       	rjmp	.+10     	; 0x9a6 <__stack+0xa7>
     99c:	27 e0       	ldi	r18, 0x07	; 7
     99e:	9c e3       	ldi	r25, 0x3C	; 60
     9a0:	49 2e       	mov	r4, r25
     9a2:	02 c0       	rjmp	.+4      	; 0x9a8 <__stack+0xa9>
     9a4:	21 2f       	mov	r18, r17
     9a6:	41 2c       	mov	r4, r1
     9a8:	56 01       	movw	r10, r12
     9aa:	84 e0       	ldi	r24, 0x04	; 4
     9ac:	a8 0e       	add	r10, r24
     9ae:	b1 1c       	adc	r11, r1
     9b0:	f6 01       	movw	r30, r12
     9b2:	60 81       	ld	r22, Z
     9b4:	71 81       	ldd	r23, Z+1	; 0x01
     9b6:	82 81       	ldd	r24, Z+2	; 0x02
     9b8:	93 81       	ldd	r25, Z+3	; 0x03
     9ba:	04 2d       	mov	r16, r4
     9bc:	a3 01       	movw	r20, r6
     9be:	0e 94 07 0d 	call	0x1a0e	; 0x1a0e <__ftoa_engine>
     9c2:	6c 01       	movw	r12, r24
     9c4:	f9 81       	ldd	r31, Y+1	; 0x01
     9c6:	fc 87       	std	Y+12, r31	; 0x0c
     9c8:	f0 ff       	sbrs	r31, 0
     9ca:	02 c0       	rjmp	.+4      	; 0x9d0 <__stack+0xd1>
     9cc:	f3 ff       	sbrs	r31, 3
     9ce:	06 c0       	rjmp	.+12     	; 0x9dc <__stack+0xdd>
     9d0:	91 fc       	sbrc	r9, 1
     9d2:	06 c0       	rjmp	.+12     	; 0x9e0 <__stack+0xe1>
     9d4:	92 fe       	sbrs	r9, 2
     9d6:	06 c0       	rjmp	.+12     	; 0x9e4 <__stack+0xe5>
     9d8:	00 e2       	ldi	r16, 0x20	; 32
     9da:	05 c0       	rjmp	.+10     	; 0x9e6 <__stack+0xe7>
     9dc:	0d e2       	ldi	r16, 0x2D	; 45
     9de:	03 c0       	rjmp	.+6      	; 0x9e6 <__stack+0xe7>
     9e0:	0b e2       	ldi	r16, 0x2B	; 43
     9e2:	01 c0       	rjmp	.+2      	; 0x9e6 <__stack+0xe7>
     9e4:	00 e0       	ldi	r16, 0x00	; 0
     9e6:	8c 85       	ldd	r24, Y+12	; 0x0c
     9e8:	8c 70       	andi	r24, 0x0C	; 12
     9ea:	19 f0       	breq	.+6      	; 0x9f2 <__stack+0xf3>
     9ec:	01 11       	cpse	r16, r1
     9ee:	5a c2       	rjmp	.+1204   	; 0xea4 <__stack+0x5a5>
     9f0:	9b c2       	rjmp	.+1334   	; 0xf28 <__stack+0x629>
     9f2:	97 fe       	sbrs	r9, 7
     9f4:	10 c0       	rjmp	.+32     	; 0xa16 <__stack+0x117>
     9f6:	4c 0c       	add	r4, r12
     9f8:	fc 85       	ldd	r31, Y+12	; 0x0c
     9fa:	f4 ff       	sbrs	r31, 4
     9fc:	04 c0       	rjmp	.+8      	; 0xa06 <__stack+0x107>
     9fe:	8a 81       	ldd	r24, Y+2	; 0x02
     a00:	81 33       	cpi	r24, 0x31	; 49
     a02:	09 f4       	brne	.+2      	; 0xa06 <__stack+0x107>
     a04:	4a 94       	dec	r4
     a06:	14 14       	cp	r1, r4
     a08:	74 f5       	brge	.+92     	; 0xa66 <__stack+0x167>
     a0a:	28 e0       	ldi	r18, 0x08	; 8
     a0c:	24 15       	cp	r18, r4
     a0e:	78 f5       	brcc	.+94     	; 0xa6e <__stack+0x16f>
     a10:	88 e0       	ldi	r24, 0x08	; 8
     a12:	48 2e       	mov	r4, r24
     a14:	2c c0       	rjmp	.+88     	; 0xa6e <__stack+0x16f>
     a16:	96 fc       	sbrc	r9, 6
     a18:	2a c0       	rjmp	.+84     	; 0xa6e <__stack+0x16f>
     a1a:	81 2f       	mov	r24, r17
     a1c:	90 e0       	ldi	r25, 0x00	; 0
     a1e:	8c 15       	cp	r24, r12
     a20:	9d 05       	cpc	r25, r13
     a22:	9c f0       	brlt	.+38     	; 0xa4a <__stack+0x14b>
     a24:	3c ef       	ldi	r19, 0xFC	; 252
     a26:	c3 16       	cp	r12, r19
     a28:	3f ef       	ldi	r19, 0xFF	; 255
     a2a:	d3 06       	cpc	r13, r19
     a2c:	74 f0       	brlt	.+28     	; 0xa4a <__stack+0x14b>
     a2e:	89 2d       	mov	r24, r9
     a30:	80 68       	ori	r24, 0x80	; 128
     a32:	98 2e       	mov	r9, r24
     a34:	0a c0       	rjmp	.+20     	; 0xa4a <__stack+0x14b>
     a36:	e2 e0       	ldi	r30, 0x02	; 2
     a38:	f0 e0       	ldi	r31, 0x00	; 0
     a3a:	ec 0f       	add	r30, r28
     a3c:	fd 1f       	adc	r31, r29
     a3e:	e1 0f       	add	r30, r17
     a40:	f1 1d       	adc	r31, r1
     a42:	80 81       	ld	r24, Z
     a44:	80 33       	cpi	r24, 0x30	; 48
     a46:	19 f4       	brne	.+6      	; 0xa4e <__stack+0x14f>
     a48:	11 50       	subi	r17, 0x01	; 1
     a4a:	11 11       	cpse	r17, r1
     a4c:	f4 cf       	rjmp	.-24     	; 0xa36 <__stack+0x137>
     a4e:	97 fe       	sbrs	r9, 7
     a50:	0e c0       	rjmp	.+28     	; 0xa6e <__stack+0x16f>
     a52:	44 24       	eor	r4, r4
     a54:	43 94       	inc	r4
     a56:	41 0e       	add	r4, r17
     a58:	81 2f       	mov	r24, r17
     a5a:	90 e0       	ldi	r25, 0x00	; 0
     a5c:	c8 16       	cp	r12, r24
     a5e:	d9 06       	cpc	r13, r25
     a60:	2c f4       	brge	.+10     	; 0xa6c <__stack+0x16d>
     a62:	1c 19       	sub	r17, r12
     a64:	04 c0       	rjmp	.+8      	; 0xa6e <__stack+0x16f>
     a66:	44 24       	eor	r4, r4
     a68:	43 94       	inc	r4
     a6a:	01 c0       	rjmp	.+2      	; 0xa6e <__stack+0x16f>
     a6c:	10 e0       	ldi	r17, 0x00	; 0
     a6e:	97 fe       	sbrs	r9, 7
     a70:	06 c0       	rjmp	.+12     	; 0xa7e <__stack+0x17f>
     a72:	1c 14       	cp	r1, r12
     a74:	1d 04       	cpc	r1, r13
     a76:	34 f4       	brge	.+12     	; 0xa84 <__stack+0x185>
     a78:	c6 01       	movw	r24, r12
     a7a:	01 96       	adiw	r24, 0x01	; 1
     a7c:	05 c0       	rjmp	.+10     	; 0xa88 <__stack+0x189>
     a7e:	85 e0       	ldi	r24, 0x05	; 5
     a80:	90 e0       	ldi	r25, 0x00	; 0
     a82:	02 c0       	rjmp	.+4      	; 0xa88 <__stack+0x189>
     a84:	81 e0       	ldi	r24, 0x01	; 1
     a86:	90 e0       	ldi	r25, 0x00	; 0
     a88:	01 11       	cpse	r16, r1
     a8a:	01 96       	adiw	r24, 0x01	; 1
     a8c:	11 23       	and	r17, r17
     a8e:	31 f0       	breq	.+12     	; 0xa9c <__stack+0x19d>
     a90:	21 2f       	mov	r18, r17
     a92:	30 e0       	ldi	r19, 0x00	; 0
     a94:	2f 5f       	subi	r18, 0xFF	; 255
     a96:	3f 4f       	sbci	r19, 0xFF	; 255
     a98:	82 0f       	add	r24, r18
     a9a:	93 1f       	adc	r25, r19
     a9c:	25 2d       	mov	r18, r5
     a9e:	30 e0       	ldi	r19, 0x00	; 0
     aa0:	82 17       	cp	r24, r18
     aa2:	93 07       	cpc	r25, r19
     aa4:	14 f4       	brge	.+4      	; 0xaaa <__stack+0x1ab>
     aa6:	58 1a       	sub	r5, r24
     aa8:	01 c0       	rjmp	.+2      	; 0xaac <__stack+0x1ad>
     aaa:	51 2c       	mov	r5, r1
     aac:	89 2d       	mov	r24, r9
     aae:	89 70       	andi	r24, 0x09	; 9
     ab0:	49 f4       	brne	.+18     	; 0xac4 <__stack+0x1c5>
     ab2:	55 20       	and	r5, r5
     ab4:	39 f0       	breq	.+14     	; 0xac4 <__stack+0x1c5>
     ab6:	b7 01       	movw	r22, r14
     ab8:	80 e2       	ldi	r24, 0x20	; 32
     aba:	90 e0       	ldi	r25, 0x00	; 0
     abc:	0e 94 4f 0e 	call	0x1c9e	; 0x1c9e <fputc>
     ac0:	5a 94       	dec	r5
     ac2:	f7 cf       	rjmp	.-18     	; 0xab2 <__stack+0x1b3>
     ac4:	00 23       	and	r16, r16
     ac6:	29 f0       	breq	.+10     	; 0xad2 <__stack+0x1d3>
     ac8:	b7 01       	movw	r22, r14
     aca:	80 2f       	mov	r24, r16
     acc:	90 e0       	ldi	r25, 0x00	; 0
     ace:	0e 94 4f 0e 	call	0x1c9e	; 0x1c9e <fputc>
     ad2:	93 fc       	sbrc	r9, 3
     ad4:	09 c0       	rjmp	.+18     	; 0xae8 <__stack+0x1e9>
     ad6:	55 20       	and	r5, r5
     ad8:	39 f0       	breq	.+14     	; 0xae8 <__stack+0x1e9>
     ada:	b7 01       	movw	r22, r14
     adc:	80 e3       	ldi	r24, 0x30	; 48
     ade:	90 e0       	ldi	r25, 0x00	; 0
     ae0:	0e 94 4f 0e 	call	0x1c9e	; 0x1c9e <fputc>
     ae4:	5a 94       	dec	r5
     ae6:	f7 cf       	rjmp	.-18     	; 0xad6 <__stack+0x1d7>
     ae8:	97 fe       	sbrs	r9, 7
     aea:	4c c0       	rjmp	.+152    	; 0xb84 <__stack+0x285>
     aec:	46 01       	movw	r8, r12
     aee:	d7 fe       	sbrs	r13, 7
     af0:	02 c0       	rjmp	.+4      	; 0xaf6 <__stack+0x1f7>
     af2:	81 2c       	mov	r8, r1
     af4:	91 2c       	mov	r9, r1
     af6:	c6 01       	movw	r24, r12
     af8:	88 19       	sub	r24, r8
     afa:	99 09       	sbc	r25, r9
     afc:	f3 01       	movw	r30, r6
     afe:	e8 0f       	add	r30, r24
     b00:	f9 1f       	adc	r31, r25
     b02:	fe 87       	std	Y+14, r31	; 0x0e
     b04:	ed 87       	std	Y+13, r30	; 0x0d
     b06:	96 01       	movw	r18, r12
     b08:	24 19       	sub	r18, r4
     b0a:	31 09       	sbc	r19, r1
     b0c:	38 8b       	std	Y+16, r19	; 0x10
     b0e:	2f 87       	std	Y+15, r18	; 0x0f
     b10:	01 2f       	mov	r16, r17
     b12:	10 e0       	ldi	r17, 0x00	; 0
     b14:	11 95       	neg	r17
     b16:	01 95       	neg	r16
     b18:	11 09       	sbc	r17, r1
     b1a:	3f ef       	ldi	r19, 0xFF	; 255
     b1c:	83 16       	cp	r8, r19
     b1e:	93 06       	cpc	r9, r19
     b20:	29 f4       	brne	.+10     	; 0xb2c <__stack+0x22d>
     b22:	b7 01       	movw	r22, r14
     b24:	8e e2       	ldi	r24, 0x2E	; 46
     b26:	90 e0       	ldi	r25, 0x00	; 0
     b28:	0e 94 4f 0e 	call	0x1c9e	; 0x1c9e <fputc>
     b2c:	c8 14       	cp	r12, r8
     b2e:	d9 04       	cpc	r13, r9
     b30:	4c f0       	brlt	.+18     	; 0xb44 <__stack+0x245>
     b32:	8f 85       	ldd	r24, Y+15	; 0x0f
     b34:	98 89       	ldd	r25, Y+16	; 0x10
     b36:	88 15       	cp	r24, r8
     b38:	99 05       	cpc	r25, r9
     b3a:	24 f4       	brge	.+8      	; 0xb44 <__stack+0x245>
     b3c:	ed 85       	ldd	r30, Y+13	; 0x0d
     b3e:	fe 85       	ldd	r31, Y+14	; 0x0e
     b40:	81 81       	ldd	r24, Z+1	; 0x01
     b42:	01 c0       	rjmp	.+2      	; 0xb46 <__stack+0x247>
     b44:	80 e3       	ldi	r24, 0x30	; 48
     b46:	f1 e0       	ldi	r31, 0x01	; 1
     b48:	8f 1a       	sub	r8, r31
     b4a:	91 08       	sbc	r9, r1
     b4c:	2d 85       	ldd	r18, Y+13	; 0x0d
     b4e:	3e 85       	ldd	r19, Y+14	; 0x0e
     b50:	2f 5f       	subi	r18, 0xFF	; 255
     b52:	3f 4f       	sbci	r19, 0xFF	; 255
     b54:	3e 87       	std	Y+14, r19	; 0x0e
     b56:	2d 87       	std	Y+13, r18	; 0x0d
     b58:	80 16       	cp	r8, r16
     b5a:	91 06       	cpc	r9, r17
     b5c:	2c f0       	brlt	.+10     	; 0xb68 <__stack+0x269>
     b5e:	b7 01       	movw	r22, r14
     b60:	90 e0       	ldi	r25, 0x00	; 0
     b62:	0e 94 4f 0e 	call	0x1c9e	; 0x1c9e <fputc>
     b66:	d9 cf       	rjmp	.-78     	; 0xb1a <__stack+0x21b>
     b68:	c8 14       	cp	r12, r8
     b6a:	d9 04       	cpc	r13, r9
     b6c:	41 f4       	brne	.+16     	; 0xb7e <__stack+0x27f>
     b6e:	9a 81       	ldd	r25, Y+2	; 0x02
     b70:	96 33       	cpi	r25, 0x36	; 54
     b72:	20 f4       	brcc	.+8      	; 0xb7c <__stack+0x27d>
     b74:	95 33       	cpi	r25, 0x35	; 53
     b76:	19 f4       	brne	.+6      	; 0xb7e <__stack+0x27f>
     b78:	3c 85       	ldd	r19, Y+12	; 0x0c
     b7a:	34 ff       	sbrs	r19, 4
     b7c:	81 e3       	ldi	r24, 0x31	; 49
     b7e:	b7 01       	movw	r22, r14
     b80:	90 e0       	ldi	r25, 0x00	; 0
     b82:	4e c0       	rjmp	.+156    	; 0xc20 <__stack+0x321>
     b84:	8a 81       	ldd	r24, Y+2	; 0x02
     b86:	81 33       	cpi	r24, 0x31	; 49
     b88:	19 f0       	breq	.+6      	; 0xb90 <__stack+0x291>
     b8a:	9c 85       	ldd	r25, Y+12	; 0x0c
     b8c:	9f 7e       	andi	r25, 0xEF	; 239
     b8e:	9c 87       	std	Y+12, r25	; 0x0c
     b90:	b7 01       	movw	r22, r14
     b92:	90 e0       	ldi	r25, 0x00	; 0
     b94:	0e 94 4f 0e 	call	0x1c9e	; 0x1c9e <fputc>
     b98:	11 11       	cpse	r17, r1
     b9a:	05 c0       	rjmp	.+10     	; 0xba6 <__stack+0x2a7>
     b9c:	94 fc       	sbrc	r9, 4
     b9e:	18 c0       	rjmp	.+48     	; 0xbd0 <__stack+0x2d1>
     ba0:	85 e6       	ldi	r24, 0x65	; 101
     ba2:	90 e0       	ldi	r25, 0x00	; 0
     ba4:	17 c0       	rjmp	.+46     	; 0xbd4 <__stack+0x2d5>
     ba6:	b7 01       	movw	r22, r14
     ba8:	8e e2       	ldi	r24, 0x2E	; 46
     baa:	90 e0       	ldi	r25, 0x00	; 0
     bac:	0e 94 4f 0e 	call	0x1c9e	; 0x1c9e <fputc>
     bb0:	1e 5f       	subi	r17, 0xFE	; 254
     bb2:	82 e0       	ldi	r24, 0x02	; 2
     bb4:	01 e0       	ldi	r16, 0x01	; 1
     bb6:	08 0f       	add	r16, r24
     bb8:	f3 01       	movw	r30, r6
     bba:	e8 0f       	add	r30, r24
     bbc:	f1 1d       	adc	r31, r1
     bbe:	80 81       	ld	r24, Z
     bc0:	b7 01       	movw	r22, r14
     bc2:	90 e0       	ldi	r25, 0x00	; 0
     bc4:	0e 94 4f 0e 	call	0x1c9e	; 0x1c9e <fputc>
     bc8:	80 2f       	mov	r24, r16
     bca:	01 13       	cpse	r16, r17
     bcc:	f3 cf       	rjmp	.-26     	; 0xbb4 <__stack+0x2b5>
     bce:	e6 cf       	rjmp	.-52     	; 0xb9c <__stack+0x29d>
     bd0:	85 e4       	ldi	r24, 0x45	; 69
     bd2:	90 e0       	ldi	r25, 0x00	; 0
     bd4:	b7 01       	movw	r22, r14
     bd6:	0e 94 4f 0e 	call	0x1c9e	; 0x1c9e <fputc>
     bda:	d7 fc       	sbrc	r13, 7
     bdc:	06 c0       	rjmp	.+12     	; 0xbea <__stack+0x2eb>
     bde:	c1 14       	cp	r12, r1
     be0:	d1 04       	cpc	r13, r1
     be2:	41 f4       	brne	.+16     	; 0xbf4 <__stack+0x2f5>
     be4:	ec 85       	ldd	r30, Y+12	; 0x0c
     be6:	e4 ff       	sbrs	r30, 4
     be8:	05 c0       	rjmp	.+10     	; 0xbf4 <__stack+0x2f5>
     bea:	d1 94       	neg	r13
     bec:	c1 94       	neg	r12
     bee:	d1 08       	sbc	r13, r1
     bf0:	8d e2       	ldi	r24, 0x2D	; 45
     bf2:	01 c0       	rjmp	.+2      	; 0xbf6 <__stack+0x2f7>
     bf4:	8b e2       	ldi	r24, 0x2B	; 43
     bf6:	b7 01       	movw	r22, r14
     bf8:	90 e0       	ldi	r25, 0x00	; 0
     bfa:	0e 94 4f 0e 	call	0x1c9e	; 0x1c9e <fputc>
     bfe:	80 e3       	ldi	r24, 0x30	; 48
     c00:	2a e0       	ldi	r18, 0x0A	; 10
     c02:	c2 16       	cp	r12, r18
     c04:	d1 04       	cpc	r13, r1
     c06:	2c f0       	brlt	.+10     	; 0xc12 <__stack+0x313>
     c08:	8f 5f       	subi	r24, 0xFF	; 255
     c0a:	fa e0       	ldi	r31, 0x0A	; 10
     c0c:	cf 1a       	sub	r12, r31
     c0e:	d1 08       	sbc	r13, r1
     c10:	f7 cf       	rjmp	.-18     	; 0xc00 <__stack+0x301>
     c12:	b7 01       	movw	r22, r14
     c14:	90 e0       	ldi	r25, 0x00	; 0
     c16:	0e 94 4f 0e 	call	0x1c9e	; 0x1c9e <fputc>
     c1a:	b7 01       	movw	r22, r14
     c1c:	c6 01       	movw	r24, r12
     c1e:	c0 96       	adiw	r24, 0x30	; 48
     c20:	0e 94 4f 0e 	call	0x1c9e	; 0x1c9e <fputc>
     c24:	54 c1       	rjmp	.+680    	; 0xece <__stack+0x5cf>
     c26:	83 36       	cpi	r24, 0x63	; 99
     c28:	31 f0       	breq	.+12     	; 0xc36 <__stack+0x337>
     c2a:	83 37       	cpi	r24, 0x73	; 115
     c2c:	79 f0       	breq	.+30     	; 0xc4c <__stack+0x34d>
     c2e:	83 35       	cpi	r24, 0x53	; 83
     c30:	09 f0       	breq	.+2      	; 0xc34 <__stack+0x335>
     c32:	56 c0       	rjmp	.+172    	; 0xce0 <__stack+0x3e1>
     c34:	20 c0       	rjmp	.+64     	; 0xc76 <__stack+0x377>
     c36:	56 01       	movw	r10, r12
     c38:	32 e0       	ldi	r19, 0x02	; 2
     c3a:	a3 0e       	add	r10, r19
     c3c:	b1 1c       	adc	r11, r1
     c3e:	f6 01       	movw	r30, r12
     c40:	80 81       	ld	r24, Z
     c42:	89 83       	std	Y+1, r24	; 0x01
     c44:	01 e0       	ldi	r16, 0x01	; 1
     c46:	10 e0       	ldi	r17, 0x00	; 0
     c48:	63 01       	movw	r12, r6
     c4a:	12 c0       	rjmp	.+36     	; 0xc70 <__stack+0x371>
     c4c:	56 01       	movw	r10, r12
     c4e:	f2 e0       	ldi	r31, 0x02	; 2
     c50:	af 0e       	add	r10, r31
     c52:	b1 1c       	adc	r11, r1
     c54:	f6 01       	movw	r30, r12
     c56:	c0 80       	ld	r12, Z
     c58:	d1 80       	ldd	r13, Z+1	; 0x01
     c5a:	96 fe       	sbrs	r9, 6
     c5c:	03 c0       	rjmp	.+6      	; 0xc64 <__stack+0x365>
     c5e:	61 2f       	mov	r22, r17
     c60:	70 e0       	ldi	r23, 0x00	; 0
     c62:	02 c0       	rjmp	.+4      	; 0xc68 <__stack+0x369>
     c64:	6f ef       	ldi	r22, 0xFF	; 255
     c66:	7f ef       	ldi	r23, 0xFF	; 255
     c68:	c6 01       	movw	r24, r12
     c6a:	0e 94 06 0e 	call	0x1c0c	; 0x1c0c <strnlen>
     c6e:	8c 01       	movw	r16, r24
     c70:	f9 2d       	mov	r31, r9
     c72:	ff 77       	andi	r31, 0x7F	; 127
     c74:	14 c0       	rjmp	.+40     	; 0xc9e <__stack+0x39f>
     c76:	56 01       	movw	r10, r12
     c78:	22 e0       	ldi	r18, 0x02	; 2
     c7a:	a2 0e       	add	r10, r18
     c7c:	b1 1c       	adc	r11, r1
     c7e:	f6 01       	movw	r30, r12
     c80:	c0 80       	ld	r12, Z
     c82:	d1 80       	ldd	r13, Z+1	; 0x01
     c84:	96 fe       	sbrs	r9, 6
     c86:	03 c0       	rjmp	.+6      	; 0xc8e <__stack+0x38f>
     c88:	61 2f       	mov	r22, r17
     c8a:	70 e0       	ldi	r23, 0x00	; 0
     c8c:	02 c0       	rjmp	.+4      	; 0xc92 <__stack+0x393>
     c8e:	6f ef       	ldi	r22, 0xFF	; 255
     c90:	7f ef       	ldi	r23, 0xFF	; 255
     c92:	c6 01       	movw	r24, r12
     c94:	0e 94 fb 0d 	call	0x1bf6	; 0x1bf6 <strnlen_P>
     c98:	8c 01       	movw	r16, r24
     c9a:	f9 2d       	mov	r31, r9
     c9c:	f0 68       	ori	r31, 0x80	; 128
     c9e:	9f 2e       	mov	r9, r31
     ca0:	f3 fd       	sbrc	r31, 3
     ca2:	1a c0       	rjmp	.+52     	; 0xcd8 <__stack+0x3d9>
     ca4:	85 2d       	mov	r24, r5
     ca6:	90 e0       	ldi	r25, 0x00	; 0
     ca8:	08 17       	cp	r16, r24
     caa:	19 07       	cpc	r17, r25
     cac:	a8 f4       	brcc	.+42     	; 0xcd8 <__stack+0x3d9>
     cae:	b7 01       	movw	r22, r14
     cb0:	80 e2       	ldi	r24, 0x20	; 32
     cb2:	90 e0       	ldi	r25, 0x00	; 0
     cb4:	0e 94 4f 0e 	call	0x1c9e	; 0x1c9e <fputc>
     cb8:	5a 94       	dec	r5
     cba:	f4 cf       	rjmp	.-24     	; 0xca4 <__stack+0x3a5>
     cbc:	f6 01       	movw	r30, r12
     cbe:	97 fc       	sbrc	r9, 7
     cc0:	85 91       	lpm	r24, Z+
     cc2:	97 fe       	sbrs	r9, 7
     cc4:	81 91       	ld	r24, Z+
     cc6:	6f 01       	movw	r12, r30
     cc8:	b7 01       	movw	r22, r14
     cca:	90 e0       	ldi	r25, 0x00	; 0
     ccc:	0e 94 4f 0e 	call	0x1c9e	; 0x1c9e <fputc>
     cd0:	51 10       	cpse	r5, r1
     cd2:	5a 94       	dec	r5
     cd4:	01 50       	subi	r16, 0x01	; 1
     cd6:	11 09       	sbc	r17, r1
     cd8:	01 15       	cp	r16, r1
     cda:	11 05       	cpc	r17, r1
     cdc:	79 f7       	brne	.-34     	; 0xcbc <__stack+0x3bd>
     cde:	f7 c0       	rjmp	.+494    	; 0xece <__stack+0x5cf>
     ce0:	84 36       	cpi	r24, 0x64	; 100
     ce2:	11 f0       	breq	.+4      	; 0xce8 <__stack+0x3e9>
     ce4:	89 36       	cpi	r24, 0x69	; 105
     ce6:	61 f5       	brne	.+88     	; 0xd40 <__stack+0x441>
     ce8:	56 01       	movw	r10, r12
     cea:	97 fe       	sbrs	r9, 7
     cec:	09 c0       	rjmp	.+18     	; 0xd00 <__stack+0x401>
     cee:	24 e0       	ldi	r18, 0x04	; 4
     cf0:	a2 0e       	add	r10, r18
     cf2:	b1 1c       	adc	r11, r1
     cf4:	f6 01       	movw	r30, r12
     cf6:	60 81       	ld	r22, Z
     cf8:	71 81       	ldd	r23, Z+1	; 0x01
     cfa:	82 81       	ldd	r24, Z+2	; 0x02
     cfc:	93 81       	ldd	r25, Z+3	; 0x03
     cfe:	0a c0       	rjmp	.+20     	; 0xd14 <__stack+0x415>
     d00:	f2 e0       	ldi	r31, 0x02	; 2
     d02:	af 0e       	add	r10, r31
     d04:	b1 1c       	adc	r11, r1
     d06:	f6 01       	movw	r30, r12
     d08:	60 81       	ld	r22, Z
     d0a:	71 81       	ldd	r23, Z+1	; 0x01
     d0c:	07 2e       	mov	r0, r23
     d0e:	00 0c       	add	r0, r0
     d10:	88 0b       	sbc	r24, r24
     d12:	99 0b       	sbc	r25, r25
     d14:	f9 2d       	mov	r31, r9
     d16:	ff 76       	andi	r31, 0x6F	; 111
     d18:	9f 2e       	mov	r9, r31
     d1a:	97 ff       	sbrs	r25, 7
     d1c:	09 c0       	rjmp	.+18     	; 0xd30 <__stack+0x431>
     d1e:	90 95       	com	r25
     d20:	80 95       	com	r24
     d22:	70 95       	com	r23
     d24:	61 95       	neg	r22
     d26:	7f 4f       	sbci	r23, 0xFF	; 255
     d28:	8f 4f       	sbci	r24, 0xFF	; 255
     d2a:	9f 4f       	sbci	r25, 0xFF	; 255
     d2c:	f0 68       	ori	r31, 0x80	; 128
     d2e:	9f 2e       	mov	r9, r31
     d30:	2a e0       	ldi	r18, 0x0A	; 10
     d32:	30 e0       	ldi	r19, 0x00	; 0
     d34:	a3 01       	movw	r20, r6
     d36:	0e 94 a4 0e 	call	0x1d48	; 0x1d48 <__ultoa_invert>
     d3a:	c8 2e       	mov	r12, r24
     d3c:	c6 18       	sub	r12, r6
     d3e:	3f c0       	rjmp	.+126    	; 0xdbe <__stack+0x4bf>
     d40:	09 2d       	mov	r16, r9
     d42:	85 37       	cpi	r24, 0x75	; 117
     d44:	21 f4       	brne	.+8      	; 0xd4e <__stack+0x44f>
     d46:	0f 7e       	andi	r16, 0xEF	; 239
     d48:	2a e0       	ldi	r18, 0x0A	; 10
     d4a:	30 e0       	ldi	r19, 0x00	; 0
     d4c:	1d c0       	rjmp	.+58     	; 0xd88 <__stack+0x489>
     d4e:	09 7f       	andi	r16, 0xF9	; 249
     d50:	8f 36       	cpi	r24, 0x6F	; 111
     d52:	91 f0       	breq	.+36     	; 0xd78 <__stack+0x479>
     d54:	18 f4       	brcc	.+6      	; 0xd5c <__stack+0x45d>
     d56:	88 35       	cpi	r24, 0x58	; 88
     d58:	59 f0       	breq	.+22     	; 0xd70 <__stack+0x471>
     d5a:	c3 c0       	rjmp	.+390    	; 0xee2 <__stack+0x5e3>
     d5c:	80 37       	cpi	r24, 0x70	; 112
     d5e:	19 f0       	breq	.+6      	; 0xd66 <__stack+0x467>
     d60:	88 37       	cpi	r24, 0x78	; 120
     d62:	11 f0       	breq	.+4      	; 0xd68 <__stack+0x469>
     d64:	be c0       	rjmp	.+380    	; 0xee2 <__stack+0x5e3>
     d66:	00 61       	ori	r16, 0x10	; 16
     d68:	04 ff       	sbrs	r16, 4
     d6a:	09 c0       	rjmp	.+18     	; 0xd7e <__stack+0x47f>
     d6c:	04 60       	ori	r16, 0x04	; 4
     d6e:	07 c0       	rjmp	.+14     	; 0xd7e <__stack+0x47f>
     d70:	94 fe       	sbrs	r9, 4
     d72:	08 c0       	rjmp	.+16     	; 0xd84 <__stack+0x485>
     d74:	06 60       	ori	r16, 0x06	; 6
     d76:	06 c0       	rjmp	.+12     	; 0xd84 <__stack+0x485>
     d78:	28 e0       	ldi	r18, 0x08	; 8
     d7a:	30 e0       	ldi	r19, 0x00	; 0
     d7c:	05 c0       	rjmp	.+10     	; 0xd88 <__stack+0x489>
     d7e:	20 e1       	ldi	r18, 0x10	; 16
     d80:	30 e0       	ldi	r19, 0x00	; 0
     d82:	02 c0       	rjmp	.+4      	; 0xd88 <__stack+0x489>
     d84:	20 e1       	ldi	r18, 0x10	; 16
     d86:	32 e0       	ldi	r19, 0x02	; 2
     d88:	56 01       	movw	r10, r12
     d8a:	07 ff       	sbrs	r16, 7
     d8c:	09 c0       	rjmp	.+18     	; 0xda0 <__stack+0x4a1>
     d8e:	84 e0       	ldi	r24, 0x04	; 4
     d90:	a8 0e       	add	r10, r24
     d92:	b1 1c       	adc	r11, r1
     d94:	f6 01       	movw	r30, r12
     d96:	60 81       	ld	r22, Z
     d98:	71 81       	ldd	r23, Z+1	; 0x01
     d9a:	82 81       	ldd	r24, Z+2	; 0x02
     d9c:	93 81       	ldd	r25, Z+3	; 0x03
     d9e:	08 c0       	rjmp	.+16     	; 0xdb0 <__stack+0x4b1>
     da0:	f2 e0       	ldi	r31, 0x02	; 2
     da2:	af 0e       	add	r10, r31
     da4:	b1 1c       	adc	r11, r1
     da6:	f6 01       	movw	r30, r12
     da8:	60 81       	ld	r22, Z
     daa:	71 81       	ldd	r23, Z+1	; 0x01
     dac:	80 e0       	ldi	r24, 0x00	; 0
     dae:	90 e0       	ldi	r25, 0x00	; 0
     db0:	a3 01       	movw	r20, r6
     db2:	0e 94 a4 0e 	call	0x1d48	; 0x1d48 <__ultoa_invert>
     db6:	c8 2e       	mov	r12, r24
     db8:	c6 18       	sub	r12, r6
     dba:	0f 77       	andi	r16, 0x7F	; 127
     dbc:	90 2e       	mov	r9, r16
     dbe:	96 fe       	sbrs	r9, 6
     dc0:	0b c0       	rjmp	.+22     	; 0xdd8 <__stack+0x4d9>
     dc2:	09 2d       	mov	r16, r9
     dc4:	0e 7f       	andi	r16, 0xFE	; 254
     dc6:	c1 16       	cp	r12, r17
     dc8:	50 f4       	brcc	.+20     	; 0xdde <__stack+0x4df>
     dca:	94 fe       	sbrs	r9, 4
     dcc:	0a c0       	rjmp	.+20     	; 0xde2 <__stack+0x4e3>
     dce:	92 fc       	sbrc	r9, 2
     dd0:	08 c0       	rjmp	.+16     	; 0xde2 <__stack+0x4e3>
     dd2:	09 2d       	mov	r16, r9
     dd4:	0e 7e       	andi	r16, 0xEE	; 238
     dd6:	05 c0       	rjmp	.+10     	; 0xde2 <__stack+0x4e3>
     dd8:	dc 2c       	mov	r13, r12
     dda:	09 2d       	mov	r16, r9
     ddc:	03 c0       	rjmp	.+6      	; 0xde4 <__stack+0x4e5>
     dde:	dc 2c       	mov	r13, r12
     de0:	01 c0       	rjmp	.+2      	; 0xde4 <__stack+0x4e5>
     de2:	d1 2e       	mov	r13, r17
     de4:	04 ff       	sbrs	r16, 4
     de6:	0d c0       	rjmp	.+26     	; 0xe02 <__stack+0x503>
     de8:	fe 01       	movw	r30, r28
     dea:	ec 0d       	add	r30, r12
     dec:	f1 1d       	adc	r31, r1
     dee:	80 81       	ld	r24, Z
     df0:	80 33       	cpi	r24, 0x30	; 48
     df2:	11 f4       	brne	.+4      	; 0xdf8 <__stack+0x4f9>
     df4:	09 7e       	andi	r16, 0xE9	; 233
     df6:	09 c0       	rjmp	.+18     	; 0xe0a <__stack+0x50b>
     df8:	02 ff       	sbrs	r16, 2
     dfa:	06 c0       	rjmp	.+12     	; 0xe08 <__stack+0x509>
     dfc:	d3 94       	inc	r13
     dfe:	d3 94       	inc	r13
     e00:	04 c0       	rjmp	.+8      	; 0xe0a <__stack+0x50b>
     e02:	80 2f       	mov	r24, r16
     e04:	86 78       	andi	r24, 0x86	; 134
     e06:	09 f0       	breq	.+2      	; 0xe0a <__stack+0x50b>
     e08:	d3 94       	inc	r13
     e0a:	03 fd       	sbrc	r16, 3
     e0c:	11 c0       	rjmp	.+34     	; 0xe30 <__stack+0x531>
     e0e:	00 ff       	sbrs	r16, 0
     e10:	06 c0       	rjmp	.+12     	; 0xe1e <__stack+0x51f>
     e12:	1c 2d       	mov	r17, r12
     e14:	d5 14       	cp	r13, r5
     e16:	80 f4       	brcc	.+32     	; 0xe38 <__stack+0x539>
     e18:	15 0d       	add	r17, r5
     e1a:	1d 19       	sub	r17, r13
     e1c:	0d c0       	rjmp	.+26     	; 0xe38 <__stack+0x539>
     e1e:	d5 14       	cp	r13, r5
     e20:	58 f4       	brcc	.+22     	; 0xe38 <__stack+0x539>
     e22:	b7 01       	movw	r22, r14
     e24:	80 e2       	ldi	r24, 0x20	; 32
     e26:	90 e0       	ldi	r25, 0x00	; 0
     e28:	0e 94 4f 0e 	call	0x1c9e	; 0x1c9e <fputc>
     e2c:	d3 94       	inc	r13
     e2e:	f7 cf       	rjmp	.-18     	; 0xe1e <__stack+0x51f>
     e30:	d5 14       	cp	r13, r5
     e32:	10 f4       	brcc	.+4      	; 0xe38 <__stack+0x539>
     e34:	5d 18       	sub	r5, r13
     e36:	01 c0       	rjmp	.+2      	; 0xe3a <__stack+0x53b>
     e38:	51 2c       	mov	r5, r1
     e3a:	04 ff       	sbrs	r16, 4
     e3c:	10 c0       	rjmp	.+32     	; 0xe5e <__stack+0x55f>
     e3e:	b7 01       	movw	r22, r14
     e40:	80 e3       	ldi	r24, 0x30	; 48
     e42:	90 e0       	ldi	r25, 0x00	; 0
     e44:	0e 94 4f 0e 	call	0x1c9e	; 0x1c9e <fputc>
     e48:	02 ff       	sbrs	r16, 2
     e4a:	17 c0       	rjmp	.+46     	; 0xe7a <__stack+0x57b>
     e4c:	01 fd       	sbrc	r16, 1
     e4e:	03 c0       	rjmp	.+6      	; 0xe56 <__stack+0x557>
     e50:	88 e7       	ldi	r24, 0x78	; 120
     e52:	90 e0       	ldi	r25, 0x00	; 0
     e54:	02 c0       	rjmp	.+4      	; 0xe5a <__stack+0x55b>
     e56:	88 e5       	ldi	r24, 0x58	; 88
     e58:	90 e0       	ldi	r25, 0x00	; 0
     e5a:	b7 01       	movw	r22, r14
     e5c:	0c c0       	rjmp	.+24     	; 0xe76 <__stack+0x577>
     e5e:	80 2f       	mov	r24, r16
     e60:	86 78       	andi	r24, 0x86	; 134
     e62:	59 f0       	breq	.+22     	; 0xe7a <__stack+0x57b>
     e64:	01 ff       	sbrs	r16, 1
     e66:	02 c0       	rjmp	.+4      	; 0xe6c <__stack+0x56d>
     e68:	8b e2       	ldi	r24, 0x2B	; 43
     e6a:	01 c0       	rjmp	.+2      	; 0xe6e <__stack+0x56f>
     e6c:	80 e2       	ldi	r24, 0x20	; 32
     e6e:	07 fd       	sbrc	r16, 7
     e70:	8d e2       	ldi	r24, 0x2D	; 45
     e72:	b7 01       	movw	r22, r14
     e74:	90 e0       	ldi	r25, 0x00	; 0
     e76:	0e 94 4f 0e 	call	0x1c9e	; 0x1c9e <fputc>
     e7a:	c1 16       	cp	r12, r17
     e7c:	38 f4       	brcc	.+14     	; 0xe8c <__stack+0x58d>
     e7e:	b7 01       	movw	r22, r14
     e80:	80 e3       	ldi	r24, 0x30	; 48
     e82:	90 e0       	ldi	r25, 0x00	; 0
     e84:	0e 94 4f 0e 	call	0x1c9e	; 0x1c9e <fputc>
     e88:	11 50       	subi	r17, 0x01	; 1
     e8a:	f7 cf       	rjmp	.-18     	; 0xe7a <__stack+0x57b>
     e8c:	ca 94       	dec	r12
     e8e:	f3 01       	movw	r30, r6
     e90:	ec 0d       	add	r30, r12
     e92:	f1 1d       	adc	r31, r1
     e94:	80 81       	ld	r24, Z
     e96:	b7 01       	movw	r22, r14
     e98:	90 e0       	ldi	r25, 0x00	; 0
     e9a:	0e 94 4f 0e 	call	0x1c9e	; 0x1c9e <fputc>
     e9e:	c1 10       	cpse	r12, r1
     ea0:	f5 cf       	rjmp	.-22     	; 0xe8c <__stack+0x58d>
     ea2:	15 c0       	rjmp	.+42     	; 0xece <__stack+0x5cf>
     ea4:	f4 e0       	ldi	r31, 0x04	; 4
     ea6:	f5 15       	cp	r31, r5
     ea8:	60 f5       	brcc	.+88     	; 0xf02 <__stack+0x603>
     eaa:	84 e0       	ldi	r24, 0x04	; 4
     eac:	58 1a       	sub	r5, r24
     eae:	93 fe       	sbrs	r9, 3
     eb0:	1f c0       	rjmp	.+62     	; 0xef0 <__stack+0x5f1>
     eb2:	01 11       	cpse	r16, r1
     eb4:	27 c0       	rjmp	.+78     	; 0xf04 <__stack+0x605>
     eb6:	2c 85       	ldd	r18, Y+12	; 0x0c
     eb8:	23 ff       	sbrs	r18, 3
     eba:	2a c0       	rjmp	.+84     	; 0xf10 <__stack+0x611>
     ebc:	08 e6       	ldi	r16, 0x68	; 104
     ebe:	10 e0       	ldi	r17, 0x00	; 0
     ec0:	39 2d       	mov	r19, r9
     ec2:	30 71       	andi	r19, 0x10	; 16
     ec4:	93 2e       	mov	r9, r19
     ec6:	f8 01       	movw	r30, r16
     ec8:	84 91       	lpm	r24, Z
     eca:	81 11       	cpse	r24, r1
     ecc:	24 c0       	rjmp	.+72     	; 0xf16 <__stack+0x617>
     ece:	55 20       	and	r5, r5
     ed0:	09 f4       	brne	.+2      	; 0xed4 <__stack+0x5d5>
     ed2:	e4 cc       	rjmp	.-1592   	; 0x89c <vfprintf+0x58>
     ed4:	b7 01       	movw	r22, r14
     ed6:	80 e2       	ldi	r24, 0x20	; 32
     ed8:	90 e0       	ldi	r25, 0x00	; 0
     eda:	0e 94 4f 0e 	call	0x1c9e	; 0x1c9e <fputc>
     ede:	5a 94       	dec	r5
     ee0:	f6 cf       	rjmp	.-20     	; 0xece <__stack+0x5cf>
     ee2:	f7 01       	movw	r30, r14
     ee4:	86 81       	ldd	r24, Z+6	; 0x06
     ee6:	97 81       	ldd	r25, Z+7	; 0x07
     ee8:	26 c0       	rjmp	.+76     	; 0xf36 <__stack+0x637>
     eea:	8f ef       	ldi	r24, 0xFF	; 255
     eec:	9f ef       	ldi	r25, 0xFF	; 255
     eee:	23 c0       	rjmp	.+70     	; 0xf36 <__stack+0x637>
     ef0:	b7 01       	movw	r22, r14
     ef2:	80 e2       	ldi	r24, 0x20	; 32
     ef4:	90 e0       	ldi	r25, 0x00	; 0
     ef6:	0e 94 4f 0e 	call	0x1c9e	; 0x1c9e <fputc>
     efa:	5a 94       	dec	r5
     efc:	51 10       	cpse	r5, r1
     efe:	f8 cf       	rjmp	.-16     	; 0xef0 <__stack+0x5f1>
     f00:	d8 cf       	rjmp	.-80     	; 0xeb2 <__stack+0x5b3>
     f02:	51 2c       	mov	r5, r1
     f04:	b7 01       	movw	r22, r14
     f06:	80 2f       	mov	r24, r16
     f08:	90 e0       	ldi	r25, 0x00	; 0
     f0a:	0e 94 4f 0e 	call	0x1c9e	; 0x1c9e <fputc>
     f0e:	d3 cf       	rjmp	.-90     	; 0xeb6 <__stack+0x5b7>
     f10:	0c e6       	ldi	r16, 0x6C	; 108
     f12:	10 e0       	ldi	r17, 0x00	; 0
     f14:	d5 cf       	rjmp	.-86     	; 0xec0 <__stack+0x5c1>
     f16:	91 10       	cpse	r9, r1
     f18:	80 52       	subi	r24, 0x20	; 32
     f1a:	b7 01       	movw	r22, r14
     f1c:	90 e0       	ldi	r25, 0x00	; 0
     f1e:	0e 94 4f 0e 	call	0x1c9e	; 0x1c9e <fputc>
     f22:	0f 5f       	subi	r16, 0xFF	; 255
     f24:	1f 4f       	sbci	r17, 0xFF	; 255
     f26:	cf cf       	rjmp	.-98     	; 0xec6 <__stack+0x5c7>
     f28:	23 e0       	ldi	r18, 0x03	; 3
     f2a:	25 15       	cp	r18, r5
     f2c:	10 f4       	brcc	.+4      	; 0xf32 <__stack+0x633>
     f2e:	83 e0       	ldi	r24, 0x03	; 3
     f30:	bd cf       	rjmp	.-134    	; 0xeac <__stack+0x5ad>
     f32:	51 2c       	mov	r5, r1
     f34:	c0 cf       	rjmp	.-128    	; 0xeb6 <__stack+0x5b7>
     f36:	60 96       	adiw	r28, 0x10	; 16
     f38:	e2 e1       	ldi	r30, 0x12	; 18
     f3a:	0c 94 d8 0c 	jmp	0x19b0	; 0x19b0 <__epilogue_restores__>

00000f3e <putval>:
     f3e:	20 fd       	sbrc	r18, 0
     f40:	09 c0       	rjmp	.+18     	; 0xf54 <putval+0x16>
     f42:	fc 01       	movw	r30, r24
     f44:	23 fd       	sbrc	r18, 3
     f46:	05 c0       	rjmp	.+10     	; 0xf52 <putval+0x14>
     f48:	22 ff       	sbrs	r18, 2
     f4a:	02 c0       	rjmp	.+4      	; 0xf50 <putval+0x12>
     f4c:	73 83       	std	Z+3, r23	; 0x03
     f4e:	62 83       	std	Z+2, r22	; 0x02
     f50:	51 83       	std	Z+1, r21	; 0x01
     f52:	40 83       	st	Z, r20
     f54:	08 95       	ret

00000f56 <mulacc>:
     f56:	44 fd       	sbrc	r20, 4
     f58:	17 c0       	rjmp	.+46     	; 0xf88 <mulacc+0x32>
     f5a:	46 fd       	sbrc	r20, 6
     f5c:	17 c0       	rjmp	.+46     	; 0xf8c <mulacc+0x36>
     f5e:	ab 01       	movw	r20, r22
     f60:	bc 01       	movw	r22, r24
     f62:	da 01       	movw	r26, r20
     f64:	fb 01       	movw	r30, r22
     f66:	aa 0f       	add	r26, r26
     f68:	bb 1f       	adc	r27, r27
     f6a:	ee 1f       	adc	r30, r30
     f6c:	ff 1f       	adc	r31, r31
     f6e:	10 94       	com	r1
     f70:	d1 f7       	brne	.-12     	; 0xf66 <mulacc+0x10>
     f72:	4a 0f       	add	r20, r26
     f74:	5b 1f       	adc	r21, r27
     f76:	6e 1f       	adc	r22, r30
     f78:	7f 1f       	adc	r23, r31
     f7a:	cb 01       	movw	r24, r22
     f7c:	ba 01       	movw	r22, r20
     f7e:	66 0f       	add	r22, r22
     f80:	77 1f       	adc	r23, r23
     f82:	88 1f       	adc	r24, r24
     f84:	99 1f       	adc	r25, r25
     f86:	09 c0       	rjmp	.+18     	; 0xf9a <mulacc+0x44>
     f88:	33 e0       	ldi	r19, 0x03	; 3
     f8a:	01 c0       	rjmp	.+2      	; 0xf8e <mulacc+0x38>
     f8c:	34 e0       	ldi	r19, 0x04	; 4
     f8e:	66 0f       	add	r22, r22
     f90:	77 1f       	adc	r23, r23
     f92:	88 1f       	adc	r24, r24
     f94:	99 1f       	adc	r25, r25
     f96:	31 50       	subi	r19, 0x01	; 1
     f98:	d1 f7       	brne	.-12     	; 0xf8e <mulacc+0x38>
     f9a:	62 0f       	add	r22, r18
     f9c:	71 1d       	adc	r23, r1
     f9e:	81 1d       	adc	r24, r1
     fa0:	91 1d       	adc	r25, r1
     fa2:	08 95       	ret

00000fa4 <skip_spaces>:
     fa4:	0f 93       	push	r16
     fa6:	1f 93       	push	r17
     fa8:	cf 93       	push	r28
     faa:	df 93       	push	r29
     fac:	8c 01       	movw	r16, r24
     fae:	c8 01       	movw	r24, r16
     fb0:	0e 94 11 0e 	call	0x1c22	; 0x1c22 <fgetc>
     fb4:	ec 01       	movw	r28, r24
     fb6:	97 fd       	sbrc	r25, 7
     fb8:	08 c0       	rjmp	.+16     	; 0xfca <skip_spaces+0x26>
     fba:	0e 94 df 0d 	call	0x1bbe	; 0x1bbe <isspace>
     fbe:	89 2b       	or	r24, r25
     fc0:	b1 f7       	brne	.-20     	; 0xfae <skip_spaces+0xa>
     fc2:	b8 01       	movw	r22, r16
     fc4:	ce 01       	movw	r24, r28
     fc6:	0e 94 8b 0e 	call	0x1d16	; 0x1d16 <ungetc>
     fca:	ce 01       	movw	r24, r28
     fcc:	df 91       	pop	r29
     fce:	cf 91       	pop	r28
     fd0:	1f 91       	pop	r17
     fd2:	0f 91       	pop	r16
     fd4:	08 95       	ret

00000fd6 <conv_int>:
     fd6:	a0 e0       	ldi	r26, 0x00	; 0
     fd8:	b0 e0       	ldi	r27, 0x00	; 0
     fda:	e1 ef       	ldi	r30, 0xF1	; 241
     fdc:	f7 e0       	ldi	r31, 0x07	; 7
     fde:	0c 94 c2 0c 	jmp	0x1984	; 0x1984 <__prologue_saves__+0xc>
     fe2:	7c 01       	movw	r14, r24
     fe4:	8b 01       	movw	r16, r22
     fe6:	6a 01       	movw	r12, r20
     fe8:	d2 2f       	mov	r29, r18
     fea:	0e 94 11 0e 	call	0x1c22	; 0x1c22 <fgetc>
     fee:	9c 01       	movw	r18, r24
     ff0:	33 27       	eor	r19, r19
     ff2:	2b 32       	cpi	r18, 0x2B	; 43
     ff4:	31 05       	cpc	r19, r1
     ff6:	21 f0       	breq	.+8      	; 0x1000 <conv_int+0x2a>
     ff8:	2d 32       	cpi	r18, 0x2D	; 45
     ffa:	31 05       	cpc	r19, r1
     ffc:	59 f4       	brne	.+22     	; 0x1014 <conv_int+0x3e>
     ffe:	d0 68       	ori	r29, 0x80	; 128
    1000:	01 50       	subi	r16, 0x01	; 1
    1002:	11 09       	sbc	r17, r1
    1004:	11 f4       	brne	.+4      	; 0x100a <conv_int+0x34>
    1006:	80 e0       	ldi	r24, 0x00	; 0
    1008:	6b c0       	rjmp	.+214    	; 0x10e0 <conv_int+0x10a>
    100a:	c7 01       	movw	r24, r14
    100c:	0e 94 11 0e 	call	0x1c22	; 0x1c22 <fgetc>
    1010:	97 fd       	sbrc	r25, 7
    1012:	f9 cf       	rjmp	.-14     	; 0x1006 <conv_int+0x30>
    1014:	cd 2f       	mov	r28, r29
    1016:	cd 7f       	andi	r28, 0xFD	; 253
    1018:	2d 2f       	mov	r18, r29
    101a:	20 73       	andi	r18, 0x30	; 48
    101c:	19 f5       	brne	.+70     	; 0x1064 <conv_int+0x8e>
    101e:	80 33       	cpi	r24, 0x30	; 48
    1020:	09 f5       	brne	.+66     	; 0x1064 <conv_int+0x8e>
    1022:	58 01       	movw	r10, r16
    1024:	81 e0       	ldi	r24, 0x01	; 1
    1026:	a8 1a       	sub	r10, r24
    1028:	b1 08       	sbc	r11, r1
    102a:	09 f4       	brne	.+2      	; 0x102e <conv_int+0x58>
    102c:	45 c0       	rjmp	.+138    	; 0x10b8 <conv_int+0xe2>
    102e:	c7 01       	movw	r24, r14
    1030:	0e 94 11 0e 	call	0x1c22	; 0x1c22 <fgetc>
    1034:	97 fd       	sbrc	r25, 7
    1036:	40 c0       	rjmp	.+128    	; 0x10b8 <conv_int+0xe2>
    1038:	9c 01       	movw	r18, r24
    103a:	2f 7d       	andi	r18, 0xDF	; 223
    103c:	33 27       	eor	r19, r19
    103e:	28 35       	cpi	r18, 0x58	; 88
    1040:	31 05       	cpc	r19, r1
    1042:	51 f4       	brne	.+20     	; 0x1058 <conv_int+0x82>
    1044:	c2 64       	ori	r28, 0x42	; 66
    1046:	02 50       	subi	r16, 0x02	; 2
    1048:	11 09       	sbc	r17, r1
    104a:	b1 f1       	breq	.+108    	; 0x10b8 <conv_int+0xe2>
    104c:	c7 01       	movw	r24, r14
    104e:	0e 94 11 0e 	call	0x1c22	; 0x1c22 <fgetc>
    1052:	97 ff       	sbrs	r25, 7
    1054:	07 c0       	rjmp	.+14     	; 0x1064 <conv_int+0x8e>
    1056:	30 c0       	rjmp	.+96     	; 0x10b8 <conv_int+0xe2>
    1058:	d6 ff       	sbrs	r29, 6
    105a:	02 c0       	rjmp	.+4      	; 0x1060 <conv_int+0x8a>
    105c:	c2 60       	ori	r28, 0x02	; 2
    105e:	01 c0       	rjmp	.+2      	; 0x1062 <conv_int+0x8c>
    1060:	c2 61       	ori	r28, 0x12	; 18
    1062:	85 01       	movw	r16, r10
    1064:	81 2c       	mov	r8, r1
    1066:	91 2c       	mov	r9, r1
    1068:	54 01       	movw	r10, r8
    106a:	20 ed       	ldi	r18, 0xD0	; 208
    106c:	28 0f       	add	r18, r24
    106e:	28 30       	cpi	r18, 0x08	; 8
    1070:	80 f0       	brcs	.+32     	; 0x1092 <conv_int+0xbc>
    1072:	c4 ff       	sbrs	r28, 4
    1074:	04 c0       	rjmp	.+8      	; 0x107e <conv_int+0xa8>
    1076:	b7 01       	movw	r22, r14
    1078:	0e 94 8b 0e 	call	0x1d16	; 0x1d16 <ungetc>
    107c:	1a c0       	rjmp	.+52     	; 0x10b2 <conv_int+0xdc>
    107e:	2a 30       	cpi	r18, 0x0A	; 10
    1080:	40 f0       	brcs	.+16     	; 0x1092 <conv_int+0xbc>
    1082:	c6 ff       	sbrs	r28, 6
    1084:	f8 cf       	rjmp	.-16     	; 0x1076 <conv_int+0xa0>
    1086:	2f 7d       	andi	r18, 0xDF	; 223
    1088:	3f ee       	ldi	r19, 0xEF	; 239
    108a:	32 0f       	add	r19, r18
    108c:	36 30       	cpi	r19, 0x06	; 6
    108e:	98 f7       	brcc	.-26     	; 0x1076 <conv_int+0xa0>
    1090:	27 50       	subi	r18, 0x07	; 7
    1092:	4c 2f       	mov	r20, r28
    1094:	c5 01       	movw	r24, r10
    1096:	b4 01       	movw	r22, r8
    1098:	0e 94 ab 07 	call	0xf56	; 0xf56 <mulacc>
    109c:	4b 01       	movw	r8, r22
    109e:	5c 01       	movw	r10, r24
    10a0:	c2 60       	ori	r28, 0x02	; 2
    10a2:	01 50       	subi	r16, 0x01	; 1
    10a4:	11 09       	sbc	r17, r1
    10a6:	59 f0       	breq	.+22     	; 0x10be <conv_int+0xe8>
    10a8:	c7 01       	movw	r24, r14
    10aa:	0e 94 11 0e 	call	0x1c22	; 0x1c22 <fgetc>
    10ae:	97 ff       	sbrs	r25, 7
    10b0:	dc cf       	rjmp	.-72     	; 0x106a <conv_int+0x94>
    10b2:	c1 fd       	sbrc	r28, 1
    10b4:	04 c0       	rjmp	.+8      	; 0x10be <conv_int+0xe8>
    10b6:	a7 cf       	rjmp	.-178    	; 0x1006 <conv_int+0x30>
    10b8:	81 2c       	mov	r8, r1
    10ba:	91 2c       	mov	r9, r1
    10bc:	54 01       	movw	r10, r8
    10be:	c7 ff       	sbrs	r28, 7
    10c0:	08 c0       	rjmp	.+16     	; 0x10d2 <conv_int+0xfc>
    10c2:	b0 94       	com	r11
    10c4:	a0 94       	com	r10
    10c6:	90 94       	com	r9
    10c8:	80 94       	com	r8
    10ca:	81 1c       	adc	r8, r1
    10cc:	91 1c       	adc	r9, r1
    10ce:	a1 1c       	adc	r10, r1
    10d0:	b1 1c       	adc	r11, r1
    10d2:	2c 2f       	mov	r18, r28
    10d4:	b5 01       	movw	r22, r10
    10d6:	a4 01       	movw	r20, r8
    10d8:	c6 01       	movw	r24, r12
    10da:	0e 94 9f 07 	call	0xf3e	; 0xf3e <putval>
    10de:	81 e0       	ldi	r24, 0x01	; 1
    10e0:	cd b7       	in	r28, 0x3d	; 61
    10e2:	de b7       	in	r29, 0x3e	; 62
    10e4:	ec e0       	ldi	r30, 0x0C	; 12
    10e6:	0c 94 de 0c 	jmp	0x19bc	; 0x19bc <__epilogue_restores__+0xc>

000010ea <conv_brk>:
    10ea:	a0 e2       	ldi	r26, 0x20	; 32
    10ec:	b0 e0       	ldi	r27, 0x00	; 0
    10ee:	eb e7       	ldi	r30, 0x7B	; 123
    10f0:	f8 e0       	ldi	r31, 0x08	; 8
    10f2:	0c 94 be 0c 	jmp	0x197c	; 0x197c <__prologue_saves__+0x4>
    10f6:	5c 01       	movw	r10, r24
    10f8:	4b 01       	movw	r8, r22
    10fa:	7a 01       	movw	r14, r20
    10fc:	8e 01       	movw	r16, r28
    10fe:	0f 5f       	subi	r16, 0xFF	; 255
    1100:	1f 4f       	sbci	r17, 0xFF	; 255
    1102:	68 01       	movw	r12, r16
    1104:	80 e2       	ldi	r24, 0x20	; 32
    1106:	f8 01       	movw	r30, r16
    1108:	11 92       	st	Z+, r1
    110a:	8a 95       	dec	r24
    110c:	e9 f7       	brne	.-6      	; 0x1108 <conv_brk+0x1e>
    110e:	f5 01       	movw	r30, r10
    1110:	53 80       	ldd	r5, Z+3	; 0x03
    1112:	40 e0       	ldi	r20, 0x00	; 0
    1114:	50 e0       	ldi	r21, 0x00	; 0
    1116:	61 2c       	mov	r6, r1
    1118:	90 e0       	ldi	r25, 0x00	; 0
    111a:	71 2c       	mov	r7, r1
    111c:	a1 e0       	ldi	r26, 0x01	; 1
    111e:	b0 e0       	ldi	r27, 0x00	; 0
    1120:	f9 01       	movw	r30, r18
    1122:	53 fc       	sbrc	r5, 3
    1124:	85 91       	lpm	r24, Z+
    1126:	53 fe       	sbrs	r5, 3
    1128:	81 91       	ld	r24, Z+
    112a:	8f 01       	movw	r16, r30
    112c:	48 2e       	mov	r4, r24
    112e:	9f 01       	movw	r18, r30
    1130:	81 11       	cpse	r24, r1
    1132:	03 c0       	rjmp	.+6      	; 0x113a <conv_brk+0x50>
    1134:	80 e0       	ldi	r24, 0x00	; 0
    1136:	90 e0       	ldi	r25, 0x00	; 0
    1138:	96 c0       	rjmp	.+300    	; 0x1266 <conv_brk+0x17c>
    113a:	8e 35       	cpi	r24, 0x5E	; 94
    113c:	19 f4       	brne	.+6      	; 0x1144 <conv_brk+0x5a>
    113e:	41 15       	cp	r20, r1
    1140:	51 05       	cpc	r21, r1
    1142:	51 f1       	breq	.+84     	; 0x1198 <conv_brk+0xae>
    1144:	67 2d       	mov	r22, r7
    1146:	70 e0       	ldi	r23, 0x00	; 0
    1148:	64 17       	cp	r22, r20
    114a:	75 07       	cpc	r23, r21
    114c:	3c f4       	brge	.+14     	; 0x115c <conv_brk+0x72>
    114e:	8d 35       	cpi	r24, 0x5D	; 93
    1150:	61 f1       	breq	.+88     	; 0x11aa <conv_brk+0xc0>
    1152:	8d 32       	cpi	r24, 0x2D	; 45
    1154:	19 f4       	brne	.+6      	; 0x115c <conv_brk+0x72>
    1156:	99 23       	and	r25, r25
    1158:	11 f1       	breq	.+68     	; 0x119e <conv_brk+0xb4>
    115a:	03 c0       	rjmp	.+6      	; 0x1162 <conv_brk+0x78>
    115c:	99 23       	and	r25, r25
    115e:	09 f4       	brne	.+2      	; 0x1162 <conv_brk+0x78>
    1160:	6d c0       	rjmp	.+218    	; 0x123c <conv_brk+0x152>
    1162:	84 2d       	mov	r24, r4
    1164:	86 95       	lsr	r24
    1166:	86 95       	lsr	r24
    1168:	86 95       	lsr	r24
    116a:	f6 01       	movw	r30, r12
    116c:	e8 0f       	add	r30, r24
    116e:	f1 1d       	adc	r31, r1
    1170:	84 2d       	mov	r24, r4
    1172:	87 70       	andi	r24, 0x07	; 7
    1174:	8d 01       	movw	r16, r26
    1176:	02 c0       	rjmp	.+4      	; 0x117c <conv_brk+0x92>
    1178:	00 0f       	add	r16, r16
    117a:	11 1f       	adc	r17, r17
    117c:	8a 95       	dec	r24
    117e:	e2 f7       	brpl	.-8      	; 0x1178 <conv_brk+0x8e>
    1180:	c8 01       	movw	r24, r16
    1182:	90 81       	ld	r25, Z
    1184:	89 2b       	or	r24, r25
    1186:	80 83       	st	Z, r24
    1188:	64 14       	cp	r6, r4
    118a:	59 f0       	breq	.+22     	; 0x11a2 <conv_brk+0xb8>
    118c:	46 14       	cp	r4, r6
    118e:	10 f4       	brcc	.+4      	; 0x1194 <conv_brk+0xaa>
    1190:	43 94       	inc	r4
    1192:	e7 cf       	rjmp	.-50     	; 0x1162 <conv_brk+0x78>
    1194:	4a 94       	dec	r4
    1196:	e5 cf       	rjmp	.-54     	; 0x1162 <conv_brk+0x78>
    1198:	77 24       	eor	r7, r7
    119a:	73 94       	inc	r7
    119c:	03 c0       	rjmp	.+6      	; 0x11a4 <conv_brk+0xba>
    119e:	91 e0       	ldi	r25, 0x01	; 1
    11a0:	01 c0       	rjmp	.+2      	; 0x11a4 <conv_brk+0xba>
    11a2:	90 e0       	ldi	r25, 0x00	; 0
    11a4:	4f 5f       	subi	r20, 0xFF	; 255
    11a6:	5f 4f       	sbci	r21, 0xFF	; 255
    11a8:	bb cf       	rjmp	.-138    	; 0x1120 <conv_brk+0x36>
    11aa:	99 23       	and	r25, r25
    11ac:	19 f0       	breq	.+6      	; 0x11b4 <conv_brk+0xca>
    11ae:	8e 81       	ldd	r24, Y+6	; 0x06
    11b0:	80 62       	ori	r24, 0x20	; 32
    11b2:	8e 83       	std	Y+6, r24	; 0x06
    11b4:	71 10       	cpse	r7, r1
    11b6:	03 c0       	rjmp	.+6      	; 0x11be <conv_brk+0xd4>
    11b8:	77 24       	eor	r7, r7
    11ba:	73 94       	inc	r7
    11bc:	19 c0       	rjmp	.+50     	; 0x11f0 <conv_brk+0x106>
    11be:	f6 01       	movw	r30, r12
    11c0:	9e 01       	movw	r18, r28
    11c2:	2f 5d       	subi	r18, 0xDF	; 223
    11c4:	3f 4f       	sbci	r19, 0xFF	; 255
    11c6:	80 81       	ld	r24, Z
    11c8:	80 95       	com	r24
    11ca:	81 93       	st	Z+, r24
    11cc:	2e 17       	cp	r18, r30
    11ce:	3f 07       	cpc	r19, r31
    11d0:	d1 f7       	brne	.-12     	; 0x11c6 <conv_brk+0xdc>
    11d2:	f2 cf       	rjmp	.-28     	; 0x11b8 <conv_brk+0xce>
    11d4:	e1 14       	cp	r14, r1
    11d6:	f1 04       	cpc	r15, r1
    11d8:	31 f0       	breq	.+12     	; 0x11e6 <conv_brk+0xfc>
    11da:	f7 01       	movw	r30, r14
    11dc:	80 83       	st	Z, r24
    11de:	b7 01       	movw	r22, r14
    11e0:	6f 5f       	subi	r22, 0xFF	; 255
    11e2:	7f 4f       	sbci	r23, 0xFF	; 255
    11e4:	7b 01       	movw	r14, r22
    11e6:	71 e0       	ldi	r23, 0x01	; 1
    11e8:	87 1a       	sub	r8, r23
    11ea:	91 08       	sbc	r9, r1
    11ec:	71 2c       	mov	r7, r1
    11ee:	f9 f0       	breq	.+62     	; 0x122e <conv_brk+0x144>
    11f0:	c5 01       	movw	r24, r10
    11f2:	0e 94 11 0e 	call	0x1c22	; 0x1c22 <fgetc>
    11f6:	97 fd       	sbrc	r25, 7
    11f8:	18 c0       	rjmp	.+48     	; 0x122a <conv_brk+0x140>
    11fa:	fc 01       	movw	r30, r24
    11fc:	ff 27       	eor	r31, r31
    11fe:	23 e0       	ldi	r18, 0x03	; 3
    1200:	f5 95       	asr	r31
    1202:	e7 95       	ror	r30
    1204:	2a 95       	dec	r18
    1206:	e1 f7       	brne	.-8      	; 0x1200 <conv_brk+0x116>
    1208:	ec 0d       	add	r30, r12
    120a:	fd 1d       	adc	r31, r13
    120c:	20 81       	ld	r18, Z
    120e:	30 e0       	ldi	r19, 0x00	; 0
    1210:	ac 01       	movw	r20, r24
    1212:	47 70       	andi	r20, 0x07	; 7
    1214:	55 27       	eor	r21, r21
    1216:	02 c0       	rjmp	.+4      	; 0x121c <conv_brk+0x132>
    1218:	35 95       	asr	r19
    121a:	27 95       	ror	r18
    121c:	4a 95       	dec	r20
    121e:	e2 f7       	brpl	.-8      	; 0x1218 <conv_brk+0x12e>
    1220:	20 fd       	sbrc	r18, 0
    1222:	d8 cf       	rjmp	.-80     	; 0x11d4 <conv_brk+0xea>
    1224:	b5 01       	movw	r22, r10
    1226:	0e 94 8b 0e 	call	0x1d16	; 0x1d16 <ungetc>
    122a:	71 10       	cpse	r7, r1
    122c:	83 cf       	rjmp	.-250    	; 0x1134 <conv_brk+0x4a>
    122e:	e1 14       	cp	r14, r1
    1230:	f1 04       	cpc	r15, r1
    1232:	11 f0       	breq	.+4      	; 0x1238 <conv_brk+0x14e>
    1234:	f7 01       	movw	r30, r14
    1236:	10 82       	st	Z, r1
    1238:	c8 01       	movw	r24, r16
    123a:	15 c0       	rjmp	.+42     	; 0x1266 <conv_brk+0x17c>
    123c:	68 2f       	mov	r22, r24
    123e:	66 95       	lsr	r22
    1240:	66 95       	lsr	r22
    1242:	66 95       	lsr	r22
    1244:	f6 01       	movw	r30, r12
    1246:	e6 0f       	add	r30, r22
    1248:	f1 1d       	adc	r31, r1
    124a:	68 2f       	mov	r22, r24
    124c:	67 70       	andi	r22, 0x07	; 7
    124e:	8d 01       	movw	r16, r26
    1250:	02 c0       	rjmp	.+4      	; 0x1256 <conv_brk+0x16c>
    1252:	00 0f       	add	r16, r16
    1254:	11 1f       	adc	r17, r17
    1256:	6a 95       	dec	r22
    1258:	e2 f7       	brpl	.-8      	; 0x1252 <conv_brk+0x168>
    125a:	b8 01       	movw	r22, r16
    125c:	70 81       	ld	r23, Z
    125e:	67 2b       	or	r22, r23
    1260:	60 83       	st	Z, r22
    1262:	68 2e       	mov	r6, r24
    1264:	9f cf       	rjmp	.-194    	; 0x11a4 <conv_brk+0xba>
    1266:	a0 96       	adiw	r28, 0x20	; 32
    1268:	e0 e1       	ldi	r30, 0x10	; 16
    126a:	0c 94 da 0c 	jmp	0x19b4	; 0x19b4 <__epilogue_restores__+0x4>

0000126e <conv_flt>:
    126e:	2f 92       	push	r2
    1270:	3f 92       	push	r3
    1272:	4f 92       	push	r4
    1274:	5f 92       	push	r5
    1276:	6f 92       	push	r6
    1278:	7f 92       	push	r7
    127a:	9f 92       	push	r9
    127c:	af 92       	push	r10
    127e:	bf 92       	push	r11
    1280:	cf 92       	push	r12
    1282:	df 92       	push	r13
    1284:	ef 92       	push	r14
    1286:	ff 92       	push	r15
    1288:	0f 93       	push	r16
    128a:	1f 93       	push	r17
    128c:	cf 93       	push	r28
    128e:	df 93       	push	r29
    1290:	6c 01       	movw	r12, r24
    1292:	8b 01       	movw	r16, r22
    1294:	1a 01       	movw	r2, r20
    1296:	0e 94 11 0e 	call	0x1c22	; 0x1c22 <fgetc>
    129a:	ec 01       	movw	r28, r24
    129c:	99 27       	eor	r25, r25
    129e:	8b 32       	cpi	r24, 0x2B	; 43
    12a0:	91 05       	cpc	r25, r1
    12a2:	29 f0       	breq	.+10     	; 0x12ae <conv_flt+0x40>
    12a4:	8d 97       	sbiw	r24, 0x2d	; 45
    12a6:	81 f4       	brne	.+32     	; 0x12c8 <conv_flt+0x5a>
    12a8:	30 e8       	ldi	r19, 0x80	; 128
    12aa:	93 2e       	mov	r9, r19
    12ac:	01 c0       	rjmp	.+2      	; 0x12b0 <conv_flt+0x42>
    12ae:	91 2c       	mov	r9, r1
    12b0:	01 50       	subi	r16, 0x01	; 1
    12b2:	11 09       	sbc	r17, r1
    12b4:	11 f4       	brne	.+4      	; 0x12ba <conv_flt+0x4c>
    12b6:	80 e0       	ldi	r24, 0x00	; 0
    12b8:	0c c1       	rjmp	.+536    	; 0x14d2 <conv_flt+0x264>
    12ba:	c6 01       	movw	r24, r12
    12bc:	0e 94 11 0e 	call	0x1c22	; 0x1c22 <fgetc>
    12c0:	ec 01       	movw	r28, r24
    12c2:	97 ff       	sbrs	r25, 7
    12c4:	02 c0       	rjmp	.+4      	; 0x12ca <conv_flt+0x5c>
    12c6:	f7 cf       	rjmp	.-18     	; 0x12b6 <conv_flt+0x48>
    12c8:	91 2c       	mov	r9, r1
    12ca:	ce 01       	movw	r24, r28
    12cc:	0e 94 e8 0d 	call	0x1bd0	; 0x1bd0 <tolower>
    12d0:	89 36       	cpi	r24, 0x69	; 105
    12d2:	91 05       	cpc	r25, r1
    12d4:	31 f0       	breq	.+12     	; 0x12e2 <conv_flt+0x74>
    12d6:	8e 36       	cpi	r24, 0x6E	; 110
    12d8:	91 05       	cpc	r25, r1
    12da:	99 f5       	brne	.+102    	; 0x1342 <conv_flt+0xd4>
    12dc:	cc e7       	ldi	r28, 0x7C	; 124
    12de:	d1 e0       	ldi	r29, 0x01	; 1
    12e0:	02 c0       	rjmp	.+4      	; 0x12e6 <conv_flt+0x78>
    12e2:	cf e7       	ldi	r28, 0x7F	; 127
    12e4:	d1 e0       	ldi	r29, 0x01	; 1
    12e6:	21 96       	adiw	r28, 0x01	; 1
    12e8:	fe 01       	movw	r30, r28
    12ea:	31 97       	sbiw	r30, 0x01	; 1
    12ec:	b4 90       	lpm	r11, Z
    12ee:	bb 20       	and	r11, r11
    12f0:	c9 f0       	breq	.+50     	; 0x1324 <conv_flt+0xb6>
    12f2:	01 50       	subi	r16, 0x01	; 1
    12f4:	11 09       	sbc	r17, r1
    12f6:	91 f0       	breq	.+36     	; 0x131c <conv_flt+0xae>
    12f8:	c6 01       	movw	r24, r12
    12fa:	0e 94 11 0e 	call	0x1c22	; 0x1c22 <fgetc>
    12fe:	7c 01       	movw	r14, r24
    1300:	97 fd       	sbrc	r25, 7
    1302:	0c c0       	rjmp	.+24     	; 0x131c <conv_flt+0xae>
    1304:	0e 94 e8 0d 	call	0x1bd0	; 0x1bd0 <tolower>
    1308:	99 27       	eor	r25, r25
    130a:	eb 2d       	mov	r30, r11
    130c:	f0 e0       	ldi	r31, 0x00	; 0
    130e:	8e 17       	cp	r24, r30
    1310:	9f 07       	cpc	r25, r31
    1312:	49 f3       	breq	.-46     	; 0x12e6 <conv_flt+0x78>
    1314:	b6 01       	movw	r22, r12
    1316:	c7 01       	movw	r24, r14
    1318:	0e 94 8b 0e 	call	0x1d16	; 0x1d16 <ungetc>
    131c:	c2 58       	subi	r28, 0x82	; 130
    131e:	d1 40       	sbci	r29, 0x01	; 1
    1320:	51 f6       	brne	.-108    	; 0x12b6 <conv_flt+0x48>
    1322:	03 c0       	rjmp	.+6      	; 0x132a <conv_flt+0xbc>
    1324:	cf 57       	subi	r28, 0x7F	; 127
    1326:	d1 40       	sbci	r29, 0x01	; 1
    1328:	29 f0       	breq	.+10     	; 0x1334 <conv_flt+0xc6>
    132a:	80 e0       	ldi	r24, 0x00	; 0
    132c:	90 e0       	ldi	r25, 0x00	; 0
    132e:	a0 e8       	ldi	r26, 0x80	; 128
    1330:	bf e7       	ldi	r27, 0x7F	; 127
    1332:	04 c0       	rjmp	.+8      	; 0x133c <conv_flt+0xce>
    1334:	80 e0       	ldi	r24, 0x00	; 0
    1336:	90 e0       	ldi	r25, 0x00	; 0
    1338:	a0 ec       	ldi	r26, 0xC0	; 192
    133a:	bf e7       	ldi	r27, 0x7F	; 127
    133c:	bc 01       	movw	r22, r24
    133e:	cd 01       	movw	r24, r26
    1340:	b8 c0       	rjmp	.+368    	; 0x14b2 <conv_flt+0x244>
    1342:	41 2c       	mov	r4, r1
    1344:	51 2c       	mov	r5, r1
    1346:	32 01       	movw	r6, r4
    1348:	e1 2c       	mov	r14, r1
    134a:	f1 2c       	mov	r15, r1
    134c:	2c 2f       	mov	r18, r28
    134e:	20 53       	subi	r18, 0x30	; 48
    1350:	2a 30       	cpi	r18, 0x0A	; 10
    1352:	10 f5       	brcc	.+68     	; 0x1398 <conv_flt+0x12a>
    1354:	e9 2d       	mov	r30, r9
    1356:	e2 60       	ori	r30, 0x02	; 2
    1358:	be 2e       	mov	r11, r30
    135a:	89 2d       	mov	r24, r9
    135c:	88 70       	andi	r24, 0x08	; 8
    135e:	92 fe       	sbrs	r9, 2
    1360:	06 c0       	rjmp	.+12     	; 0x136e <conv_flt+0x100>
    1362:	81 11       	cpse	r24, r1
    1364:	20 c0       	rjmp	.+64     	; 0x13a6 <conv_flt+0x138>
    1366:	ff ef       	ldi	r31, 0xFF	; 255
    1368:	ef 1a       	sub	r14, r31
    136a:	ff 0a       	sbc	r15, r31
    136c:	1c c0       	rjmp	.+56     	; 0x13a6 <conv_flt+0x138>
    136e:	88 23       	and	r24, r24
    1370:	19 f0       	breq	.+6      	; 0x1378 <conv_flt+0x10a>
    1372:	81 e0       	ldi	r24, 0x01	; 1
    1374:	e8 1a       	sub	r14, r24
    1376:	f1 08       	sbc	r15, r1
    1378:	40 e2       	ldi	r20, 0x20	; 32
    137a:	c3 01       	movw	r24, r6
    137c:	b2 01       	movw	r22, r4
    137e:	0e 94 ab 07 	call	0xf56	; 0xf56 <mulacc>
    1382:	2b 01       	movw	r4, r22
    1384:	3c 01       	movw	r6, r24
    1386:	68 39       	cpi	r22, 0x98	; 152
    1388:	79 49       	sbci	r23, 0x99	; 153
    138a:	89 49       	sbci	r24, 0x99	; 153
    138c:	99 41       	sbci	r25, 0x19	; 25
    138e:	58 f0       	brcs	.+22     	; 0x13a6 <conv_flt+0x138>
    1390:	f9 2d       	mov	r31, r9
    1392:	f6 60       	ori	r31, 0x06	; 6
    1394:	bf 2e       	mov	r11, r31
    1396:	07 c0       	rjmp	.+14     	; 0x13a6 <conv_flt+0x138>
    1398:	2e 3f       	cpi	r18, 0xFE	; 254
    139a:	89 f4       	brne	.+34     	; 0x13be <conv_flt+0x150>
    139c:	93 fc       	sbrc	r9, 3
    139e:	0f c0       	rjmp	.+30     	; 0x13be <conv_flt+0x150>
    13a0:	29 2d       	mov	r18, r9
    13a2:	28 60       	ori	r18, 0x08	; 8
    13a4:	b2 2e       	mov	r11, r18
    13a6:	01 50       	subi	r16, 0x01	; 1
    13a8:	11 09       	sbc	r17, r1
    13aa:	41 f0       	breq	.+16     	; 0x13bc <conv_flt+0x14e>
    13ac:	c6 01       	movw	r24, r12
    13ae:	0e 94 11 0e 	call	0x1c22	; 0x1c22 <fgetc>
    13b2:	ec 01       	movw	r28, r24
    13b4:	9b 2c       	mov	r9, r11
    13b6:	97 ff       	sbrs	r25, 7
    13b8:	c9 cf       	rjmp	.-110    	; 0x134c <conv_flt+0xde>
    13ba:	01 c0       	rjmp	.+2      	; 0x13be <conv_flt+0x150>
    13bc:	9b 2c       	mov	r9, r11
    13be:	91 fe       	sbrs	r9, 1
    13c0:	7a cf       	rjmp	.-268    	; 0x12b6 <conv_flt+0x48>
    13c2:	ce 01       	movw	r24, r28
    13c4:	8f 7d       	andi	r24, 0xDF	; 223
    13c6:	99 27       	eor	r25, r25
    13c8:	85 34       	cpi	r24, 0x45	; 69
    13ca:	91 05       	cpc	r25, r1
    13cc:	09 f0       	breq	.+2      	; 0x13d0 <conv_flt+0x162>
    13ce:	42 c0       	rjmp	.+132    	; 0x1454 <conv_flt+0x1e6>
    13d0:	58 01       	movw	r10, r16
    13d2:	81 e0       	ldi	r24, 0x01	; 1
    13d4:	a8 1a       	sub	r10, r24
    13d6:	b1 08       	sbc	r11, r1
    13d8:	09 f4       	brne	.+2      	; 0x13dc <conv_flt+0x16e>
    13da:	6d cf       	rjmp	.-294    	; 0x12b6 <conv_flt+0x48>
    13dc:	c6 01       	movw	r24, r12
    13de:	0e 94 11 0e 	call	0x1c22	; 0x1c22 <fgetc>
    13e2:	ec 01       	movw	r28, r24
    13e4:	97 fd       	sbrc	r25, 7
    13e6:	67 cf       	rjmp	.-306    	; 0x12b6 <conv_flt+0x48>
    13e8:	99 27       	eor	r25, r25
    13ea:	8b 32       	cpi	r24, 0x2B	; 43
    13ec:	91 05       	cpc	r25, r1
    13ee:	29 f0       	breq	.+10     	; 0x13fa <conv_flt+0x18c>
    13f0:	8d 97       	sbiw	r24, 0x2d	; 45
    13f2:	69 f4       	brne	.+26     	; 0x140e <conv_flt+0x1a0>
    13f4:	e9 2d       	mov	r30, r9
    13f6:	e0 61       	ori	r30, 0x10	; 16
    13f8:	9e 2e       	mov	r9, r30
    13fa:	58 01       	movw	r10, r16
    13fc:	f2 e0       	ldi	r31, 0x02	; 2
    13fe:	af 1a       	sub	r10, r31
    1400:	b1 08       	sbc	r11, r1
    1402:	09 f4       	brne	.+2      	; 0x1406 <conv_flt+0x198>
    1404:	58 cf       	rjmp	.-336    	; 0x12b6 <conv_flt+0x48>
    1406:	c6 01       	movw	r24, r12
    1408:	0e 94 11 0e 	call	0x1c22	; 0x1c22 <fgetc>
    140c:	ec 01       	movw	r28, r24
    140e:	ce 01       	movw	r24, r28
    1410:	c0 97       	sbiw	r24, 0x30	; 48
    1412:	0a 97       	sbiw	r24, 0x0a	; 10
    1414:	08 f0       	brcs	.+2      	; 0x1418 <conv_flt+0x1aa>
    1416:	4f cf       	rjmp	.-354    	; 0x12b6 <conv_flt+0x48>
    1418:	85 01       	movw	r16, r10
    141a:	a1 2c       	mov	r10, r1
    141c:	b1 2c       	mov	r11, r1
    141e:	b5 01       	movw	r22, r10
    1420:	bb 0c       	add	r11, r11
    1422:	88 0b       	sbc	r24, r24
    1424:	99 0b       	sbc	r25, r25
    1426:	2c 2f       	mov	r18, r28
    1428:	20 53       	subi	r18, 0x30	; 48
    142a:	40 e2       	ldi	r20, 0x20	; 32
    142c:	0e 94 ab 07 	call	0xf56	; 0xf56 <mulacc>
    1430:	5b 01       	movw	r10, r22
    1432:	01 50       	subi	r16, 0x01	; 1
    1434:	11 09       	sbc	r17, r1
    1436:	39 f0       	breq	.+14     	; 0x1446 <conv_flt+0x1d8>
    1438:	c6 01       	movw	r24, r12
    143a:	0e 94 11 0e 	call	0x1c22	; 0x1c22 <fgetc>
    143e:	ec 01       	movw	r28, r24
    1440:	c0 97       	sbiw	r24, 0x30	; 48
    1442:	0a 97       	sbiw	r24, 0x0a	; 10
    1444:	60 f3       	brcs	.-40     	; 0x141e <conv_flt+0x1b0>
    1446:	94 fe       	sbrs	r9, 4
    1448:	03 c0       	rjmp	.+6      	; 0x1450 <conv_flt+0x1e2>
    144a:	b1 94       	neg	r11
    144c:	a1 94       	neg	r10
    144e:	b1 08       	sbc	r11, r1
    1450:	ea 0c       	add	r14, r10
    1452:	fb 1c       	adc	r15, r11
    1454:	01 2b       	or	r16, r17
    1456:	31 f0       	breq	.+12     	; 0x1464 <conv_flt+0x1f6>
    1458:	d7 fd       	sbrc	r29, 7
    145a:	04 c0       	rjmp	.+8      	; 0x1464 <conv_flt+0x1f6>
    145c:	b6 01       	movw	r22, r12
    145e:	ce 01       	movw	r24, r28
    1460:	0e 94 8b 0e 	call	0x1d16	; 0x1d16 <ungetc>
    1464:	c3 01       	movw	r24, r6
    1466:	b2 01       	movw	r22, r4
    1468:	0e 94 ad 0b 	call	0x175a	; 0x175a <__floatunsisf>
    146c:	f7 fe       	sbrs	r15, 7
    146e:	06 c0       	rjmp	.+12     	; 0x147c <conv_flt+0x20e>
    1470:	f1 94       	neg	r15
    1472:	e1 94       	neg	r14
    1474:	f1 08       	sbc	r15, r1
    1476:	cb e9       	ldi	r28, 0x9B	; 155
    1478:	d1 e0       	ldi	r29, 0x01	; 1
    147a:	02 c0       	rjmp	.+4      	; 0x1480 <conv_flt+0x212>
    147c:	c3 eb       	ldi	r28, 0xB3	; 179
    147e:	d1 e0       	ldi	r29, 0x01	; 1
    1480:	6e 01       	movw	r12, r28
    1482:	28 e1       	ldi	r18, 0x18	; 24
    1484:	c2 1a       	sub	r12, r18
    1486:	d1 08       	sbc	r13, r1
    1488:	00 e2       	ldi	r16, 0x20	; 32
    148a:	10 e0       	ldi	r17, 0x00	; 0
    148c:	e0 16       	cp	r14, r16
    148e:	f1 06       	cpc	r15, r17
    1490:	50 f0       	brcs	.+20     	; 0x14a6 <conv_flt+0x238>
    1492:	fe 01       	movw	r30, r28
    1494:	25 91       	lpm	r18, Z+
    1496:	35 91       	lpm	r19, Z+
    1498:	45 91       	lpm	r20, Z+
    149a:	54 91       	lpm	r21, Z
    149c:	0e 94 ea 0b 	call	0x17d4	; 0x17d4 <__mulsf3>
    14a0:	e0 1a       	sub	r14, r16
    14a2:	f1 0a       	sbc	r15, r17
    14a4:	f3 cf       	rjmp	.-26     	; 0x148c <conv_flt+0x21e>
    14a6:	24 97       	sbiw	r28, 0x04	; 4
    14a8:	16 95       	lsr	r17
    14aa:	07 95       	ror	r16
    14ac:	cc 16       	cp	r12, r28
    14ae:	dd 06       	cpc	r13, r29
    14b0:	69 f7       	brne	.-38     	; 0x148c <conv_flt+0x21e>
    14b2:	97 fe       	sbrs	r9, 7
    14b4:	05 c0       	rjmp	.+10     	; 0x14c0 <conv_flt+0x252>
    14b6:	dc 01       	movw	r26, r24
    14b8:	cb 01       	movw	r24, r22
    14ba:	b0 58       	subi	r27, 0x80	; 128
    14bc:	bc 01       	movw	r22, r24
    14be:	cd 01       	movw	r24, r26
    14c0:	21 14       	cp	r2, r1
    14c2:	31 04       	cpc	r3, r1
    14c4:	29 f0       	breq	.+10     	; 0x14d0 <conv_flt+0x262>
    14c6:	f1 01       	movw	r30, r2
    14c8:	60 83       	st	Z, r22
    14ca:	71 83       	std	Z+1, r23	; 0x01
    14cc:	82 83       	std	Z+2, r24	; 0x02
    14ce:	93 83       	std	Z+3, r25	; 0x03
    14d0:	81 e0       	ldi	r24, 0x01	; 1
    14d2:	df 91       	pop	r29
    14d4:	cf 91       	pop	r28
    14d6:	1f 91       	pop	r17
    14d8:	0f 91       	pop	r16
    14da:	ff 90       	pop	r15
    14dc:	ef 90       	pop	r14
    14de:	df 90       	pop	r13
    14e0:	cf 90       	pop	r12
    14e2:	bf 90       	pop	r11
    14e4:	af 90       	pop	r10
    14e6:	9f 90       	pop	r9
    14e8:	7f 90       	pop	r7
    14ea:	6f 90       	pop	r6
    14ec:	5f 90       	pop	r5
    14ee:	4f 90       	pop	r4
    14f0:	3f 90       	pop	r3
    14f2:	2f 90       	pop	r2
    14f4:	08 95       	ret

000014f6 <vfscanf>:
    14f6:	a0 e0       	ldi	r26, 0x00	; 0
    14f8:	b0 e0       	ldi	r27, 0x00	; 0
    14fa:	e1 e8       	ldi	r30, 0x81	; 129
    14fc:	fa e0       	ldi	r31, 0x0A	; 10
    14fe:	0c 94 c0 0c 	jmp	0x1980	; 0x1980 <__prologue_saves__+0x8>
    1502:	5c 01       	movw	r10, r24
    1504:	eb 01       	movw	r28, r22
    1506:	4a 01       	movw	r8, r20
    1508:	fc 01       	movw	r30, r24
    150a:	17 82       	std	Z+7, r1	; 0x07
    150c:	16 82       	std	Z+6, r1	; 0x06
    150e:	61 2c       	mov	r6, r1
    1510:	f5 01       	movw	r30, r10
    1512:	03 81       	ldd	r16, Z+3	; 0x03
    1514:	fe 01       	movw	r30, r28
    1516:	03 fd       	sbrc	r16, 3
    1518:	85 91       	lpm	r24, Z+
    151a:	03 ff       	sbrs	r16, 3
    151c:	81 91       	ld	r24, Z+
    151e:	18 2f       	mov	r17, r24
    1520:	ef 01       	movw	r28, r30
    1522:	88 23       	and	r24, r24
    1524:	09 f4       	brne	.+2      	; 0x1528 <vfscanf+0x32>
    1526:	0f c1       	rjmp	.+542    	; 0x1746 <vfscanf+0x250>
    1528:	90 e0       	ldi	r25, 0x00	; 0
    152a:	0e 94 df 0d 	call	0x1bbe	; 0x1bbe <isspace>
    152e:	89 2b       	or	r24, r25
    1530:	21 f0       	breq	.+8      	; 0x153a <vfscanf+0x44>
    1532:	c5 01       	movw	r24, r10
    1534:	0e 94 d2 07 	call	0xfa4	; 0xfa4 <skip_spaces>
    1538:	eb cf       	rjmp	.-42     	; 0x1510 <vfscanf+0x1a>
    153a:	15 32       	cpi	r17, 0x25	; 37
    153c:	41 f4       	brne	.+16     	; 0x154e <vfscanf+0x58>
    153e:	fe 01       	movw	r30, r28
    1540:	03 fd       	sbrc	r16, 3
    1542:	15 91       	lpm	r17, Z+
    1544:	03 ff       	sbrs	r16, 3
    1546:	11 91       	ld	r17, Z+
    1548:	ef 01       	movw	r28, r30
    154a:	15 32       	cpi	r17, 0x25	; 37
    154c:	81 f4       	brne	.+32     	; 0x156e <vfscanf+0x78>
    154e:	c5 01       	movw	r24, r10
    1550:	0e 94 11 0e 	call	0x1c22	; 0x1c22 <fgetc>
    1554:	97 fd       	sbrc	r25, 7
    1556:	f5 c0       	rjmp	.+490    	; 0x1742 <vfscanf+0x24c>
    1558:	41 2f       	mov	r20, r17
    155a:	50 e0       	ldi	r21, 0x00	; 0
    155c:	9c 01       	movw	r18, r24
    155e:	33 27       	eor	r19, r19
    1560:	24 17       	cp	r18, r20
    1562:	35 07       	cpc	r19, r21
    1564:	a9 f2       	breq	.-86     	; 0x1510 <vfscanf+0x1a>
    1566:	b5 01       	movw	r22, r10
    1568:	0e 94 8b 0e 	call	0x1d16	; 0x1d16 <ungetc>
    156c:	ec c0       	rjmp	.+472    	; 0x1746 <vfscanf+0x250>
    156e:	1a 32       	cpi	r17, 0x2A	; 42
    1570:	41 f4       	brne	.+16     	; 0x1582 <vfscanf+0x8c>
    1572:	03 fd       	sbrc	r16, 3
    1574:	15 91       	lpm	r17, Z+
    1576:	03 ff       	sbrs	r16, 3
    1578:	11 91       	ld	r17, Z+
    157a:	ef 01       	movw	r28, r30
    157c:	77 24       	eor	r7, r7
    157e:	73 94       	inc	r7
    1580:	01 c0       	rjmp	.+2      	; 0x1584 <vfscanf+0x8e>
    1582:	71 2c       	mov	r7, r1
    1584:	e1 2c       	mov	r14, r1
    1586:	f1 2c       	mov	r15, r1
    1588:	20 ed       	ldi	r18, 0xD0	; 208
    158a:	21 0f       	add	r18, r17
    158c:	2a 30       	cpi	r18, 0x0A	; 10
    158e:	88 f4       	brcc	.+34     	; 0x15b2 <vfscanf+0xbc>
    1590:	f7 2d       	mov	r31, r7
    1592:	f2 60       	ori	r31, 0x02	; 2
    1594:	7f 2e       	mov	r7, r31
    1596:	b7 01       	movw	r22, r14
    1598:	80 e0       	ldi	r24, 0x00	; 0
    159a:	90 e0       	ldi	r25, 0x00	; 0
    159c:	40 e2       	ldi	r20, 0x20	; 32
    159e:	0e 94 ab 07 	call	0xf56	; 0xf56 <mulacc>
    15a2:	7b 01       	movw	r14, r22
    15a4:	fe 01       	movw	r30, r28
    15a6:	03 fd       	sbrc	r16, 3
    15a8:	15 91       	lpm	r17, Z+
    15aa:	03 ff       	sbrs	r16, 3
    15ac:	11 91       	ld	r17, Z+
    15ae:	ef 01       	movw	r28, r30
    15b0:	eb cf       	rjmp	.-42     	; 0x1588 <vfscanf+0x92>
    15b2:	71 fe       	sbrs	r7, 1
    15b4:	04 c0       	rjmp	.+8      	; 0x15be <vfscanf+0xc8>
    15b6:	e1 14       	cp	r14, r1
    15b8:	f1 04       	cpc	r15, r1
    15ba:	21 f4       	brne	.+8      	; 0x15c4 <vfscanf+0xce>
    15bc:	c4 c0       	rjmp	.+392    	; 0x1746 <vfscanf+0x250>
    15be:	ee 24       	eor	r14, r14
    15c0:	ea 94       	dec	r14
    15c2:	fe 2c       	mov	r15, r14
    15c4:	18 36       	cpi	r17, 0x68	; 104
    15c6:	19 f0       	breq	.+6      	; 0x15ce <vfscanf+0xd8>
    15c8:	1c 36       	cpi	r17, 0x6C	; 108
    15ca:	61 f0       	breq	.+24     	; 0x15e4 <vfscanf+0xee>
    15cc:	14 c0       	rjmp	.+40     	; 0x15f6 <vfscanf+0x100>
    15ce:	fe 01       	movw	r30, r28
    15d0:	03 fd       	sbrc	r16, 3
    15d2:	15 91       	lpm	r17, Z+
    15d4:	03 ff       	sbrs	r16, 3
    15d6:	11 91       	ld	r17, Z+
    15d8:	ef 01       	movw	r28, r30
    15da:	18 36       	cpi	r17, 0x68	; 104
    15dc:	61 f4       	brne	.+24     	; 0x15f6 <vfscanf+0x100>
    15de:	87 2d       	mov	r24, r7
    15e0:	88 60       	ori	r24, 0x08	; 8
    15e2:	78 2e       	mov	r7, r24
    15e4:	97 2d       	mov	r25, r7
    15e6:	94 60       	ori	r25, 0x04	; 4
    15e8:	79 2e       	mov	r7, r25
    15ea:	fe 01       	movw	r30, r28
    15ec:	03 fd       	sbrc	r16, 3
    15ee:	15 91       	lpm	r17, Z+
    15f0:	03 ff       	sbrs	r16, 3
    15f2:	11 91       	ld	r17, Z+
    15f4:	ef 01       	movw	r28, r30
    15f6:	11 23       	and	r17, r17
    15f8:	09 f4       	brne	.+2      	; 0x15fc <vfscanf+0x106>
    15fa:	a5 c0       	rjmp	.+330    	; 0x1746 <vfscanf+0x250>
    15fc:	61 2f       	mov	r22, r17
    15fe:	70 e0       	ldi	r23, 0x00	; 0
    1600:	8a e6       	ldi	r24, 0x6A	; 106
    1602:	91 e0       	ldi	r25, 0x01	; 1
    1604:	0e 94 f0 0d 	call	0x1be0	; 0x1be0 <strchr_P>
    1608:	89 2b       	or	r24, r25
    160a:	09 f4       	brne	.+2      	; 0x160e <vfscanf+0x118>
    160c:	9c c0       	rjmp	.+312    	; 0x1746 <vfscanf+0x250>
    160e:	70 fc       	sbrc	r7, 0
    1610:	07 c0       	rjmp	.+14     	; 0x1620 <vfscanf+0x12a>
    1612:	f4 01       	movw	r30, r8
    1614:	c0 80       	ld	r12, Z
    1616:	d1 80       	ldd	r13, Z+1	; 0x01
    1618:	c4 01       	movw	r24, r8
    161a:	02 96       	adiw	r24, 0x02	; 2
    161c:	4c 01       	movw	r8, r24
    161e:	02 c0       	rjmp	.+4      	; 0x1624 <vfscanf+0x12e>
    1620:	c1 2c       	mov	r12, r1
    1622:	d1 2c       	mov	r13, r1
    1624:	1e 36       	cpi	r17, 0x6E	; 110
    1626:	51 f4       	brne	.+20     	; 0x163c <vfscanf+0x146>
    1628:	f5 01       	movw	r30, r10
    162a:	46 81       	ldd	r20, Z+6	; 0x06
    162c:	57 81       	ldd	r21, Z+7	; 0x07
    162e:	60 e0       	ldi	r22, 0x00	; 0
    1630:	70 e0       	ldi	r23, 0x00	; 0
    1632:	27 2d       	mov	r18, r7
    1634:	c6 01       	movw	r24, r12
    1636:	0e 94 9f 07 	call	0xf3e	; 0xf3e <putval>
    163a:	6a cf       	rjmp	.-300    	; 0x1510 <vfscanf+0x1a>
    163c:	13 36       	cpi	r17, 0x63	; 99
    163e:	b9 f4       	brne	.+46     	; 0x166e <vfscanf+0x178>
    1640:	71 fc       	sbrc	r7, 1
    1642:	03 c0       	rjmp	.+6      	; 0x164a <vfscanf+0x154>
    1644:	ee 24       	eor	r14, r14
    1646:	e3 94       	inc	r14
    1648:	f1 2c       	mov	r15, r1
    164a:	c5 01       	movw	r24, r10
    164c:	0e 94 11 0e 	call	0x1c22	; 0x1c22 <fgetc>
    1650:	97 fd       	sbrc	r25, 7
    1652:	77 c0       	rjmp	.+238    	; 0x1742 <vfscanf+0x24c>
    1654:	c1 14       	cp	r12, r1
    1656:	d1 04       	cpc	r13, r1
    1658:	29 f0       	breq	.+10     	; 0x1664 <vfscanf+0x16e>
    165a:	f6 01       	movw	r30, r12
    165c:	80 83       	st	Z, r24
    165e:	c6 01       	movw	r24, r12
    1660:	01 96       	adiw	r24, 0x01	; 1
    1662:	6c 01       	movw	r12, r24
    1664:	91 e0       	ldi	r25, 0x01	; 1
    1666:	e9 1a       	sub	r14, r25
    1668:	f1 08       	sbc	r15, r1
    166a:	79 f7       	brne	.-34     	; 0x164a <vfscanf+0x154>
    166c:	66 c0       	rjmp	.+204    	; 0x173a <vfscanf+0x244>
    166e:	1b 35       	cpi	r17, 0x5B	; 91
    1670:	59 f4       	brne	.+22     	; 0x1688 <vfscanf+0x192>
    1672:	9e 01       	movw	r18, r28
    1674:	a6 01       	movw	r20, r12
    1676:	b7 01       	movw	r22, r14
    1678:	c5 01       	movw	r24, r10
    167a:	0e 94 75 08 	call	0x10ea	; 0x10ea <conv_brk>
    167e:	ec 01       	movw	r28, r24
    1680:	89 2b       	or	r24, r25
    1682:	09 f0       	breq	.+2      	; 0x1686 <vfscanf+0x190>
    1684:	5a c0       	rjmp	.+180    	; 0x173a <vfscanf+0x244>
    1686:	54 c0       	rjmp	.+168    	; 0x1730 <vfscanf+0x23a>
    1688:	c5 01       	movw	r24, r10
    168a:	0e 94 d2 07 	call	0xfa4	; 0xfa4 <skip_spaces>
    168e:	97 fd       	sbrc	r25, 7
    1690:	58 c0       	rjmp	.+176    	; 0x1742 <vfscanf+0x24c>
    1692:	1f 36       	cpi	r17, 0x6F	; 111
    1694:	e1 f1       	breq	.+120    	; 0x170e <vfscanf+0x218>
    1696:	40 f4       	brcc	.+16     	; 0x16a8 <vfscanf+0x1b2>
    1698:	14 36       	cpi	r17, 0x64	; 100
    169a:	a9 f1       	breq	.+106    	; 0x1706 <vfscanf+0x210>
    169c:	19 36       	cpi	r17, 0x69	; 105
    169e:	d1 f1       	breq	.+116    	; 0x1714 <vfscanf+0x21e>
    16a0:	18 35       	cpi	r17, 0x58	; 88
    16a2:	09 f0       	breq	.+2      	; 0x16a6 <vfscanf+0x1b0>
    16a4:	3e c0       	rjmp	.+124    	; 0x1722 <vfscanf+0x22c>
    16a6:	2b c0       	rjmp	.+86     	; 0x16fe <vfscanf+0x208>
    16a8:	13 37       	cpi	r17, 0x73	; 115
    16aa:	a9 f0       	breq	.+42     	; 0x16d6 <vfscanf+0x1e0>
    16ac:	18 f4       	brcc	.+6      	; 0x16b4 <vfscanf+0x1be>
    16ae:	10 37       	cpi	r17, 0x70	; 112
    16b0:	31 f1       	breq	.+76     	; 0x16fe <vfscanf+0x208>
    16b2:	37 c0       	rjmp	.+110    	; 0x1722 <vfscanf+0x22c>
    16b4:	15 37       	cpi	r17, 0x75	; 117
    16b6:	39 f1       	breq	.+78     	; 0x1706 <vfscanf+0x210>
    16b8:	18 37       	cpi	r17, 0x78	; 120
    16ba:	09 f1       	breq	.+66     	; 0x16fe <vfscanf+0x208>
    16bc:	32 c0       	rjmp	.+100    	; 0x1722 <vfscanf+0x22c>
    16be:	c1 14       	cp	r12, r1
    16c0:	d1 04       	cpc	r13, r1
    16c2:	29 f0       	breq	.+10     	; 0x16ce <vfscanf+0x1d8>
    16c4:	f6 01       	movw	r30, r12
    16c6:	00 83       	st	Z, r16
    16c8:	c6 01       	movw	r24, r12
    16ca:	01 96       	adiw	r24, 0x01	; 1
    16cc:	6c 01       	movw	r12, r24
    16ce:	91 e0       	ldi	r25, 0x01	; 1
    16d0:	e9 1a       	sub	r14, r25
    16d2:	f1 08       	sbc	r15, r1
    16d4:	71 f0       	breq	.+28     	; 0x16f2 <vfscanf+0x1fc>
    16d6:	c5 01       	movw	r24, r10
    16d8:	0e 94 11 0e 	call	0x1c22	; 0x1c22 <fgetc>
    16dc:	8c 01       	movw	r16, r24
    16de:	97 fd       	sbrc	r25, 7
    16e0:	08 c0       	rjmp	.+16     	; 0x16f2 <vfscanf+0x1fc>
    16e2:	0e 94 df 0d 	call	0x1bbe	; 0x1bbe <isspace>
    16e6:	89 2b       	or	r24, r25
    16e8:	51 f3       	breq	.-44     	; 0x16be <vfscanf+0x1c8>
    16ea:	b5 01       	movw	r22, r10
    16ec:	c8 01       	movw	r24, r16
    16ee:	0e 94 8b 0e 	call	0x1d16	; 0x1d16 <ungetc>
    16f2:	c1 14       	cp	r12, r1
    16f4:	d1 04       	cpc	r13, r1
    16f6:	09 f1       	breq	.+66     	; 0x173a <vfscanf+0x244>
    16f8:	f6 01       	movw	r30, r12
    16fa:	10 82       	st	Z, r1
    16fc:	1e c0       	rjmp	.+60     	; 0x173a <vfscanf+0x244>
    16fe:	f7 2d       	mov	r31, r7
    1700:	f0 64       	ori	r31, 0x40	; 64
    1702:	7f 2e       	mov	r7, r31
    1704:	07 c0       	rjmp	.+14     	; 0x1714 <vfscanf+0x21e>
    1706:	87 2d       	mov	r24, r7
    1708:	80 62       	ori	r24, 0x20	; 32
    170a:	78 2e       	mov	r7, r24
    170c:	03 c0       	rjmp	.+6      	; 0x1714 <vfscanf+0x21e>
    170e:	97 2d       	mov	r25, r7
    1710:	90 61       	ori	r25, 0x10	; 16
    1712:	79 2e       	mov	r7, r25
    1714:	27 2d       	mov	r18, r7
    1716:	a6 01       	movw	r20, r12
    1718:	b7 01       	movw	r22, r14
    171a:	c5 01       	movw	r24, r10
    171c:	0e 94 eb 07 	call	0xfd6	; 0xfd6 <conv_int>
    1720:	05 c0       	rjmp	.+10     	; 0x172c <vfscanf+0x236>
    1722:	a6 01       	movw	r20, r12
    1724:	b7 01       	movw	r22, r14
    1726:	c5 01       	movw	r24, r10
    1728:	0e 94 37 09 	call	0x126e	; 0x126e <conv_flt>
    172c:	81 11       	cpse	r24, r1
    172e:	05 c0       	rjmp	.+10     	; 0x173a <vfscanf+0x244>
    1730:	f5 01       	movw	r30, r10
    1732:	83 81       	ldd	r24, Z+3	; 0x03
    1734:	80 73       	andi	r24, 0x30	; 48
    1736:	29 f4       	brne	.+10     	; 0x1742 <vfscanf+0x24c>
    1738:	06 c0       	rjmp	.+12     	; 0x1746 <vfscanf+0x250>
    173a:	70 fc       	sbrc	r7, 0
    173c:	e9 ce       	rjmp	.-558    	; 0x1510 <vfscanf+0x1a>
    173e:	63 94       	inc	r6
    1740:	e7 ce       	rjmp	.-562    	; 0x1510 <vfscanf+0x1a>
    1742:	66 20       	and	r6, r6
    1744:	19 f0       	breq	.+6      	; 0x174c <vfscanf+0x256>
    1746:	86 2d       	mov	r24, r6
    1748:	90 e0       	ldi	r25, 0x00	; 0
    174a:	02 c0       	rjmp	.+4      	; 0x1750 <vfscanf+0x25a>
    174c:	8f ef       	ldi	r24, 0xFF	; 255
    174e:	9f ef       	ldi	r25, 0xFF	; 255
    1750:	cd b7       	in	r28, 0x3d	; 61
    1752:	de b7       	in	r29, 0x3e	; 62
    1754:	ee e0       	ldi	r30, 0x0E	; 14
    1756:	0c 94 dc 0c 	jmp	0x19b8	; 0x19b8 <__epilogue_restores__+0x8>

0000175a <__floatunsisf>:
    175a:	e8 94       	clt
    175c:	09 c0       	rjmp	.+18     	; 0x1770 <__floatsisf+0x12>

0000175e <__floatsisf>:
    175e:	97 fb       	bst	r25, 7
    1760:	3e f4       	brtc	.+14     	; 0x1770 <__floatsisf+0x12>
    1762:	90 95       	com	r25
    1764:	80 95       	com	r24
    1766:	70 95       	com	r23
    1768:	61 95       	neg	r22
    176a:	7f 4f       	sbci	r23, 0xFF	; 255
    176c:	8f 4f       	sbci	r24, 0xFF	; 255
    176e:	9f 4f       	sbci	r25, 0xFF	; 255
    1770:	99 23       	and	r25, r25
    1772:	a9 f0       	breq	.+42     	; 0x179e <__floatsisf+0x40>
    1774:	f9 2f       	mov	r31, r25
    1776:	96 e9       	ldi	r25, 0x96	; 150
    1778:	bb 27       	eor	r27, r27
    177a:	93 95       	inc	r25
    177c:	f6 95       	lsr	r31
    177e:	87 95       	ror	r24
    1780:	77 95       	ror	r23
    1782:	67 95       	ror	r22
    1784:	b7 95       	ror	r27
    1786:	f1 11       	cpse	r31, r1
    1788:	f8 cf       	rjmp	.-16     	; 0x177a <__floatsisf+0x1c>
    178a:	fa f4       	brpl	.+62     	; 0x17ca <__floatsisf+0x6c>
    178c:	bb 0f       	add	r27, r27
    178e:	11 f4       	brne	.+4      	; 0x1794 <__floatsisf+0x36>
    1790:	60 ff       	sbrs	r22, 0
    1792:	1b c0       	rjmp	.+54     	; 0x17ca <__floatsisf+0x6c>
    1794:	6f 5f       	subi	r22, 0xFF	; 255
    1796:	7f 4f       	sbci	r23, 0xFF	; 255
    1798:	8f 4f       	sbci	r24, 0xFF	; 255
    179a:	9f 4f       	sbci	r25, 0xFF	; 255
    179c:	16 c0       	rjmp	.+44     	; 0x17ca <__floatsisf+0x6c>
    179e:	88 23       	and	r24, r24
    17a0:	11 f0       	breq	.+4      	; 0x17a6 <__floatsisf+0x48>
    17a2:	96 e9       	ldi	r25, 0x96	; 150
    17a4:	11 c0       	rjmp	.+34     	; 0x17c8 <__floatsisf+0x6a>
    17a6:	77 23       	and	r23, r23
    17a8:	21 f0       	breq	.+8      	; 0x17b2 <__floatsisf+0x54>
    17aa:	9e e8       	ldi	r25, 0x8E	; 142
    17ac:	87 2f       	mov	r24, r23
    17ae:	76 2f       	mov	r23, r22
    17b0:	05 c0       	rjmp	.+10     	; 0x17bc <__floatsisf+0x5e>
    17b2:	66 23       	and	r22, r22
    17b4:	71 f0       	breq	.+28     	; 0x17d2 <__floatsisf+0x74>
    17b6:	96 e8       	ldi	r25, 0x86	; 134
    17b8:	86 2f       	mov	r24, r22
    17ba:	70 e0       	ldi	r23, 0x00	; 0
    17bc:	60 e0       	ldi	r22, 0x00	; 0
    17be:	2a f0       	brmi	.+10     	; 0x17ca <__floatsisf+0x6c>
    17c0:	9a 95       	dec	r25
    17c2:	66 0f       	add	r22, r22
    17c4:	77 1f       	adc	r23, r23
    17c6:	88 1f       	adc	r24, r24
    17c8:	da f7       	brpl	.-10     	; 0x17c0 <__floatsisf+0x62>
    17ca:	88 0f       	add	r24, r24
    17cc:	96 95       	lsr	r25
    17ce:	87 95       	ror	r24
    17d0:	97 f9       	bld	r25, 7
    17d2:	08 95       	ret

000017d4 <__mulsf3>:
    17d4:	0e 94 fd 0b 	call	0x17fa	; 0x17fa <__mulsf3x>
    17d8:	0c 94 6e 0c 	jmp	0x18dc	; 0x18dc <__fp_round>
    17dc:	0e 94 60 0c 	call	0x18c0	; 0x18c0 <__fp_pscA>
    17e0:	38 f0       	brcs	.+14     	; 0x17f0 <__mulsf3+0x1c>
    17e2:	0e 94 67 0c 	call	0x18ce	; 0x18ce <__fp_pscB>
    17e6:	20 f0       	brcs	.+8      	; 0x17f0 <__mulsf3+0x1c>
    17e8:	95 23       	and	r25, r21
    17ea:	11 f0       	breq	.+4      	; 0x17f0 <__mulsf3+0x1c>
    17ec:	0c 94 57 0c 	jmp	0x18ae	; 0x18ae <__fp_inf>
    17f0:	0c 94 5d 0c 	jmp	0x18ba	; 0x18ba <__fp_nan>
    17f4:	11 24       	eor	r1, r1
    17f6:	0c 94 a2 0c 	jmp	0x1944	; 0x1944 <__fp_szero>

000017fa <__mulsf3x>:
    17fa:	0e 94 7f 0c 	call	0x18fe	; 0x18fe <__fp_split3>
    17fe:	70 f3       	brcs	.-36     	; 0x17dc <__mulsf3+0x8>

00001800 <__mulsf3_pse>:
    1800:	95 9f       	mul	r25, r21
    1802:	c1 f3       	breq	.-16     	; 0x17f4 <__mulsf3+0x20>
    1804:	95 0f       	add	r25, r21
    1806:	50 e0       	ldi	r21, 0x00	; 0
    1808:	55 1f       	adc	r21, r21
    180a:	62 9f       	mul	r22, r18
    180c:	f0 01       	movw	r30, r0
    180e:	72 9f       	mul	r23, r18
    1810:	bb 27       	eor	r27, r27
    1812:	f0 0d       	add	r31, r0
    1814:	b1 1d       	adc	r27, r1
    1816:	63 9f       	mul	r22, r19
    1818:	aa 27       	eor	r26, r26
    181a:	f0 0d       	add	r31, r0
    181c:	b1 1d       	adc	r27, r1
    181e:	aa 1f       	adc	r26, r26
    1820:	64 9f       	mul	r22, r20
    1822:	66 27       	eor	r22, r22
    1824:	b0 0d       	add	r27, r0
    1826:	a1 1d       	adc	r26, r1
    1828:	66 1f       	adc	r22, r22
    182a:	82 9f       	mul	r24, r18
    182c:	22 27       	eor	r18, r18
    182e:	b0 0d       	add	r27, r0
    1830:	a1 1d       	adc	r26, r1
    1832:	62 1f       	adc	r22, r18
    1834:	73 9f       	mul	r23, r19
    1836:	b0 0d       	add	r27, r0
    1838:	a1 1d       	adc	r26, r1
    183a:	62 1f       	adc	r22, r18
    183c:	83 9f       	mul	r24, r19
    183e:	a0 0d       	add	r26, r0
    1840:	61 1d       	adc	r22, r1
    1842:	22 1f       	adc	r18, r18
    1844:	74 9f       	mul	r23, r20
    1846:	33 27       	eor	r19, r19
    1848:	a0 0d       	add	r26, r0
    184a:	61 1d       	adc	r22, r1
    184c:	23 1f       	adc	r18, r19
    184e:	84 9f       	mul	r24, r20
    1850:	60 0d       	add	r22, r0
    1852:	21 1d       	adc	r18, r1
    1854:	82 2f       	mov	r24, r18
    1856:	76 2f       	mov	r23, r22
    1858:	6a 2f       	mov	r22, r26
    185a:	11 24       	eor	r1, r1
    185c:	9f 57       	subi	r25, 0x7F	; 127
    185e:	50 40       	sbci	r21, 0x00	; 0
    1860:	9a f0       	brmi	.+38     	; 0x1888 <__mulsf3_pse+0x88>
    1862:	f1 f0       	breq	.+60     	; 0x18a0 <__mulsf3_pse+0xa0>
    1864:	88 23       	and	r24, r24
    1866:	4a f0       	brmi	.+18     	; 0x187a <__mulsf3_pse+0x7a>
    1868:	ee 0f       	add	r30, r30
    186a:	ff 1f       	adc	r31, r31
    186c:	bb 1f       	adc	r27, r27
    186e:	66 1f       	adc	r22, r22
    1870:	77 1f       	adc	r23, r23
    1872:	88 1f       	adc	r24, r24
    1874:	91 50       	subi	r25, 0x01	; 1
    1876:	50 40       	sbci	r21, 0x00	; 0
    1878:	a9 f7       	brne	.-22     	; 0x1864 <__mulsf3_pse+0x64>
    187a:	9e 3f       	cpi	r25, 0xFE	; 254
    187c:	51 05       	cpc	r21, r1
    187e:	80 f0       	brcs	.+32     	; 0x18a0 <__mulsf3_pse+0xa0>
    1880:	0c 94 57 0c 	jmp	0x18ae	; 0x18ae <__fp_inf>
    1884:	0c 94 a2 0c 	jmp	0x1944	; 0x1944 <__fp_szero>
    1888:	5f 3f       	cpi	r21, 0xFF	; 255
    188a:	e4 f3       	brlt	.-8      	; 0x1884 <__mulsf3_pse+0x84>
    188c:	98 3e       	cpi	r25, 0xE8	; 232
    188e:	d4 f3       	brlt	.-12     	; 0x1884 <__mulsf3_pse+0x84>
    1890:	86 95       	lsr	r24
    1892:	77 95       	ror	r23
    1894:	67 95       	ror	r22
    1896:	b7 95       	ror	r27
    1898:	f7 95       	ror	r31
    189a:	e7 95       	ror	r30
    189c:	9f 5f       	subi	r25, 0xFF	; 255
    189e:	c1 f7       	brne	.-16     	; 0x1890 <__mulsf3_pse+0x90>
    18a0:	fe 2b       	or	r31, r30
    18a2:	88 0f       	add	r24, r24
    18a4:	91 1d       	adc	r25, r1
    18a6:	96 95       	lsr	r25
    18a8:	87 95       	ror	r24
    18aa:	97 f9       	bld	r25, 7
    18ac:	08 95       	ret

000018ae <__fp_inf>:
    18ae:	97 f9       	bld	r25, 7
    18b0:	9f 67       	ori	r25, 0x7F	; 127
    18b2:	80 e8       	ldi	r24, 0x80	; 128
    18b4:	70 e0       	ldi	r23, 0x00	; 0
    18b6:	60 e0       	ldi	r22, 0x00	; 0
    18b8:	08 95       	ret

000018ba <__fp_nan>:
    18ba:	9f ef       	ldi	r25, 0xFF	; 255
    18bc:	80 ec       	ldi	r24, 0xC0	; 192
    18be:	08 95       	ret

000018c0 <__fp_pscA>:
    18c0:	00 24       	eor	r0, r0
    18c2:	0a 94       	dec	r0
    18c4:	16 16       	cp	r1, r22
    18c6:	17 06       	cpc	r1, r23
    18c8:	18 06       	cpc	r1, r24
    18ca:	09 06       	cpc	r0, r25
    18cc:	08 95       	ret

000018ce <__fp_pscB>:
    18ce:	00 24       	eor	r0, r0
    18d0:	0a 94       	dec	r0
    18d2:	12 16       	cp	r1, r18
    18d4:	13 06       	cpc	r1, r19
    18d6:	14 06       	cpc	r1, r20
    18d8:	05 06       	cpc	r0, r21
    18da:	08 95       	ret

000018dc <__fp_round>:
    18dc:	09 2e       	mov	r0, r25
    18de:	03 94       	inc	r0
    18e0:	00 0c       	add	r0, r0
    18e2:	11 f4       	brne	.+4      	; 0x18e8 <__fp_round+0xc>
    18e4:	88 23       	and	r24, r24
    18e6:	52 f0       	brmi	.+20     	; 0x18fc <__fp_round+0x20>
    18e8:	bb 0f       	add	r27, r27
    18ea:	40 f4       	brcc	.+16     	; 0x18fc <__fp_round+0x20>
    18ec:	bf 2b       	or	r27, r31
    18ee:	11 f4       	brne	.+4      	; 0x18f4 <__fp_round+0x18>
    18f0:	60 ff       	sbrs	r22, 0
    18f2:	04 c0       	rjmp	.+8      	; 0x18fc <__fp_round+0x20>
    18f4:	6f 5f       	subi	r22, 0xFF	; 255
    18f6:	7f 4f       	sbci	r23, 0xFF	; 255
    18f8:	8f 4f       	sbci	r24, 0xFF	; 255
    18fa:	9f 4f       	sbci	r25, 0xFF	; 255
    18fc:	08 95       	ret

000018fe <__fp_split3>:
    18fe:	57 fd       	sbrc	r21, 7
    1900:	90 58       	subi	r25, 0x80	; 128
    1902:	44 0f       	add	r20, r20
    1904:	55 1f       	adc	r21, r21
    1906:	59 f0       	breq	.+22     	; 0x191e <__fp_splitA+0x10>
    1908:	5f 3f       	cpi	r21, 0xFF	; 255
    190a:	71 f0       	breq	.+28     	; 0x1928 <__fp_splitA+0x1a>
    190c:	47 95       	ror	r20

0000190e <__fp_splitA>:
    190e:	88 0f       	add	r24, r24
    1910:	97 fb       	bst	r25, 7
    1912:	99 1f       	adc	r25, r25
    1914:	61 f0       	breq	.+24     	; 0x192e <__fp_splitA+0x20>
    1916:	9f 3f       	cpi	r25, 0xFF	; 255
    1918:	79 f0       	breq	.+30     	; 0x1938 <__fp_splitA+0x2a>
    191a:	87 95       	ror	r24
    191c:	08 95       	ret
    191e:	12 16       	cp	r1, r18
    1920:	13 06       	cpc	r1, r19
    1922:	14 06       	cpc	r1, r20
    1924:	55 1f       	adc	r21, r21
    1926:	f2 cf       	rjmp	.-28     	; 0x190c <__fp_split3+0xe>
    1928:	46 95       	lsr	r20
    192a:	f1 df       	rcall	.-30     	; 0x190e <__fp_splitA>
    192c:	08 c0       	rjmp	.+16     	; 0x193e <__fp_splitA+0x30>
    192e:	16 16       	cp	r1, r22
    1930:	17 06       	cpc	r1, r23
    1932:	18 06       	cpc	r1, r24
    1934:	99 1f       	adc	r25, r25
    1936:	f1 cf       	rjmp	.-30     	; 0x191a <__fp_splitA+0xc>
    1938:	86 95       	lsr	r24
    193a:	71 05       	cpc	r23, r1
    193c:	61 05       	cpc	r22, r1
    193e:	08 94       	sec
    1940:	08 95       	ret

00001942 <__fp_zero>:
    1942:	e8 94       	clt

00001944 <__fp_szero>:
    1944:	bb 27       	eor	r27, r27
    1946:	66 27       	eor	r22, r22
    1948:	77 27       	eor	r23, r23
    194a:	cb 01       	movw	r24, r22
    194c:	97 f9       	bld	r25, 7
    194e:	08 95       	ret

00001950 <__divmodhi4>:
    1950:	97 fb       	bst	r25, 7
    1952:	07 2e       	mov	r0, r23
    1954:	16 f4       	brtc	.+4      	; 0x195a <__divmodhi4+0xa>
    1956:	00 94       	com	r0
    1958:	07 d0       	rcall	.+14     	; 0x1968 <__divmodhi4_neg1>
    195a:	77 fd       	sbrc	r23, 7
    195c:	09 d0       	rcall	.+18     	; 0x1970 <__divmodhi4_neg2>
    195e:	0e 94 f3 0c 	call	0x19e6	; 0x19e6 <__udivmodhi4>
    1962:	07 fc       	sbrc	r0, 7
    1964:	05 d0       	rcall	.+10     	; 0x1970 <__divmodhi4_neg2>
    1966:	3e f4       	brtc	.+14     	; 0x1976 <__divmodhi4_exit>

00001968 <__divmodhi4_neg1>:
    1968:	90 95       	com	r25
    196a:	81 95       	neg	r24
    196c:	9f 4f       	sbci	r25, 0xFF	; 255
    196e:	08 95       	ret

00001970 <__divmodhi4_neg2>:
    1970:	70 95       	com	r23
    1972:	61 95       	neg	r22
    1974:	7f 4f       	sbci	r23, 0xFF	; 255

00001976 <__divmodhi4_exit>:
    1976:	08 95       	ret

00001978 <__prologue_saves__>:
    1978:	2f 92       	push	r2
    197a:	3f 92       	push	r3
    197c:	4f 92       	push	r4
    197e:	5f 92       	push	r5
    1980:	6f 92       	push	r6
    1982:	7f 92       	push	r7
    1984:	8f 92       	push	r8
    1986:	9f 92       	push	r9
    1988:	af 92       	push	r10
    198a:	bf 92       	push	r11
    198c:	cf 92       	push	r12
    198e:	df 92       	push	r13
    1990:	ef 92       	push	r14
    1992:	ff 92       	push	r15
    1994:	0f 93       	push	r16
    1996:	1f 93       	push	r17
    1998:	cf 93       	push	r28
    199a:	df 93       	push	r29
    199c:	cd b7       	in	r28, 0x3d	; 61
    199e:	de b7       	in	r29, 0x3e	; 62
    19a0:	ca 1b       	sub	r28, r26
    19a2:	db 0b       	sbc	r29, r27
    19a4:	0f b6       	in	r0, 0x3f	; 63
    19a6:	f8 94       	cli
    19a8:	de bf       	out	0x3e, r29	; 62
    19aa:	0f be       	out	0x3f, r0	; 63
    19ac:	cd bf       	out	0x3d, r28	; 61
    19ae:	09 94       	ijmp

000019b0 <__epilogue_restores__>:
    19b0:	2a 88       	ldd	r2, Y+18	; 0x12
    19b2:	39 88       	ldd	r3, Y+17	; 0x11
    19b4:	48 88       	ldd	r4, Y+16	; 0x10
    19b6:	5f 84       	ldd	r5, Y+15	; 0x0f
    19b8:	6e 84       	ldd	r6, Y+14	; 0x0e
    19ba:	7d 84       	ldd	r7, Y+13	; 0x0d
    19bc:	8c 84       	ldd	r8, Y+12	; 0x0c
    19be:	9b 84       	ldd	r9, Y+11	; 0x0b
    19c0:	aa 84       	ldd	r10, Y+10	; 0x0a
    19c2:	b9 84       	ldd	r11, Y+9	; 0x09
    19c4:	c8 84       	ldd	r12, Y+8	; 0x08
    19c6:	df 80       	ldd	r13, Y+7	; 0x07
    19c8:	ee 80       	ldd	r14, Y+6	; 0x06
    19ca:	fd 80       	ldd	r15, Y+5	; 0x05
    19cc:	0c 81       	ldd	r16, Y+4	; 0x04
    19ce:	1b 81       	ldd	r17, Y+3	; 0x03
    19d0:	aa 81       	ldd	r26, Y+2	; 0x02
    19d2:	b9 81       	ldd	r27, Y+1	; 0x01
    19d4:	ce 0f       	add	r28, r30
    19d6:	d1 1d       	adc	r29, r1
    19d8:	0f b6       	in	r0, 0x3f	; 63
    19da:	f8 94       	cli
    19dc:	de bf       	out	0x3e, r29	; 62
    19de:	0f be       	out	0x3f, r0	; 63
    19e0:	cd bf       	out	0x3d, r28	; 61
    19e2:	ed 01       	movw	r28, r26
    19e4:	08 95       	ret

000019e6 <__udivmodhi4>:
    19e6:	aa 1b       	sub	r26, r26
    19e8:	bb 1b       	sub	r27, r27
    19ea:	51 e1       	ldi	r21, 0x11	; 17
    19ec:	07 c0       	rjmp	.+14     	; 0x19fc <__udivmodhi4_ep>

000019ee <__udivmodhi4_loop>:
    19ee:	aa 1f       	adc	r26, r26
    19f0:	bb 1f       	adc	r27, r27
    19f2:	a6 17       	cp	r26, r22
    19f4:	b7 07       	cpc	r27, r23
    19f6:	10 f0       	brcs	.+4      	; 0x19fc <__udivmodhi4_ep>
    19f8:	a6 1b       	sub	r26, r22
    19fa:	b7 0b       	sbc	r27, r23

000019fc <__udivmodhi4_ep>:
    19fc:	88 1f       	adc	r24, r24
    19fe:	99 1f       	adc	r25, r25
    1a00:	5a 95       	dec	r21
    1a02:	a9 f7       	brne	.-22     	; 0x19ee <__udivmodhi4_loop>
    1a04:	80 95       	com	r24
    1a06:	90 95       	com	r25
    1a08:	bc 01       	movw	r22, r24
    1a0a:	cd 01       	movw	r24, r26
    1a0c:	08 95       	ret

00001a0e <__ftoa_engine>:
    1a0e:	28 30       	cpi	r18, 0x08	; 8
    1a10:	08 f0       	brcs	.+2      	; 0x1a14 <__ftoa_engine+0x6>
    1a12:	27 e0       	ldi	r18, 0x07	; 7
    1a14:	33 27       	eor	r19, r19
    1a16:	da 01       	movw	r26, r20
    1a18:	99 0f       	add	r25, r25
    1a1a:	31 1d       	adc	r19, r1
    1a1c:	87 fd       	sbrc	r24, 7
    1a1e:	91 60       	ori	r25, 0x01	; 1
    1a20:	00 96       	adiw	r24, 0x00	; 0
    1a22:	61 05       	cpc	r22, r1
    1a24:	71 05       	cpc	r23, r1
    1a26:	39 f4       	brne	.+14     	; 0x1a36 <__ftoa_engine+0x28>
    1a28:	32 60       	ori	r19, 0x02	; 2
    1a2a:	2e 5f       	subi	r18, 0xFE	; 254
    1a2c:	3d 93       	st	X+, r19
    1a2e:	30 e3       	ldi	r19, 0x30	; 48
    1a30:	2a 95       	dec	r18
    1a32:	e1 f7       	brne	.-8      	; 0x1a2c <__ftoa_engine+0x1e>
    1a34:	08 95       	ret
    1a36:	9f 3f       	cpi	r25, 0xFF	; 255
    1a38:	30 f0       	brcs	.+12     	; 0x1a46 <__ftoa_engine+0x38>
    1a3a:	80 38       	cpi	r24, 0x80	; 128
    1a3c:	71 05       	cpc	r23, r1
    1a3e:	61 05       	cpc	r22, r1
    1a40:	09 f0       	breq	.+2      	; 0x1a44 <__ftoa_engine+0x36>
    1a42:	3c 5f       	subi	r19, 0xFC	; 252
    1a44:	3c 5f       	subi	r19, 0xFC	; 252
    1a46:	3d 93       	st	X+, r19
    1a48:	91 30       	cpi	r25, 0x01	; 1
    1a4a:	08 f0       	brcs	.+2      	; 0x1a4e <__ftoa_engine+0x40>
    1a4c:	80 68       	ori	r24, 0x80	; 128
    1a4e:	91 1d       	adc	r25, r1
    1a50:	df 93       	push	r29
    1a52:	cf 93       	push	r28
    1a54:	1f 93       	push	r17
    1a56:	0f 93       	push	r16
    1a58:	ff 92       	push	r15
    1a5a:	ef 92       	push	r14
    1a5c:	19 2f       	mov	r17, r25
    1a5e:	98 7f       	andi	r25, 0xF8	; 248
    1a60:	96 95       	lsr	r25
    1a62:	e9 2f       	mov	r30, r25
    1a64:	96 95       	lsr	r25
    1a66:	96 95       	lsr	r25
    1a68:	e9 0f       	add	r30, r25
    1a6a:	ff 27       	eor	r31, r31
    1a6c:	e6 53       	subi	r30, 0x36	; 54
    1a6e:	ff 4f       	sbci	r31, 0xFF	; 255
    1a70:	99 27       	eor	r25, r25
    1a72:	33 27       	eor	r19, r19
    1a74:	ee 24       	eor	r14, r14
    1a76:	ff 24       	eor	r15, r15
    1a78:	a7 01       	movw	r20, r14
    1a7a:	e7 01       	movw	r28, r14
    1a7c:	05 90       	lpm	r0, Z+
    1a7e:	08 94       	sec
    1a80:	07 94       	ror	r0
    1a82:	28 f4       	brcc	.+10     	; 0x1a8e <__ftoa_engine+0x80>
    1a84:	36 0f       	add	r19, r22
    1a86:	e7 1e       	adc	r14, r23
    1a88:	f8 1e       	adc	r15, r24
    1a8a:	49 1f       	adc	r20, r25
    1a8c:	51 1d       	adc	r21, r1
    1a8e:	66 0f       	add	r22, r22
    1a90:	77 1f       	adc	r23, r23
    1a92:	88 1f       	adc	r24, r24
    1a94:	99 1f       	adc	r25, r25
    1a96:	06 94       	lsr	r0
    1a98:	a1 f7       	brne	.-24     	; 0x1a82 <__ftoa_engine+0x74>
    1a9a:	05 90       	lpm	r0, Z+
    1a9c:	07 94       	ror	r0
    1a9e:	28 f4       	brcc	.+10     	; 0x1aaa <__ftoa_engine+0x9c>
    1aa0:	e7 0e       	add	r14, r23
    1aa2:	f8 1e       	adc	r15, r24
    1aa4:	49 1f       	adc	r20, r25
    1aa6:	56 1f       	adc	r21, r22
    1aa8:	c1 1d       	adc	r28, r1
    1aaa:	77 0f       	add	r23, r23
    1aac:	88 1f       	adc	r24, r24
    1aae:	99 1f       	adc	r25, r25
    1ab0:	66 1f       	adc	r22, r22
    1ab2:	06 94       	lsr	r0
    1ab4:	a1 f7       	brne	.-24     	; 0x1a9e <__ftoa_engine+0x90>
    1ab6:	05 90       	lpm	r0, Z+
    1ab8:	07 94       	ror	r0
    1aba:	28 f4       	brcc	.+10     	; 0x1ac6 <__ftoa_engine+0xb8>
    1abc:	f8 0e       	add	r15, r24
    1abe:	49 1f       	adc	r20, r25
    1ac0:	56 1f       	adc	r21, r22
    1ac2:	c7 1f       	adc	r28, r23
    1ac4:	d1 1d       	adc	r29, r1
    1ac6:	88 0f       	add	r24, r24
    1ac8:	99 1f       	adc	r25, r25
    1aca:	66 1f       	adc	r22, r22
    1acc:	77 1f       	adc	r23, r23
    1ace:	06 94       	lsr	r0
    1ad0:	a1 f7       	brne	.-24     	; 0x1aba <__ftoa_engine+0xac>
    1ad2:	05 90       	lpm	r0, Z+
    1ad4:	07 94       	ror	r0
    1ad6:	20 f4       	brcc	.+8      	; 0x1ae0 <__ftoa_engine+0xd2>
    1ad8:	49 0f       	add	r20, r25
    1ada:	56 1f       	adc	r21, r22
    1adc:	c7 1f       	adc	r28, r23
    1ade:	d8 1f       	adc	r29, r24
    1ae0:	99 0f       	add	r25, r25
    1ae2:	66 1f       	adc	r22, r22
    1ae4:	77 1f       	adc	r23, r23
    1ae6:	88 1f       	adc	r24, r24
    1ae8:	06 94       	lsr	r0
    1aea:	a9 f7       	brne	.-22     	; 0x1ad6 <__ftoa_engine+0xc8>
    1aec:	84 91       	lpm	r24, Z
    1aee:	10 95       	com	r17
    1af0:	17 70       	andi	r17, 0x07	; 7
    1af2:	41 f0       	breq	.+16     	; 0x1b04 <__ftoa_engine+0xf6>
    1af4:	d6 95       	lsr	r29
    1af6:	c7 95       	ror	r28
    1af8:	57 95       	ror	r21
    1afa:	47 95       	ror	r20
    1afc:	f7 94       	ror	r15
    1afe:	e7 94       	ror	r14
    1b00:	1a 95       	dec	r17
    1b02:	c1 f7       	brne	.-16     	; 0x1af4 <__ftoa_engine+0xe6>
    1b04:	e0 e7       	ldi	r30, 0x70	; 112
    1b06:	f0 e0       	ldi	r31, 0x00	; 0
    1b08:	68 94       	set
    1b0a:	15 90       	lpm	r1, Z+
    1b0c:	15 91       	lpm	r17, Z+
    1b0e:	35 91       	lpm	r19, Z+
    1b10:	65 91       	lpm	r22, Z+
    1b12:	95 91       	lpm	r25, Z+
    1b14:	05 90       	lpm	r0, Z+
    1b16:	7f e2       	ldi	r23, 0x2F	; 47
    1b18:	73 95       	inc	r23
    1b1a:	e1 18       	sub	r14, r1
    1b1c:	f1 0a       	sbc	r15, r17
    1b1e:	43 0b       	sbc	r20, r19
    1b20:	56 0b       	sbc	r21, r22
    1b22:	c9 0b       	sbc	r28, r25
    1b24:	d0 09       	sbc	r29, r0
    1b26:	c0 f7       	brcc	.-16     	; 0x1b18 <__ftoa_engine+0x10a>
    1b28:	e1 0c       	add	r14, r1
    1b2a:	f1 1e       	adc	r15, r17
    1b2c:	43 1f       	adc	r20, r19
    1b2e:	56 1f       	adc	r21, r22
    1b30:	c9 1f       	adc	r28, r25
    1b32:	d0 1d       	adc	r29, r0
    1b34:	7e f4       	brtc	.+30     	; 0x1b54 <__ftoa_engine+0x146>
    1b36:	70 33       	cpi	r23, 0x30	; 48
    1b38:	11 f4       	brne	.+4      	; 0x1b3e <__ftoa_engine+0x130>
    1b3a:	8a 95       	dec	r24
    1b3c:	e6 cf       	rjmp	.-52     	; 0x1b0a <__ftoa_engine+0xfc>
    1b3e:	e8 94       	clt
    1b40:	01 50       	subi	r16, 0x01	; 1
    1b42:	30 f0       	brcs	.+12     	; 0x1b50 <__ftoa_engine+0x142>
    1b44:	08 0f       	add	r16, r24
    1b46:	0a f4       	brpl	.+2      	; 0x1b4a <__ftoa_engine+0x13c>
    1b48:	00 27       	eor	r16, r16
    1b4a:	02 17       	cp	r16, r18
    1b4c:	08 f4       	brcc	.+2      	; 0x1b50 <__ftoa_engine+0x142>
    1b4e:	20 2f       	mov	r18, r16
    1b50:	23 95       	inc	r18
    1b52:	02 2f       	mov	r16, r18
    1b54:	7a 33       	cpi	r23, 0x3A	; 58
    1b56:	28 f0       	brcs	.+10     	; 0x1b62 <__ftoa_engine+0x154>
    1b58:	79 e3       	ldi	r23, 0x39	; 57
    1b5a:	7d 93       	st	X+, r23
    1b5c:	2a 95       	dec	r18
    1b5e:	e9 f7       	brne	.-6      	; 0x1b5a <__ftoa_engine+0x14c>
    1b60:	10 c0       	rjmp	.+32     	; 0x1b82 <__ftoa_engine+0x174>
    1b62:	7d 93       	st	X+, r23
    1b64:	2a 95       	dec	r18
    1b66:	89 f6       	brne	.-94     	; 0x1b0a <__ftoa_engine+0xfc>
    1b68:	06 94       	lsr	r0
    1b6a:	97 95       	ror	r25
    1b6c:	67 95       	ror	r22
    1b6e:	37 95       	ror	r19
    1b70:	17 95       	ror	r17
    1b72:	17 94       	ror	r1
    1b74:	e1 18       	sub	r14, r1
    1b76:	f1 0a       	sbc	r15, r17
    1b78:	43 0b       	sbc	r20, r19
    1b7a:	56 0b       	sbc	r21, r22
    1b7c:	c9 0b       	sbc	r28, r25
    1b7e:	d0 09       	sbc	r29, r0
    1b80:	98 f0       	brcs	.+38     	; 0x1ba8 <__ftoa_engine+0x19a>
    1b82:	23 95       	inc	r18
    1b84:	7e 91       	ld	r23, -X
    1b86:	73 95       	inc	r23
    1b88:	7a 33       	cpi	r23, 0x3A	; 58
    1b8a:	08 f0       	brcs	.+2      	; 0x1b8e <__ftoa_engine+0x180>
    1b8c:	70 e3       	ldi	r23, 0x30	; 48
    1b8e:	7c 93       	st	X, r23
    1b90:	20 13       	cpse	r18, r16
    1b92:	b8 f7       	brcc	.-18     	; 0x1b82 <__ftoa_engine+0x174>
    1b94:	7e 91       	ld	r23, -X
    1b96:	70 61       	ori	r23, 0x10	; 16
    1b98:	7d 93       	st	X+, r23
    1b9a:	30 f0       	brcs	.+12     	; 0x1ba8 <__ftoa_engine+0x19a>
    1b9c:	83 95       	inc	r24
    1b9e:	71 e3       	ldi	r23, 0x31	; 49
    1ba0:	7d 93       	st	X+, r23
    1ba2:	70 e3       	ldi	r23, 0x30	; 48
    1ba4:	2a 95       	dec	r18
    1ba6:	e1 f7       	brne	.-8      	; 0x1ba0 <__ftoa_engine+0x192>
    1ba8:	11 24       	eor	r1, r1
    1baa:	ef 90       	pop	r14
    1bac:	ff 90       	pop	r15
    1bae:	0f 91       	pop	r16
    1bb0:	1f 91       	pop	r17
    1bb2:	cf 91       	pop	r28
    1bb4:	df 91       	pop	r29
    1bb6:	99 27       	eor	r25, r25
    1bb8:	87 fd       	sbrc	r24, 7
    1bba:	90 95       	com	r25
    1bbc:	08 95       	ret

00001bbe <isspace>:
    1bbe:	91 11       	cpse	r25, r1
    1bc0:	0c 94 02 0f 	jmp	0x1e04	; 0x1e04 <__ctype_isfalse>
    1bc4:	80 32       	cpi	r24, 0x20	; 32
    1bc6:	19 f0       	breq	.+6      	; 0x1bce <isspace+0x10>
    1bc8:	89 50       	subi	r24, 0x09	; 9
    1bca:	85 50       	subi	r24, 0x05	; 5
    1bcc:	c8 f7       	brcc	.-14     	; 0x1bc0 <isspace+0x2>
    1bce:	08 95       	ret

00001bd0 <tolower>:
    1bd0:	91 11       	cpse	r25, r1
    1bd2:	08 95       	ret
    1bd4:	81 54       	subi	r24, 0x41	; 65
    1bd6:	8a 51       	subi	r24, 0x1A	; 26
    1bd8:	08 f4       	brcc	.+2      	; 0x1bdc <tolower+0xc>
    1bda:	80 5e       	subi	r24, 0xE0	; 224
    1bdc:	85 5a       	subi	r24, 0xA5	; 165
    1bde:	08 95       	ret

00001be0 <strchr_P>:
    1be0:	fc 01       	movw	r30, r24
    1be2:	05 90       	lpm	r0, Z+
    1be4:	06 16       	cp	r0, r22
    1be6:	21 f0       	breq	.+8      	; 0x1bf0 <strchr_P+0x10>
    1be8:	00 20       	and	r0, r0
    1bea:	d9 f7       	brne	.-10     	; 0x1be2 <strchr_P+0x2>
    1bec:	c0 01       	movw	r24, r0
    1bee:	08 95       	ret
    1bf0:	31 97       	sbiw	r30, 0x01	; 1
    1bf2:	cf 01       	movw	r24, r30
    1bf4:	08 95       	ret

00001bf6 <strnlen_P>:
    1bf6:	fc 01       	movw	r30, r24
    1bf8:	05 90       	lpm	r0, Z+
    1bfa:	61 50       	subi	r22, 0x01	; 1
    1bfc:	70 40       	sbci	r23, 0x00	; 0
    1bfe:	01 10       	cpse	r0, r1
    1c00:	d8 f7       	brcc	.-10     	; 0x1bf8 <strnlen_P+0x2>
    1c02:	80 95       	com	r24
    1c04:	90 95       	com	r25
    1c06:	8e 0f       	add	r24, r30
    1c08:	9f 1f       	adc	r25, r31
    1c0a:	08 95       	ret

00001c0c <strnlen>:
    1c0c:	fc 01       	movw	r30, r24
    1c0e:	61 50       	subi	r22, 0x01	; 1
    1c10:	70 40       	sbci	r23, 0x00	; 0
    1c12:	01 90       	ld	r0, Z+
    1c14:	01 10       	cpse	r0, r1
    1c16:	d8 f7       	brcc	.-10     	; 0x1c0e <strnlen+0x2>
    1c18:	80 95       	com	r24
    1c1a:	90 95       	com	r25
    1c1c:	8e 0f       	add	r24, r30
    1c1e:	9f 1f       	adc	r25, r31
    1c20:	08 95       	ret

00001c22 <fgetc>:
    1c22:	cf 93       	push	r28
    1c24:	df 93       	push	r29
    1c26:	ec 01       	movw	r28, r24
    1c28:	2b 81       	ldd	r18, Y+3	; 0x03
    1c2a:	20 ff       	sbrs	r18, 0
    1c2c:	33 c0       	rjmp	.+102    	; 0x1c94 <fgetc+0x72>
    1c2e:	26 ff       	sbrs	r18, 6
    1c30:	0a c0       	rjmp	.+20     	; 0x1c46 <fgetc+0x24>
    1c32:	2f 7b       	andi	r18, 0xBF	; 191
    1c34:	2b 83       	std	Y+3, r18	; 0x03
    1c36:	8e 81       	ldd	r24, Y+6	; 0x06
    1c38:	9f 81       	ldd	r25, Y+7	; 0x07
    1c3a:	01 96       	adiw	r24, 0x01	; 1
    1c3c:	9f 83       	std	Y+7, r25	; 0x07
    1c3e:	8e 83       	std	Y+6, r24	; 0x06
    1c40:	8a 81       	ldd	r24, Y+2	; 0x02
    1c42:	90 e0       	ldi	r25, 0x00	; 0
    1c44:	29 c0       	rjmp	.+82     	; 0x1c98 <fgetc+0x76>
    1c46:	22 ff       	sbrs	r18, 2
    1c48:	0f c0       	rjmp	.+30     	; 0x1c68 <fgetc+0x46>
    1c4a:	e8 81       	ld	r30, Y
    1c4c:	f9 81       	ldd	r31, Y+1	; 0x01
    1c4e:	80 81       	ld	r24, Z
    1c50:	08 2e       	mov	r0, r24
    1c52:	00 0c       	add	r0, r0
    1c54:	99 0b       	sbc	r25, r25
    1c56:	00 97       	sbiw	r24, 0x00	; 0
    1c58:	19 f4       	brne	.+6      	; 0x1c60 <fgetc+0x3e>
    1c5a:	20 62       	ori	r18, 0x20	; 32
    1c5c:	2b 83       	std	Y+3, r18	; 0x03
    1c5e:	1a c0       	rjmp	.+52     	; 0x1c94 <fgetc+0x72>
    1c60:	31 96       	adiw	r30, 0x01	; 1
    1c62:	f9 83       	std	Y+1, r31	; 0x01
    1c64:	e8 83       	st	Y, r30
    1c66:	0e c0       	rjmp	.+28     	; 0x1c84 <fgetc+0x62>
    1c68:	ea 85       	ldd	r30, Y+10	; 0x0a
    1c6a:	fb 85       	ldd	r31, Y+11	; 0x0b
    1c6c:	09 95       	icall
    1c6e:	97 ff       	sbrs	r25, 7
    1c70:	09 c0       	rjmp	.+18     	; 0x1c84 <fgetc+0x62>
    1c72:	2b 81       	ldd	r18, Y+3	; 0x03
    1c74:	01 96       	adiw	r24, 0x01	; 1
    1c76:	11 f0       	breq	.+4      	; 0x1c7c <fgetc+0x5a>
    1c78:	80 e2       	ldi	r24, 0x20	; 32
    1c7a:	01 c0       	rjmp	.+2      	; 0x1c7e <fgetc+0x5c>
    1c7c:	80 e1       	ldi	r24, 0x10	; 16
    1c7e:	82 2b       	or	r24, r18
    1c80:	8b 83       	std	Y+3, r24	; 0x03
    1c82:	08 c0       	rjmp	.+16     	; 0x1c94 <fgetc+0x72>
    1c84:	2e 81       	ldd	r18, Y+6	; 0x06
    1c86:	3f 81       	ldd	r19, Y+7	; 0x07
    1c88:	2f 5f       	subi	r18, 0xFF	; 255
    1c8a:	3f 4f       	sbci	r19, 0xFF	; 255
    1c8c:	3f 83       	std	Y+7, r19	; 0x07
    1c8e:	2e 83       	std	Y+6, r18	; 0x06
    1c90:	99 27       	eor	r25, r25
    1c92:	02 c0       	rjmp	.+4      	; 0x1c98 <fgetc+0x76>
    1c94:	8f ef       	ldi	r24, 0xFF	; 255
    1c96:	9f ef       	ldi	r25, 0xFF	; 255
    1c98:	df 91       	pop	r29
    1c9a:	cf 91       	pop	r28
    1c9c:	08 95       	ret

00001c9e <fputc>:
    1c9e:	0f 93       	push	r16
    1ca0:	1f 93       	push	r17
    1ca2:	cf 93       	push	r28
    1ca4:	df 93       	push	r29
    1ca6:	fb 01       	movw	r30, r22
    1ca8:	23 81       	ldd	r18, Z+3	; 0x03
    1caa:	21 fd       	sbrc	r18, 1
    1cac:	03 c0       	rjmp	.+6      	; 0x1cb4 <fputc+0x16>
    1cae:	8f ef       	ldi	r24, 0xFF	; 255
    1cb0:	9f ef       	ldi	r25, 0xFF	; 255
    1cb2:	2c c0       	rjmp	.+88     	; 0x1d0c <fputc+0x6e>
    1cb4:	22 ff       	sbrs	r18, 2
    1cb6:	16 c0       	rjmp	.+44     	; 0x1ce4 <fputc+0x46>
    1cb8:	46 81       	ldd	r20, Z+6	; 0x06
    1cba:	57 81       	ldd	r21, Z+7	; 0x07
    1cbc:	24 81       	ldd	r18, Z+4	; 0x04
    1cbe:	35 81       	ldd	r19, Z+5	; 0x05
    1cc0:	42 17       	cp	r20, r18
    1cc2:	53 07       	cpc	r21, r19
    1cc4:	44 f4       	brge	.+16     	; 0x1cd6 <fputc+0x38>
    1cc6:	a0 81       	ld	r26, Z
    1cc8:	b1 81       	ldd	r27, Z+1	; 0x01
    1cca:	9d 01       	movw	r18, r26
    1ccc:	2f 5f       	subi	r18, 0xFF	; 255
    1cce:	3f 4f       	sbci	r19, 0xFF	; 255
    1cd0:	31 83       	std	Z+1, r19	; 0x01
    1cd2:	20 83       	st	Z, r18
    1cd4:	8c 93       	st	X, r24
    1cd6:	26 81       	ldd	r18, Z+6	; 0x06
    1cd8:	37 81       	ldd	r19, Z+7	; 0x07
    1cda:	2f 5f       	subi	r18, 0xFF	; 255
    1cdc:	3f 4f       	sbci	r19, 0xFF	; 255
    1cde:	37 83       	std	Z+7, r19	; 0x07
    1ce0:	26 83       	std	Z+6, r18	; 0x06
    1ce2:	14 c0       	rjmp	.+40     	; 0x1d0c <fputc+0x6e>
    1ce4:	8b 01       	movw	r16, r22
    1ce6:	ec 01       	movw	r28, r24
    1ce8:	fb 01       	movw	r30, r22
    1cea:	00 84       	ldd	r0, Z+8	; 0x08
    1cec:	f1 85       	ldd	r31, Z+9	; 0x09
    1cee:	e0 2d       	mov	r30, r0
    1cf0:	09 95       	icall
    1cf2:	89 2b       	or	r24, r25
    1cf4:	e1 f6       	brne	.-72     	; 0x1cae <fputc+0x10>
    1cf6:	d8 01       	movw	r26, r16
    1cf8:	16 96       	adiw	r26, 0x06	; 6
    1cfa:	8d 91       	ld	r24, X+
    1cfc:	9c 91       	ld	r25, X
    1cfe:	17 97       	sbiw	r26, 0x07	; 7
    1d00:	01 96       	adiw	r24, 0x01	; 1
    1d02:	17 96       	adiw	r26, 0x07	; 7
    1d04:	9c 93       	st	X, r25
    1d06:	8e 93       	st	-X, r24
    1d08:	16 97       	sbiw	r26, 0x06	; 6
    1d0a:	ce 01       	movw	r24, r28
    1d0c:	df 91       	pop	r29
    1d0e:	cf 91       	pop	r28
    1d10:	1f 91       	pop	r17
    1d12:	0f 91       	pop	r16
    1d14:	08 95       	ret

00001d16 <ungetc>:
    1d16:	fb 01       	movw	r30, r22
    1d18:	23 81       	ldd	r18, Z+3	; 0x03
    1d1a:	20 ff       	sbrs	r18, 0
    1d1c:	12 c0       	rjmp	.+36     	; 0x1d42 <ungetc+0x2c>
    1d1e:	26 fd       	sbrc	r18, 6
    1d20:	10 c0       	rjmp	.+32     	; 0x1d42 <ungetc+0x2c>
    1d22:	8f 3f       	cpi	r24, 0xFF	; 255
    1d24:	3f ef       	ldi	r19, 0xFF	; 255
    1d26:	93 07       	cpc	r25, r19
    1d28:	61 f0       	breq	.+24     	; 0x1d42 <ungetc+0x2c>
    1d2a:	82 83       	std	Z+2, r24	; 0x02
    1d2c:	2f 7d       	andi	r18, 0xDF	; 223
    1d2e:	20 64       	ori	r18, 0x40	; 64
    1d30:	23 83       	std	Z+3, r18	; 0x03
    1d32:	26 81       	ldd	r18, Z+6	; 0x06
    1d34:	37 81       	ldd	r19, Z+7	; 0x07
    1d36:	21 50       	subi	r18, 0x01	; 1
    1d38:	31 09       	sbc	r19, r1
    1d3a:	37 83       	std	Z+7, r19	; 0x07
    1d3c:	26 83       	std	Z+6, r18	; 0x06
    1d3e:	99 27       	eor	r25, r25
    1d40:	08 95       	ret
    1d42:	8f ef       	ldi	r24, 0xFF	; 255
    1d44:	9f ef       	ldi	r25, 0xFF	; 255
    1d46:	08 95       	ret

00001d48 <__ultoa_invert>:
    1d48:	fa 01       	movw	r30, r20
    1d4a:	aa 27       	eor	r26, r26
    1d4c:	28 30       	cpi	r18, 0x08	; 8
    1d4e:	51 f1       	breq	.+84     	; 0x1da4 <__ultoa_invert+0x5c>
    1d50:	20 31       	cpi	r18, 0x10	; 16
    1d52:	81 f1       	breq	.+96     	; 0x1db4 <__ultoa_invert+0x6c>
    1d54:	e8 94       	clt
    1d56:	6f 93       	push	r22
    1d58:	6e 7f       	andi	r22, 0xFE	; 254
    1d5a:	6e 5f       	subi	r22, 0xFE	; 254
    1d5c:	7f 4f       	sbci	r23, 0xFF	; 255
    1d5e:	8f 4f       	sbci	r24, 0xFF	; 255
    1d60:	9f 4f       	sbci	r25, 0xFF	; 255
    1d62:	af 4f       	sbci	r26, 0xFF	; 255
    1d64:	b1 e0       	ldi	r27, 0x01	; 1
    1d66:	3e d0       	rcall	.+124    	; 0x1de4 <__ultoa_invert+0x9c>
    1d68:	b4 e0       	ldi	r27, 0x04	; 4
    1d6a:	3c d0       	rcall	.+120    	; 0x1de4 <__ultoa_invert+0x9c>
    1d6c:	67 0f       	add	r22, r23
    1d6e:	78 1f       	adc	r23, r24
    1d70:	89 1f       	adc	r24, r25
    1d72:	9a 1f       	adc	r25, r26
    1d74:	a1 1d       	adc	r26, r1
    1d76:	68 0f       	add	r22, r24
    1d78:	79 1f       	adc	r23, r25
    1d7a:	8a 1f       	adc	r24, r26
    1d7c:	91 1d       	adc	r25, r1
    1d7e:	a1 1d       	adc	r26, r1
    1d80:	6a 0f       	add	r22, r26
    1d82:	71 1d       	adc	r23, r1
    1d84:	81 1d       	adc	r24, r1
    1d86:	91 1d       	adc	r25, r1
    1d88:	a1 1d       	adc	r26, r1
    1d8a:	20 d0       	rcall	.+64     	; 0x1dcc <__ultoa_invert+0x84>
    1d8c:	09 f4       	brne	.+2      	; 0x1d90 <__ultoa_invert+0x48>
    1d8e:	68 94       	set
    1d90:	3f 91       	pop	r19
    1d92:	2a e0       	ldi	r18, 0x0A	; 10
    1d94:	26 9f       	mul	r18, r22
    1d96:	11 24       	eor	r1, r1
    1d98:	30 19       	sub	r19, r0
    1d9a:	30 5d       	subi	r19, 0xD0	; 208
    1d9c:	31 93       	st	Z+, r19
    1d9e:	de f6       	brtc	.-74     	; 0x1d56 <__ultoa_invert+0xe>
    1da0:	cf 01       	movw	r24, r30
    1da2:	08 95       	ret
    1da4:	46 2f       	mov	r20, r22
    1da6:	47 70       	andi	r20, 0x07	; 7
    1da8:	40 5d       	subi	r20, 0xD0	; 208
    1daa:	41 93       	st	Z+, r20
    1dac:	b3 e0       	ldi	r27, 0x03	; 3
    1dae:	0f d0       	rcall	.+30     	; 0x1dce <__ultoa_invert+0x86>
    1db0:	c9 f7       	brne	.-14     	; 0x1da4 <__ultoa_invert+0x5c>
    1db2:	f6 cf       	rjmp	.-20     	; 0x1da0 <__ultoa_invert+0x58>
    1db4:	46 2f       	mov	r20, r22
    1db6:	4f 70       	andi	r20, 0x0F	; 15
    1db8:	40 5d       	subi	r20, 0xD0	; 208
    1dba:	4a 33       	cpi	r20, 0x3A	; 58
    1dbc:	18 f0       	brcs	.+6      	; 0x1dc4 <__ultoa_invert+0x7c>
    1dbe:	49 5d       	subi	r20, 0xD9	; 217
    1dc0:	31 fd       	sbrc	r19, 1
    1dc2:	40 52       	subi	r20, 0x20	; 32
    1dc4:	41 93       	st	Z+, r20
    1dc6:	02 d0       	rcall	.+4      	; 0x1dcc <__ultoa_invert+0x84>
    1dc8:	a9 f7       	brne	.-22     	; 0x1db4 <__ultoa_invert+0x6c>
    1dca:	ea cf       	rjmp	.-44     	; 0x1da0 <__ultoa_invert+0x58>
    1dcc:	b4 e0       	ldi	r27, 0x04	; 4
    1dce:	a6 95       	lsr	r26
    1dd0:	97 95       	ror	r25
    1dd2:	87 95       	ror	r24
    1dd4:	77 95       	ror	r23
    1dd6:	67 95       	ror	r22
    1dd8:	ba 95       	dec	r27
    1dda:	c9 f7       	brne	.-14     	; 0x1dce <__ultoa_invert+0x86>
    1ddc:	00 97       	sbiw	r24, 0x00	; 0
    1dde:	61 05       	cpc	r22, r1
    1de0:	71 05       	cpc	r23, r1
    1de2:	08 95       	ret
    1de4:	9b 01       	movw	r18, r22
    1de6:	ac 01       	movw	r20, r24
    1de8:	0a 2e       	mov	r0, r26
    1dea:	06 94       	lsr	r0
    1dec:	57 95       	ror	r21
    1dee:	47 95       	ror	r20
    1df0:	37 95       	ror	r19
    1df2:	27 95       	ror	r18
    1df4:	ba 95       	dec	r27
    1df6:	c9 f7       	brne	.-14     	; 0x1dea <__ultoa_invert+0xa2>
    1df8:	62 0f       	add	r22, r18
    1dfa:	73 1f       	adc	r23, r19
    1dfc:	84 1f       	adc	r24, r20
    1dfe:	95 1f       	adc	r25, r21
    1e00:	a0 1d       	adc	r26, r0
    1e02:	08 95       	ret

00001e04 <__ctype_isfalse>:
    1e04:	99 27       	eor	r25, r25
    1e06:	88 27       	eor	r24, r24

00001e08 <__ctype_istrue>:
    1e08:	08 95       	ret

00001e0a <_exit>:
    1e0a:	f8 94       	cli

00001e0c <__stop_program>:
    1e0c:	ff cf       	rjmp	.-2      	; 0x1e0c <__stop_program>
