
task3.elf:     file format elf32-avr

Sections:
Idx Name          Size      VMA       LMA       File off  Algn
  0 .data         00000036  00800100  000020de  00002172  2**0
                  CONTENTS, ALLOC, LOAD, DATA
  1 .text         000020de  00000000  00000000  00000094  2**1
                  CONTENTS, ALLOC, LOAD, READONLY, CODE
  2 .bss          00000006  00800136  00800136  000021a8  2**0
                  ALLOC
  3 .stab         00002694  00000000  00000000  000021a8  2**2
                  CONTENTS, READONLY, DEBUGGING
  4 .stabstr      00001079  00000000  00000000  0000483c  2**0
                  CONTENTS, READONLY, DEBUGGING
  5 .comment      00000011  00000000  00000000  000058b5  2**0
                  CONTENTS, READONLY
  6 .note.gnu.avr.deviceinfo 00000040  00000000  00000000  000058c8  2**2
                  CONTENTS, READONLY
  7 .debug_info   000005f4  00000000  00000000  00005908  2**0
                  CONTENTS, READONLY, DEBUGGING
  8 .debug_abbrev 000005a2  00000000  00000000  00005efc  2**0
                  CONTENTS, READONLY, DEBUGGING
  9 .debug_line   0000001a  00000000  00000000  0000649e  2**0
                  CONTENTS, READONLY, DEBUGGING
 10 .debug_str    00000208  00000000  00000000  000064b8  2**0
                  CONTENTS, READONLY, DEBUGGING

Disassembly of section .text:

00000000 <__vectors>:
       0:	0c 94 dc 00 	jmp	0x1b8	; 0x1b8 <__ctors_end>
       4:	0c 94 f9 00 	jmp	0x1f2	; 0x1f2 <__bad_interrupt>
       8:	0c 94 f9 00 	jmp	0x1f2	; 0x1f2 <__bad_interrupt>
       c:	0c 94 f9 00 	jmp	0x1f2	; 0x1f2 <__bad_interrupt>
      10:	0c 94 f9 00 	jmp	0x1f2	; 0x1f2 <__bad_interrupt>
      14:	0c 94 f9 00 	jmp	0x1f2	; 0x1f2 <__bad_interrupt>
      18:	0c 94 f9 00 	jmp	0x1f2	; 0x1f2 <__bad_interrupt>
      1c:	0c 94 f9 00 	jmp	0x1f2	; 0x1f2 <__bad_interrupt>
      20:	0c 94 f9 00 	jmp	0x1f2	; 0x1f2 <__bad_interrupt>
      24:	0c 94 f9 00 	jmp	0x1f2	; 0x1f2 <__bad_interrupt>
      28:	0c 94 f9 00 	jmp	0x1f2	; 0x1f2 <__bad_interrupt>
      2c:	0c 94 f9 00 	jmp	0x1f2	; 0x1f2 <__bad_interrupt>
      30:	0c 94 f9 00 	jmp	0x1f2	; 0x1f2 <__bad_interrupt>
      34:	0c 94 f9 00 	jmp	0x1f2	; 0x1f2 <__bad_interrupt>
      38:	0c 94 f9 00 	jmp	0x1f2	; 0x1f2 <__bad_interrupt>
      3c:	0c 94 f9 00 	jmp	0x1f2	; 0x1f2 <__bad_interrupt>
      40:	0c 94 f9 00 	jmp	0x1f2	; 0x1f2 <__bad_interrupt>
      44:	0c 94 f9 00 	jmp	0x1f2	; 0x1f2 <__bad_interrupt>
      48:	0c 94 f9 00 	jmp	0x1f2	; 0x1f2 <__bad_interrupt>
      4c:	0c 94 f9 00 	jmp	0x1f2	; 0x1f2 <__bad_interrupt>
      50:	0c 94 f9 00 	jmp	0x1f2	; 0x1f2 <__bad_interrupt>
      54:	0c 94 f9 00 	jmp	0x1f2	; 0x1f2 <__bad_interrupt>
      58:	0c 94 f9 00 	jmp	0x1f2	; 0x1f2 <__bad_interrupt>
      5c:	0c 94 f9 00 	jmp	0x1f2	; 0x1f2 <__bad_interrupt>
      60:	0c 94 f9 00 	jmp	0x1f2	; 0x1f2 <__bad_interrupt>
      64:	0c 94 f9 00 	jmp	0x1f2	; 0x1f2 <__bad_interrupt>

00000068 <__trampolines_end>:
      68:	6e 61       	ori	r22, 0x1E	; 30
      6a:	6e 00       	.word	0x006e	; ????

0000006c <__c.2332>:
      6c:	69 6e 66 00 00 40 7a 10 f3 5a 00 a0 72 4e 18 09     inf..@z..Z..rN..
      7c:	00 10 a5 d4 e8 00 00 e8 76 48 17 00 00 e4 0b 54     ........vH.....T
      8c:	02 00 00 ca 9a 3b 00 00 00 e1 f5 05 00 00 80 96     .....;..........
      9c:	98 00 00 00 40 42 0f 00 00 00 a0 86 01 00 00 00     ....@B..........
      ac:	10 27 00 00 00 00 e8 03 00 00 00 00 64 00 00 00     .'..........d...
      bc:	00 00 0a 00 00 00 00 00 01 00 00 00 00 00 2c 76     ..............,v
      cc:	d8 88 dc 67 4f 08 23 df c1 df ae 59 e1 b1 b7 96     ...gO.#....Y....
      dc:	e5 e3 e4 53 c6 3a e6 51 99 76 96 e8 e6 c2 84 26     ...S.:.Q.v.....&
      ec:	eb 89 8c 9b 62 ed 40 7c 6f fc ef bc 9c 9f 40 f2     ....b.@|o.....@.
      fc:	ba a5 6f a5 f4 90 05 5a 2a f7 5c 93 6b 6c f9 67     ..o....Z*.\.kl.g
     10c:	6d c1 1b fc e0 e4 0d 47 fe f5 20 e6 b5 00 d0 ed     m......G.. .....
     11c:	90 2e 03 00 94 35 77 05 00 80 84 1e 08 00 00 20     .....5w........ 
     12c:	4e 0a 00 00 00 c8 0c 33 33 33 33 0f 98 6e 12 83     N......3333..n..
     13c:	11 41 ef 8d 21 14 89 3b e6 55 16 cf fe e6 db 18     .A..!..;.U......
     14c:	d1 84 4b 38 1b f7 7c 1d 90 1d a4 bb e4 24 20 32     ..K8..|......$ 2
     15c:	84 72 5e 22 81 00 c9 f1 24 ec a1 e5 3d 27           .r^"....$...='

0000016a <__c.2529>:
     16a:	63 64 69 6e 6f 70 73 75 78 58 5b 65 66 67 45 46     cdinopsuxX[efgEF
     17a:	47 00                                               G.

0000017c <pstr_an>:
     17c:	61 6e 00                                            an.

0000017f <pstr_nfinity>:
     17f:	6e 66 69 6e 69 74 79 00                             nfinity.

00000187 <pwr_m10>:
     187:	cd cc cc 3d 0a d7 23 3c 17 b7 d1 38 77 cc 2b 32     ...=..#<...8w.+2
     197:	95 95 e6 24 1f b1 4f 0a                             ...$..O.

0000019f <pwr_p10>:
     19f:	00 00 20 41 00 00 c8 42 00 40 1c 46 20 bc be 4c     .. A...B.@.F ..L
     1af:	ca 1b 0e 5a ae c5 9d 74 00                          ...Z...t.

000001b8 <__ctors_end>:
     1b8:	11 24       	eor	r1, r1
     1ba:	1f be       	out	0x3f, r1	; 63
     1bc:	cf ef       	ldi	r28, 0xFF	; 255
     1be:	d8 e0       	ldi	r29, 0x08	; 8
     1c0:	de bf       	out	0x3e, r29	; 62
     1c2:	cd bf       	out	0x3d, r28	; 61

000001c4 <__do_copy_data>:
     1c4:	11 e0       	ldi	r17, 0x01	; 1
     1c6:	a0 e0       	ldi	r26, 0x00	; 0
     1c8:	b1 e0       	ldi	r27, 0x01	; 1
     1ca:	ee ed       	ldi	r30, 0xDE	; 222
     1cc:	f0 e2       	ldi	r31, 0x20	; 32
     1ce:	02 c0       	rjmp	.+4      	; 0x1d4 <__do_copy_data+0x10>
     1d0:	05 90       	lpm	r0, Z+
     1d2:	0d 92       	st	X+, r0
     1d4:	a6 33       	cpi	r26, 0x36	; 54
     1d6:	b1 07       	cpc	r27, r17
     1d8:	d9 f7       	brne	.-10     	; 0x1d0 <__do_copy_data+0xc>

000001da <__do_clear_bss>:
     1da:	21 e0       	ldi	r18, 0x01	; 1
     1dc:	a6 e3       	ldi	r26, 0x36	; 54
     1de:	b1 e0       	ldi	r27, 0x01	; 1
     1e0:	01 c0       	rjmp	.+2      	; 0x1e4 <.do_clear_bss_start>

000001e2 <.do_clear_bss_loop>:
     1e2:	1d 92       	st	X+, r1

000001e4 <.do_clear_bss_start>:
     1e4:	ac 33       	cpi	r26, 0x3C	; 60
     1e6:	b2 07       	cpc	r27, r18
     1e8:	e1 f7       	brne	.-8      	; 0x1e2 <.do_clear_bss_loop>
     1ea:	0e 94 ea 03 	call	0x7d4	; 0x7d4 <main>
     1ee:	0c 94 6d 10 	jmp	0x20da	; 0x20da <_exit>

000001f2 <__bad_interrupt>:
     1f2:	0c 94 00 00 	jmp	0	; 0x0 <__vectors>

000001f6 <uart_init>:

// inicjalizacja UART
void uart_init()
{
  // ustaw baudrate
  UBRR0 = UBRR_VALUE;
     1f6:	87 e6       	ldi	r24, 0x67	; 103
     1f8:	90 e0       	ldi	r25, 0x00	; 0
     1fa:	90 93 c5 00 	sts	0x00C5, r25	; 0x8000c5 <__TEXT_REGION_LENGTH__+0x7f80c5>
     1fe:	80 93 c4 00 	sts	0x00C4, r24	; 0x8000c4 <__TEXT_REGION_LENGTH__+0x7f80c4>
  // wyczyść rejestr UCSR0A
  UCSR0A = 0;
     202:	10 92 c0 00 	sts	0x00C0, r1	; 0x8000c0 <__TEXT_REGION_LENGTH__+0x7f80c0>
  // włącz odbiornik i nadajnik
  UCSR0B = _BV(RXEN0) | _BV(TXEN0);
     206:	88 e1       	ldi	r24, 0x18	; 24
     208:	80 93 c1 00 	sts	0x00C1, r24	; 0x8000c1 <__TEXT_REGION_LENGTH__+0x7f80c1>
  // ustaw format 8n1
  UCSR0C = _BV(UCSZ00) | _BV(UCSZ01);
     20c:	86 e0       	ldi	r24, 0x06	; 6
     20e:	80 93 c2 00 	sts	0x00C2, r24	; 0x8000c2 <__TEXT_REGION_LENGTH__+0x7f80c2>
     212:	08 95       	ret

00000214 <uart_transmit>:

// transmisja jednego znaku
int uart_transmit(char data)
{
  // czekaj aż transmiter gotowy
  while(!(UCSR0A & _BV(UDRE0)));
     214:	90 91 c0 00 	lds	r25, 0x00C0	; 0x8000c0 <__TEXT_REGION_LENGTH__+0x7f80c0>
     218:	95 ff       	sbrs	r25, 5
     21a:	fc cf       	rjmp	.-8      	; 0x214 <uart_transmit>
  UDR0 = data;
     21c:	80 93 c6 00 	sts	0x00C6, r24	; 0x8000c6 <__TEXT_REGION_LENGTH__+0x7f80c6>
  return 0;
}
     220:	80 e0       	ldi	r24, 0x00	; 0
     222:	90 e0       	ldi	r25, 0x00	; 0
     224:	08 95       	ret

00000226 <uart_receive>:

// odczyt jednego znaku
int uart_receive()
{
  // czekaj aż znak dostępny
  while (!(UCSR0A & _BV(RXC0)));
     226:	80 91 c0 00 	lds	r24, 0x00C0	; 0x8000c0 <__TEXT_REGION_LENGTH__+0x7f80c0>
     22a:	87 ff       	sbrs	r24, 7
     22c:	fc cf       	rjmp	.-8      	; 0x226 <uart_receive>
  return UDR0;
     22e:	80 91 c6 00 	lds	r24, 0x00C6	; 0x8000c6 <__TEXT_REGION_LENGTH__+0x7f80c6>
     232:	90 e0       	ldi	r25, 0x00	; 0
     234:	08 95       	ret

00000236 <uart_putchar_stdio>:
void heater_set(bool on) {
    if (on) HEATER_PORT |=  (1u << HEATER_PIN);
    else    HEATER_PORT &= ~(1u << HEATER_PIN);
}

int uart_putchar_stdio(char c, FILE *stream) {
     236:	cf 93       	push	r28
     238:	c8 2f       	mov	r28, r24
    if (c == '\n') uart_transmit('\r');
     23a:	8a 30       	cpi	r24, 0x0A	; 10
     23c:	39 f0       	breq	.+14     	; 0x24c <uart_putchar_stdio+0x16>
    uart_transmit(c);
     23e:	8c 2f       	mov	r24, r28
     240:	0e 94 0a 01 	call	0x214	; 0x214 <uart_transmit>
    return 0;
}
     244:	80 e0       	ldi	r24, 0x00	; 0
     246:	90 e0       	ldi	r25, 0x00	; 0
     248:	cf 91       	pop	r28
     24a:	08 95       	ret
    if (on) HEATER_PORT |=  (1u << HEATER_PIN);
    else    HEATER_PORT &= ~(1u << HEATER_PIN);
}

int uart_putchar_stdio(char c, FILE *stream) {
    if (c == '\n') uart_transmit('\r');
     24c:	8d e0       	ldi	r24, 0x0D	; 13
     24e:	0e 94 0a 01 	call	0x214	; 0x214 <uart_transmit>
    uart_transmit(c);
     252:	8c 2f       	mov	r24, r28
     254:	0e 94 0a 01 	call	0x214	; 0x214 <uart_transmit>
    return 0;
}
     258:	80 e0       	ldi	r24, 0x00	; 0
     25a:	90 e0       	ldi	r25, 0x00	; 0
     25c:	cf 91       	pop	r28
     25e:	08 95       	ret

00000260 <adc_init>:
#define HEATER_DDR  DDRB
#define HEATER_PORT PORTB
#define HEATER_PIN  PB5

void adc_init() {
    ADMUX  = (1u << REFS1) | (1u << REFS0); // 1.1V, ADC0
     260:	80 ec       	ldi	r24, 0xC0	; 192
     262:	80 93 7c 00 	sts	0x007C, r24	; 0x80007c <__TEXT_REGION_LENGTH__+0x7f807c>
    ADCSRA = (1u << ADEN)  | (1u << ADPS2) | (1u << ADPS1) | (1u << ADPS0); // /128
     266:	87 e8       	ldi	r24, 0x87	; 135
     268:	80 93 7a 00 	sts	0x007A, r24	; 0x80007a <__TEXT_REGION_LENGTH__+0x7f807a>
    DIDR0 |= (1u << ADC0D);
     26c:	80 91 7e 00 	lds	r24, 0x007E	; 0x80007e <__TEXT_REGION_LENGTH__+0x7f807e>
     270:	81 60       	ori	r24, 0x01	; 1
     272:	80 93 7e 00 	sts	0x007E, r24	; 0x80007e <__TEXT_REGION_LENGTH__+0x7f807e>
	#else
		//round up by default
		__ticks_dc = (uint32_t)(ceil(fabs(__tmp)));
	#endif

	__builtin_avr_delay_cycles(__ticks_dc);
     276:	8f e1       	ldi	r24, 0x1F	; 31
     278:	9e e4       	ldi	r25, 0x4E	; 78
     27a:	01 97       	sbiw	r24, 0x01	; 1
     27c:	f1 f7       	brne	.-4      	; 0x27a <adc_init+0x1a>
     27e:	00 c0       	rjmp	.+0      	; 0x280 <adc_init+0x20>
     280:	00 00       	nop

    _delay_ms(5);

    ADCSRA |= (1u << ADSC);
     282:	80 91 7a 00 	lds	r24, 0x007A	; 0x80007a <__TEXT_REGION_LENGTH__+0x7f807a>
     286:	80 64       	ori	r24, 0x40	; 64
     288:	80 93 7a 00 	sts	0x007A, r24	; 0x80007a <__TEXT_REGION_LENGTH__+0x7f807a>
    while (ADCSRA & (1u << ADSC)) {}
     28c:	80 91 7a 00 	lds	r24, 0x007A	; 0x80007a <__TEXT_REGION_LENGTH__+0x7f807a>
     290:	86 fd       	sbrc	r24, 6
     292:	fc cf       	rjmp	.-8      	; 0x28c <adc_init+0x2c>
    (void)ADC;
     294:	80 91 78 00 	lds	r24, 0x0078	; 0x800078 <__TEXT_REGION_LENGTH__+0x7f8078>
     298:	90 91 79 00 	lds	r25, 0x0079	; 0x800079 <__TEXT_REGION_LENGTH__+0x7f8079>
     29c:	08 95       	ret

0000029e <adc_read>:
}

uint16_t adc_read(uint8_t ch) {
    ADMUX = (ADMUX & 0xF0) | (ch & 0x0F) | (1u << REFS1) | (1u << REFS0);
     29e:	90 91 7c 00 	lds	r25, 0x007C	; 0x80007c <__TEXT_REGION_LENGTH__+0x7f807c>
     2a2:	90 7f       	andi	r25, 0xF0	; 240
     2a4:	8f 70       	andi	r24, 0x0F	; 15
     2a6:	89 2b       	or	r24, r25
     2a8:	80 6c       	ori	r24, 0xC0	; 192
     2aa:	80 93 7c 00 	sts	0x007C, r24	; 0x80007c <__TEXT_REGION_LENGTH__+0x7f807c>
    ADCSRA |= (1u << ADSC);
     2ae:	80 91 7a 00 	lds	r24, 0x007A	; 0x80007a <__TEXT_REGION_LENGTH__+0x7f807a>
     2b2:	80 64       	ori	r24, 0x40	; 64
     2b4:	80 93 7a 00 	sts	0x007A, r24	; 0x80007a <__TEXT_REGION_LENGTH__+0x7f807a>
    while (ADCSRA & (1u << ADSC)) {}
     2b8:	80 91 7a 00 	lds	r24, 0x007A	; 0x80007a <__TEXT_REGION_LENGTH__+0x7f807a>
     2bc:	86 fd       	sbrc	r24, 6
     2be:	fc cf       	rjmp	.-8      	; 0x2b8 <adc_read+0x1a>
    return ADC;
     2c0:	80 91 78 00 	lds	r24, 0x0078	; 0x800078 <__TEXT_REGION_LENGTH__+0x7f8078>
     2c4:	90 91 79 00 	lds	r25, 0x0079	; 0x800079 <__TEXT_REGION_LENGTH__+0x7f8079>
}
     2c8:	08 95       	ret

000002ca <read_temp_x10>:

int16_t read_temp_x10() {
     2ca:	90 e1       	ldi	r25, 0x10	; 16
    uint32_t acc = 0;
     2cc:	40 e0       	ldi	r20, 0x00	; 0
     2ce:	50 e0       	ldi	r21, 0x00	; 0
     2d0:	ba 01       	movw	r22, r20
    while (ADCSRA & (1u << ADSC)) {}
    (void)ADC;
}

uint16_t adc_read(uint8_t ch) {
    ADMUX = (ADMUX & 0xF0) | (ch & 0x0F) | (1u << REFS1) | (1u << REFS0);
     2d2:	80 91 7c 00 	lds	r24, 0x007C	; 0x80007c <__TEXT_REGION_LENGTH__+0x7f807c>
     2d6:	80 7f       	andi	r24, 0xF0	; 240
     2d8:	80 6c       	ori	r24, 0xC0	; 192
     2da:	80 93 7c 00 	sts	0x007C, r24	; 0x80007c <__TEXT_REGION_LENGTH__+0x7f807c>
    ADCSRA |= (1u << ADSC);
     2de:	80 91 7a 00 	lds	r24, 0x007A	; 0x80007a <__TEXT_REGION_LENGTH__+0x7f807a>
     2e2:	80 64       	ori	r24, 0x40	; 64
     2e4:	80 93 7a 00 	sts	0x007A, r24	; 0x80007a <__TEXT_REGION_LENGTH__+0x7f807a>
    while (ADCSRA & (1u << ADSC)) {}
     2e8:	80 91 7a 00 	lds	r24, 0x007A	; 0x80007a <__TEXT_REGION_LENGTH__+0x7f807a>
     2ec:	86 fd       	sbrc	r24, 6
     2ee:	fc cf       	rjmp	.-8      	; 0x2e8 <read_temp_x10+0x1e>
    return ADC;
     2f0:	20 91 78 00 	lds	r18, 0x0078	; 0x800078 <__TEXT_REGION_LENGTH__+0x7f8078>
     2f4:	30 91 79 00 	lds	r19, 0x0079	; 0x800079 <__TEXT_REGION_LENGTH__+0x7f8079>
}

int16_t read_temp_x10() {
    uint32_t acc = 0;
    const uint8_t n = 16;
    for (uint8_t i = 0; i < n; i++) acc += adc_read(0);
     2f8:	42 0f       	add	r20, r18
     2fa:	53 1f       	adc	r21, r19
     2fc:	61 1d       	adc	r22, r1
     2fe:	71 1d       	adc	r23, r1
     300:	91 50       	subi	r25, 0x01	; 1
     302:	39 f7       	brne	.-50     	; 0x2d2 <read_temp_x10+0x8>
    uint16_t adc = (uint16_t)(acc / n);

    int32_t vout_mv   = (int32_t)adc * 1100L / 1023;
    int32_t temp_x10  = vout_mv - 500L;

    return (int16_t)temp_x10;
     304:	db 01       	movw	r26, r22
     306:	ca 01       	movw	r24, r20
     308:	24 e0       	ldi	r18, 0x04	; 4
     30a:	b6 95       	lsr	r27
     30c:	a7 95       	ror	r26
     30e:	97 95       	ror	r25
     310:	87 95       	ror	r24
     312:	2a 95       	dec	r18
     314:	d1 f7       	brne	.-12     	; 0x30a <read_temp_x10+0x40>
     316:	9c 01       	movw	r18, r24
     318:	ad 01       	movw	r20, r26
     31a:	44 27       	eor	r20, r20
     31c:	55 27       	eor	r21, r21
     31e:	ac e4       	ldi	r26, 0x4C	; 76
     320:	b4 e0       	ldi	r27, 0x04	; 4
     322:	0e 94 e6 0d 	call	0x1bcc	; 0x1bcc <__muluhisi3>
     326:	2f ef       	ldi	r18, 0xFF	; 255
     328:	33 e0       	ldi	r19, 0x03	; 3
     32a:	40 e0       	ldi	r20, 0x00	; 0
     32c:	50 e0       	ldi	r21, 0x00	; 0
     32e:	0e 94 c7 0d 	call	0x1b8e	; 0x1b8e <__divmodsi4>
     332:	da 01       	movw	r26, r20
     334:	c9 01       	movw	r24, r18
     336:	84 5f       	subi	r24, 0xF4	; 244
     338:	91 40       	sbci	r25, 0x01	; 1
     33a:	a1 09       	sbc	r26, r1
     33c:	b1 09       	sbc	r27, r1
}
     33e:	08 95       	ret

00000340 <heater_init>:

void heater_init() {
    HEATER_DDR  |= (1u << HEATER_PIN);
     340:	25 9a       	sbi	0x04, 5	; 4
    HEATER_PORT &= ~(1u << HEATER_PIN);
     342:	2d 98       	cbi	0x05, 5	; 5
     344:	08 95       	ret

00000346 <heater_set>:
}

void heater_set(bool on) {
    if (on) HEATER_PORT |=  (1u << HEATER_PIN);
     346:	81 11       	cpse	r24, r1
     348:	02 c0       	rjmp	.+4      	; 0x34e <heater_set+0x8>
    else    HEATER_PORT &= ~(1u << HEATER_PIN);
     34a:	2d 98       	cbi	0x05, 5	; 5
     34c:	08 95       	ret
    HEATER_DDR  |= (1u << HEATER_PIN);
    HEATER_PORT &= ~(1u << HEATER_PIN);
}

void heater_set(bool on) {
    if (on) HEATER_PORT |=  (1u << HEATER_PIN);
     34e:	2d 9a       	sbi	0x05, 5	; 5
     350:	08 95       	ret

00000352 <_LCD_OutNibble>:
// Funkcja wystawiająca półbajt na magistralę danych
//
//-------------------------------------------------------------------------------------------------
void _LCD_OutNibble(unsigned char nibbleToWrite)
{
if(nibbleToWrite & 0x01)
     352:	80 ff       	sbrs	r24, 0
     354:	0b c0       	rjmp	.+22     	; 0x36c <_LCD_OutNibble+0x1a>
	LCD_DB4_PORT |= LCD_DB4;
     356:	5e 9a       	sbi	0x0b, 6	; 11
else
	LCD_DB4_PORT  &= ~LCD_DB4;

if(nibbleToWrite & 0x02)
     358:	81 ff       	sbrs	r24, 1
     35a:	0b c0       	rjmp	.+22     	; 0x372 <_LCD_OutNibble+0x20>
	LCD_DB5_PORT |= LCD_DB5;
     35c:	5d 9a       	sbi	0x0b, 5	; 11
else
	LCD_DB5_PORT  &= ~LCD_DB5;

if(nibbleToWrite & 0x04)
     35e:	82 ff       	sbrs	r24, 2
     360:	0b c0       	rjmp	.+22     	; 0x378 <_LCD_OutNibble+0x26>
	LCD_DB6_PORT |= LCD_DB6;
     362:	5c 9a       	sbi	0x0b, 4	; 11
else
	LCD_DB6_PORT  &= ~LCD_DB6;

if(nibbleToWrite & 0x08)
     364:	83 fd       	sbrc	r24, 3
     366:	0b c0       	rjmp	.+22     	; 0x37e <_LCD_OutNibble+0x2c>
	LCD_DB7_PORT |= LCD_DB7;
else
	LCD_DB7_PORT  &= ~LCD_DB7;
     368:	5b 98       	cbi	0x0b, 3	; 11
     36a:	08 95       	ret
void _LCD_OutNibble(unsigned char nibbleToWrite)
{
if(nibbleToWrite & 0x01)
	LCD_DB4_PORT |= LCD_DB4;
else
	LCD_DB4_PORT  &= ~LCD_DB4;
     36c:	5e 98       	cbi	0x0b, 6	; 11

if(nibbleToWrite & 0x02)
     36e:	81 fd       	sbrc	r24, 1
     370:	f5 cf       	rjmp	.-22     	; 0x35c <_LCD_OutNibble+0xa>
	LCD_DB5_PORT |= LCD_DB5;
else
	LCD_DB5_PORT  &= ~LCD_DB5;
     372:	5d 98       	cbi	0x0b, 5	; 11

if(nibbleToWrite & 0x04)
     374:	82 fd       	sbrc	r24, 2
     376:	f5 cf       	rjmp	.-22     	; 0x362 <_LCD_OutNibble+0x10>
	LCD_DB6_PORT |= LCD_DB6;
else
	LCD_DB6_PORT  &= ~LCD_DB6;
     378:	5c 98       	cbi	0x0b, 4	; 11

if(nibbleToWrite & 0x08)
     37a:	83 ff       	sbrs	r24, 3
     37c:	f5 cf       	rjmp	.-22     	; 0x368 <_LCD_OutNibble+0x16>
	LCD_DB7_PORT |= LCD_DB7;
     37e:	5b 9a       	sbi	0x0b, 3	; 11
     380:	08 95       	ret

00000382 <_LCD_Write>:
// Funkcja zapisu bajtu do wyświetacza (bez rozróżnienia instrukcja/dane).
//
//-------------------------------------------------------------------------------------------------
void _LCD_Write(unsigned char dataToWrite)
{
LCD_E_PORT |= LCD_E;
     382:	5f 9a       	sbi	0x0b, 7	; 11
_LCD_OutNibble(dataToWrite >> 4);
     384:	98 2f       	mov	r25, r24
     386:	92 95       	swap	r25
     388:	9f 70       	andi	r25, 0x0F	; 15
// Funkcja wystawiająca półbajt na magistralę danych
//
//-------------------------------------------------------------------------------------------------
void _LCD_OutNibble(unsigned char nibbleToWrite)
{
if(nibbleToWrite & 0x01)
     38a:	90 ff       	sbrs	r25, 0
     38c:	20 c0       	rjmp	.+64     	; 0x3ce <_LCD_Write+0x4c>
	LCD_DB4_PORT |= LCD_DB4;
     38e:	5e 9a       	sbi	0x0b, 6	; 11
else
	LCD_DB4_PORT  &= ~LCD_DB4;

if(nibbleToWrite & 0x02)
     390:	91 ff       	sbrs	r25, 1
     392:	20 c0       	rjmp	.+64     	; 0x3d4 <_LCD_Write+0x52>
	LCD_DB5_PORT |= LCD_DB5;
     394:	5d 9a       	sbi	0x0b, 5	; 11
else
	LCD_DB5_PORT  &= ~LCD_DB5;

if(nibbleToWrite & 0x04)
     396:	92 ff       	sbrs	r25, 2
     398:	20 c0       	rjmp	.+64     	; 0x3da <_LCD_Write+0x58>
	LCD_DB6_PORT |= LCD_DB6;
     39a:	5c 9a       	sbi	0x0b, 4	; 11
else
	LCD_DB6_PORT  &= ~LCD_DB6;

if(nibbleToWrite & 0x08)
     39c:	98 70       	andi	r25, 0x08	; 8
     39e:	01 f5       	brne	.+64     	; 0x3e0 <_LCD_Write+0x5e>
	LCD_DB7_PORT |= LCD_DB7;
else
	LCD_DB7_PORT  &= ~LCD_DB7;
     3a0:	5b 98       	cbi	0x0b, 3	; 11
//-------------------------------------------------------------------------------------------------
void _LCD_Write(unsigned char dataToWrite)
{
LCD_E_PORT |= LCD_E;
_LCD_OutNibble(dataToWrite >> 4);
LCD_E_PORT &= ~LCD_E;
     3a2:	5f 98       	cbi	0x0b, 7	; 11
LCD_E_PORT |= LCD_E;
     3a4:	5f 9a       	sbi	0x0b, 7	; 11
// Funkcja wystawiająca półbajt na magistralę danych
//
//-------------------------------------------------------------------------------------------------
void _LCD_OutNibble(unsigned char nibbleToWrite)
{
if(nibbleToWrite & 0x01)
     3a6:	80 ff       	sbrs	r24, 0
     3a8:	20 c0       	rjmp	.+64     	; 0x3ea <_LCD_Write+0x68>
	LCD_DB4_PORT |= LCD_DB4;
     3aa:	5e 9a       	sbi	0x0b, 6	; 11
else
	LCD_DB4_PORT  &= ~LCD_DB4;

if(nibbleToWrite & 0x02)
     3ac:	81 ff       	sbrs	r24, 1
     3ae:	20 c0       	rjmp	.+64     	; 0x3f0 <_LCD_Write+0x6e>
	LCD_DB5_PORT |= LCD_DB5;
     3b0:	5d 9a       	sbi	0x0b, 5	; 11
else
	LCD_DB5_PORT  &= ~LCD_DB5;

if(nibbleToWrite & 0x04)
     3b2:	82 ff       	sbrs	r24, 2
     3b4:	20 c0       	rjmp	.+64     	; 0x3f6 <_LCD_Write+0x74>
	LCD_DB6_PORT |= LCD_DB6;
     3b6:	5c 9a       	sbi	0x0b, 4	; 11
else
	LCD_DB6_PORT  &= ~LCD_DB6;

if(nibbleToWrite & 0x08)
     3b8:	83 fd       	sbrc	r24, 3
     3ba:	20 c0       	rjmp	.+64     	; 0x3fc <_LCD_Write+0x7a>
	LCD_DB7_PORT |= LCD_DB7;
else
	LCD_DB7_PORT  &= ~LCD_DB7;
     3bc:	5b 98       	cbi	0x0b, 3	; 11
LCD_E_PORT |= LCD_E;
_LCD_OutNibble(dataToWrite >> 4);
LCD_E_PORT &= ~LCD_E;
LCD_E_PORT |= LCD_E;
_LCD_OutNibble(dataToWrite);
LCD_E_PORT &= ~LCD_E;
     3be:	5f 98       	cbi	0x0b, 7	; 11
	#else
		//round up by default
		__ticks_dc = (uint32_t)(ceil(fabs(__tmp)));
	#endif

	__builtin_avr_delay_cycles(__ticks_dc);
     3c0:	87 ec       	ldi	r24, 0xC7	; 199
     3c2:	90 e0       	ldi	r25, 0x00	; 0
     3c4:	01 97       	sbiw	r24, 0x01	; 1
     3c6:	f1 f7       	brne	.-4      	; 0x3c4 <_LCD_Write+0x42>
     3c8:	00 c0       	rjmp	.+0      	; 0x3ca <_LCD_Write+0x48>
     3ca:	00 00       	nop
     3cc:	08 95       	ret
void _LCD_OutNibble(unsigned char nibbleToWrite)
{
if(nibbleToWrite & 0x01)
	LCD_DB4_PORT |= LCD_DB4;
else
	LCD_DB4_PORT  &= ~LCD_DB4;
     3ce:	5e 98       	cbi	0x0b, 6	; 11

if(nibbleToWrite & 0x02)
     3d0:	91 fd       	sbrc	r25, 1
     3d2:	e0 cf       	rjmp	.-64     	; 0x394 <_LCD_Write+0x12>
	LCD_DB5_PORT |= LCD_DB5;
else
	LCD_DB5_PORT  &= ~LCD_DB5;
     3d4:	5d 98       	cbi	0x0b, 5	; 11

if(nibbleToWrite & 0x04)
     3d6:	92 fd       	sbrc	r25, 2
     3d8:	e0 cf       	rjmp	.-64     	; 0x39a <_LCD_Write+0x18>
	LCD_DB6_PORT |= LCD_DB6;
else
	LCD_DB6_PORT  &= ~LCD_DB6;
     3da:	5c 98       	cbi	0x0b, 4	; 11

if(nibbleToWrite & 0x08)
     3dc:	98 70       	andi	r25, 0x08	; 8
     3de:	01 f3       	breq	.-64     	; 0x3a0 <_LCD_Write+0x1e>
	LCD_DB7_PORT |= LCD_DB7;
     3e0:	5b 9a       	sbi	0x0b, 3	; 11
//-------------------------------------------------------------------------------------------------
void _LCD_Write(unsigned char dataToWrite)
{
LCD_E_PORT |= LCD_E;
_LCD_OutNibble(dataToWrite >> 4);
LCD_E_PORT &= ~LCD_E;
     3e2:	5f 98       	cbi	0x0b, 7	; 11
LCD_E_PORT |= LCD_E;
     3e4:	5f 9a       	sbi	0x0b, 7	; 11
// Funkcja wystawiająca półbajt na magistralę danych
//
//-------------------------------------------------------------------------------------------------
void _LCD_OutNibble(unsigned char nibbleToWrite)
{
if(nibbleToWrite & 0x01)
     3e6:	80 fd       	sbrc	r24, 0
     3e8:	e0 cf       	rjmp	.-64     	; 0x3aa <_LCD_Write+0x28>
	LCD_DB4_PORT |= LCD_DB4;
else
	LCD_DB4_PORT  &= ~LCD_DB4;
     3ea:	5e 98       	cbi	0x0b, 6	; 11

if(nibbleToWrite & 0x02)
     3ec:	81 fd       	sbrc	r24, 1
     3ee:	e0 cf       	rjmp	.-64     	; 0x3b0 <_LCD_Write+0x2e>
	LCD_DB5_PORT |= LCD_DB5;
else
	LCD_DB5_PORT  &= ~LCD_DB5;
     3f0:	5d 98       	cbi	0x0b, 5	; 11

if(nibbleToWrite & 0x04)
     3f2:	82 fd       	sbrc	r24, 2
     3f4:	e0 cf       	rjmp	.-64     	; 0x3b6 <_LCD_Write+0x34>
	LCD_DB6_PORT |= LCD_DB6;
else
	LCD_DB6_PORT  &= ~LCD_DB6;
     3f6:	5c 98       	cbi	0x0b, 4	; 11

if(nibbleToWrite & 0x08)
     3f8:	83 ff       	sbrs	r24, 3
     3fa:	e0 cf       	rjmp	.-64     	; 0x3bc <_LCD_Write+0x3a>
	LCD_DB7_PORT |= LCD_DB7;
     3fc:	5b 9a       	sbi	0x0b, 3	; 11
LCD_E_PORT |= LCD_E;
_LCD_OutNibble(dataToWrite >> 4);
LCD_E_PORT &= ~LCD_E;
LCD_E_PORT |= LCD_E;
_LCD_OutNibble(dataToWrite);
LCD_E_PORT &= ~LCD_E;
     3fe:	5f 98       	cbi	0x0b, 7	; 11
     400:	87 ec       	ldi	r24, 0xC7	; 199
     402:	90 e0       	ldi	r25, 0x00	; 0
     404:	01 97       	sbiw	r24, 0x01	; 1
     406:	f1 f7       	brne	.-4      	; 0x404 <__EEPROM_REGION_LENGTH__+0x4>
     408:	00 c0       	rjmp	.+0      	; 0x40a <__EEPROM_REGION_LENGTH__+0xa>
     40a:	00 00       	nop
     40c:	08 95       	ret

0000040e <LCD_WriteCommand>:
// Funkcja zapisu rozkazu do wyświetlacza
//
//-------------------------------------------------------------------------------------------------
void LCD_WriteCommand(unsigned char commandToWrite)
{
LCD_RS_PORT &= ~LCD_RS;
     40e:	28 98       	cbi	0x05, 0	; 5
// Funkcja zapisu bajtu do wyświetacza (bez rozróżnienia instrukcja/dane).
//
//-------------------------------------------------------------------------------------------------
void _LCD_Write(unsigned char dataToWrite)
{
LCD_E_PORT |= LCD_E;
     410:	5f 9a       	sbi	0x0b, 7	; 11
_LCD_OutNibble(dataToWrite >> 4);
     412:	98 2f       	mov	r25, r24
     414:	92 95       	swap	r25
     416:	9f 70       	andi	r25, 0x0F	; 15
// Funkcja wystawiająca półbajt na magistralę danych
//
//-------------------------------------------------------------------------------------------------
void _LCD_OutNibble(unsigned char nibbleToWrite)
{
if(nibbleToWrite & 0x01)
     418:	90 ff       	sbrs	r25, 0
     41a:	20 c0       	rjmp	.+64     	; 0x45c <LCD_WriteCommand+0x4e>
	LCD_DB4_PORT |= LCD_DB4;
     41c:	5e 9a       	sbi	0x0b, 6	; 11
else
	LCD_DB4_PORT  &= ~LCD_DB4;

if(nibbleToWrite & 0x02)
     41e:	91 ff       	sbrs	r25, 1
     420:	20 c0       	rjmp	.+64     	; 0x462 <LCD_WriteCommand+0x54>
	LCD_DB5_PORT |= LCD_DB5;
     422:	5d 9a       	sbi	0x0b, 5	; 11
else
	LCD_DB5_PORT  &= ~LCD_DB5;

if(nibbleToWrite & 0x04)
     424:	92 ff       	sbrs	r25, 2
     426:	20 c0       	rjmp	.+64     	; 0x468 <LCD_WriteCommand+0x5a>
	LCD_DB6_PORT |= LCD_DB6;
     428:	5c 9a       	sbi	0x0b, 4	; 11
else
	LCD_DB6_PORT  &= ~LCD_DB6;

if(nibbleToWrite & 0x08)
     42a:	98 70       	andi	r25, 0x08	; 8
     42c:	01 f5       	brne	.+64     	; 0x46e <LCD_WriteCommand+0x60>
	LCD_DB7_PORT |= LCD_DB7;
else
	LCD_DB7_PORT  &= ~LCD_DB7;
     42e:	5b 98       	cbi	0x0b, 3	; 11
//-------------------------------------------------------------------------------------------------
void _LCD_Write(unsigned char dataToWrite)
{
LCD_E_PORT |= LCD_E;
_LCD_OutNibble(dataToWrite >> 4);
LCD_E_PORT &= ~LCD_E;
     430:	5f 98       	cbi	0x0b, 7	; 11
LCD_E_PORT |= LCD_E;
     432:	5f 9a       	sbi	0x0b, 7	; 11
// Funkcja wystawiająca półbajt na magistralę danych
//
//-------------------------------------------------------------------------------------------------
void _LCD_OutNibble(unsigned char nibbleToWrite)
{
if(nibbleToWrite & 0x01)
     434:	80 ff       	sbrs	r24, 0
     436:	20 c0       	rjmp	.+64     	; 0x478 <LCD_WriteCommand+0x6a>
	LCD_DB4_PORT |= LCD_DB4;
     438:	5e 9a       	sbi	0x0b, 6	; 11
else
	LCD_DB4_PORT  &= ~LCD_DB4;

if(nibbleToWrite & 0x02)
     43a:	81 ff       	sbrs	r24, 1
     43c:	20 c0       	rjmp	.+64     	; 0x47e <LCD_WriteCommand+0x70>
	LCD_DB5_PORT |= LCD_DB5;
     43e:	5d 9a       	sbi	0x0b, 5	; 11
else
	LCD_DB5_PORT  &= ~LCD_DB5;

if(nibbleToWrite & 0x04)
     440:	82 ff       	sbrs	r24, 2
     442:	20 c0       	rjmp	.+64     	; 0x484 <LCD_WriteCommand+0x76>
	LCD_DB6_PORT |= LCD_DB6;
     444:	5c 9a       	sbi	0x0b, 4	; 11
else
	LCD_DB6_PORT  &= ~LCD_DB6;

if(nibbleToWrite & 0x08)
     446:	83 fd       	sbrc	r24, 3
     448:	20 c0       	rjmp	.+64     	; 0x48a <LCD_WriteCommand+0x7c>
	LCD_DB7_PORT |= LCD_DB7;
else
	LCD_DB7_PORT  &= ~LCD_DB7;
     44a:	5b 98       	cbi	0x0b, 3	; 11
LCD_E_PORT |= LCD_E;
_LCD_OutNibble(dataToWrite >> 4);
LCD_E_PORT &= ~LCD_E;
LCD_E_PORT |= LCD_E;
_LCD_OutNibble(dataToWrite);
LCD_E_PORT &= ~LCD_E;
     44c:	5f 98       	cbi	0x0b, 7	; 11
     44e:	87 ec       	ldi	r24, 0xC7	; 199
     450:	90 e0       	ldi	r25, 0x00	; 0
     452:	01 97       	sbiw	r24, 0x01	; 1
     454:	f1 f7       	brne	.-4      	; 0x452 <LCD_WriteCommand+0x44>
     456:	00 c0       	rjmp	.+0      	; 0x458 <LCD_WriteCommand+0x4a>
     458:	00 00       	nop
     45a:	08 95       	ret
void _LCD_OutNibble(unsigned char nibbleToWrite)
{
if(nibbleToWrite & 0x01)
	LCD_DB4_PORT |= LCD_DB4;
else
	LCD_DB4_PORT  &= ~LCD_DB4;
     45c:	5e 98       	cbi	0x0b, 6	; 11

if(nibbleToWrite & 0x02)
     45e:	91 fd       	sbrc	r25, 1
     460:	e0 cf       	rjmp	.-64     	; 0x422 <LCD_WriteCommand+0x14>
	LCD_DB5_PORT |= LCD_DB5;
else
	LCD_DB5_PORT  &= ~LCD_DB5;
     462:	5d 98       	cbi	0x0b, 5	; 11

if(nibbleToWrite & 0x04)
     464:	92 fd       	sbrc	r25, 2
     466:	e0 cf       	rjmp	.-64     	; 0x428 <LCD_WriteCommand+0x1a>
	LCD_DB6_PORT |= LCD_DB6;
else
	LCD_DB6_PORT  &= ~LCD_DB6;
     468:	5c 98       	cbi	0x0b, 4	; 11

if(nibbleToWrite & 0x08)
     46a:	98 70       	andi	r25, 0x08	; 8
     46c:	01 f3       	breq	.-64     	; 0x42e <LCD_WriteCommand+0x20>
	LCD_DB7_PORT |= LCD_DB7;
     46e:	5b 9a       	sbi	0x0b, 3	; 11
//-------------------------------------------------------------------------------------------------
void _LCD_Write(unsigned char dataToWrite)
{
LCD_E_PORT |= LCD_E;
_LCD_OutNibble(dataToWrite >> 4);
LCD_E_PORT &= ~LCD_E;
     470:	5f 98       	cbi	0x0b, 7	; 11
LCD_E_PORT |= LCD_E;
     472:	5f 9a       	sbi	0x0b, 7	; 11
// Funkcja wystawiająca półbajt na magistralę danych
//
//-------------------------------------------------------------------------------------------------
void _LCD_OutNibble(unsigned char nibbleToWrite)
{
if(nibbleToWrite & 0x01)
     474:	80 fd       	sbrc	r24, 0
     476:	e0 cf       	rjmp	.-64     	; 0x438 <LCD_WriteCommand+0x2a>
	LCD_DB4_PORT |= LCD_DB4;
else
	LCD_DB4_PORT  &= ~LCD_DB4;
     478:	5e 98       	cbi	0x0b, 6	; 11

if(nibbleToWrite & 0x02)
     47a:	81 fd       	sbrc	r24, 1
     47c:	e0 cf       	rjmp	.-64     	; 0x43e <LCD_WriteCommand+0x30>
	LCD_DB5_PORT |= LCD_DB5;
else
	LCD_DB5_PORT  &= ~LCD_DB5;
     47e:	5d 98       	cbi	0x0b, 5	; 11

if(nibbleToWrite & 0x04)
     480:	82 fd       	sbrc	r24, 2
     482:	e0 cf       	rjmp	.-64     	; 0x444 <LCD_WriteCommand+0x36>
	LCD_DB6_PORT |= LCD_DB6;
else
	LCD_DB6_PORT  &= ~LCD_DB6;
     484:	5c 98       	cbi	0x0b, 4	; 11

if(nibbleToWrite & 0x08)
     486:	83 ff       	sbrs	r24, 3
     488:	e0 cf       	rjmp	.-64     	; 0x44a <LCD_WriteCommand+0x3c>
	LCD_DB7_PORT |= LCD_DB7;
     48a:	5b 9a       	sbi	0x0b, 3	; 11
LCD_E_PORT |= LCD_E;
_LCD_OutNibble(dataToWrite >> 4);
LCD_E_PORT &= ~LCD_E;
LCD_E_PORT |= LCD_E;
_LCD_OutNibble(dataToWrite);
LCD_E_PORT &= ~LCD_E;
     48c:	5f 98       	cbi	0x0b, 7	; 11
     48e:	87 ec       	ldi	r24, 0xC7	; 199
     490:	90 e0       	ldi	r25, 0x00	; 0
     492:	01 97       	sbiw	r24, 0x01	; 1
     494:	f1 f7       	brne	.-4      	; 0x492 <LCD_WriteCommand+0x84>
     496:	00 c0       	rjmp	.+0      	; 0x498 <LCD_WriteCommand+0x8a>
     498:	00 00       	nop
     49a:	08 95       	ret

0000049c <LCD_WriteData>:
// Funkcja zapisu danych do pamięci wyświetlacza
//
//-------------------------------------------------------------------------------------------------
void LCD_WriteData(unsigned char dataToWrite)
{
LCD_RS_PORT |= LCD_RS;
     49c:	28 9a       	sbi	0x05, 0	; 5
// Funkcja zapisu bajtu do wyświetacza (bez rozróżnienia instrukcja/dane).
//
//-------------------------------------------------------------------------------------------------
void _LCD_Write(unsigned char dataToWrite)
{
LCD_E_PORT |= LCD_E;
     49e:	5f 9a       	sbi	0x0b, 7	; 11
_LCD_OutNibble(dataToWrite >> 4);
     4a0:	98 2f       	mov	r25, r24
     4a2:	92 95       	swap	r25
     4a4:	9f 70       	andi	r25, 0x0F	; 15
// Funkcja wystawiająca półbajt na magistralę danych
//
//-------------------------------------------------------------------------------------------------
void _LCD_OutNibble(unsigned char nibbleToWrite)
{
if(nibbleToWrite & 0x01)
     4a6:	90 ff       	sbrs	r25, 0
     4a8:	20 c0       	rjmp	.+64     	; 0x4ea <LCD_WriteData+0x4e>
	LCD_DB4_PORT |= LCD_DB4;
     4aa:	5e 9a       	sbi	0x0b, 6	; 11
else
	LCD_DB4_PORT  &= ~LCD_DB4;

if(nibbleToWrite & 0x02)
     4ac:	91 ff       	sbrs	r25, 1
     4ae:	20 c0       	rjmp	.+64     	; 0x4f0 <LCD_WriteData+0x54>
	LCD_DB5_PORT |= LCD_DB5;
     4b0:	5d 9a       	sbi	0x0b, 5	; 11
else
	LCD_DB5_PORT  &= ~LCD_DB5;

if(nibbleToWrite & 0x04)
     4b2:	92 ff       	sbrs	r25, 2
     4b4:	20 c0       	rjmp	.+64     	; 0x4f6 <LCD_WriteData+0x5a>
	LCD_DB6_PORT |= LCD_DB6;
     4b6:	5c 9a       	sbi	0x0b, 4	; 11
else
	LCD_DB6_PORT  &= ~LCD_DB6;

if(nibbleToWrite & 0x08)
     4b8:	98 70       	andi	r25, 0x08	; 8
     4ba:	01 f5       	brne	.+64     	; 0x4fc <LCD_WriteData+0x60>
	LCD_DB7_PORT |= LCD_DB7;
else
	LCD_DB7_PORT  &= ~LCD_DB7;
     4bc:	5b 98       	cbi	0x0b, 3	; 11
//-------------------------------------------------------------------------------------------------
void _LCD_Write(unsigned char dataToWrite)
{
LCD_E_PORT |= LCD_E;
_LCD_OutNibble(dataToWrite >> 4);
LCD_E_PORT &= ~LCD_E;
     4be:	5f 98       	cbi	0x0b, 7	; 11
LCD_E_PORT |= LCD_E;
     4c0:	5f 9a       	sbi	0x0b, 7	; 11
// Funkcja wystawiająca półbajt na magistralę danych
//
//-------------------------------------------------------------------------------------------------
void _LCD_OutNibble(unsigned char nibbleToWrite)
{
if(nibbleToWrite & 0x01)
     4c2:	80 ff       	sbrs	r24, 0
     4c4:	20 c0       	rjmp	.+64     	; 0x506 <LCD_WriteData+0x6a>
	LCD_DB4_PORT |= LCD_DB4;
     4c6:	5e 9a       	sbi	0x0b, 6	; 11
else
	LCD_DB4_PORT  &= ~LCD_DB4;

if(nibbleToWrite & 0x02)
     4c8:	81 ff       	sbrs	r24, 1
     4ca:	20 c0       	rjmp	.+64     	; 0x50c <LCD_WriteData+0x70>
	LCD_DB5_PORT |= LCD_DB5;
     4cc:	5d 9a       	sbi	0x0b, 5	; 11
else
	LCD_DB5_PORT  &= ~LCD_DB5;

if(nibbleToWrite & 0x04)
     4ce:	82 ff       	sbrs	r24, 2
     4d0:	20 c0       	rjmp	.+64     	; 0x512 <LCD_WriteData+0x76>
	LCD_DB6_PORT |= LCD_DB6;
     4d2:	5c 9a       	sbi	0x0b, 4	; 11
else
	LCD_DB6_PORT  &= ~LCD_DB6;

if(nibbleToWrite & 0x08)
     4d4:	83 fd       	sbrc	r24, 3
     4d6:	20 c0       	rjmp	.+64     	; 0x518 <LCD_WriteData+0x7c>
	LCD_DB7_PORT |= LCD_DB7;
else
	LCD_DB7_PORT  &= ~LCD_DB7;
     4d8:	5b 98       	cbi	0x0b, 3	; 11
LCD_E_PORT |= LCD_E;
_LCD_OutNibble(dataToWrite >> 4);
LCD_E_PORT &= ~LCD_E;
LCD_E_PORT |= LCD_E;
_LCD_OutNibble(dataToWrite);
LCD_E_PORT &= ~LCD_E;
     4da:	5f 98       	cbi	0x0b, 7	; 11
     4dc:	87 ec       	ldi	r24, 0xC7	; 199
     4de:	90 e0       	ldi	r25, 0x00	; 0
     4e0:	01 97       	sbiw	r24, 0x01	; 1
     4e2:	f1 f7       	brne	.-4      	; 0x4e0 <LCD_WriteData+0x44>
     4e4:	00 c0       	rjmp	.+0      	; 0x4e6 <LCD_WriteData+0x4a>
     4e6:	00 00       	nop
     4e8:	08 95       	ret
void _LCD_OutNibble(unsigned char nibbleToWrite)
{
if(nibbleToWrite & 0x01)
	LCD_DB4_PORT |= LCD_DB4;
else
	LCD_DB4_PORT  &= ~LCD_DB4;
     4ea:	5e 98       	cbi	0x0b, 6	; 11

if(nibbleToWrite & 0x02)
     4ec:	91 fd       	sbrc	r25, 1
     4ee:	e0 cf       	rjmp	.-64     	; 0x4b0 <LCD_WriteData+0x14>
	LCD_DB5_PORT |= LCD_DB5;
else
	LCD_DB5_PORT  &= ~LCD_DB5;
     4f0:	5d 98       	cbi	0x0b, 5	; 11

if(nibbleToWrite & 0x04)
     4f2:	92 fd       	sbrc	r25, 2
     4f4:	e0 cf       	rjmp	.-64     	; 0x4b6 <LCD_WriteData+0x1a>
	LCD_DB6_PORT |= LCD_DB6;
else
	LCD_DB6_PORT  &= ~LCD_DB6;
     4f6:	5c 98       	cbi	0x0b, 4	; 11

if(nibbleToWrite & 0x08)
     4f8:	98 70       	andi	r25, 0x08	; 8
     4fa:	01 f3       	breq	.-64     	; 0x4bc <LCD_WriteData+0x20>
	LCD_DB7_PORT |= LCD_DB7;
     4fc:	5b 9a       	sbi	0x0b, 3	; 11
//-------------------------------------------------------------------------------------------------
void _LCD_Write(unsigned char dataToWrite)
{
LCD_E_PORT |= LCD_E;
_LCD_OutNibble(dataToWrite >> 4);
LCD_E_PORT &= ~LCD_E;
     4fe:	5f 98       	cbi	0x0b, 7	; 11
LCD_E_PORT |= LCD_E;
     500:	5f 9a       	sbi	0x0b, 7	; 11
// Funkcja wystawiająca półbajt na magistralę danych
//
//-------------------------------------------------------------------------------------------------
void _LCD_OutNibble(unsigned char nibbleToWrite)
{
if(nibbleToWrite & 0x01)
     502:	80 fd       	sbrc	r24, 0
     504:	e0 cf       	rjmp	.-64     	; 0x4c6 <LCD_WriteData+0x2a>
	LCD_DB4_PORT |= LCD_DB4;
else
	LCD_DB4_PORT  &= ~LCD_DB4;
     506:	5e 98       	cbi	0x0b, 6	; 11

if(nibbleToWrite & 0x02)
     508:	81 fd       	sbrc	r24, 1
     50a:	e0 cf       	rjmp	.-64     	; 0x4cc <LCD_WriteData+0x30>
	LCD_DB5_PORT |= LCD_DB5;
else
	LCD_DB5_PORT  &= ~LCD_DB5;
     50c:	5d 98       	cbi	0x0b, 5	; 11

if(nibbleToWrite & 0x04)
     50e:	82 fd       	sbrc	r24, 2
     510:	e0 cf       	rjmp	.-64     	; 0x4d2 <LCD_WriteData+0x36>
	LCD_DB6_PORT |= LCD_DB6;
else
	LCD_DB6_PORT  &= ~LCD_DB6;
     512:	5c 98       	cbi	0x0b, 4	; 11

if(nibbleToWrite & 0x08)
     514:	83 ff       	sbrs	r24, 3
     516:	e0 cf       	rjmp	.-64     	; 0x4d8 <LCD_WriteData+0x3c>
	LCD_DB7_PORT |= LCD_DB7;
     518:	5b 9a       	sbi	0x0b, 3	; 11
LCD_E_PORT |= LCD_E;
_LCD_OutNibble(dataToWrite >> 4);
LCD_E_PORT &= ~LCD_E;
LCD_E_PORT |= LCD_E;
_LCD_OutNibble(dataToWrite);
LCD_E_PORT &= ~LCD_E;
     51a:	5f 98       	cbi	0x0b, 7	; 11
     51c:	87 ec       	ldi	r24, 0xC7	; 199
     51e:	90 e0       	ldi	r25, 0x00	; 0
     520:	01 97       	sbiw	r24, 0x01	; 1
     522:	f1 f7       	brne	.-4      	; 0x520 <LCD_WriteData+0x84>
     524:	00 c0       	rjmp	.+0      	; 0x526 <LCD_WriteData+0x8a>
     526:	00 00       	nop
     528:	08 95       	ret

0000052a <LCD_WriteText>:
//
// Funkcja wyświetlenia napisu na wyswietlaczu.
//
//-------------------------------------------------------------------------------------------------
void LCD_WriteText(char * text)
{
     52a:	fc 01       	movw	r30, r24
while(*text)
     52c:	90 81       	ld	r25, Z
     52e:	99 23       	and	r25, r25
     530:	09 f4       	brne	.+2      	; 0x534 <LCD_WriteText+0xa>
     532:	44 c0       	rjmp	.+136    	; 0x5bc <LCD_WriteText+0x92>
     534:	31 96       	adiw	r30, 0x01	; 1
     536:	22 c0       	rjmp	.+68     	; 0x57c <LCD_WriteText+0x52>
//
//-------------------------------------------------------------------------------------------------
void _LCD_OutNibble(unsigned char nibbleToWrite)
{
if(nibbleToWrite & 0x01)
	LCD_DB4_PORT |= LCD_DB4;
     538:	5e 9a       	sbi	0x0b, 6	; 11
else
	LCD_DB4_PORT  &= ~LCD_DB4;

if(nibbleToWrite & 0x02)
     53a:	21 ff       	sbrs	r18, 1
     53c:	29 c0       	rjmp	.+82     	; 0x590 <LCD_WriteText+0x66>
	LCD_DB5_PORT |= LCD_DB5;
     53e:	5d 9a       	sbi	0x0b, 5	; 11
else
	LCD_DB5_PORT  &= ~LCD_DB5;

if(nibbleToWrite & 0x04)
     540:	22 ff       	sbrs	r18, 2
     542:	29 c0       	rjmp	.+82     	; 0x596 <LCD_WriteText+0x6c>
	LCD_DB6_PORT |= LCD_DB6;
     544:	5c 9a       	sbi	0x0b, 4	; 11
else
	LCD_DB6_PORT  &= ~LCD_DB6;

if(nibbleToWrite & 0x08)
     546:	28 70       	andi	r18, 0x08	; 8
     548:	49 f5       	brne	.+82     	; 0x59c <LCD_WriteText+0x72>
	LCD_DB7_PORT |= LCD_DB7;
else
	LCD_DB7_PORT  &= ~LCD_DB7;
     54a:	5b 98       	cbi	0x0b, 3	; 11
//-------------------------------------------------------------------------------------------------
void _LCD_Write(unsigned char dataToWrite)
{
LCD_E_PORT |= LCD_E;
_LCD_OutNibble(dataToWrite >> 4);
LCD_E_PORT &= ~LCD_E;
     54c:	5f 98       	cbi	0x0b, 7	; 11
LCD_E_PORT |= LCD_E;
     54e:	5f 9a       	sbi	0x0b, 7	; 11
// Funkcja wystawiająca półbajt na magistralę danych
//
//-------------------------------------------------------------------------------------------------
void _LCD_OutNibble(unsigned char nibbleToWrite)
{
if(nibbleToWrite & 0x01)
     550:	90 ff       	sbrs	r25, 0
     552:	29 c0       	rjmp	.+82     	; 0x5a6 <LCD_WriteText+0x7c>
	LCD_DB4_PORT |= LCD_DB4;
     554:	5e 9a       	sbi	0x0b, 6	; 11
else
	LCD_DB4_PORT  &= ~LCD_DB4;

if(nibbleToWrite & 0x02)
     556:	91 ff       	sbrs	r25, 1
     558:	29 c0       	rjmp	.+82     	; 0x5ac <LCD_WriteText+0x82>
	LCD_DB5_PORT |= LCD_DB5;
     55a:	5d 9a       	sbi	0x0b, 5	; 11
else
	LCD_DB5_PORT  &= ~LCD_DB5;

if(nibbleToWrite & 0x04)
     55c:	92 ff       	sbrs	r25, 2
     55e:	29 c0       	rjmp	.+82     	; 0x5b2 <LCD_WriteText+0x88>
	LCD_DB6_PORT |= LCD_DB6;
     560:	5c 9a       	sbi	0x0b, 4	; 11
else
	LCD_DB6_PORT  &= ~LCD_DB6;

if(nibbleToWrite & 0x08)
     562:	93 fd       	sbrc	r25, 3
     564:	29 c0       	rjmp	.+82     	; 0x5b8 <LCD_WriteText+0x8e>
	LCD_DB7_PORT |= LCD_DB7;
else
	LCD_DB7_PORT  &= ~LCD_DB7;
     566:	5b 98       	cbi	0x0b, 3	; 11
LCD_E_PORT |= LCD_E;
_LCD_OutNibble(dataToWrite >> 4);
LCD_E_PORT &= ~LCD_E;
LCD_E_PORT |= LCD_E;
_LCD_OutNibble(dataToWrite);
LCD_E_PORT &= ~LCD_E;
     568:	5f 98       	cbi	0x0b, 7	; 11
     56a:	87 ec       	ldi	r24, 0xC7	; 199
     56c:	90 e0       	ldi	r25, 0x00	; 0
     56e:	01 97       	sbiw	r24, 0x01	; 1
     570:	f1 f7       	brne	.-4      	; 0x56e <LCD_WriteText+0x44>
     572:	00 c0       	rjmp	.+0      	; 0x574 <LCD_WriteText+0x4a>
     574:	00 00       	nop
// Funkcja wyświetlenia napisu na wyswietlaczu.
//
//-------------------------------------------------------------------------------------------------
void LCD_WriteText(char * text)
{
while(*text)
     576:	91 91       	ld	r25, Z+
     578:	99 23       	and	r25, r25
     57a:	01 f1       	breq	.+64     	; 0x5bc <LCD_WriteText+0x92>
// Funkcja zapisu danych do pamięci wyświetlacza
//
//-------------------------------------------------------------------------------------------------
void LCD_WriteData(unsigned char dataToWrite)
{
LCD_RS_PORT |= LCD_RS;
     57c:	28 9a       	sbi	0x05, 0	; 5
// Funkcja zapisu bajtu do wyświetacza (bez rozróżnienia instrukcja/dane).
//
//-------------------------------------------------------------------------------------------------
void _LCD_Write(unsigned char dataToWrite)
{
LCD_E_PORT |= LCD_E;
     57e:	5f 9a       	sbi	0x0b, 7	; 11
_LCD_OutNibble(dataToWrite >> 4);
     580:	29 2f       	mov	r18, r25
     582:	22 95       	swap	r18
     584:	2f 70       	andi	r18, 0x0F	; 15
// Funkcja wystawiająca półbajt na magistralę danych
//
//-------------------------------------------------------------------------------------------------
void _LCD_OutNibble(unsigned char nibbleToWrite)
{
if(nibbleToWrite & 0x01)
     586:	20 fd       	sbrc	r18, 0
     588:	d7 cf       	rjmp	.-82     	; 0x538 <LCD_WriteText+0xe>
	LCD_DB4_PORT |= LCD_DB4;
else
	LCD_DB4_PORT  &= ~LCD_DB4;
     58a:	5e 98       	cbi	0x0b, 6	; 11

if(nibbleToWrite & 0x02)
     58c:	21 fd       	sbrc	r18, 1
     58e:	d7 cf       	rjmp	.-82     	; 0x53e <LCD_WriteText+0x14>
	LCD_DB5_PORT |= LCD_DB5;
else
	LCD_DB5_PORT  &= ~LCD_DB5;
     590:	5d 98       	cbi	0x0b, 5	; 11

if(nibbleToWrite & 0x04)
     592:	22 fd       	sbrc	r18, 2
     594:	d7 cf       	rjmp	.-82     	; 0x544 <LCD_WriteText+0x1a>
	LCD_DB6_PORT |= LCD_DB6;
else
	LCD_DB6_PORT  &= ~LCD_DB6;
     596:	5c 98       	cbi	0x0b, 4	; 11

if(nibbleToWrite & 0x08)
     598:	28 70       	andi	r18, 0x08	; 8
     59a:	b9 f2       	breq	.-82     	; 0x54a <LCD_WriteText+0x20>
	LCD_DB7_PORT |= LCD_DB7;
     59c:	5b 9a       	sbi	0x0b, 3	; 11
//-------------------------------------------------------------------------------------------------
void _LCD_Write(unsigned char dataToWrite)
{
LCD_E_PORT |= LCD_E;
_LCD_OutNibble(dataToWrite >> 4);
LCD_E_PORT &= ~LCD_E;
     59e:	5f 98       	cbi	0x0b, 7	; 11
LCD_E_PORT |= LCD_E;
     5a0:	5f 9a       	sbi	0x0b, 7	; 11
// Funkcja wystawiająca półbajt na magistralę danych
//
//-------------------------------------------------------------------------------------------------
void _LCD_OutNibble(unsigned char nibbleToWrite)
{
if(nibbleToWrite & 0x01)
     5a2:	90 fd       	sbrc	r25, 0
     5a4:	d7 cf       	rjmp	.-82     	; 0x554 <LCD_WriteText+0x2a>
	LCD_DB4_PORT |= LCD_DB4;
else
	LCD_DB4_PORT  &= ~LCD_DB4;
     5a6:	5e 98       	cbi	0x0b, 6	; 11

if(nibbleToWrite & 0x02)
     5a8:	91 fd       	sbrc	r25, 1
     5aa:	d7 cf       	rjmp	.-82     	; 0x55a <LCD_WriteText+0x30>
	LCD_DB5_PORT |= LCD_DB5;
else
	LCD_DB5_PORT  &= ~LCD_DB5;
     5ac:	5d 98       	cbi	0x0b, 5	; 11

if(nibbleToWrite & 0x04)
     5ae:	92 fd       	sbrc	r25, 2
     5b0:	d7 cf       	rjmp	.-82     	; 0x560 <LCD_WriteText+0x36>
	LCD_DB6_PORT |= LCD_DB6;
else
	LCD_DB6_PORT  &= ~LCD_DB6;
     5b2:	5c 98       	cbi	0x0b, 4	; 11

if(nibbleToWrite & 0x08)
     5b4:	93 ff       	sbrs	r25, 3
     5b6:	d7 cf       	rjmp	.-82     	; 0x566 <LCD_WriteText+0x3c>
	LCD_DB7_PORT |= LCD_DB7;
     5b8:	5b 9a       	sbi	0x0b, 3	; 11
     5ba:	d6 cf       	rjmp	.-84     	; 0x568 <LCD_WriteText+0x3e>
     5bc:	08 95       	ret

000005be <LCD_GoTo>:
// Funkcja ustawienia współrzędnych ekranowych
//
//-------------------------------------------------------------------------------------------------
void LCD_GoTo(unsigned char x, unsigned char y)
{
LCD_WriteCommand(HD44780_DDRAM_SET | (x + (0x40 * y)));
     5be:	90 e4       	ldi	r25, 0x40	; 64
     5c0:	69 9f       	mul	r22, r25
     5c2:	80 0d       	add	r24, r0
     5c4:	11 24       	eor	r1, r1
     5c6:	80 68       	ori	r24, 0x80	; 128
// Funkcja zapisu rozkazu do wyświetlacza
//
//-------------------------------------------------------------------------------------------------
void LCD_WriteCommand(unsigned char commandToWrite)
{
LCD_RS_PORT &= ~LCD_RS;
     5c8:	28 98       	cbi	0x05, 0	; 5
// Funkcja zapisu bajtu do wyświetacza (bez rozróżnienia instrukcja/dane).
//
//-------------------------------------------------------------------------------------------------
void _LCD_Write(unsigned char dataToWrite)
{
LCD_E_PORT |= LCD_E;
     5ca:	5f 9a       	sbi	0x0b, 7	; 11
_LCD_OutNibble(dataToWrite >> 4);
     5cc:	98 2f       	mov	r25, r24
     5ce:	92 95       	swap	r25
     5d0:	9f 70       	andi	r25, 0x0F	; 15
// Funkcja wystawiająca półbajt na magistralę danych
//
//-------------------------------------------------------------------------------------------------
void _LCD_OutNibble(unsigned char nibbleToWrite)
{
if(nibbleToWrite & 0x01)
     5d2:	90 ff       	sbrs	r25, 0
     5d4:	1e c0       	rjmp	.+60     	; 0x612 <LCD_GoTo+0x54>
	LCD_DB4_PORT |= LCD_DB4;
     5d6:	5e 9a       	sbi	0x0b, 6	; 11
else
	LCD_DB4_PORT  &= ~LCD_DB4;

if(nibbleToWrite & 0x02)
     5d8:	91 ff       	sbrs	r25, 1
     5da:	1e c0       	rjmp	.+60     	; 0x618 <LCD_GoTo+0x5a>
	LCD_DB5_PORT |= LCD_DB5;
     5dc:	5d 9a       	sbi	0x0b, 5	; 11
else
	LCD_DB5_PORT  &= ~LCD_DB5;

if(nibbleToWrite & 0x04)
     5de:	92 ff       	sbrs	r25, 2
     5e0:	1e c0       	rjmp	.+60     	; 0x61e <LCD_GoTo+0x60>
	LCD_DB6_PORT |= LCD_DB6;
     5e2:	5c 9a       	sbi	0x0b, 4	; 11
else
	LCD_DB6_PORT  &= ~LCD_DB6;

if(nibbleToWrite & 0x08)
	LCD_DB7_PORT |= LCD_DB7;
     5e4:	5b 9a       	sbi	0x0b, 3	; 11
//-------------------------------------------------------------------------------------------------
void _LCD_Write(unsigned char dataToWrite)
{
LCD_E_PORT |= LCD_E;
_LCD_OutNibble(dataToWrite >> 4);
LCD_E_PORT &= ~LCD_E;
     5e6:	5f 98       	cbi	0x0b, 7	; 11
LCD_E_PORT |= LCD_E;
     5e8:	5f 9a       	sbi	0x0b, 7	; 11
// Funkcja wystawiająca półbajt na magistralę danych
//
//-------------------------------------------------------------------------------------------------
void _LCD_OutNibble(unsigned char nibbleToWrite)
{
if(nibbleToWrite & 0x01)
     5ea:	80 ff       	sbrs	r24, 0
     5ec:	1e c0       	rjmp	.+60     	; 0x62a <LCD_GoTo+0x6c>
	LCD_DB4_PORT |= LCD_DB4;
     5ee:	5e 9a       	sbi	0x0b, 6	; 11
else
	LCD_DB4_PORT  &= ~LCD_DB4;

if(nibbleToWrite & 0x02)
     5f0:	81 ff       	sbrs	r24, 1
     5f2:	1e c0       	rjmp	.+60     	; 0x630 <LCD_GoTo+0x72>
	LCD_DB5_PORT |= LCD_DB5;
     5f4:	5d 9a       	sbi	0x0b, 5	; 11
else
	LCD_DB5_PORT  &= ~LCD_DB5;

if(nibbleToWrite & 0x04)
     5f6:	82 ff       	sbrs	r24, 2
     5f8:	1e c0       	rjmp	.+60     	; 0x636 <LCD_GoTo+0x78>
	LCD_DB6_PORT |= LCD_DB6;
     5fa:	5c 9a       	sbi	0x0b, 4	; 11
else
	LCD_DB6_PORT  &= ~LCD_DB6;

if(nibbleToWrite & 0x08)
     5fc:	83 fd       	sbrc	r24, 3
     5fe:	1e c0       	rjmp	.+60     	; 0x63c <LCD_GoTo+0x7e>
	LCD_DB7_PORT |= LCD_DB7;
else
	LCD_DB7_PORT  &= ~LCD_DB7;
     600:	5b 98       	cbi	0x0b, 3	; 11
LCD_E_PORT |= LCD_E;
_LCD_OutNibble(dataToWrite >> 4);
LCD_E_PORT &= ~LCD_E;
LCD_E_PORT |= LCD_E;
_LCD_OutNibble(dataToWrite);
LCD_E_PORT &= ~LCD_E;
     602:	5f 98       	cbi	0x0b, 7	; 11
     604:	87 ec       	ldi	r24, 0xC7	; 199
     606:	90 e0       	ldi	r25, 0x00	; 0
     608:	01 97       	sbiw	r24, 0x01	; 1
     60a:	f1 f7       	brne	.-4      	; 0x608 <LCD_GoTo+0x4a>
     60c:	00 c0       	rjmp	.+0      	; 0x60e <LCD_GoTo+0x50>
     60e:	00 00       	nop
     610:	08 95       	ret
void _LCD_OutNibble(unsigned char nibbleToWrite)
{
if(nibbleToWrite & 0x01)
	LCD_DB4_PORT |= LCD_DB4;
else
	LCD_DB4_PORT  &= ~LCD_DB4;
     612:	5e 98       	cbi	0x0b, 6	; 11

if(nibbleToWrite & 0x02)
     614:	91 fd       	sbrc	r25, 1
     616:	e2 cf       	rjmp	.-60     	; 0x5dc <LCD_GoTo+0x1e>
	LCD_DB5_PORT |= LCD_DB5;
else
	LCD_DB5_PORT  &= ~LCD_DB5;
     618:	5d 98       	cbi	0x0b, 5	; 11

if(nibbleToWrite & 0x04)
     61a:	92 fd       	sbrc	r25, 2
     61c:	e2 cf       	rjmp	.-60     	; 0x5e2 <LCD_GoTo+0x24>
	LCD_DB6_PORT |= LCD_DB6;
else
	LCD_DB6_PORT  &= ~LCD_DB6;
     61e:	5c 98       	cbi	0x0b, 4	; 11

if(nibbleToWrite & 0x08)
	LCD_DB7_PORT |= LCD_DB7;
     620:	5b 9a       	sbi	0x0b, 3	; 11
//-------------------------------------------------------------------------------------------------
void _LCD_Write(unsigned char dataToWrite)
{
LCD_E_PORT |= LCD_E;
_LCD_OutNibble(dataToWrite >> 4);
LCD_E_PORT &= ~LCD_E;
     622:	5f 98       	cbi	0x0b, 7	; 11
LCD_E_PORT |= LCD_E;
     624:	5f 9a       	sbi	0x0b, 7	; 11
// Funkcja wystawiająca półbajt na magistralę danych
//
//-------------------------------------------------------------------------------------------------
void _LCD_OutNibble(unsigned char nibbleToWrite)
{
if(nibbleToWrite & 0x01)
     626:	80 fd       	sbrc	r24, 0
     628:	e2 cf       	rjmp	.-60     	; 0x5ee <LCD_GoTo+0x30>
	LCD_DB4_PORT |= LCD_DB4;
else
	LCD_DB4_PORT  &= ~LCD_DB4;
     62a:	5e 98       	cbi	0x0b, 6	; 11

if(nibbleToWrite & 0x02)
     62c:	81 fd       	sbrc	r24, 1
     62e:	e2 cf       	rjmp	.-60     	; 0x5f4 <LCD_GoTo+0x36>
	LCD_DB5_PORT |= LCD_DB5;
else
	LCD_DB5_PORT  &= ~LCD_DB5;
     630:	5d 98       	cbi	0x0b, 5	; 11

if(nibbleToWrite & 0x04)
     632:	82 fd       	sbrc	r24, 2
     634:	e2 cf       	rjmp	.-60     	; 0x5fa <LCD_GoTo+0x3c>
	LCD_DB6_PORT |= LCD_DB6;
else
	LCD_DB6_PORT  &= ~LCD_DB6;
     636:	5c 98       	cbi	0x0b, 4	; 11

if(nibbleToWrite & 0x08)
     638:	83 ff       	sbrs	r24, 3
     63a:	e2 cf       	rjmp	.-60     	; 0x600 <LCD_GoTo+0x42>
	LCD_DB7_PORT |= LCD_DB7;
     63c:	5b 9a       	sbi	0x0b, 3	; 11
LCD_E_PORT |= LCD_E;
_LCD_OutNibble(dataToWrite >> 4);
LCD_E_PORT &= ~LCD_E;
LCD_E_PORT |= LCD_E;
_LCD_OutNibble(dataToWrite);
LCD_E_PORT &= ~LCD_E;
     63e:	5f 98       	cbi	0x0b, 7	; 11
     640:	87 ec       	ldi	r24, 0xC7	; 199
     642:	90 e0       	ldi	r25, 0x00	; 0
     644:	01 97       	sbiw	r24, 0x01	; 1
     646:	f1 f7       	brne	.-4      	; 0x644 <LCD_GoTo+0x86>
     648:	00 c0       	rjmp	.+0      	; 0x64a <LCD_GoTo+0x8c>
     64a:	00 00       	nop
     64c:	08 95       	ret

0000064e <LCD_Clear>:
// Funkcja zapisu rozkazu do wyświetlacza
//
//-------------------------------------------------------------------------------------------------
void LCD_WriteCommand(unsigned char commandToWrite)
{
LCD_RS_PORT &= ~LCD_RS;
     64e:	28 98       	cbi	0x05, 0	; 5
// Funkcja zapisu bajtu do wyświetacza (bez rozróżnienia instrukcja/dane).
//
//-------------------------------------------------------------------------------------------------
void _LCD_Write(unsigned char dataToWrite)
{
LCD_E_PORT |= LCD_E;
     650:	5f 9a       	sbi	0x0b, 7	; 11
void _LCD_OutNibble(unsigned char nibbleToWrite)
{
if(nibbleToWrite & 0x01)
	LCD_DB4_PORT |= LCD_DB4;
else
	LCD_DB4_PORT  &= ~LCD_DB4;
     652:	5e 98       	cbi	0x0b, 6	; 11

if(nibbleToWrite & 0x02)
	LCD_DB5_PORT |= LCD_DB5;
else
	LCD_DB5_PORT  &= ~LCD_DB5;
     654:	5d 98       	cbi	0x0b, 5	; 11

if(nibbleToWrite & 0x04)
	LCD_DB6_PORT |= LCD_DB6;
else
	LCD_DB6_PORT  &= ~LCD_DB6;
     656:	5c 98       	cbi	0x0b, 4	; 11

if(nibbleToWrite & 0x08)
	LCD_DB7_PORT |= LCD_DB7;
else
	LCD_DB7_PORT  &= ~LCD_DB7;
     658:	5b 98       	cbi	0x0b, 3	; 11
//-------------------------------------------------------------------------------------------------
void _LCD_Write(unsigned char dataToWrite)
{
LCD_E_PORT |= LCD_E;
_LCD_OutNibble(dataToWrite >> 4);
LCD_E_PORT &= ~LCD_E;
     65a:	5f 98       	cbi	0x0b, 7	; 11
LCD_E_PORT |= LCD_E;
     65c:	5f 9a       	sbi	0x0b, 7	; 11
//
//-------------------------------------------------------------------------------------------------
void _LCD_OutNibble(unsigned char nibbleToWrite)
{
if(nibbleToWrite & 0x01)
	LCD_DB4_PORT |= LCD_DB4;
     65e:	5e 9a       	sbi	0x0b, 6	; 11
	LCD_DB4_PORT  &= ~LCD_DB4;

if(nibbleToWrite & 0x02)
	LCD_DB5_PORT |= LCD_DB5;
else
	LCD_DB5_PORT  &= ~LCD_DB5;
     660:	5d 98       	cbi	0x0b, 5	; 11

if(nibbleToWrite & 0x04)
	LCD_DB6_PORT |= LCD_DB6;
else
	LCD_DB6_PORT  &= ~LCD_DB6;
     662:	5c 98       	cbi	0x0b, 4	; 11

if(nibbleToWrite & 0x08)
	LCD_DB7_PORT |= LCD_DB7;
else
	LCD_DB7_PORT  &= ~LCD_DB7;
     664:	5b 98       	cbi	0x0b, 3	; 11
LCD_E_PORT |= LCD_E;
_LCD_OutNibble(dataToWrite >> 4);
LCD_E_PORT &= ~LCD_E;
LCD_E_PORT |= LCD_E;
_LCD_OutNibble(dataToWrite);
LCD_E_PORT &= ~LCD_E;
     666:	5f 98       	cbi	0x0b, 7	; 11
     668:	87 ec       	ldi	r24, 0xC7	; 199
     66a:	90 e0       	ldi	r25, 0x00	; 0
     66c:	01 97       	sbiw	r24, 0x01	; 1
     66e:	f1 f7       	brne	.-4      	; 0x66c <LCD_Clear+0x1e>
     670:	00 c0       	rjmp	.+0      	; 0x672 <LCD_Clear+0x24>
     672:	00 00       	nop
	#else
		//round up by default
		__ticks_dc = (uint32_t)(ceil(fabs(__tmp)));
	#endif

	__builtin_avr_delay_cycles(__ticks_dc);
     674:	8f e3       	ldi	r24, 0x3F	; 63
     676:	9f e1       	ldi	r25, 0x1F	; 31
     678:	01 97       	sbiw	r24, 0x01	; 1
     67a:	f1 f7       	brne	.-4      	; 0x678 <LCD_Clear+0x2a>
     67c:	00 c0       	rjmp	.+0      	; 0x67e <LCD_Clear+0x30>
     67e:	00 00       	nop
     680:	08 95       	ret

00000682 <LCD_Home>:
// Funkcja zapisu rozkazu do wyświetlacza
//
//-------------------------------------------------------------------------------------------------
void LCD_WriteCommand(unsigned char commandToWrite)
{
LCD_RS_PORT &= ~LCD_RS;
     682:	28 98       	cbi	0x05, 0	; 5
// Funkcja zapisu bajtu do wyświetacza (bez rozróżnienia instrukcja/dane).
//
//-------------------------------------------------------------------------------------------------
void _LCD_Write(unsigned char dataToWrite)
{
LCD_E_PORT |= LCD_E;
     684:	5f 9a       	sbi	0x0b, 7	; 11
void _LCD_OutNibble(unsigned char nibbleToWrite)
{
if(nibbleToWrite & 0x01)
	LCD_DB4_PORT |= LCD_DB4;
else
	LCD_DB4_PORT  &= ~LCD_DB4;
     686:	5e 98       	cbi	0x0b, 6	; 11

if(nibbleToWrite & 0x02)
	LCD_DB5_PORT |= LCD_DB5;
else
	LCD_DB5_PORT  &= ~LCD_DB5;
     688:	5d 98       	cbi	0x0b, 5	; 11

if(nibbleToWrite & 0x04)
	LCD_DB6_PORT |= LCD_DB6;
else
	LCD_DB6_PORT  &= ~LCD_DB6;
     68a:	5c 98       	cbi	0x0b, 4	; 11

if(nibbleToWrite & 0x08)
	LCD_DB7_PORT |= LCD_DB7;
else
	LCD_DB7_PORT  &= ~LCD_DB7;
     68c:	5b 98       	cbi	0x0b, 3	; 11
//-------------------------------------------------------------------------------------------------
void _LCD_Write(unsigned char dataToWrite)
{
LCD_E_PORT |= LCD_E;
_LCD_OutNibble(dataToWrite >> 4);
LCD_E_PORT &= ~LCD_E;
     68e:	5f 98       	cbi	0x0b, 7	; 11
LCD_E_PORT |= LCD_E;
     690:	5f 9a       	sbi	0x0b, 7	; 11
void _LCD_OutNibble(unsigned char nibbleToWrite)
{
if(nibbleToWrite & 0x01)
	LCD_DB4_PORT |= LCD_DB4;
else
	LCD_DB4_PORT  &= ~LCD_DB4;
     692:	5e 98       	cbi	0x0b, 6	; 11

if(nibbleToWrite & 0x02)
	LCD_DB5_PORT |= LCD_DB5;
     694:	5d 9a       	sbi	0x0b, 5	; 11
	LCD_DB5_PORT  &= ~LCD_DB5;

if(nibbleToWrite & 0x04)
	LCD_DB6_PORT |= LCD_DB6;
else
	LCD_DB6_PORT  &= ~LCD_DB6;
     696:	5c 98       	cbi	0x0b, 4	; 11

if(nibbleToWrite & 0x08)
	LCD_DB7_PORT |= LCD_DB7;
else
	LCD_DB7_PORT  &= ~LCD_DB7;
     698:	5b 98       	cbi	0x0b, 3	; 11
LCD_E_PORT |= LCD_E;
_LCD_OutNibble(dataToWrite >> 4);
LCD_E_PORT &= ~LCD_E;
LCD_E_PORT |= LCD_E;
_LCD_OutNibble(dataToWrite);
LCD_E_PORT &= ~LCD_E;
     69a:	5f 98       	cbi	0x0b, 7	; 11
	#else
		//round up by default
		__ticks_dc = (uint32_t)(ceil(fabs(__tmp)));
	#endif

	__builtin_avr_delay_cycles(__ticks_dc);
     69c:	87 ec       	ldi	r24, 0xC7	; 199
     69e:	90 e0       	ldi	r25, 0x00	; 0
     6a0:	01 97       	sbiw	r24, 0x01	; 1
     6a2:	f1 f7       	brne	.-4      	; 0x6a0 <LCD_Home+0x1e>
     6a4:	00 c0       	rjmp	.+0      	; 0x6a6 <LCD_Home+0x24>
     6a6:	00 00       	nop
	#else
		//round up by default
		__ticks_dc = (uint32_t)(ceil(fabs(__tmp)));
	#endif

	__builtin_avr_delay_cycles(__ticks_dc);
     6a8:	8f e3       	ldi	r24, 0x3F	; 63
     6aa:	9f e1       	ldi	r25, 0x1F	; 31
     6ac:	01 97       	sbiw	r24, 0x01	; 1
     6ae:	f1 f7       	brne	.-4      	; 0x6ac <LCD_Home+0x2a>
     6b0:	00 c0       	rjmp	.+0      	; 0x6b2 <LCD_Home+0x30>
     6b2:	00 00       	nop
     6b4:	08 95       	ret

000006b6 <LCD_Initialize>:
     6b6:	56 9a       	sbi	0x0a, 6	; 10
     6b8:	55 9a       	sbi	0x0a, 5	; 10
     6ba:	54 9a       	sbi	0x0a, 4	; 10
     6bc:	53 9a       	sbi	0x0a, 3	; 10
     6be:	57 9a       	sbi	0x0a, 7	; 10
     6c0:	20 9a       	sbi	0x04, 0	; 4
     6c2:	8f e5       	ldi	r24, 0x5F	; 95
     6c4:	9a ee       	ldi	r25, 0xEA	; 234
     6c6:	01 97       	sbiw	r24, 0x01	; 1
     6c8:	f1 f7       	brne	.-4      	; 0x6c6 <LCD_Initialize+0x10>
     6ca:	00 c0       	rjmp	.+0      	; 0x6cc <LCD_Initialize+0x16>
     6cc:	00 00       	nop
     6ce:	28 98       	cbi	0x05, 0	; 5
     6d0:	5f 98       	cbi	0x0b, 7	; 11
     6d2:	83 e0       	ldi	r24, 0x03	; 3
     6d4:	5f 9a       	sbi	0x0b, 7	; 11
     6d6:	5e 9a       	sbi	0x0b, 6	; 11
     6d8:	5d 9a       	sbi	0x0b, 5	; 11
     6da:	5c 98       	cbi	0x0b, 4	; 11
     6dc:	5b 98       	cbi	0x0b, 3	; 11
     6de:	5f 98       	cbi	0x0b, 7	; 11
     6e0:	ef e1       	ldi	r30, 0x1F	; 31
     6e2:	fe e4       	ldi	r31, 0x4E	; 78
     6e4:	31 97       	sbiw	r30, 0x01	; 1
     6e6:	f1 f7       	brne	.-4      	; 0x6e4 <LCD_Initialize+0x2e>
     6e8:	00 c0       	rjmp	.+0      	; 0x6ea <LCD_Initialize+0x34>
     6ea:	00 00       	nop
     6ec:	81 50       	subi	r24, 0x01	; 1
     6ee:	91 f7       	brne	.-28     	; 0x6d4 <LCD_Initialize+0x1e>
     6f0:	5f 9a       	sbi	0x0b, 7	; 11
     6f2:	5e 98       	cbi	0x0b, 6	; 11
     6f4:	5d 9a       	sbi	0x0b, 5	; 11
     6f6:	5c 98       	cbi	0x0b, 4	; 11
     6f8:	5b 98       	cbi	0x0b, 3	; 11
     6fa:	5f 98       	cbi	0x0b, 7	; 11
     6fc:	8f e9       	ldi	r24, 0x9F	; 159
     6fe:	9f e0       	ldi	r25, 0x0F	; 15
     700:	01 97       	sbiw	r24, 0x01	; 1
     702:	f1 f7       	brne	.-4      	; 0x700 <LCD_Initialize+0x4a>
     704:	00 c0       	rjmp	.+0      	; 0x706 <LCD_Initialize+0x50>
     706:	00 00       	nop
     708:	28 98       	cbi	0x05, 0	; 5
     70a:	5f 9a       	sbi	0x0b, 7	; 11
     70c:	5e 98       	cbi	0x0b, 6	; 11
     70e:	5d 9a       	sbi	0x0b, 5	; 11
     710:	5c 98       	cbi	0x0b, 4	; 11
     712:	5b 98       	cbi	0x0b, 3	; 11
     714:	5f 98       	cbi	0x0b, 7	; 11
     716:	5f 9a       	sbi	0x0b, 7	; 11
     718:	5e 98       	cbi	0x0b, 6	; 11
     71a:	5d 98       	cbi	0x0b, 5	; 11
     71c:	5c 98       	cbi	0x0b, 4	; 11
     71e:	5b 9a       	sbi	0x0b, 3	; 11
     720:	5f 98       	cbi	0x0b, 7	; 11
     722:	e7 ec       	ldi	r30, 0xC7	; 199
     724:	f0 e0       	ldi	r31, 0x00	; 0
     726:	31 97       	sbiw	r30, 0x01	; 1
     728:	f1 f7       	brne	.-4      	; 0x726 <LCD_Initialize+0x70>
     72a:	00 c0       	rjmp	.+0      	; 0x72c <LCD_Initialize+0x76>
     72c:	00 00       	nop
     72e:	28 98       	cbi	0x05, 0	; 5
     730:	5f 9a       	sbi	0x0b, 7	; 11
     732:	5e 98       	cbi	0x0b, 6	; 11
     734:	5d 98       	cbi	0x0b, 5	; 11
     736:	5c 98       	cbi	0x0b, 4	; 11
     738:	5b 98       	cbi	0x0b, 3	; 11
     73a:	5f 98       	cbi	0x0b, 7	; 11
     73c:	5f 9a       	sbi	0x0b, 7	; 11
     73e:	5e 98       	cbi	0x0b, 6	; 11
     740:	5d 98       	cbi	0x0b, 5	; 11
     742:	5c 98       	cbi	0x0b, 4	; 11
     744:	5b 9a       	sbi	0x0b, 3	; 11
     746:	5f 98       	cbi	0x0b, 7	; 11
     748:	87 ec       	ldi	r24, 0xC7	; 199
     74a:	90 e0       	ldi	r25, 0x00	; 0
     74c:	01 97       	sbiw	r24, 0x01	; 1
     74e:	f1 f7       	brne	.-4      	; 0x74c <LCD_Initialize+0x96>
     750:	00 c0       	rjmp	.+0      	; 0x752 <LCD_Initialize+0x9c>
     752:	00 00       	nop
     754:	28 98       	cbi	0x05, 0	; 5
     756:	5f 9a       	sbi	0x0b, 7	; 11
     758:	5e 98       	cbi	0x0b, 6	; 11
     75a:	5d 98       	cbi	0x0b, 5	; 11
     75c:	5c 98       	cbi	0x0b, 4	; 11
     75e:	5b 98       	cbi	0x0b, 3	; 11
     760:	5f 98       	cbi	0x0b, 7	; 11
     762:	5f 9a       	sbi	0x0b, 7	; 11
     764:	5e 9a       	sbi	0x0b, 6	; 11
     766:	5d 98       	cbi	0x0b, 5	; 11
     768:	5c 98       	cbi	0x0b, 4	; 11
     76a:	5b 98       	cbi	0x0b, 3	; 11
     76c:	5f 98       	cbi	0x0b, 7	; 11
     76e:	e7 ec       	ldi	r30, 0xC7	; 199
     770:	f0 e0       	ldi	r31, 0x00	; 0
     772:	31 97       	sbiw	r30, 0x01	; 1
     774:	f1 f7       	brne	.-4      	; 0x772 <LCD_Initialize+0xbc>
     776:	00 c0       	rjmp	.+0      	; 0x778 <LCD_Initialize+0xc2>
     778:	00 00       	nop
     77a:	8f e3       	ldi	r24, 0x3F	; 63
     77c:	9f e1       	ldi	r25, 0x1F	; 31
     77e:	01 97       	sbiw	r24, 0x01	; 1
     780:	f1 f7       	brne	.-4      	; 0x77e <LCD_Initialize+0xc8>
     782:	00 c0       	rjmp	.+0      	; 0x784 <LCD_Initialize+0xce>
     784:	00 00       	nop
     786:	28 98       	cbi	0x05, 0	; 5
     788:	5f 9a       	sbi	0x0b, 7	; 11
     78a:	5e 98       	cbi	0x0b, 6	; 11
     78c:	5d 98       	cbi	0x0b, 5	; 11
     78e:	5c 98       	cbi	0x0b, 4	; 11
     790:	5b 98       	cbi	0x0b, 3	; 11
     792:	5f 98       	cbi	0x0b, 7	; 11
     794:	5f 9a       	sbi	0x0b, 7	; 11
     796:	5e 98       	cbi	0x0b, 6	; 11
     798:	5d 9a       	sbi	0x0b, 5	; 11
     79a:	5c 9a       	sbi	0x0b, 4	; 11
     79c:	5b 98       	cbi	0x0b, 3	; 11
     79e:	5f 98       	cbi	0x0b, 7	; 11
     7a0:	e7 ec       	ldi	r30, 0xC7	; 199
     7a2:	f0 e0       	ldi	r31, 0x00	; 0
     7a4:	31 97       	sbiw	r30, 0x01	; 1
     7a6:	f1 f7       	brne	.-4      	; 0x7a4 <LCD_Initialize+0xee>
     7a8:	00 c0       	rjmp	.+0      	; 0x7aa <LCD_Initialize+0xf4>
     7aa:	00 00       	nop
     7ac:	28 98       	cbi	0x05, 0	; 5
     7ae:	5f 9a       	sbi	0x0b, 7	; 11
     7b0:	5e 98       	cbi	0x0b, 6	; 11
     7b2:	5d 98       	cbi	0x0b, 5	; 11
     7b4:	5c 98       	cbi	0x0b, 4	; 11
     7b6:	5b 98       	cbi	0x0b, 3	; 11
     7b8:	5f 98       	cbi	0x0b, 7	; 11
     7ba:	5f 9a       	sbi	0x0b, 7	; 11
     7bc:	5e 98       	cbi	0x0b, 6	; 11
     7be:	5d 98       	cbi	0x0b, 5	; 11
     7c0:	5c 9a       	sbi	0x0b, 4	; 11
     7c2:	5b 9a       	sbi	0x0b, 3	; 11
     7c4:	5f 98       	cbi	0x0b, 7	; 11
     7c6:	87 ec       	ldi	r24, 0xC7	; 199
     7c8:	90 e0       	ldi	r25, 0x00	; 0
     7ca:	01 97       	sbiw	r24, 0x01	; 1
     7cc:	f1 f7       	brne	.-4      	; 0x7ca <LCD_Initialize+0x114>
     7ce:	00 c0       	rjmp	.+0      	; 0x7d0 <LCD_Initialize+0x11a>
     7d0:	00 00       	nop
     7d2:	08 95       	ret

000007d4 <main>:
}

FILE uart_out = FDEV_SETUP_STREAM(uart_putchar_stdio, NULL, _FDEV_SETUP_WRITE);

int main() {
    uart_init();
     7d4:	0e 94 fb 00 	call	0x1f6	; 0x1f6 <uart_init>
    stdout = &uart_out;
     7d8:	80 e0       	ldi	r24, 0x00	; 0
     7da:	91 e0       	ldi	r25, 0x01	; 1
     7dc:	90 93 39 01 	sts	0x0139, r25	; 0x800139 <__data_end+0x3>
     7e0:	80 93 38 01 	sts	0x0138, r24	; 0x800138 <__data_end+0x2>
#define HEATER_DDR  DDRB
#define HEATER_PORT PORTB
#define HEATER_PIN  PB5

void adc_init() {
    ADMUX  = (1u << REFS1) | (1u << REFS0); // 1.1V, ADC0
     7e4:	80 ec       	ldi	r24, 0xC0	; 192
     7e6:	80 93 7c 00 	sts	0x007C, r24	; 0x80007c <__TEXT_REGION_LENGTH__+0x7f807c>
    ADCSRA = (1u << ADEN)  | (1u << ADPS2) | (1u << ADPS1) | (1u << ADPS0); // /128
     7ea:	87 e8       	ldi	r24, 0x87	; 135
     7ec:	80 93 7a 00 	sts	0x007A, r24	; 0x80007a <__TEXT_REGION_LENGTH__+0x7f807a>
    DIDR0 |= (1u << ADC0D);
     7f0:	80 91 7e 00 	lds	r24, 0x007E	; 0x80007e <__TEXT_REGION_LENGTH__+0x7f807e>
     7f4:	81 60       	ori	r24, 0x01	; 1
     7f6:	80 93 7e 00 	sts	0x007E, r24	; 0x80007e <__TEXT_REGION_LENGTH__+0x7f807e>
     7fa:	8f e1       	ldi	r24, 0x1F	; 31
     7fc:	9e e4       	ldi	r25, 0x4E	; 78
     7fe:	01 97       	sbiw	r24, 0x01	; 1
     800:	f1 f7       	brne	.-4      	; 0x7fe <main+0x2a>
     802:	00 c0       	rjmp	.+0      	; 0x804 <__DATA_REGION_LENGTH__+0x4>
     804:	00 00       	nop

    _delay_ms(5);

    ADCSRA |= (1u << ADSC);
     806:	80 91 7a 00 	lds	r24, 0x007A	; 0x80007a <__TEXT_REGION_LENGTH__+0x7f807a>
     80a:	80 64       	ori	r24, 0x40	; 64
     80c:	80 93 7a 00 	sts	0x007A, r24	; 0x80007a <__TEXT_REGION_LENGTH__+0x7f807a>
    while (ADCSRA & (1u << ADSC)) {}
     810:	80 91 7a 00 	lds	r24, 0x007A	; 0x80007a <__TEXT_REGION_LENGTH__+0x7f807a>
     814:	86 fd       	sbrc	r24, 6
     816:	fc cf       	rjmp	.-8      	; 0x810 <__DATA_REGION_LENGTH__+0x10>
    (void)ADC;
     818:	80 91 78 00 	lds	r24, 0x0078	; 0x800078 <__TEXT_REGION_LENGTH__+0x7f8078>
     81c:	90 91 79 00 	lds	r25, 0x0079	; 0x800079 <__TEXT_REGION_LENGTH__+0x7f8079>

    return (int16_t)temp_x10;
}

void heater_init() {
    HEATER_DDR  |= (1u << HEATER_PIN);
     820:	25 9a       	sbi	0x04, 5	; 4
    HEATER_PORT &= ~(1u << HEATER_PIN);
     822:	2d 98       	cbi	0x05, 5	; 5
    adc_init();
    heater_init();

    int16_t setpoint_x10 = 380;
    int16_t hyst_x10 = 10;
    bool heater_on = false;
     824:	10 e0       	ldi	r17, 0x00	; 0
    uint16_t adc = (uint16_t)(acc / n);

    int32_t vout_mv   = (int32_t)adc * 1100L / 1023;
    int32_t temp_x10  = vout_mv - 500L;

    return (int16_t)temp_x10;
     826:	cc 24       	eor	r12, r12
     828:	ca 94       	dec	r12
     82a:	43 e0       	ldi	r20, 0x03	; 3
     82c:	d4 2e       	mov	r13, r20
     82e:	e1 2c       	mov	r14, r1
     830:	f1 2c       	mov	r15, r1
                heater_on = true;
                heater_set(true);
            }
        }

        printf("T=%.1fC, zad=%1.fC, grzalka=%s\n",
     832:	52 e4       	ldi	r21, 0x42	; 66
     834:	b5 2e       	mov	r11, r21
     836:	08 e1       	ldi	r16, 0x18	; 24
     838:	c5 e1       	ldi	r28, 0x15	; 21
     83a:	d1 e0       	ldi	r29, 0x01	; 1
    adc_init();
    heater_init();

    int16_t setpoint_x10 = 380;
    int16_t hyst_x10 = 10;
    bool heater_on = false;
     83c:	90 e1       	ldi	r25, 0x10	; 16
    while (ADCSRA & (1u << ADSC)) {}
    return ADC;
}

int16_t read_temp_x10() {
    uint32_t acc = 0;
     83e:	40 e0       	ldi	r20, 0x00	; 0
     840:	50 e0       	ldi	r21, 0x00	; 0
     842:	ba 01       	movw	r22, r20
    while (ADCSRA & (1u << ADSC)) {}
    (void)ADC;
}

uint16_t adc_read(uint8_t ch) {
    ADMUX = (ADMUX & 0xF0) | (ch & 0x0F) | (1u << REFS1) | (1u << REFS0);
     844:	80 91 7c 00 	lds	r24, 0x007C	; 0x80007c <__TEXT_REGION_LENGTH__+0x7f807c>
     848:	80 7f       	andi	r24, 0xF0	; 240
     84a:	80 6c       	ori	r24, 0xC0	; 192
     84c:	80 93 7c 00 	sts	0x007C, r24	; 0x80007c <__TEXT_REGION_LENGTH__+0x7f807c>
    ADCSRA |= (1u << ADSC);
     850:	80 91 7a 00 	lds	r24, 0x007A	; 0x80007a <__TEXT_REGION_LENGTH__+0x7f807a>
     854:	80 64       	ori	r24, 0x40	; 64
     856:	80 93 7a 00 	sts	0x007A, r24	; 0x80007a <__TEXT_REGION_LENGTH__+0x7f807a>
    while (ADCSRA & (1u << ADSC)) {}
     85a:	80 91 7a 00 	lds	r24, 0x007A	; 0x80007a <__TEXT_REGION_LENGTH__+0x7f807a>
     85e:	86 fd       	sbrc	r24, 6
     860:	fc cf       	rjmp	.-8      	; 0x85a <__DATA_REGION_LENGTH__+0x5a>
    return ADC;
     862:	20 91 78 00 	lds	r18, 0x0078	; 0x800078 <__TEXT_REGION_LENGTH__+0x7f8078>
     866:	30 91 79 00 	lds	r19, 0x0079	; 0x800079 <__TEXT_REGION_LENGTH__+0x7f8079>
}

int16_t read_temp_x10() {
    uint32_t acc = 0;
    const uint8_t n = 16;
    for (uint8_t i = 0; i < n; i++) acc += adc_read(0);
     86a:	42 0f       	add	r20, r18
     86c:	53 1f       	adc	r21, r19
     86e:	61 1d       	adc	r22, r1
     870:	71 1d       	adc	r23, r1
     872:	91 50       	subi	r25, 0x01	; 1
     874:	39 f7       	brne	.-50     	; 0x844 <__DATA_REGION_LENGTH__+0x44>
    uint16_t adc = (uint16_t)(acc / n);

    int32_t vout_mv   = (int32_t)adc * 1100L / 1023;
    int32_t temp_x10  = vout_mv - 500L;

    return (int16_t)temp_x10;
     876:	db 01       	movw	r26, r22
     878:	ca 01       	movw	r24, r20
     87a:	34 e0       	ldi	r19, 0x04	; 4
     87c:	b6 95       	lsr	r27
     87e:	a7 95       	ror	r26
     880:	97 95       	ror	r25
     882:	87 95       	ror	r24
     884:	3a 95       	dec	r19
     886:	d1 f7       	brne	.-12     	; 0x87c <__DATA_REGION_LENGTH__+0x7c>
     888:	9c 01       	movw	r18, r24
     88a:	ad 01       	movw	r20, r26
     88c:	44 27       	eor	r20, r20
     88e:	55 27       	eor	r21, r21
     890:	ac e4       	ldi	r26, 0x4C	; 76
     892:	b4 e0       	ldi	r27, 0x04	; 4
     894:	0e 94 e6 0d 	call	0x1bcc	; 0x1bcc <__muluhisi3>
     898:	a7 01       	movw	r20, r14
     89a:	96 01       	movw	r18, r12
     89c:	0e 94 c7 0d 	call	0x1b8e	; 0x1b8e <__divmodsi4>
     8a0:	da 01       	movw	r26, r20
     8a2:	c9 01       	movw	r24, r18
     8a4:	84 5f       	subi	r24, 0xF4	; 244
     8a6:	91 40       	sbci	r25, 0x01	; 1
     8a8:	a1 09       	sbc	r26, r1
     8aa:	b1 09       	sbc	r27, r1
     8ac:	9c 01       	movw	r18, r24
    bool heater_on = false;

    while (1) {
        int16_t temp_x10 = read_temp_x10();

        if (heater_on) {
     8ae:	11 23       	and	r17, r17
     8b0:	09 f4       	brne	.+2      	; 0x8b4 <__DATA_REGION_LENGTH__+0xb4>
     8b2:	6c c0       	rjmp	.+216    	; 0x98c <__stack+0x8d>
            if (temp_x10 >= setpoint_x10) {
     8b4:	2c 37       	cpi	r18, 0x7C	; 124
     8b6:	31 40       	sbci	r19, 0x01	; 1
     8b8:	0c f4       	brge	.+2      	; 0x8bc <__DATA_REGION_LENGTH__+0xbc>
     8ba:	6d c0       	rjmp	.+218    	; 0x996 <__stack+0x97>
    HEATER_PORT &= ~(1u << HEATER_PIN);
}

void heater_set(bool on) {
    if (on) HEATER_PORT |=  (1u << HEATER_PIN);
    else    HEATER_PORT &= ~(1u << HEATER_PIN);
     8bc:	2d 98       	cbi	0x05, 5	; 5
                heater_on = true;
                heater_set(true);
            }
        }

        printf("T=%.1fC, zad=%1.fC, grzalka=%s\n",
     8be:	10 e0       	ldi	r17, 0x00	; 0
     8c0:	41 e1       	ldi	r20, 0x11	; 17
     8c2:	51 e0       	ldi	r21, 0x01	; 1
     8c4:	90 e1       	ldi	r25, 0x10	; 16
    while (ADCSRA & (1u << ADSC)) {}
    return ADC;
}

int16_t read_temp_x10() {
    uint32_t acc = 0;
     8c6:	41 2c       	mov	r4, r1
     8c8:	51 2c       	mov	r5, r1
     8ca:	32 01       	movw	r6, r4
    while (ADCSRA & (1u << ADSC)) {}
    (void)ADC;
}

uint16_t adc_read(uint8_t ch) {
    ADMUX = (ADMUX & 0xF0) | (ch & 0x0F) | (1u << REFS1) | (1u << REFS0);
     8cc:	80 91 7c 00 	lds	r24, 0x007C	; 0x80007c <__TEXT_REGION_LENGTH__+0x7f807c>
     8d0:	80 7f       	andi	r24, 0xF0	; 240
     8d2:	80 6c       	ori	r24, 0xC0	; 192
     8d4:	80 93 7c 00 	sts	0x007C, r24	; 0x80007c <__TEXT_REGION_LENGTH__+0x7f807c>
    ADCSRA |= (1u << ADSC);
     8d8:	80 91 7a 00 	lds	r24, 0x007A	; 0x80007a <__TEXT_REGION_LENGTH__+0x7f807a>
     8dc:	80 64       	ori	r24, 0x40	; 64
     8de:	80 93 7a 00 	sts	0x007A, r24	; 0x80007a <__TEXT_REGION_LENGTH__+0x7f807a>
    while (ADCSRA & (1u << ADSC)) {}
     8e2:	80 91 7a 00 	lds	r24, 0x007A	; 0x80007a <__TEXT_REGION_LENGTH__+0x7f807a>
     8e6:	86 fd       	sbrc	r24, 6
     8e8:	fc cf       	rjmp	.-8      	; 0x8e2 <__DATA_REGION_LENGTH__+0xe2>
    return ADC;
     8ea:	60 91 78 00 	lds	r22, 0x0078	; 0x800078 <__TEXT_REGION_LENGTH__+0x7f8078>
     8ee:	70 91 79 00 	lds	r23, 0x0079	; 0x800079 <__TEXT_REGION_LENGTH__+0x7f8079>
}

int16_t read_temp_x10() {
    uint32_t acc = 0;
    const uint8_t n = 16;
    for (uint8_t i = 0; i < n; i++) acc += adc_read(0);
     8f2:	46 0e       	add	r4, r22
     8f4:	57 1e       	adc	r5, r23
     8f6:	61 1c       	adc	r6, r1
     8f8:	71 1c       	adc	r7, r1
     8fa:	91 50       	subi	r25, 0x01	; 1
     8fc:	39 f7       	brne	.-50     	; 0x8cc <__DATA_REGION_LENGTH__+0xcc>
                heater_on = true;
                heater_set(true);
            }
        }

        printf("T=%.1fC, zad=%1.fC, grzalka=%s\n",
     8fe:	5f 93       	push	r21
     900:	4f 93       	push	r20
     902:	bf 92       	push	r11
     904:	0f 93       	push	r16
     906:	1f 92       	push	r1
     908:	1f 92       	push	r1
     90a:	d3 01       	movw	r26, r6
     90c:	c2 01       	movw	r24, r4
     90e:	24 e0       	ldi	r18, 0x04	; 4
     910:	b6 95       	lsr	r27
     912:	a7 95       	ror	r26
     914:	97 95       	ror	r25
     916:	87 95       	ror	r24
     918:	2a 95       	dec	r18
     91a:	d1 f7       	brne	.-12     	; 0x910 <__stack+0x11>
     91c:	9c 01       	movw	r18, r24
     91e:	ad 01       	movw	r20, r26
     920:	44 27       	eor	r20, r20
     922:	55 27       	eor	r21, r21
     924:	ac e4       	ldi	r26, 0x4C	; 76
     926:	b4 e0       	ldi	r27, 0x04	; 4
     928:	0e 94 e6 0d 	call	0x1bcc	; 0x1bcc <__muluhisi3>
     92c:	a7 01       	movw	r20, r14
     92e:	96 01       	movw	r18, r12
     930:	0e 94 c7 0d 	call	0x1b8e	; 0x1b8e <__divmodsi4>
     934:	da 01       	movw	r26, r20
     936:	c9 01       	movw	r24, r18
     938:	84 5f       	subi	r24, 0xF4	; 244
     93a:	91 40       	sbci	r25, 0x01	; 1
     93c:	a1 09       	sbc	r26, r1
     93e:	b1 09       	sbc	r27, r1
     940:	bc 01       	movw	r22, r24
     942:	99 0f       	add	r25, r25
     944:	88 0b       	sbc	r24, r24
     946:	99 0b       	sbc	r25, r25
     948:	0e 94 ce 0c 	call	0x199c	; 0x199c <__floatsisf>
     94c:	20 e0       	ldi	r18, 0x00	; 0
     94e:	30 e0       	ldi	r19, 0x00	; 0
     950:	40 e2       	ldi	r20, 0x20	; 32
     952:	51 e4       	ldi	r21, 0x41	; 65
     954:	0e 94 5a 0c 	call	0x18b4	; 0x18b4 <__divsf3>
     958:	9f 93       	push	r25
     95a:	8f 93       	push	r24
     95c:	7f 93       	push	r23
     95e:	6f 93       	push	r22
     960:	df 93       	push	r29
     962:	cf 93       	push	r28
     964:	0e 94 dd 0f 	call	0x1fba	; 0x1fba <printf>
     968:	8f ef       	ldi	r24, 0xFF	; 255
     96a:	91 ee       	ldi	r25, 0xE1	; 225
     96c:	24 e0       	ldi	r18, 0x04	; 4
     96e:	81 50       	subi	r24, 0x01	; 1
     970:	90 40       	sbci	r25, 0x00	; 0
     972:	20 40       	sbci	r18, 0x00	; 0
     974:	e1 f7       	brne	.-8      	; 0x96e <__stack+0x6f>
     976:	00 c0       	rjmp	.+0      	; 0x978 <__stack+0x79>
     978:	00 00       	nop
     97a:	8d b7       	in	r24, 0x3d	; 61
     97c:	9e b7       	in	r25, 0x3e	; 62
     97e:	0c 96       	adiw	r24, 0x0c	; 12
     980:	0f b6       	in	r0, 0x3f	; 63
     982:	f8 94       	cli
     984:	9e bf       	out	0x3e, r25	; 62
     986:	0f be       	out	0x3f, r0	; 63
     988:	8d bf       	out	0x3d, r24	; 61
     98a:	58 cf       	rjmp	.-336    	; 0x83c <__DATA_REGION_LENGTH__+0x3c>
            if (temp_x10 >= setpoint_x10) {
                heater_on = false;
                heater_set(false);
            }
        } else {
            if (temp_x10 <= (int16_t)(setpoint_x10 - hyst_x10)) {
     98c:	23 37       	cpi	r18, 0x73	; 115
     98e:	31 40       	sbci	r19, 0x01	; 1
     990:	0c f0       	brlt	.+2      	; 0x994 <__stack+0x95>
     992:	95 cf       	rjmp	.-214    	; 0x8be <__DATA_REGION_LENGTH__+0xbe>
    HEATER_DDR  |= (1u << HEATER_PIN);
    HEATER_PORT &= ~(1u << HEATER_PIN);
}

void heater_set(bool on) {
    if (on) HEATER_PORT |=  (1u << HEATER_PIN);
     994:	2d 9a       	sbi	0x05, 5	; 5
    while (ADCSRA & (1u << ADSC)) {}
    return ADC;
}

int16_t read_temp_x10() {
    uint32_t acc = 0;
     996:	11 e0       	ldi	r17, 0x01	; 1
                heater_on = true;
                heater_set(true);
            }
        }

        printf("T=%.1fC, zad=%1.fC, grzalka=%s\n",
     998:	4e e0       	ldi	r20, 0x0E	; 14
     99a:	51 e0       	ldi	r21, 0x01	; 1
     99c:	93 cf       	rjmp	.-218    	; 0x8c4 <__DATA_REGION_LENGTH__+0xc4>

0000099e <vfprintf>:
     99e:	a0 e1       	ldi	r26, 0x10	; 16
     9a0:	b0 e0       	ldi	r27, 0x00	; 0
     9a2:	e5 ed       	ldi	r30, 0xD5	; 213
     9a4:	f4 e0       	ldi	r31, 0x04	; 4
     9a6:	0c 94 f1 0d 	jmp	0x1be2	; 0x1be2 <__prologue_saves__>
     9aa:	7c 01       	movw	r14, r24
     9ac:	1b 01       	movw	r2, r22
     9ae:	6a 01       	movw	r12, r20
     9b0:	fc 01       	movw	r30, r24
     9b2:	17 82       	std	Z+7, r1	; 0x07
     9b4:	16 82       	std	Z+6, r1	; 0x06
     9b6:	83 81       	ldd	r24, Z+3	; 0x03
     9b8:	81 ff       	sbrs	r24, 1
     9ba:	44 c3       	rjmp	.+1672   	; 0x1044 <vfprintf+0x6a6>
     9bc:	9e 01       	movw	r18, r28
     9be:	2f 5f       	subi	r18, 0xFF	; 255
     9c0:	3f 4f       	sbci	r19, 0xFF	; 255
     9c2:	39 01       	movw	r6, r18
     9c4:	f7 01       	movw	r30, r14
     9c6:	93 81       	ldd	r25, Z+3	; 0x03
     9c8:	f1 01       	movw	r30, r2
     9ca:	93 fd       	sbrc	r25, 3
     9cc:	85 91       	lpm	r24, Z+
     9ce:	93 ff       	sbrs	r25, 3
     9d0:	81 91       	ld	r24, Z+
     9d2:	1f 01       	movw	r2, r30
     9d4:	88 23       	and	r24, r24
     9d6:	09 f4       	brne	.+2      	; 0x9da <vfprintf+0x3c>
     9d8:	31 c3       	rjmp	.+1634   	; 0x103c <vfprintf+0x69e>
     9da:	85 32       	cpi	r24, 0x25	; 37
     9dc:	39 f4       	brne	.+14     	; 0x9ec <vfprintf+0x4e>
     9de:	93 fd       	sbrc	r25, 3
     9e0:	85 91       	lpm	r24, Z+
     9e2:	93 ff       	sbrs	r25, 3
     9e4:	81 91       	ld	r24, Z+
     9e6:	1f 01       	movw	r2, r30
     9e8:	85 32       	cpi	r24, 0x25	; 37
     9ea:	39 f4       	brne	.+14     	; 0x9fa <vfprintf+0x5c>
     9ec:	b7 01       	movw	r22, r14
     9ee:	90 e0       	ldi	r25, 0x00	; 0
     9f0:	0e 94 a1 0f 	call	0x1f42	; 0x1f42 <fputc>
     9f4:	56 01       	movw	r10, r12
     9f6:	65 01       	movw	r12, r10
     9f8:	e5 cf       	rjmp	.-54     	; 0x9c4 <vfprintf+0x26>
     9fa:	10 e0       	ldi	r17, 0x00	; 0
     9fc:	51 2c       	mov	r5, r1
     9fe:	91 2c       	mov	r9, r1
     a00:	ff e1       	ldi	r31, 0x1F	; 31
     a02:	f9 15       	cp	r31, r9
     a04:	d8 f0       	brcs	.+54     	; 0xa3c <vfprintf+0x9e>
     a06:	8b 32       	cpi	r24, 0x2B	; 43
     a08:	79 f0       	breq	.+30     	; 0xa28 <vfprintf+0x8a>
     a0a:	38 f4       	brcc	.+14     	; 0xa1a <vfprintf+0x7c>
     a0c:	80 32       	cpi	r24, 0x20	; 32
     a0e:	79 f0       	breq	.+30     	; 0xa2e <vfprintf+0x90>
     a10:	83 32       	cpi	r24, 0x23	; 35
     a12:	a1 f4       	brne	.+40     	; 0xa3c <vfprintf+0x9e>
     a14:	f9 2d       	mov	r31, r9
     a16:	f0 61       	ori	r31, 0x10	; 16
     a18:	2e c0       	rjmp	.+92     	; 0xa76 <vfprintf+0xd8>
     a1a:	8d 32       	cpi	r24, 0x2D	; 45
     a1c:	61 f0       	breq	.+24     	; 0xa36 <vfprintf+0x98>
     a1e:	80 33       	cpi	r24, 0x30	; 48
     a20:	69 f4       	brne	.+26     	; 0xa3c <vfprintf+0x9e>
     a22:	29 2d       	mov	r18, r9
     a24:	21 60       	ori	r18, 0x01	; 1
     a26:	2d c0       	rjmp	.+90     	; 0xa82 <vfprintf+0xe4>
     a28:	39 2d       	mov	r19, r9
     a2a:	32 60       	ori	r19, 0x02	; 2
     a2c:	93 2e       	mov	r9, r19
     a2e:	89 2d       	mov	r24, r9
     a30:	84 60       	ori	r24, 0x04	; 4
     a32:	98 2e       	mov	r9, r24
     a34:	2a c0       	rjmp	.+84     	; 0xa8a <vfprintf+0xec>
     a36:	e9 2d       	mov	r30, r9
     a38:	e8 60       	ori	r30, 0x08	; 8
     a3a:	15 c0       	rjmp	.+42     	; 0xa66 <vfprintf+0xc8>
     a3c:	97 fc       	sbrc	r9, 7
     a3e:	2d c0       	rjmp	.+90     	; 0xa9a <vfprintf+0xfc>
     a40:	20 ed       	ldi	r18, 0xD0	; 208
     a42:	28 0f       	add	r18, r24
     a44:	2a 30       	cpi	r18, 0x0A	; 10
     a46:	88 f4       	brcc	.+34     	; 0xa6a <vfprintf+0xcc>
     a48:	96 fe       	sbrs	r9, 6
     a4a:	06 c0       	rjmp	.+12     	; 0xa58 <vfprintf+0xba>
     a4c:	3a e0       	ldi	r19, 0x0A	; 10
     a4e:	13 9f       	mul	r17, r19
     a50:	20 0d       	add	r18, r0
     a52:	11 24       	eor	r1, r1
     a54:	12 2f       	mov	r17, r18
     a56:	19 c0       	rjmp	.+50     	; 0xa8a <vfprintf+0xec>
     a58:	8a e0       	ldi	r24, 0x0A	; 10
     a5a:	58 9e       	mul	r5, r24
     a5c:	20 0d       	add	r18, r0
     a5e:	11 24       	eor	r1, r1
     a60:	52 2e       	mov	r5, r18
     a62:	e9 2d       	mov	r30, r9
     a64:	e0 62       	ori	r30, 0x20	; 32
     a66:	9e 2e       	mov	r9, r30
     a68:	10 c0       	rjmp	.+32     	; 0xa8a <vfprintf+0xec>
     a6a:	8e 32       	cpi	r24, 0x2E	; 46
     a6c:	31 f4       	brne	.+12     	; 0xa7a <vfprintf+0xdc>
     a6e:	96 fc       	sbrc	r9, 6
     a70:	e5 c2       	rjmp	.+1482   	; 0x103c <vfprintf+0x69e>
     a72:	f9 2d       	mov	r31, r9
     a74:	f0 64       	ori	r31, 0x40	; 64
     a76:	9f 2e       	mov	r9, r31
     a78:	08 c0       	rjmp	.+16     	; 0xa8a <vfprintf+0xec>
     a7a:	8c 36       	cpi	r24, 0x6C	; 108
     a7c:	21 f4       	brne	.+8      	; 0xa86 <vfprintf+0xe8>
     a7e:	29 2d       	mov	r18, r9
     a80:	20 68       	ori	r18, 0x80	; 128
     a82:	92 2e       	mov	r9, r18
     a84:	02 c0       	rjmp	.+4      	; 0xa8a <vfprintf+0xec>
     a86:	88 36       	cpi	r24, 0x68	; 104
     a88:	41 f4       	brne	.+16     	; 0xa9a <vfprintf+0xfc>
     a8a:	f1 01       	movw	r30, r2
     a8c:	93 fd       	sbrc	r25, 3
     a8e:	85 91       	lpm	r24, Z+
     a90:	93 ff       	sbrs	r25, 3
     a92:	81 91       	ld	r24, Z+
     a94:	1f 01       	movw	r2, r30
     a96:	81 11       	cpse	r24, r1
     a98:	b3 cf       	rjmp	.-154    	; 0xa00 <vfprintf+0x62>
     a9a:	9b eb       	ldi	r25, 0xBB	; 187
     a9c:	98 0f       	add	r25, r24
     a9e:	93 30       	cpi	r25, 0x03	; 3
     aa0:	20 f4       	brcc	.+8      	; 0xaaa <vfprintf+0x10c>
     aa2:	99 2d       	mov	r25, r9
     aa4:	90 61       	ori	r25, 0x10	; 16
     aa6:	80 5e       	subi	r24, 0xE0	; 224
     aa8:	07 c0       	rjmp	.+14     	; 0xab8 <vfprintf+0x11a>
     aaa:	9b e9       	ldi	r25, 0x9B	; 155
     aac:	98 0f       	add	r25, r24
     aae:	93 30       	cpi	r25, 0x03	; 3
     ab0:	08 f0       	brcs	.+2      	; 0xab4 <vfprintf+0x116>
     ab2:	66 c1       	rjmp	.+716    	; 0xd80 <vfprintf+0x3e2>
     ab4:	99 2d       	mov	r25, r9
     ab6:	9f 7e       	andi	r25, 0xEF	; 239
     ab8:	96 ff       	sbrs	r25, 6
     aba:	16 e0       	ldi	r17, 0x06	; 6
     abc:	9f 73       	andi	r25, 0x3F	; 63
     abe:	99 2e       	mov	r9, r25
     ac0:	85 36       	cpi	r24, 0x65	; 101
     ac2:	19 f4       	brne	.+6      	; 0xaca <vfprintf+0x12c>
     ac4:	90 64       	ori	r25, 0x40	; 64
     ac6:	99 2e       	mov	r9, r25
     ac8:	08 c0       	rjmp	.+16     	; 0xada <vfprintf+0x13c>
     aca:	86 36       	cpi	r24, 0x66	; 102
     acc:	21 f4       	brne	.+8      	; 0xad6 <vfprintf+0x138>
     ace:	39 2f       	mov	r19, r25
     ad0:	30 68       	ori	r19, 0x80	; 128
     ad2:	93 2e       	mov	r9, r19
     ad4:	02 c0       	rjmp	.+4      	; 0xada <vfprintf+0x13c>
     ad6:	11 11       	cpse	r17, r1
     ad8:	11 50       	subi	r17, 0x01	; 1
     ada:	97 fe       	sbrs	r9, 7
     adc:	07 c0       	rjmp	.+14     	; 0xaec <vfprintf+0x14e>
     ade:	1c 33       	cpi	r17, 0x3C	; 60
     ae0:	50 f4       	brcc	.+20     	; 0xaf6 <vfprintf+0x158>
     ae2:	44 24       	eor	r4, r4
     ae4:	43 94       	inc	r4
     ae6:	41 0e       	add	r4, r17
     ae8:	27 e0       	ldi	r18, 0x07	; 7
     aea:	0b c0       	rjmp	.+22     	; 0xb02 <vfprintf+0x164>
     aec:	18 30       	cpi	r17, 0x08	; 8
     aee:	38 f0       	brcs	.+14     	; 0xafe <vfprintf+0x160>
     af0:	27 e0       	ldi	r18, 0x07	; 7
     af2:	17 e0       	ldi	r17, 0x07	; 7
     af4:	05 c0       	rjmp	.+10     	; 0xb00 <vfprintf+0x162>
     af6:	27 e0       	ldi	r18, 0x07	; 7
     af8:	9c e3       	ldi	r25, 0x3C	; 60
     afa:	49 2e       	mov	r4, r25
     afc:	02 c0       	rjmp	.+4      	; 0xb02 <vfprintf+0x164>
     afe:	21 2f       	mov	r18, r17
     b00:	41 2c       	mov	r4, r1
     b02:	56 01       	movw	r10, r12
     b04:	84 e0       	ldi	r24, 0x04	; 4
     b06:	a8 0e       	add	r10, r24
     b08:	b1 1c       	adc	r11, r1
     b0a:	f6 01       	movw	r30, r12
     b0c:	60 81       	ld	r22, Z
     b0e:	71 81       	ldd	r23, Z+1	; 0x01
     b10:	82 81       	ldd	r24, Z+2	; 0x02
     b12:	93 81       	ldd	r25, Z+3	; 0x03
     b14:	04 2d       	mov	r16, r4
     b16:	a3 01       	movw	r20, r6
     b18:	0e 94 59 0e 	call	0x1cb2	; 0x1cb2 <__ftoa_engine>
     b1c:	6c 01       	movw	r12, r24
     b1e:	f9 81       	ldd	r31, Y+1	; 0x01
     b20:	fc 87       	std	Y+12, r31	; 0x0c
     b22:	f0 ff       	sbrs	r31, 0
     b24:	02 c0       	rjmp	.+4      	; 0xb2a <vfprintf+0x18c>
     b26:	f3 ff       	sbrs	r31, 3
     b28:	06 c0       	rjmp	.+12     	; 0xb36 <vfprintf+0x198>
     b2a:	91 fc       	sbrc	r9, 1
     b2c:	06 c0       	rjmp	.+12     	; 0xb3a <vfprintf+0x19c>
     b2e:	92 fe       	sbrs	r9, 2
     b30:	06 c0       	rjmp	.+12     	; 0xb3e <vfprintf+0x1a0>
     b32:	00 e2       	ldi	r16, 0x20	; 32
     b34:	05 c0       	rjmp	.+10     	; 0xb40 <vfprintf+0x1a2>
     b36:	0d e2       	ldi	r16, 0x2D	; 45
     b38:	03 c0       	rjmp	.+6      	; 0xb40 <vfprintf+0x1a2>
     b3a:	0b e2       	ldi	r16, 0x2B	; 43
     b3c:	01 c0       	rjmp	.+2      	; 0xb40 <vfprintf+0x1a2>
     b3e:	00 e0       	ldi	r16, 0x00	; 0
     b40:	8c 85       	ldd	r24, Y+12	; 0x0c
     b42:	8c 70       	andi	r24, 0x0C	; 12
     b44:	19 f0       	breq	.+6      	; 0xb4c <vfprintf+0x1ae>
     b46:	01 11       	cpse	r16, r1
     b48:	5a c2       	rjmp	.+1204   	; 0xffe <vfprintf+0x660>
     b4a:	9b c2       	rjmp	.+1334   	; 0x1082 <vfprintf+0x6e4>
     b4c:	97 fe       	sbrs	r9, 7
     b4e:	10 c0       	rjmp	.+32     	; 0xb70 <vfprintf+0x1d2>
     b50:	4c 0c       	add	r4, r12
     b52:	fc 85       	ldd	r31, Y+12	; 0x0c
     b54:	f4 ff       	sbrs	r31, 4
     b56:	04 c0       	rjmp	.+8      	; 0xb60 <vfprintf+0x1c2>
     b58:	8a 81       	ldd	r24, Y+2	; 0x02
     b5a:	81 33       	cpi	r24, 0x31	; 49
     b5c:	09 f4       	brne	.+2      	; 0xb60 <vfprintf+0x1c2>
     b5e:	4a 94       	dec	r4
     b60:	14 14       	cp	r1, r4
     b62:	74 f5       	brge	.+92     	; 0xbc0 <vfprintf+0x222>
     b64:	28 e0       	ldi	r18, 0x08	; 8
     b66:	24 15       	cp	r18, r4
     b68:	78 f5       	brcc	.+94     	; 0xbc8 <vfprintf+0x22a>
     b6a:	88 e0       	ldi	r24, 0x08	; 8
     b6c:	48 2e       	mov	r4, r24
     b6e:	2c c0       	rjmp	.+88     	; 0xbc8 <vfprintf+0x22a>
     b70:	96 fc       	sbrc	r9, 6
     b72:	2a c0       	rjmp	.+84     	; 0xbc8 <vfprintf+0x22a>
     b74:	81 2f       	mov	r24, r17
     b76:	90 e0       	ldi	r25, 0x00	; 0
     b78:	8c 15       	cp	r24, r12
     b7a:	9d 05       	cpc	r25, r13
     b7c:	9c f0       	brlt	.+38     	; 0xba4 <vfprintf+0x206>
     b7e:	3c ef       	ldi	r19, 0xFC	; 252
     b80:	c3 16       	cp	r12, r19
     b82:	3f ef       	ldi	r19, 0xFF	; 255
     b84:	d3 06       	cpc	r13, r19
     b86:	74 f0       	brlt	.+28     	; 0xba4 <vfprintf+0x206>
     b88:	89 2d       	mov	r24, r9
     b8a:	80 68       	ori	r24, 0x80	; 128
     b8c:	98 2e       	mov	r9, r24
     b8e:	0a c0       	rjmp	.+20     	; 0xba4 <vfprintf+0x206>
     b90:	e2 e0       	ldi	r30, 0x02	; 2
     b92:	f0 e0       	ldi	r31, 0x00	; 0
     b94:	ec 0f       	add	r30, r28
     b96:	fd 1f       	adc	r31, r29
     b98:	e1 0f       	add	r30, r17
     b9a:	f1 1d       	adc	r31, r1
     b9c:	80 81       	ld	r24, Z
     b9e:	80 33       	cpi	r24, 0x30	; 48
     ba0:	19 f4       	brne	.+6      	; 0xba8 <vfprintf+0x20a>
     ba2:	11 50       	subi	r17, 0x01	; 1
     ba4:	11 11       	cpse	r17, r1
     ba6:	f4 cf       	rjmp	.-24     	; 0xb90 <vfprintf+0x1f2>
     ba8:	97 fe       	sbrs	r9, 7
     baa:	0e c0       	rjmp	.+28     	; 0xbc8 <vfprintf+0x22a>
     bac:	44 24       	eor	r4, r4
     bae:	43 94       	inc	r4
     bb0:	41 0e       	add	r4, r17
     bb2:	81 2f       	mov	r24, r17
     bb4:	90 e0       	ldi	r25, 0x00	; 0
     bb6:	c8 16       	cp	r12, r24
     bb8:	d9 06       	cpc	r13, r25
     bba:	2c f4       	brge	.+10     	; 0xbc6 <vfprintf+0x228>
     bbc:	1c 19       	sub	r17, r12
     bbe:	04 c0       	rjmp	.+8      	; 0xbc8 <vfprintf+0x22a>
     bc0:	44 24       	eor	r4, r4
     bc2:	43 94       	inc	r4
     bc4:	01 c0       	rjmp	.+2      	; 0xbc8 <vfprintf+0x22a>
     bc6:	10 e0       	ldi	r17, 0x00	; 0
     bc8:	97 fe       	sbrs	r9, 7
     bca:	06 c0       	rjmp	.+12     	; 0xbd8 <vfprintf+0x23a>
     bcc:	1c 14       	cp	r1, r12
     bce:	1d 04       	cpc	r1, r13
     bd0:	34 f4       	brge	.+12     	; 0xbde <vfprintf+0x240>
     bd2:	c6 01       	movw	r24, r12
     bd4:	01 96       	adiw	r24, 0x01	; 1
     bd6:	05 c0       	rjmp	.+10     	; 0xbe2 <vfprintf+0x244>
     bd8:	85 e0       	ldi	r24, 0x05	; 5
     bda:	90 e0       	ldi	r25, 0x00	; 0
     bdc:	02 c0       	rjmp	.+4      	; 0xbe2 <vfprintf+0x244>
     bde:	81 e0       	ldi	r24, 0x01	; 1
     be0:	90 e0       	ldi	r25, 0x00	; 0
     be2:	01 11       	cpse	r16, r1
     be4:	01 96       	adiw	r24, 0x01	; 1
     be6:	11 23       	and	r17, r17
     be8:	31 f0       	breq	.+12     	; 0xbf6 <vfprintf+0x258>
     bea:	21 2f       	mov	r18, r17
     bec:	30 e0       	ldi	r19, 0x00	; 0
     bee:	2f 5f       	subi	r18, 0xFF	; 255
     bf0:	3f 4f       	sbci	r19, 0xFF	; 255
     bf2:	82 0f       	add	r24, r18
     bf4:	93 1f       	adc	r25, r19
     bf6:	25 2d       	mov	r18, r5
     bf8:	30 e0       	ldi	r19, 0x00	; 0
     bfa:	82 17       	cp	r24, r18
     bfc:	93 07       	cpc	r25, r19
     bfe:	14 f4       	brge	.+4      	; 0xc04 <vfprintf+0x266>
     c00:	58 1a       	sub	r5, r24
     c02:	01 c0       	rjmp	.+2      	; 0xc06 <vfprintf+0x268>
     c04:	51 2c       	mov	r5, r1
     c06:	89 2d       	mov	r24, r9
     c08:	89 70       	andi	r24, 0x09	; 9
     c0a:	49 f4       	brne	.+18     	; 0xc1e <vfprintf+0x280>
     c0c:	55 20       	and	r5, r5
     c0e:	39 f0       	breq	.+14     	; 0xc1e <vfprintf+0x280>
     c10:	b7 01       	movw	r22, r14
     c12:	80 e2       	ldi	r24, 0x20	; 32
     c14:	90 e0       	ldi	r25, 0x00	; 0
     c16:	0e 94 a1 0f 	call	0x1f42	; 0x1f42 <fputc>
     c1a:	5a 94       	dec	r5
     c1c:	f7 cf       	rjmp	.-18     	; 0xc0c <vfprintf+0x26e>
     c1e:	00 23       	and	r16, r16
     c20:	29 f0       	breq	.+10     	; 0xc2c <vfprintf+0x28e>
     c22:	b7 01       	movw	r22, r14
     c24:	80 2f       	mov	r24, r16
     c26:	90 e0       	ldi	r25, 0x00	; 0
     c28:	0e 94 a1 0f 	call	0x1f42	; 0x1f42 <fputc>
     c2c:	93 fc       	sbrc	r9, 3
     c2e:	09 c0       	rjmp	.+18     	; 0xc42 <vfprintf+0x2a4>
     c30:	55 20       	and	r5, r5
     c32:	39 f0       	breq	.+14     	; 0xc42 <vfprintf+0x2a4>
     c34:	b7 01       	movw	r22, r14
     c36:	80 e3       	ldi	r24, 0x30	; 48
     c38:	90 e0       	ldi	r25, 0x00	; 0
     c3a:	0e 94 a1 0f 	call	0x1f42	; 0x1f42 <fputc>
     c3e:	5a 94       	dec	r5
     c40:	f7 cf       	rjmp	.-18     	; 0xc30 <vfprintf+0x292>
     c42:	97 fe       	sbrs	r9, 7
     c44:	4c c0       	rjmp	.+152    	; 0xcde <vfprintf+0x340>
     c46:	46 01       	movw	r8, r12
     c48:	d7 fe       	sbrs	r13, 7
     c4a:	02 c0       	rjmp	.+4      	; 0xc50 <vfprintf+0x2b2>
     c4c:	81 2c       	mov	r8, r1
     c4e:	91 2c       	mov	r9, r1
     c50:	c6 01       	movw	r24, r12
     c52:	88 19       	sub	r24, r8
     c54:	99 09       	sbc	r25, r9
     c56:	f3 01       	movw	r30, r6
     c58:	e8 0f       	add	r30, r24
     c5a:	f9 1f       	adc	r31, r25
     c5c:	fe 87       	std	Y+14, r31	; 0x0e
     c5e:	ed 87       	std	Y+13, r30	; 0x0d
     c60:	96 01       	movw	r18, r12
     c62:	24 19       	sub	r18, r4
     c64:	31 09       	sbc	r19, r1
     c66:	38 8b       	std	Y+16, r19	; 0x10
     c68:	2f 87       	std	Y+15, r18	; 0x0f
     c6a:	01 2f       	mov	r16, r17
     c6c:	10 e0       	ldi	r17, 0x00	; 0
     c6e:	11 95       	neg	r17
     c70:	01 95       	neg	r16
     c72:	11 09       	sbc	r17, r1
     c74:	3f ef       	ldi	r19, 0xFF	; 255
     c76:	83 16       	cp	r8, r19
     c78:	93 06       	cpc	r9, r19
     c7a:	29 f4       	brne	.+10     	; 0xc86 <vfprintf+0x2e8>
     c7c:	b7 01       	movw	r22, r14
     c7e:	8e e2       	ldi	r24, 0x2E	; 46
     c80:	90 e0       	ldi	r25, 0x00	; 0
     c82:	0e 94 a1 0f 	call	0x1f42	; 0x1f42 <fputc>
     c86:	c8 14       	cp	r12, r8
     c88:	d9 04       	cpc	r13, r9
     c8a:	4c f0       	brlt	.+18     	; 0xc9e <vfprintf+0x300>
     c8c:	8f 85       	ldd	r24, Y+15	; 0x0f
     c8e:	98 89       	ldd	r25, Y+16	; 0x10
     c90:	88 15       	cp	r24, r8
     c92:	99 05       	cpc	r25, r9
     c94:	24 f4       	brge	.+8      	; 0xc9e <vfprintf+0x300>
     c96:	ed 85       	ldd	r30, Y+13	; 0x0d
     c98:	fe 85       	ldd	r31, Y+14	; 0x0e
     c9a:	81 81       	ldd	r24, Z+1	; 0x01
     c9c:	01 c0       	rjmp	.+2      	; 0xca0 <vfprintf+0x302>
     c9e:	80 e3       	ldi	r24, 0x30	; 48
     ca0:	f1 e0       	ldi	r31, 0x01	; 1
     ca2:	8f 1a       	sub	r8, r31
     ca4:	91 08       	sbc	r9, r1
     ca6:	2d 85       	ldd	r18, Y+13	; 0x0d
     ca8:	3e 85       	ldd	r19, Y+14	; 0x0e
     caa:	2f 5f       	subi	r18, 0xFF	; 255
     cac:	3f 4f       	sbci	r19, 0xFF	; 255
     cae:	3e 87       	std	Y+14, r19	; 0x0e
     cb0:	2d 87       	std	Y+13, r18	; 0x0d
     cb2:	80 16       	cp	r8, r16
     cb4:	91 06       	cpc	r9, r17
     cb6:	2c f0       	brlt	.+10     	; 0xcc2 <vfprintf+0x324>
     cb8:	b7 01       	movw	r22, r14
     cba:	90 e0       	ldi	r25, 0x00	; 0
     cbc:	0e 94 a1 0f 	call	0x1f42	; 0x1f42 <fputc>
     cc0:	d9 cf       	rjmp	.-78     	; 0xc74 <vfprintf+0x2d6>
     cc2:	c8 14       	cp	r12, r8
     cc4:	d9 04       	cpc	r13, r9
     cc6:	41 f4       	brne	.+16     	; 0xcd8 <vfprintf+0x33a>
     cc8:	9a 81       	ldd	r25, Y+2	; 0x02
     cca:	96 33       	cpi	r25, 0x36	; 54
     ccc:	20 f4       	brcc	.+8      	; 0xcd6 <vfprintf+0x338>
     cce:	95 33       	cpi	r25, 0x35	; 53
     cd0:	19 f4       	brne	.+6      	; 0xcd8 <vfprintf+0x33a>
     cd2:	3c 85       	ldd	r19, Y+12	; 0x0c
     cd4:	34 ff       	sbrs	r19, 4
     cd6:	81 e3       	ldi	r24, 0x31	; 49
     cd8:	b7 01       	movw	r22, r14
     cda:	90 e0       	ldi	r25, 0x00	; 0
     cdc:	4e c0       	rjmp	.+156    	; 0xd7a <vfprintf+0x3dc>
     cde:	8a 81       	ldd	r24, Y+2	; 0x02
     ce0:	81 33       	cpi	r24, 0x31	; 49
     ce2:	19 f0       	breq	.+6      	; 0xcea <vfprintf+0x34c>
     ce4:	9c 85       	ldd	r25, Y+12	; 0x0c
     ce6:	9f 7e       	andi	r25, 0xEF	; 239
     ce8:	9c 87       	std	Y+12, r25	; 0x0c
     cea:	b7 01       	movw	r22, r14
     cec:	90 e0       	ldi	r25, 0x00	; 0
     cee:	0e 94 a1 0f 	call	0x1f42	; 0x1f42 <fputc>
     cf2:	11 11       	cpse	r17, r1
     cf4:	05 c0       	rjmp	.+10     	; 0xd00 <vfprintf+0x362>
     cf6:	94 fc       	sbrc	r9, 4
     cf8:	18 c0       	rjmp	.+48     	; 0xd2a <vfprintf+0x38c>
     cfa:	85 e6       	ldi	r24, 0x65	; 101
     cfc:	90 e0       	ldi	r25, 0x00	; 0
     cfe:	17 c0       	rjmp	.+46     	; 0xd2e <vfprintf+0x390>
     d00:	b7 01       	movw	r22, r14
     d02:	8e e2       	ldi	r24, 0x2E	; 46
     d04:	90 e0       	ldi	r25, 0x00	; 0
     d06:	0e 94 a1 0f 	call	0x1f42	; 0x1f42 <fputc>
     d0a:	1e 5f       	subi	r17, 0xFE	; 254
     d0c:	82 e0       	ldi	r24, 0x02	; 2
     d0e:	01 e0       	ldi	r16, 0x01	; 1
     d10:	08 0f       	add	r16, r24
     d12:	f3 01       	movw	r30, r6
     d14:	e8 0f       	add	r30, r24
     d16:	f1 1d       	adc	r31, r1
     d18:	80 81       	ld	r24, Z
     d1a:	b7 01       	movw	r22, r14
     d1c:	90 e0       	ldi	r25, 0x00	; 0
     d1e:	0e 94 a1 0f 	call	0x1f42	; 0x1f42 <fputc>
     d22:	80 2f       	mov	r24, r16
     d24:	01 13       	cpse	r16, r17
     d26:	f3 cf       	rjmp	.-26     	; 0xd0e <vfprintf+0x370>
     d28:	e6 cf       	rjmp	.-52     	; 0xcf6 <vfprintf+0x358>
     d2a:	85 e4       	ldi	r24, 0x45	; 69
     d2c:	90 e0       	ldi	r25, 0x00	; 0
     d2e:	b7 01       	movw	r22, r14
     d30:	0e 94 a1 0f 	call	0x1f42	; 0x1f42 <fputc>
     d34:	d7 fc       	sbrc	r13, 7
     d36:	06 c0       	rjmp	.+12     	; 0xd44 <vfprintf+0x3a6>
     d38:	c1 14       	cp	r12, r1
     d3a:	d1 04       	cpc	r13, r1
     d3c:	41 f4       	brne	.+16     	; 0xd4e <vfprintf+0x3b0>
     d3e:	ec 85       	ldd	r30, Y+12	; 0x0c
     d40:	e4 ff       	sbrs	r30, 4
     d42:	05 c0       	rjmp	.+10     	; 0xd4e <vfprintf+0x3b0>
     d44:	d1 94       	neg	r13
     d46:	c1 94       	neg	r12
     d48:	d1 08       	sbc	r13, r1
     d4a:	8d e2       	ldi	r24, 0x2D	; 45
     d4c:	01 c0       	rjmp	.+2      	; 0xd50 <vfprintf+0x3b2>
     d4e:	8b e2       	ldi	r24, 0x2B	; 43
     d50:	b7 01       	movw	r22, r14
     d52:	90 e0       	ldi	r25, 0x00	; 0
     d54:	0e 94 a1 0f 	call	0x1f42	; 0x1f42 <fputc>
     d58:	80 e3       	ldi	r24, 0x30	; 48
     d5a:	2a e0       	ldi	r18, 0x0A	; 10
     d5c:	c2 16       	cp	r12, r18
     d5e:	d1 04       	cpc	r13, r1
     d60:	2c f0       	brlt	.+10     	; 0xd6c <vfprintf+0x3ce>
     d62:	8f 5f       	subi	r24, 0xFF	; 255
     d64:	fa e0       	ldi	r31, 0x0A	; 10
     d66:	cf 1a       	sub	r12, r31
     d68:	d1 08       	sbc	r13, r1
     d6a:	f7 cf       	rjmp	.-18     	; 0xd5a <vfprintf+0x3bc>
     d6c:	b7 01       	movw	r22, r14
     d6e:	90 e0       	ldi	r25, 0x00	; 0
     d70:	0e 94 a1 0f 	call	0x1f42	; 0x1f42 <fputc>
     d74:	b7 01       	movw	r22, r14
     d76:	c6 01       	movw	r24, r12
     d78:	c0 96       	adiw	r24, 0x30	; 48
     d7a:	0e 94 a1 0f 	call	0x1f42	; 0x1f42 <fputc>
     d7e:	54 c1       	rjmp	.+680    	; 0x1028 <vfprintf+0x68a>
     d80:	83 36       	cpi	r24, 0x63	; 99
     d82:	31 f0       	breq	.+12     	; 0xd90 <vfprintf+0x3f2>
     d84:	83 37       	cpi	r24, 0x73	; 115
     d86:	79 f0       	breq	.+30     	; 0xda6 <vfprintf+0x408>
     d88:	83 35       	cpi	r24, 0x53	; 83
     d8a:	09 f0       	breq	.+2      	; 0xd8e <vfprintf+0x3f0>
     d8c:	56 c0       	rjmp	.+172    	; 0xe3a <vfprintf+0x49c>
     d8e:	20 c0       	rjmp	.+64     	; 0xdd0 <vfprintf+0x432>
     d90:	56 01       	movw	r10, r12
     d92:	32 e0       	ldi	r19, 0x02	; 2
     d94:	a3 0e       	add	r10, r19
     d96:	b1 1c       	adc	r11, r1
     d98:	f6 01       	movw	r30, r12
     d9a:	80 81       	ld	r24, Z
     d9c:	89 83       	std	Y+1, r24	; 0x01
     d9e:	01 e0       	ldi	r16, 0x01	; 1
     da0:	10 e0       	ldi	r17, 0x00	; 0
     da2:	63 01       	movw	r12, r6
     da4:	12 c0       	rjmp	.+36     	; 0xdca <vfprintf+0x42c>
     da6:	56 01       	movw	r10, r12
     da8:	f2 e0       	ldi	r31, 0x02	; 2
     daa:	af 0e       	add	r10, r31
     dac:	b1 1c       	adc	r11, r1
     dae:	f6 01       	movw	r30, r12
     db0:	c0 80       	ld	r12, Z
     db2:	d1 80       	ldd	r13, Z+1	; 0x01
     db4:	96 fe       	sbrs	r9, 6
     db6:	03 c0       	rjmp	.+6      	; 0xdbe <vfprintf+0x420>
     db8:	61 2f       	mov	r22, r17
     dba:	70 e0       	ldi	r23, 0x00	; 0
     dbc:	02 c0       	rjmp	.+4      	; 0xdc2 <vfprintf+0x424>
     dbe:	6f ef       	ldi	r22, 0xFF	; 255
     dc0:	7f ef       	ldi	r23, 0xFF	; 255
     dc2:	c6 01       	movw	r24, r12
     dc4:	0e 94 58 0f 	call	0x1eb0	; 0x1eb0 <strnlen>
     dc8:	8c 01       	movw	r16, r24
     dca:	f9 2d       	mov	r31, r9
     dcc:	ff 77       	andi	r31, 0x7F	; 127
     dce:	14 c0       	rjmp	.+40     	; 0xdf8 <vfprintf+0x45a>
     dd0:	56 01       	movw	r10, r12
     dd2:	22 e0       	ldi	r18, 0x02	; 2
     dd4:	a2 0e       	add	r10, r18
     dd6:	b1 1c       	adc	r11, r1
     dd8:	f6 01       	movw	r30, r12
     dda:	c0 80       	ld	r12, Z
     ddc:	d1 80       	ldd	r13, Z+1	; 0x01
     dde:	96 fe       	sbrs	r9, 6
     de0:	03 c0       	rjmp	.+6      	; 0xde8 <vfprintf+0x44a>
     de2:	61 2f       	mov	r22, r17
     de4:	70 e0       	ldi	r23, 0x00	; 0
     de6:	02 c0       	rjmp	.+4      	; 0xdec <vfprintf+0x44e>
     de8:	6f ef       	ldi	r22, 0xFF	; 255
     dea:	7f ef       	ldi	r23, 0xFF	; 255
     dec:	c6 01       	movw	r24, r12
     dee:	0e 94 4d 0f 	call	0x1e9a	; 0x1e9a <strnlen_P>
     df2:	8c 01       	movw	r16, r24
     df4:	f9 2d       	mov	r31, r9
     df6:	f0 68       	ori	r31, 0x80	; 128
     df8:	9f 2e       	mov	r9, r31
     dfa:	f3 fd       	sbrc	r31, 3
     dfc:	1a c0       	rjmp	.+52     	; 0xe32 <vfprintf+0x494>
     dfe:	85 2d       	mov	r24, r5
     e00:	90 e0       	ldi	r25, 0x00	; 0
     e02:	08 17       	cp	r16, r24
     e04:	19 07       	cpc	r17, r25
     e06:	a8 f4       	brcc	.+42     	; 0xe32 <vfprintf+0x494>
     e08:	b7 01       	movw	r22, r14
     e0a:	80 e2       	ldi	r24, 0x20	; 32
     e0c:	90 e0       	ldi	r25, 0x00	; 0
     e0e:	0e 94 a1 0f 	call	0x1f42	; 0x1f42 <fputc>
     e12:	5a 94       	dec	r5
     e14:	f4 cf       	rjmp	.-24     	; 0xdfe <vfprintf+0x460>
     e16:	f6 01       	movw	r30, r12
     e18:	97 fc       	sbrc	r9, 7
     e1a:	85 91       	lpm	r24, Z+
     e1c:	97 fe       	sbrs	r9, 7
     e1e:	81 91       	ld	r24, Z+
     e20:	6f 01       	movw	r12, r30
     e22:	b7 01       	movw	r22, r14
     e24:	90 e0       	ldi	r25, 0x00	; 0
     e26:	0e 94 a1 0f 	call	0x1f42	; 0x1f42 <fputc>
     e2a:	51 10       	cpse	r5, r1
     e2c:	5a 94       	dec	r5
     e2e:	01 50       	subi	r16, 0x01	; 1
     e30:	11 09       	sbc	r17, r1
     e32:	01 15       	cp	r16, r1
     e34:	11 05       	cpc	r17, r1
     e36:	79 f7       	brne	.-34     	; 0xe16 <vfprintf+0x478>
     e38:	f7 c0       	rjmp	.+494    	; 0x1028 <vfprintf+0x68a>
     e3a:	84 36       	cpi	r24, 0x64	; 100
     e3c:	11 f0       	breq	.+4      	; 0xe42 <vfprintf+0x4a4>
     e3e:	89 36       	cpi	r24, 0x69	; 105
     e40:	61 f5       	brne	.+88     	; 0xe9a <vfprintf+0x4fc>
     e42:	56 01       	movw	r10, r12
     e44:	97 fe       	sbrs	r9, 7
     e46:	09 c0       	rjmp	.+18     	; 0xe5a <vfprintf+0x4bc>
     e48:	24 e0       	ldi	r18, 0x04	; 4
     e4a:	a2 0e       	add	r10, r18
     e4c:	b1 1c       	adc	r11, r1
     e4e:	f6 01       	movw	r30, r12
     e50:	60 81       	ld	r22, Z
     e52:	71 81       	ldd	r23, Z+1	; 0x01
     e54:	82 81       	ldd	r24, Z+2	; 0x02
     e56:	93 81       	ldd	r25, Z+3	; 0x03
     e58:	0a c0       	rjmp	.+20     	; 0xe6e <vfprintf+0x4d0>
     e5a:	f2 e0       	ldi	r31, 0x02	; 2
     e5c:	af 0e       	add	r10, r31
     e5e:	b1 1c       	adc	r11, r1
     e60:	f6 01       	movw	r30, r12
     e62:	60 81       	ld	r22, Z
     e64:	71 81       	ldd	r23, Z+1	; 0x01
     e66:	07 2e       	mov	r0, r23
     e68:	00 0c       	add	r0, r0
     e6a:	88 0b       	sbc	r24, r24
     e6c:	99 0b       	sbc	r25, r25
     e6e:	f9 2d       	mov	r31, r9
     e70:	ff 76       	andi	r31, 0x6F	; 111
     e72:	9f 2e       	mov	r9, r31
     e74:	97 ff       	sbrs	r25, 7
     e76:	09 c0       	rjmp	.+18     	; 0xe8a <vfprintf+0x4ec>
     e78:	90 95       	com	r25
     e7a:	80 95       	com	r24
     e7c:	70 95       	com	r23
     e7e:	61 95       	neg	r22
     e80:	7f 4f       	sbci	r23, 0xFF	; 255
     e82:	8f 4f       	sbci	r24, 0xFF	; 255
     e84:	9f 4f       	sbci	r25, 0xFF	; 255
     e86:	f0 68       	ori	r31, 0x80	; 128
     e88:	9f 2e       	mov	r9, r31
     e8a:	2a e0       	ldi	r18, 0x0A	; 10
     e8c:	30 e0       	ldi	r19, 0x00	; 0
     e8e:	a3 01       	movw	r20, r6
     e90:	0e 94 0c 10 	call	0x2018	; 0x2018 <__ultoa_invert>
     e94:	c8 2e       	mov	r12, r24
     e96:	c6 18       	sub	r12, r6
     e98:	3f c0       	rjmp	.+126    	; 0xf18 <vfprintf+0x57a>
     e9a:	09 2d       	mov	r16, r9
     e9c:	85 37       	cpi	r24, 0x75	; 117
     e9e:	21 f4       	brne	.+8      	; 0xea8 <vfprintf+0x50a>
     ea0:	0f 7e       	andi	r16, 0xEF	; 239
     ea2:	2a e0       	ldi	r18, 0x0A	; 10
     ea4:	30 e0       	ldi	r19, 0x00	; 0
     ea6:	1d c0       	rjmp	.+58     	; 0xee2 <vfprintf+0x544>
     ea8:	09 7f       	andi	r16, 0xF9	; 249
     eaa:	8f 36       	cpi	r24, 0x6F	; 111
     eac:	91 f0       	breq	.+36     	; 0xed2 <vfprintf+0x534>
     eae:	18 f4       	brcc	.+6      	; 0xeb6 <vfprintf+0x518>
     eb0:	88 35       	cpi	r24, 0x58	; 88
     eb2:	59 f0       	breq	.+22     	; 0xeca <vfprintf+0x52c>
     eb4:	c3 c0       	rjmp	.+390    	; 0x103c <vfprintf+0x69e>
     eb6:	80 37       	cpi	r24, 0x70	; 112
     eb8:	19 f0       	breq	.+6      	; 0xec0 <vfprintf+0x522>
     eba:	88 37       	cpi	r24, 0x78	; 120
     ebc:	11 f0       	breq	.+4      	; 0xec2 <vfprintf+0x524>
     ebe:	be c0       	rjmp	.+380    	; 0x103c <vfprintf+0x69e>
     ec0:	00 61       	ori	r16, 0x10	; 16
     ec2:	04 ff       	sbrs	r16, 4
     ec4:	09 c0       	rjmp	.+18     	; 0xed8 <vfprintf+0x53a>
     ec6:	04 60       	ori	r16, 0x04	; 4
     ec8:	07 c0       	rjmp	.+14     	; 0xed8 <vfprintf+0x53a>
     eca:	94 fe       	sbrs	r9, 4
     ecc:	08 c0       	rjmp	.+16     	; 0xede <vfprintf+0x540>
     ece:	06 60       	ori	r16, 0x06	; 6
     ed0:	06 c0       	rjmp	.+12     	; 0xede <vfprintf+0x540>
     ed2:	28 e0       	ldi	r18, 0x08	; 8
     ed4:	30 e0       	ldi	r19, 0x00	; 0
     ed6:	05 c0       	rjmp	.+10     	; 0xee2 <vfprintf+0x544>
     ed8:	20 e1       	ldi	r18, 0x10	; 16
     eda:	30 e0       	ldi	r19, 0x00	; 0
     edc:	02 c0       	rjmp	.+4      	; 0xee2 <vfprintf+0x544>
     ede:	20 e1       	ldi	r18, 0x10	; 16
     ee0:	32 e0       	ldi	r19, 0x02	; 2
     ee2:	56 01       	movw	r10, r12
     ee4:	07 ff       	sbrs	r16, 7
     ee6:	09 c0       	rjmp	.+18     	; 0xefa <vfprintf+0x55c>
     ee8:	84 e0       	ldi	r24, 0x04	; 4
     eea:	a8 0e       	add	r10, r24
     eec:	b1 1c       	adc	r11, r1
     eee:	f6 01       	movw	r30, r12
     ef0:	60 81       	ld	r22, Z
     ef2:	71 81       	ldd	r23, Z+1	; 0x01
     ef4:	82 81       	ldd	r24, Z+2	; 0x02
     ef6:	93 81       	ldd	r25, Z+3	; 0x03
     ef8:	08 c0       	rjmp	.+16     	; 0xf0a <vfprintf+0x56c>
     efa:	f2 e0       	ldi	r31, 0x02	; 2
     efc:	af 0e       	add	r10, r31
     efe:	b1 1c       	adc	r11, r1
     f00:	f6 01       	movw	r30, r12
     f02:	60 81       	ld	r22, Z
     f04:	71 81       	ldd	r23, Z+1	; 0x01
     f06:	80 e0       	ldi	r24, 0x00	; 0
     f08:	90 e0       	ldi	r25, 0x00	; 0
     f0a:	a3 01       	movw	r20, r6
     f0c:	0e 94 0c 10 	call	0x2018	; 0x2018 <__ultoa_invert>
     f10:	c8 2e       	mov	r12, r24
     f12:	c6 18       	sub	r12, r6
     f14:	0f 77       	andi	r16, 0x7F	; 127
     f16:	90 2e       	mov	r9, r16
     f18:	96 fe       	sbrs	r9, 6
     f1a:	0b c0       	rjmp	.+22     	; 0xf32 <vfprintf+0x594>
     f1c:	09 2d       	mov	r16, r9
     f1e:	0e 7f       	andi	r16, 0xFE	; 254
     f20:	c1 16       	cp	r12, r17
     f22:	50 f4       	brcc	.+20     	; 0xf38 <vfprintf+0x59a>
     f24:	94 fe       	sbrs	r9, 4
     f26:	0a c0       	rjmp	.+20     	; 0xf3c <vfprintf+0x59e>
     f28:	92 fc       	sbrc	r9, 2
     f2a:	08 c0       	rjmp	.+16     	; 0xf3c <vfprintf+0x59e>
     f2c:	09 2d       	mov	r16, r9
     f2e:	0e 7e       	andi	r16, 0xEE	; 238
     f30:	05 c0       	rjmp	.+10     	; 0xf3c <vfprintf+0x59e>
     f32:	dc 2c       	mov	r13, r12
     f34:	09 2d       	mov	r16, r9
     f36:	03 c0       	rjmp	.+6      	; 0xf3e <vfprintf+0x5a0>
     f38:	dc 2c       	mov	r13, r12
     f3a:	01 c0       	rjmp	.+2      	; 0xf3e <vfprintf+0x5a0>
     f3c:	d1 2e       	mov	r13, r17
     f3e:	04 ff       	sbrs	r16, 4
     f40:	0d c0       	rjmp	.+26     	; 0xf5c <vfprintf+0x5be>
     f42:	fe 01       	movw	r30, r28
     f44:	ec 0d       	add	r30, r12
     f46:	f1 1d       	adc	r31, r1
     f48:	80 81       	ld	r24, Z
     f4a:	80 33       	cpi	r24, 0x30	; 48
     f4c:	11 f4       	brne	.+4      	; 0xf52 <vfprintf+0x5b4>
     f4e:	09 7e       	andi	r16, 0xE9	; 233
     f50:	09 c0       	rjmp	.+18     	; 0xf64 <vfprintf+0x5c6>
     f52:	02 ff       	sbrs	r16, 2
     f54:	06 c0       	rjmp	.+12     	; 0xf62 <vfprintf+0x5c4>
     f56:	d3 94       	inc	r13
     f58:	d3 94       	inc	r13
     f5a:	04 c0       	rjmp	.+8      	; 0xf64 <vfprintf+0x5c6>
     f5c:	80 2f       	mov	r24, r16
     f5e:	86 78       	andi	r24, 0x86	; 134
     f60:	09 f0       	breq	.+2      	; 0xf64 <vfprintf+0x5c6>
     f62:	d3 94       	inc	r13
     f64:	03 fd       	sbrc	r16, 3
     f66:	11 c0       	rjmp	.+34     	; 0xf8a <vfprintf+0x5ec>
     f68:	00 ff       	sbrs	r16, 0
     f6a:	06 c0       	rjmp	.+12     	; 0xf78 <vfprintf+0x5da>
     f6c:	1c 2d       	mov	r17, r12
     f6e:	d5 14       	cp	r13, r5
     f70:	80 f4       	brcc	.+32     	; 0xf92 <vfprintf+0x5f4>
     f72:	15 0d       	add	r17, r5
     f74:	1d 19       	sub	r17, r13
     f76:	0d c0       	rjmp	.+26     	; 0xf92 <vfprintf+0x5f4>
     f78:	d5 14       	cp	r13, r5
     f7a:	58 f4       	brcc	.+22     	; 0xf92 <vfprintf+0x5f4>
     f7c:	b7 01       	movw	r22, r14
     f7e:	80 e2       	ldi	r24, 0x20	; 32
     f80:	90 e0       	ldi	r25, 0x00	; 0
     f82:	0e 94 a1 0f 	call	0x1f42	; 0x1f42 <fputc>
     f86:	d3 94       	inc	r13
     f88:	f7 cf       	rjmp	.-18     	; 0xf78 <vfprintf+0x5da>
     f8a:	d5 14       	cp	r13, r5
     f8c:	10 f4       	brcc	.+4      	; 0xf92 <vfprintf+0x5f4>
     f8e:	5d 18       	sub	r5, r13
     f90:	01 c0       	rjmp	.+2      	; 0xf94 <vfprintf+0x5f6>
     f92:	51 2c       	mov	r5, r1
     f94:	04 ff       	sbrs	r16, 4
     f96:	10 c0       	rjmp	.+32     	; 0xfb8 <vfprintf+0x61a>
     f98:	b7 01       	movw	r22, r14
     f9a:	80 e3       	ldi	r24, 0x30	; 48
     f9c:	90 e0       	ldi	r25, 0x00	; 0
     f9e:	0e 94 a1 0f 	call	0x1f42	; 0x1f42 <fputc>
     fa2:	02 ff       	sbrs	r16, 2
     fa4:	17 c0       	rjmp	.+46     	; 0xfd4 <vfprintf+0x636>
     fa6:	01 fd       	sbrc	r16, 1
     fa8:	03 c0       	rjmp	.+6      	; 0xfb0 <vfprintf+0x612>
     faa:	88 e7       	ldi	r24, 0x78	; 120
     fac:	90 e0       	ldi	r25, 0x00	; 0
     fae:	02 c0       	rjmp	.+4      	; 0xfb4 <vfprintf+0x616>
     fb0:	88 e5       	ldi	r24, 0x58	; 88
     fb2:	90 e0       	ldi	r25, 0x00	; 0
     fb4:	b7 01       	movw	r22, r14
     fb6:	0c c0       	rjmp	.+24     	; 0xfd0 <vfprintf+0x632>
     fb8:	80 2f       	mov	r24, r16
     fba:	86 78       	andi	r24, 0x86	; 134
     fbc:	59 f0       	breq	.+22     	; 0xfd4 <vfprintf+0x636>
     fbe:	01 ff       	sbrs	r16, 1
     fc0:	02 c0       	rjmp	.+4      	; 0xfc6 <vfprintf+0x628>
     fc2:	8b e2       	ldi	r24, 0x2B	; 43
     fc4:	01 c0       	rjmp	.+2      	; 0xfc8 <vfprintf+0x62a>
     fc6:	80 e2       	ldi	r24, 0x20	; 32
     fc8:	07 fd       	sbrc	r16, 7
     fca:	8d e2       	ldi	r24, 0x2D	; 45
     fcc:	b7 01       	movw	r22, r14
     fce:	90 e0       	ldi	r25, 0x00	; 0
     fd0:	0e 94 a1 0f 	call	0x1f42	; 0x1f42 <fputc>
     fd4:	c1 16       	cp	r12, r17
     fd6:	38 f4       	brcc	.+14     	; 0xfe6 <vfprintf+0x648>
     fd8:	b7 01       	movw	r22, r14
     fda:	80 e3       	ldi	r24, 0x30	; 48
     fdc:	90 e0       	ldi	r25, 0x00	; 0
     fde:	0e 94 a1 0f 	call	0x1f42	; 0x1f42 <fputc>
     fe2:	11 50       	subi	r17, 0x01	; 1
     fe4:	f7 cf       	rjmp	.-18     	; 0xfd4 <vfprintf+0x636>
     fe6:	ca 94       	dec	r12
     fe8:	f3 01       	movw	r30, r6
     fea:	ec 0d       	add	r30, r12
     fec:	f1 1d       	adc	r31, r1
     fee:	80 81       	ld	r24, Z
     ff0:	b7 01       	movw	r22, r14
     ff2:	90 e0       	ldi	r25, 0x00	; 0
     ff4:	0e 94 a1 0f 	call	0x1f42	; 0x1f42 <fputc>
     ff8:	c1 10       	cpse	r12, r1
     ffa:	f5 cf       	rjmp	.-22     	; 0xfe6 <vfprintf+0x648>
     ffc:	15 c0       	rjmp	.+42     	; 0x1028 <vfprintf+0x68a>
     ffe:	f4 e0       	ldi	r31, 0x04	; 4
    1000:	f5 15       	cp	r31, r5
    1002:	60 f5       	brcc	.+88     	; 0x105c <vfprintf+0x6be>
    1004:	84 e0       	ldi	r24, 0x04	; 4
    1006:	58 1a       	sub	r5, r24
    1008:	93 fe       	sbrs	r9, 3
    100a:	1f c0       	rjmp	.+62     	; 0x104a <vfprintf+0x6ac>
    100c:	01 11       	cpse	r16, r1
    100e:	27 c0       	rjmp	.+78     	; 0x105e <vfprintf+0x6c0>
    1010:	2c 85       	ldd	r18, Y+12	; 0x0c
    1012:	23 ff       	sbrs	r18, 3
    1014:	2a c0       	rjmp	.+84     	; 0x106a <vfprintf+0x6cc>
    1016:	08 e6       	ldi	r16, 0x68	; 104
    1018:	10 e0       	ldi	r17, 0x00	; 0
    101a:	39 2d       	mov	r19, r9
    101c:	30 71       	andi	r19, 0x10	; 16
    101e:	93 2e       	mov	r9, r19
    1020:	f8 01       	movw	r30, r16
    1022:	84 91       	lpm	r24, Z
    1024:	81 11       	cpse	r24, r1
    1026:	24 c0       	rjmp	.+72     	; 0x1070 <vfprintf+0x6d2>
    1028:	55 20       	and	r5, r5
    102a:	09 f4       	brne	.+2      	; 0x102e <vfprintf+0x690>
    102c:	e4 cc       	rjmp	.-1592   	; 0x9f6 <vfprintf+0x58>
    102e:	b7 01       	movw	r22, r14
    1030:	80 e2       	ldi	r24, 0x20	; 32
    1032:	90 e0       	ldi	r25, 0x00	; 0
    1034:	0e 94 a1 0f 	call	0x1f42	; 0x1f42 <fputc>
    1038:	5a 94       	dec	r5
    103a:	f6 cf       	rjmp	.-20     	; 0x1028 <vfprintf+0x68a>
    103c:	f7 01       	movw	r30, r14
    103e:	86 81       	ldd	r24, Z+6	; 0x06
    1040:	97 81       	ldd	r25, Z+7	; 0x07
    1042:	26 c0       	rjmp	.+76     	; 0x1090 <vfprintf+0x6f2>
    1044:	8f ef       	ldi	r24, 0xFF	; 255
    1046:	9f ef       	ldi	r25, 0xFF	; 255
    1048:	23 c0       	rjmp	.+70     	; 0x1090 <vfprintf+0x6f2>
    104a:	b7 01       	movw	r22, r14
    104c:	80 e2       	ldi	r24, 0x20	; 32
    104e:	90 e0       	ldi	r25, 0x00	; 0
    1050:	0e 94 a1 0f 	call	0x1f42	; 0x1f42 <fputc>
    1054:	5a 94       	dec	r5
    1056:	51 10       	cpse	r5, r1
    1058:	f8 cf       	rjmp	.-16     	; 0x104a <vfprintf+0x6ac>
    105a:	d8 cf       	rjmp	.-80     	; 0x100c <vfprintf+0x66e>
    105c:	51 2c       	mov	r5, r1
    105e:	b7 01       	movw	r22, r14
    1060:	80 2f       	mov	r24, r16
    1062:	90 e0       	ldi	r25, 0x00	; 0
    1064:	0e 94 a1 0f 	call	0x1f42	; 0x1f42 <fputc>
    1068:	d3 cf       	rjmp	.-90     	; 0x1010 <vfprintf+0x672>
    106a:	0c e6       	ldi	r16, 0x6C	; 108
    106c:	10 e0       	ldi	r17, 0x00	; 0
    106e:	d5 cf       	rjmp	.-86     	; 0x101a <vfprintf+0x67c>
    1070:	91 10       	cpse	r9, r1
    1072:	80 52       	subi	r24, 0x20	; 32
    1074:	b7 01       	movw	r22, r14
    1076:	90 e0       	ldi	r25, 0x00	; 0
    1078:	0e 94 a1 0f 	call	0x1f42	; 0x1f42 <fputc>
    107c:	0f 5f       	subi	r16, 0xFF	; 255
    107e:	1f 4f       	sbci	r17, 0xFF	; 255
    1080:	cf cf       	rjmp	.-98     	; 0x1020 <vfprintf+0x682>
    1082:	23 e0       	ldi	r18, 0x03	; 3
    1084:	25 15       	cp	r18, r5
    1086:	10 f4       	brcc	.+4      	; 0x108c <vfprintf+0x6ee>
    1088:	83 e0       	ldi	r24, 0x03	; 3
    108a:	bd cf       	rjmp	.-134    	; 0x1006 <vfprintf+0x668>
    108c:	51 2c       	mov	r5, r1
    108e:	c0 cf       	rjmp	.-128    	; 0x1010 <vfprintf+0x672>
    1090:	60 96       	adiw	r28, 0x10	; 16
    1092:	e2 e1       	ldi	r30, 0x12	; 18
    1094:	0c 94 0d 0e 	jmp	0x1c1a	; 0x1c1a <__epilogue_restores__>

00001098 <putval>:
    1098:	20 fd       	sbrc	r18, 0
    109a:	09 c0       	rjmp	.+18     	; 0x10ae <putval+0x16>
    109c:	fc 01       	movw	r30, r24
    109e:	23 fd       	sbrc	r18, 3
    10a0:	05 c0       	rjmp	.+10     	; 0x10ac <putval+0x14>
    10a2:	22 ff       	sbrs	r18, 2
    10a4:	02 c0       	rjmp	.+4      	; 0x10aa <putval+0x12>
    10a6:	73 83       	std	Z+3, r23	; 0x03
    10a8:	62 83       	std	Z+2, r22	; 0x02
    10aa:	51 83       	std	Z+1, r21	; 0x01
    10ac:	40 83       	st	Z, r20
    10ae:	08 95       	ret

000010b0 <mulacc>:
    10b0:	44 fd       	sbrc	r20, 4
    10b2:	17 c0       	rjmp	.+46     	; 0x10e2 <mulacc+0x32>
    10b4:	46 fd       	sbrc	r20, 6
    10b6:	17 c0       	rjmp	.+46     	; 0x10e6 <mulacc+0x36>
    10b8:	ab 01       	movw	r20, r22
    10ba:	bc 01       	movw	r22, r24
    10bc:	da 01       	movw	r26, r20
    10be:	fb 01       	movw	r30, r22
    10c0:	aa 0f       	add	r26, r26
    10c2:	bb 1f       	adc	r27, r27
    10c4:	ee 1f       	adc	r30, r30
    10c6:	ff 1f       	adc	r31, r31
    10c8:	10 94       	com	r1
    10ca:	d1 f7       	brne	.-12     	; 0x10c0 <mulacc+0x10>
    10cc:	4a 0f       	add	r20, r26
    10ce:	5b 1f       	adc	r21, r27
    10d0:	6e 1f       	adc	r22, r30
    10d2:	7f 1f       	adc	r23, r31
    10d4:	cb 01       	movw	r24, r22
    10d6:	ba 01       	movw	r22, r20
    10d8:	66 0f       	add	r22, r22
    10da:	77 1f       	adc	r23, r23
    10dc:	88 1f       	adc	r24, r24
    10de:	99 1f       	adc	r25, r25
    10e0:	09 c0       	rjmp	.+18     	; 0x10f4 <mulacc+0x44>
    10e2:	33 e0       	ldi	r19, 0x03	; 3
    10e4:	01 c0       	rjmp	.+2      	; 0x10e8 <mulacc+0x38>
    10e6:	34 e0       	ldi	r19, 0x04	; 4
    10e8:	66 0f       	add	r22, r22
    10ea:	77 1f       	adc	r23, r23
    10ec:	88 1f       	adc	r24, r24
    10ee:	99 1f       	adc	r25, r25
    10f0:	31 50       	subi	r19, 0x01	; 1
    10f2:	d1 f7       	brne	.-12     	; 0x10e8 <mulacc+0x38>
    10f4:	62 0f       	add	r22, r18
    10f6:	71 1d       	adc	r23, r1
    10f8:	81 1d       	adc	r24, r1
    10fa:	91 1d       	adc	r25, r1
    10fc:	08 95       	ret

000010fe <skip_spaces>:
    10fe:	0f 93       	push	r16
    1100:	1f 93       	push	r17
    1102:	cf 93       	push	r28
    1104:	df 93       	push	r29
    1106:	8c 01       	movw	r16, r24
    1108:	c8 01       	movw	r24, r16
    110a:	0e 94 63 0f 	call	0x1ec6	; 0x1ec6 <fgetc>
    110e:	ec 01       	movw	r28, r24
    1110:	97 fd       	sbrc	r25, 7
    1112:	08 c0       	rjmp	.+16     	; 0x1124 <skip_spaces+0x26>
    1114:	0e 94 31 0f 	call	0x1e62	; 0x1e62 <isspace>
    1118:	89 2b       	or	r24, r25
    111a:	b1 f7       	brne	.-20     	; 0x1108 <skip_spaces+0xa>
    111c:	b8 01       	movw	r22, r16
    111e:	ce 01       	movw	r24, r28
    1120:	0e 94 f3 0f 	call	0x1fe6	; 0x1fe6 <ungetc>
    1124:	ce 01       	movw	r24, r28
    1126:	df 91       	pop	r29
    1128:	cf 91       	pop	r28
    112a:	1f 91       	pop	r17
    112c:	0f 91       	pop	r16
    112e:	08 95       	ret

00001130 <conv_int>:
    1130:	a0 e0       	ldi	r26, 0x00	; 0
    1132:	b0 e0       	ldi	r27, 0x00	; 0
    1134:	ee e9       	ldi	r30, 0x9E	; 158
    1136:	f8 e0       	ldi	r31, 0x08	; 8
    1138:	0c 94 f7 0d 	jmp	0x1bee	; 0x1bee <__prologue_saves__+0xc>
    113c:	7c 01       	movw	r14, r24
    113e:	8b 01       	movw	r16, r22
    1140:	6a 01       	movw	r12, r20
    1142:	d2 2f       	mov	r29, r18
    1144:	0e 94 63 0f 	call	0x1ec6	; 0x1ec6 <fgetc>
    1148:	9c 01       	movw	r18, r24
    114a:	33 27       	eor	r19, r19
    114c:	2b 32       	cpi	r18, 0x2B	; 43
    114e:	31 05       	cpc	r19, r1
    1150:	21 f0       	breq	.+8      	; 0x115a <conv_int+0x2a>
    1152:	2d 32       	cpi	r18, 0x2D	; 45
    1154:	31 05       	cpc	r19, r1
    1156:	59 f4       	brne	.+22     	; 0x116e <conv_int+0x3e>
    1158:	d0 68       	ori	r29, 0x80	; 128
    115a:	01 50       	subi	r16, 0x01	; 1
    115c:	11 09       	sbc	r17, r1
    115e:	11 f4       	brne	.+4      	; 0x1164 <conv_int+0x34>
    1160:	80 e0       	ldi	r24, 0x00	; 0
    1162:	6b c0       	rjmp	.+214    	; 0x123a <conv_int+0x10a>
    1164:	c7 01       	movw	r24, r14
    1166:	0e 94 63 0f 	call	0x1ec6	; 0x1ec6 <fgetc>
    116a:	97 fd       	sbrc	r25, 7
    116c:	f9 cf       	rjmp	.-14     	; 0x1160 <conv_int+0x30>
    116e:	cd 2f       	mov	r28, r29
    1170:	cd 7f       	andi	r28, 0xFD	; 253
    1172:	2d 2f       	mov	r18, r29
    1174:	20 73       	andi	r18, 0x30	; 48
    1176:	19 f5       	brne	.+70     	; 0x11be <conv_int+0x8e>
    1178:	80 33       	cpi	r24, 0x30	; 48
    117a:	09 f5       	brne	.+66     	; 0x11be <conv_int+0x8e>
    117c:	58 01       	movw	r10, r16
    117e:	81 e0       	ldi	r24, 0x01	; 1
    1180:	a8 1a       	sub	r10, r24
    1182:	b1 08       	sbc	r11, r1
    1184:	09 f4       	brne	.+2      	; 0x1188 <conv_int+0x58>
    1186:	45 c0       	rjmp	.+138    	; 0x1212 <conv_int+0xe2>
    1188:	c7 01       	movw	r24, r14
    118a:	0e 94 63 0f 	call	0x1ec6	; 0x1ec6 <fgetc>
    118e:	97 fd       	sbrc	r25, 7
    1190:	40 c0       	rjmp	.+128    	; 0x1212 <conv_int+0xe2>
    1192:	9c 01       	movw	r18, r24
    1194:	2f 7d       	andi	r18, 0xDF	; 223
    1196:	33 27       	eor	r19, r19
    1198:	28 35       	cpi	r18, 0x58	; 88
    119a:	31 05       	cpc	r19, r1
    119c:	51 f4       	brne	.+20     	; 0x11b2 <conv_int+0x82>
    119e:	c2 64       	ori	r28, 0x42	; 66
    11a0:	02 50       	subi	r16, 0x02	; 2
    11a2:	11 09       	sbc	r17, r1
    11a4:	b1 f1       	breq	.+108    	; 0x1212 <conv_int+0xe2>
    11a6:	c7 01       	movw	r24, r14
    11a8:	0e 94 63 0f 	call	0x1ec6	; 0x1ec6 <fgetc>
    11ac:	97 ff       	sbrs	r25, 7
    11ae:	07 c0       	rjmp	.+14     	; 0x11be <conv_int+0x8e>
    11b0:	30 c0       	rjmp	.+96     	; 0x1212 <conv_int+0xe2>
    11b2:	d6 ff       	sbrs	r29, 6
    11b4:	02 c0       	rjmp	.+4      	; 0x11ba <conv_int+0x8a>
    11b6:	c2 60       	ori	r28, 0x02	; 2
    11b8:	01 c0       	rjmp	.+2      	; 0x11bc <conv_int+0x8c>
    11ba:	c2 61       	ori	r28, 0x12	; 18
    11bc:	85 01       	movw	r16, r10
    11be:	81 2c       	mov	r8, r1
    11c0:	91 2c       	mov	r9, r1
    11c2:	54 01       	movw	r10, r8
    11c4:	20 ed       	ldi	r18, 0xD0	; 208
    11c6:	28 0f       	add	r18, r24
    11c8:	28 30       	cpi	r18, 0x08	; 8
    11ca:	80 f0       	brcs	.+32     	; 0x11ec <conv_int+0xbc>
    11cc:	c4 ff       	sbrs	r28, 4
    11ce:	04 c0       	rjmp	.+8      	; 0x11d8 <conv_int+0xa8>
    11d0:	b7 01       	movw	r22, r14
    11d2:	0e 94 f3 0f 	call	0x1fe6	; 0x1fe6 <ungetc>
    11d6:	1a c0       	rjmp	.+52     	; 0x120c <conv_int+0xdc>
    11d8:	2a 30       	cpi	r18, 0x0A	; 10
    11da:	40 f0       	brcs	.+16     	; 0x11ec <conv_int+0xbc>
    11dc:	c6 ff       	sbrs	r28, 6
    11de:	f8 cf       	rjmp	.-16     	; 0x11d0 <conv_int+0xa0>
    11e0:	2f 7d       	andi	r18, 0xDF	; 223
    11e2:	3f ee       	ldi	r19, 0xEF	; 239
    11e4:	32 0f       	add	r19, r18
    11e6:	36 30       	cpi	r19, 0x06	; 6
    11e8:	98 f7       	brcc	.-26     	; 0x11d0 <conv_int+0xa0>
    11ea:	27 50       	subi	r18, 0x07	; 7
    11ec:	4c 2f       	mov	r20, r28
    11ee:	c5 01       	movw	r24, r10
    11f0:	b4 01       	movw	r22, r8
    11f2:	0e 94 58 08 	call	0x10b0	; 0x10b0 <mulacc>
    11f6:	4b 01       	movw	r8, r22
    11f8:	5c 01       	movw	r10, r24
    11fa:	c2 60       	ori	r28, 0x02	; 2
    11fc:	01 50       	subi	r16, 0x01	; 1
    11fe:	11 09       	sbc	r17, r1
    1200:	59 f0       	breq	.+22     	; 0x1218 <conv_int+0xe8>
    1202:	c7 01       	movw	r24, r14
    1204:	0e 94 63 0f 	call	0x1ec6	; 0x1ec6 <fgetc>
    1208:	97 ff       	sbrs	r25, 7
    120a:	dc cf       	rjmp	.-72     	; 0x11c4 <conv_int+0x94>
    120c:	c1 fd       	sbrc	r28, 1
    120e:	04 c0       	rjmp	.+8      	; 0x1218 <conv_int+0xe8>
    1210:	a7 cf       	rjmp	.-178    	; 0x1160 <conv_int+0x30>
    1212:	81 2c       	mov	r8, r1
    1214:	91 2c       	mov	r9, r1
    1216:	54 01       	movw	r10, r8
    1218:	c7 ff       	sbrs	r28, 7
    121a:	08 c0       	rjmp	.+16     	; 0x122c <conv_int+0xfc>
    121c:	b0 94       	com	r11
    121e:	a0 94       	com	r10
    1220:	90 94       	com	r9
    1222:	80 94       	com	r8
    1224:	81 1c       	adc	r8, r1
    1226:	91 1c       	adc	r9, r1
    1228:	a1 1c       	adc	r10, r1
    122a:	b1 1c       	adc	r11, r1
    122c:	2c 2f       	mov	r18, r28
    122e:	b5 01       	movw	r22, r10
    1230:	a4 01       	movw	r20, r8
    1232:	c6 01       	movw	r24, r12
    1234:	0e 94 4c 08 	call	0x1098	; 0x1098 <putval>
    1238:	81 e0       	ldi	r24, 0x01	; 1
    123a:	cd b7       	in	r28, 0x3d	; 61
    123c:	de b7       	in	r29, 0x3e	; 62
    123e:	ec e0       	ldi	r30, 0x0C	; 12
    1240:	0c 94 13 0e 	jmp	0x1c26	; 0x1c26 <__epilogue_restores__+0xc>

00001244 <conv_brk>:
    1244:	a0 e2       	ldi	r26, 0x20	; 32
    1246:	b0 e0       	ldi	r27, 0x00	; 0
    1248:	e8 e2       	ldi	r30, 0x28	; 40
    124a:	f9 e0       	ldi	r31, 0x09	; 9
    124c:	0c 94 f3 0d 	jmp	0x1be6	; 0x1be6 <__prologue_saves__+0x4>
    1250:	5c 01       	movw	r10, r24
    1252:	4b 01       	movw	r8, r22
    1254:	7a 01       	movw	r14, r20
    1256:	8e 01       	movw	r16, r28
    1258:	0f 5f       	subi	r16, 0xFF	; 255
    125a:	1f 4f       	sbci	r17, 0xFF	; 255
    125c:	68 01       	movw	r12, r16
    125e:	80 e2       	ldi	r24, 0x20	; 32
    1260:	f8 01       	movw	r30, r16
    1262:	11 92       	st	Z+, r1
    1264:	8a 95       	dec	r24
    1266:	e9 f7       	brne	.-6      	; 0x1262 <conv_brk+0x1e>
    1268:	f5 01       	movw	r30, r10
    126a:	53 80       	ldd	r5, Z+3	; 0x03
    126c:	40 e0       	ldi	r20, 0x00	; 0
    126e:	50 e0       	ldi	r21, 0x00	; 0
    1270:	61 2c       	mov	r6, r1
    1272:	90 e0       	ldi	r25, 0x00	; 0
    1274:	71 2c       	mov	r7, r1
    1276:	a1 e0       	ldi	r26, 0x01	; 1
    1278:	b0 e0       	ldi	r27, 0x00	; 0
    127a:	f9 01       	movw	r30, r18
    127c:	53 fc       	sbrc	r5, 3
    127e:	85 91       	lpm	r24, Z+
    1280:	53 fe       	sbrs	r5, 3
    1282:	81 91       	ld	r24, Z+
    1284:	8f 01       	movw	r16, r30
    1286:	48 2e       	mov	r4, r24
    1288:	9f 01       	movw	r18, r30
    128a:	81 11       	cpse	r24, r1
    128c:	03 c0       	rjmp	.+6      	; 0x1294 <conv_brk+0x50>
    128e:	80 e0       	ldi	r24, 0x00	; 0
    1290:	90 e0       	ldi	r25, 0x00	; 0
    1292:	96 c0       	rjmp	.+300    	; 0x13c0 <conv_brk+0x17c>
    1294:	8e 35       	cpi	r24, 0x5E	; 94
    1296:	19 f4       	brne	.+6      	; 0x129e <conv_brk+0x5a>
    1298:	41 15       	cp	r20, r1
    129a:	51 05       	cpc	r21, r1
    129c:	51 f1       	breq	.+84     	; 0x12f2 <conv_brk+0xae>
    129e:	67 2d       	mov	r22, r7
    12a0:	70 e0       	ldi	r23, 0x00	; 0
    12a2:	64 17       	cp	r22, r20
    12a4:	75 07       	cpc	r23, r21
    12a6:	3c f4       	brge	.+14     	; 0x12b6 <conv_brk+0x72>
    12a8:	8d 35       	cpi	r24, 0x5D	; 93
    12aa:	61 f1       	breq	.+88     	; 0x1304 <conv_brk+0xc0>
    12ac:	8d 32       	cpi	r24, 0x2D	; 45
    12ae:	19 f4       	brne	.+6      	; 0x12b6 <conv_brk+0x72>
    12b0:	99 23       	and	r25, r25
    12b2:	11 f1       	breq	.+68     	; 0x12f8 <conv_brk+0xb4>
    12b4:	03 c0       	rjmp	.+6      	; 0x12bc <conv_brk+0x78>
    12b6:	99 23       	and	r25, r25
    12b8:	09 f4       	brne	.+2      	; 0x12bc <conv_brk+0x78>
    12ba:	6d c0       	rjmp	.+218    	; 0x1396 <conv_brk+0x152>
    12bc:	84 2d       	mov	r24, r4
    12be:	86 95       	lsr	r24
    12c0:	86 95       	lsr	r24
    12c2:	86 95       	lsr	r24
    12c4:	f6 01       	movw	r30, r12
    12c6:	e8 0f       	add	r30, r24
    12c8:	f1 1d       	adc	r31, r1
    12ca:	84 2d       	mov	r24, r4
    12cc:	87 70       	andi	r24, 0x07	; 7
    12ce:	8d 01       	movw	r16, r26
    12d0:	02 c0       	rjmp	.+4      	; 0x12d6 <conv_brk+0x92>
    12d2:	00 0f       	add	r16, r16
    12d4:	11 1f       	adc	r17, r17
    12d6:	8a 95       	dec	r24
    12d8:	e2 f7       	brpl	.-8      	; 0x12d2 <conv_brk+0x8e>
    12da:	c8 01       	movw	r24, r16
    12dc:	90 81       	ld	r25, Z
    12de:	89 2b       	or	r24, r25
    12e0:	80 83       	st	Z, r24
    12e2:	64 14       	cp	r6, r4
    12e4:	59 f0       	breq	.+22     	; 0x12fc <conv_brk+0xb8>
    12e6:	46 14       	cp	r4, r6
    12e8:	10 f4       	brcc	.+4      	; 0x12ee <conv_brk+0xaa>
    12ea:	43 94       	inc	r4
    12ec:	e7 cf       	rjmp	.-50     	; 0x12bc <conv_brk+0x78>
    12ee:	4a 94       	dec	r4
    12f0:	e5 cf       	rjmp	.-54     	; 0x12bc <conv_brk+0x78>
    12f2:	77 24       	eor	r7, r7
    12f4:	73 94       	inc	r7
    12f6:	03 c0       	rjmp	.+6      	; 0x12fe <conv_brk+0xba>
    12f8:	91 e0       	ldi	r25, 0x01	; 1
    12fa:	01 c0       	rjmp	.+2      	; 0x12fe <conv_brk+0xba>
    12fc:	90 e0       	ldi	r25, 0x00	; 0
    12fe:	4f 5f       	subi	r20, 0xFF	; 255
    1300:	5f 4f       	sbci	r21, 0xFF	; 255
    1302:	bb cf       	rjmp	.-138    	; 0x127a <conv_brk+0x36>
    1304:	99 23       	and	r25, r25
    1306:	19 f0       	breq	.+6      	; 0x130e <conv_brk+0xca>
    1308:	8e 81       	ldd	r24, Y+6	; 0x06
    130a:	80 62       	ori	r24, 0x20	; 32
    130c:	8e 83       	std	Y+6, r24	; 0x06
    130e:	71 10       	cpse	r7, r1
    1310:	03 c0       	rjmp	.+6      	; 0x1318 <conv_brk+0xd4>
    1312:	77 24       	eor	r7, r7
    1314:	73 94       	inc	r7
    1316:	19 c0       	rjmp	.+50     	; 0x134a <conv_brk+0x106>
    1318:	f6 01       	movw	r30, r12
    131a:	9e 01       	movw	r18, r28
    131c:	2f 5d       	subi	r18, 0xDF	; 223
    131e:	3f 4f       	sbci	r19, 0xFF	; 255
    1320:	80 81       	ld	r24, Z
    1322:	80 95       	com	r24
    1324:	81 93       	st	Z+, r24
    1326:	2e 17       	cp	r18, r30
    1328:	3f 07       	cpc	r19, r31
    132a:	d1 f7       	brne	.-12     	; 0x1320 <conv_brk+0xdc>
    132c:	f2 cf       	rjmp	.-28     	; 0x1312 <conv_brk+0xce>
    132e:	e1 14       	cp	r14, r1
    1330:	f1 04       	cpc	r15, r1
    1332:	31 f0       	breq	.+12     	; 0x1340 <conv_brk+0xfc>
    1334:	f7 01       	movw	r30, r14
    1336:	80 83       	st	Z, r24
    1338:	b7 01       	movw	r22, r14
    133a:	6f 5f       	subi	r22, 0xFF	; 255
    133c:	7f 4f       	sbci	r23, 0xFF	; 255
    133e:	7b 01       	movw	r14, r22
    1340:	71 e0       	ldi	r23, 0x01	; 1
    1342:	87 1a       	sub	r8, r23
    1344:	91 08       	sbc	r9, r1
    1346:	71 2c       	mov	r7, r1
    1348:	f9 f0       	breq	.+62     	; 0x1388 <conv_brk+0x144>
    134a:	c5 01       	movw	r24, r10
    134c:	0e 94 63 0f 	call	0x1ec6	; 0x1ec6 <fgetc>
    1350:	97 fd       	sbrc	r25, 7
    1352:	18 c0       	rjmp	.+48     	; 0x1384 <conv_brk+0x140>
    1354:	fc 01       	movw	r30, r24
    1356:	ff 27       	eor	r31, r31
    1358:	23 e0       	ldi	r18, 0x03	; 3
    135a:	f5 95       	asr	r31
    135c:	e7 95       	ror	r30
    135e:	2a 95       	dec	r18
    1360:	e1 f7       	brne	.-8      	; 0x135a <conv_brk+0x116>
    1362:	ec 0d       	add	r30, r12
    1364:	fd 1d       	adc	r31, r13
    1366:	20 81       	ld	r18, Z
    1368:	30 e0       	ldi	r19, 0x00	; 0
    136a:	ac 01       	movw	r20, r24
    136c:	47 70       	andi	r20, 0x07	; 7
    136e:	55 27       	eor	r21, r21
    1370:	02 c0       	rjmp	.+4      	; 0x1376 <conv_brk+0x132>
    1372:	35 95       	asr	r19
    1374:	27 95       	ror	r18
    1376:	4a 95       	dec	r20
    1378:	e2 f7       	brpl	.-8      	; 0x1372 <conv_brk+0x12e>
    137a:	20 fd       	sbrc	r18, 0
    137c:	d8 cf       	rjmp	.-80     	; 0x132e <conv_brk+0xea>
    137e:	b5 01       	movw	r22, r10
    1380:	0e 94 f3 0f 	call	0x1fe6	; 0x1fe6 <ungetc>
    1384:	71 10       	cpse	r7, r1
    1386:	83 cf       	rjmp	.-250    	; 0x128e <conv_brk+0x4a>
    1388:	e1 14       	cp	r14, r1
    138a:	f1 04       	cpc	r15, r1
    138c:	11 f0       	breq	.+4      	; 0x1392 <conv_brk+0x14e>
    138e:	f7 01       	movw	r30, r14
    1390:	10 82       	st	Z, r1
    1392:	c8 01       	movw	r24, r16
    1394:	15 c0       	rjmp	.+42     	; 0x13c0 <conv_brk+0x17c>
    1396:	68 2f       	mov	r22, r24
    1398:	66 95       	lsr	r22
    139a:	66 95       	lsr	r22
    139c:	66 95       	lsr	r22
    139e:	f6 01       	movw	r30, r12
    13a0:	e6 0f       	add	r30, r22
    13a2:	f1 1d       	adc	r31, r1
    13a4:	68 2f       	mov	r22, r24
    13a6:	67 70       	andi	r22, 0x07	; 7
    13a8:	8d 01       	movw	r16, r26
    13aa:	02 c0       	rjmp	.+4      	; 0x13b0 <conv_brk+0x16c>
    13ac:	00 0f       	add	r16, r16
    13ae:	11 1f       	adc	r17, r17
    13b0:	6a 95       	dec	r22
    13b2:	e2 f7       	brpl	.-8      	; 0x13ac <conv_brk+0x168>
    13b4:	b8 01       	movw	r22, r16
    13b6:	70 81       	ld	r23, Z
    13b8:	67 2b       	or	r22, r23
    13ba:	60 83       	st	Z, r22
    13bc:	68 2e       	mov	r6, r24
    13be:	9f cf       	rjmp	.-194    	; 0x12fe <conv_brk+0xba>
    13c0:	a0 96       	adiw	r28, 0x20	; 32
    13c2:	e0 e1       	ldi	r30, 0x10	; 16
    13c4:	0c 94 0f 0e 	jmp	0x1c1e	; 0x1c1e <__epilogue_restores__+0x4>

000013c8 <conv_flt>:
    13c8:	2f 92       	push	r2
    13ca:	3f 92       	push	r3
    13cc:	4f 92       	push	r4
    13ce:	5f 92       	push	r5
    13d0:	6f 92       	push	r6
    13d2:	7f 92       	push	r7
    13d4:	9f 92       	push	r9
    13d6:	af 92       	push	r10
    13d8:	bf 92       	push	r11
    13da:	cf 92       	push	r12
    13dc:	df 92       	push	r13
    13de:	ef 92       	push	r14
    13e0:	ff 92       	push	r15
    13e2:	0f 93       	push	r16
    13e4:	1f 93       	push	r17
    13e6:	cf 93       	push	r28
    13e8:	df 93       	push	r29
    13ea:	6c 01       	movw	r12, r24
    13ec:	8b 01       	movw	r16, r22
    13ee:	1a 01       	movw	r2, r20
    13f0:	0e 94 63 0f 	call	0x1ec6	; 0x1ec6 <fgetc>
    13f4:	ec 01       	movw	r28, r24
    13f6:	99 27       	eor	r25, r25
    13f8:	8b 32       	cpi	r24, 0x2B	; 43
    13fa:	91 05       	cpc	r25, r1
    13fc:	29 f0       	breq	.+10     	; 0x1408 <conv_flt+0x40>
    13fe:	8d 97       	sbiw	r24, 0x2d	; 45
    1400:	81 f4       	brne	.+32     	; 0x1422 <conv_flt+0x5a>
    1402:	30 e8       	ldi	r19, 0x80	; 128
    1404:	93 2e       	mov	r9, r19
    1406:	01 c0       	rjmp	.+2      	; 0x140a <conv_flt+0x42>
    1408:	91 2c       	mov	r9, r1
    140a:	01 50       	subi	r16, 0x01	; 1
    140c:	11 09       	sbc	r17, r1
    140e:	11 f4       	brne	.+4      	; 0x1414 <conv_flt+0x4c>
    1410:	80 e0       	ldi	r24, 0x00	; 0
    1412:	0c c1       	rjmp	.+536    	; 0x162c <conv_flt+0x264>
    1414:	c6 01       	movw	r24, r12
    1416:	0e 94 63 0f 	call	0x1ec6	; 0x1ec6 <fgetc>
    141a:	ec 01       	movw	r28, r24
    141c:	97 ff       	sbrs	r25, 7
    141e:	02 c0       	rjmp	.+4      	; 0x1424 <conv_flt+0x5c>
    1420:	f7 cf       	rjmp	.-18     	; 0x1410 <conv_flt+0x48>
    1422:	91 2c       	mov	r9, r1
    1424:	ce 01       	movw	r24, r28
    1426:	0e 94 3a 0f 	call	0x1e74	; 0x1e74 <tolower>
    142a:	89 36       	cpi	r24, 0x69	; 105
    142c:	91 05       	cpc	r25, r1
    142e:	31 f0       	breq	.+12     	; 0x143c <conv_flt+0x74>
    1430:	8e 36       	cpi	r24, 0x6E	; 110
    1432:	91 05       	cpc	r25, r1
    1434:	99 f5       	brne	.+102    	; 0x149c <conv_flt+0xd4>
    1436:	cc e7       	ldi	r28, 0x7C	; 124
    1438:	d1 e0       	ldi	r29, 0x01	; 1
    143a:	02 c0       	rjmp	.+4      	; 0x1440 <conv_flt+0x78>
    143c:	cf e7       	ldi	r28, 0x7F	; 127
    143e:	d1 e0       	ldi	r29, 0x01	; 1
    1440:	21 96       	adiw	r28, 0x01	; 1
    1442:	fe 01       	movw	r30, r28
    1444:	31 97       	sbiw	r30, 0x01	; 1
    1446:	b4 90       	lpm	r11, Z
    1448:	bb 20       	and	r11, r11
    144a:	c9 f0       	breq	.+50     	; 0x147e <conv_flt+0xb6>
    144c:	01 50       	subi	r16, 0x01	; 1
    144e:	11 09       	sbc	r17, r1
    1450:	91 f0       	breq	.+36     	; 0x1476 <conv_flt+0xae>
    1452:	c6 01       	movw	r24, r12
    1454:	0e 94 63 0f 	call	0x1ec6	; 0x1ec6 <fgetc>
    1458:	7c 01       	movw	r14, r24
    145a:	97 fd       	sbrc	r25, 7
    145c:	0c c0       	rjmp	.+24     	; 0x1476 <conv_flt+0xae>
    145e:	0e 94 3a 0f 	call	0x1e74	; 0x1e74 <tolower>
    1462:	99 27       	eor	r25, r25
    1464:	eb 2d       	mov	r30, r11
    1466:	f0 e0       	ldi	r31, 0x00	; 0
    1468:	8e 17       	cp	r24, r30
    146a:	9f 07       	cpc	r25, r31
    146c:	49 f3       	breq	.-46     	; 0x1440 <conv_flt+0x78>
    146e:	b6 01       	movw	r22, r12
    1470:	c7 01       	movw	r24, r14
    1472:	0e 94 f3 0f 	call	0x1fe6	; 0x1fe6 <ungetc>
    1476:	c2 58       	subi	r28, 0x82	; 130
    1478:	d1 40       	sbci	r29, 0x01	; 1
    147a:	51 f6       	brne	.-108    	; 0x1410 <conv_flt+0x48>
    147c:	03 c0       	rjmp	.+6      	; 0x1484 <conv_flt+0xbc>
    147e:	cf 57       	subi	r28, 0x7F	; 127
    1480:	d1 40       	sbci	r29, 0x01	; 1
    1482:	29 f0       	breq	.+10     	; 0x148e <conv_flt+0xc6>
    1484:	80 e0       	ldi	r24, 0x00	; 0
    1486:	90 e0       	ldi	r25, 0x00	; 0
    1488:	a0 e8       	ldi	r26, 0x80	; 128
    148a:	bf e7       	ldi	r27, 0x7F	; 127
    148c:	04 c0       	rjmp	.+8      	; 0x1496 <conv_flt+0xce>
    148e:	80 e0       	ldi	r24, 0x00	; 0
    1490:	90 e0       	ldi	r25, 0x00	; 0
    1492:	a0 ec       	ldi	r26, 0xC0	; 192
    1494:	bf e7       	ldi	r27, 0x7F	; 127
    1496:	bc 01       	movw	r22, r24
    1498:	cd 01       	movw	r24, r26
    149a:	b8 c0       	rjmp	.+368    	; 0x160c <conv_flt+0x244>
    149c:	41 2c       	mov	r4, r1
    149e:	51 2c       	mov	r5, r1
    14a0:	32 01       	movw	r6, r4
    14a2:	e1 2c       	mov	r14, r1
    14a4:	f1 2c       	mov	r15, r1
    14a6:	2c 2f       	mov	r18, r28
    14a8:	20 53       	subi	r18, 0x30	; 48
    14aa:	2a 30       	cpi	r18, 0x0A	; 10
    14ac:	10 f5       	brcc	.+68     	; 0x14f2 <conv_flt+0x12a>
    14ae:	e9 2d       	mov	r30, r9
    14b0:	e2 60       	ori	r30, 0x02	; 2
    14b2:	be 2e       	mov	r11, r30
    14b4:	89 2d       	mov	r24, r9
    14b6:	88 70       	andi	r24, 0x08	; 8
    14b8:	92 fe       	sbrs	r9, 2
    14ba:	06 c0       	rjmp	.+12     	; 0x14c8 <conv_flt+0x100>
    14bc:	81 11       	cpse	r24, r1
    14be:	20 c0       	rjmp	.+64     	; 0x1500 <conv_flt+0x138>
    14c0:	ff ef       	ldi	r31, 0xFF	; 255
    14c2:	ef 1a       	sub	r14, r31
    14c4:	ff 0a       	sbc	r15, r31
    14c6:	1c c0       	rjmp	.+56     	; 0x1500 <conv_flt+0x138>
    14c8:	88 23       	and	r24, r24
    14ca:	19 f0       	breq	.+6      	; 0x14d2 <conv_flt+0x10a>
    14cc:	81 e0       	ldi	r24, 0x01	; 1
    14ce:	e8 1a       	sub	r14, r24
    14d0:	f1 08       	sbc	r15, r1
    14d2:	40 e2       	ldi	r20, 0x20	; 32
    14d4:	c3 01       	movw	r24, r6
    14d6:	b2 01       	movw	r22, r4
    14d8:	0e 94 58 08 	call	0x10b0	; 0x10b0 <mulacc>
    14dc:	2b 01       	movw	r4, r22
    14de:	3c 01       	movw	r6, r24
    14e0:	68 39       	cpi	r22, 0x98	; 152
    14e2:	79 49       	sbci	r23, 0x99	; 153
    14e4:	89 49       	sbci	r24, 0x99	; 153
    14e6:	99 41       	sbci	r25, 0x19	; 25
    14e8:	58 f0       	brcs	.+22     	; 0x1500 <conv_flt+0x138>
    14ea:	f9 2d       	mov	r31, r9
    14ec:	f6 60       	ori	r31, 0x06	; 6
    14ee:	bf 2e       	mov	r11, r31
    14f0:	07 c0       	rjmp	.+14     	; 0x1500 <conv_flt+0x138>
    14f2:	2e 3f       	cpi	r18, 0xFE	; 254
    14f4:	89 f4       	brne	.+34     	; 0x1518 <conv_flt+0x150>
    14f6:	93 fc       	sbrc	r9, 3
    14f8:	0f c0       	rjmp	.+30     	; 0x1518 <conv_flt+0x150>
    14fa:	29 2d       	mov	r18, r9
    14fc:	28 60       	ori	r18, 0x08	; 8
    14fe:	b2 2e       	mov	r11, r18
    1500:	01 50       	subi	r16, 0x01	; 1
    1502:	11 09       	sbc	r17, r1
    1504:	41 f0       	breq	.+16     	; 0x1516 <conv_flt+0x14e>
    1506:	c6 01       	movw	r24, r12
    1508:	0e 94 63 0f 	call	0x1ec6	; 0x1ec6 <fgetc>
    150c:	ec 01       	movw	r28, r24
    150e:	9b 2c       	mov	r9, r11
    1510:	97 ff       	sbrs	r25, 7
    1512:	c9 cf       	rjmp	.-110    	; 0x14a6 <conv_flt+0xde>
    1514:	01 c0       	rjmp	.+2      	; 0x1518 <conv_flt+0x150>
    1516:	9b 2c       	mov	r9, r11
    1518:	91 fe       	sbrs	r9, 1
    151a:	7a cf       	rjmp	.-268    	; 0x1410 <conv_flt+0x48>
    151c:	ce 01       	movw	r24, r28
    151e:	8f 7d       	andi	r24, 0xDF	; 223
    1520:	99 27       	eor	r25, r25
    1522:	85 34       	cpi	r24, 0x45	; 69
    1524:	91 05       	cpc	r25, r1
    1526:	09 f0       	breq	.+2      	; 0x152a <conv_flt+0x162>
    1528:	42 c0       	rjmp	.+132    	; 0x15ae <conv_flt+0x1e6>
    152a:	58 01       	movw	r10, r16
    152c:	81 e0       	ldi	r24, 0x01	; 1
    152e:	a8 1a       	sub	r10, r24
    1530:	b1 08       	sbc	r11, r1
    1532:	09 f4       	brne	.+2      	; 0x1536 <conv_flt+0x16e>
    1534:	6d cf       	rjmp	.-294    	; 0x1410 <conv_flt+0x48>
    1536:	c6 01       	movw	r24, r12
    1538:	0e 94 63 0f 	call	0x1ec6	; 0x1ec6 <fgetc>
    153c:	ec 01       	movw	r28, r24
    153e:	97 fd       	sbrc	r25, 7
    1540:	67 cf       	rjmp	.-306    	; 0x1410 <conv_flt+0x48>
    1542:	99 27       	eor	r25, r25
    1544:	8b 32       	cpi	r24, 0x2B	; 43
    1546:	91 05       	cpc	r25, r1
    1548:	29 f0       	breq	.+10     	; 0x1554 <conv_flt+0x18c>
    154a:	8d 97       	sbiw	r24, 0x2d	; 45
    154c:	69 f4       	brne	.+26     	; 0x1568 <conv_flt+0x1a0>
    154e:	e9 2d       	mov	r30, r9
    1550:	e0 61       	ori	r30, 0x10	; 16
    1552:	9e 2e       	mov	r9, r30
    1554:	58 01       	movw	r10, r16
    1556:	f2 e0       	ldi	r31, 0x02	; 2
    1558:	af 1a       	sub	r10, r31
    155a:	b1 08       	sbc	r11, r1
    155c:	09 f4       	brne	.+2      	; 0x1560 <conv_flt+0x198>
    155e:	58 cf       	rjmp	.-336    	; 0x1410 <conv_flt+0x48>
    1560:	c6 01       	movw	r24, r12
    1562:	0e 94 63 0f 	call	0x1ec6	; 0x1ec6 <fgetc>
    1566:	ec 01       	movw	r28, r24
    1568:	ce 01       	movw	r24, r28
    156a:	c0 97       	sbiw	r24, 0x30	; 48
    156c:	0a 97       	sbiw	r24, 0x0a	; 10
    156e:	08 f0       	brcs	.+2      	; 0x1572 <conv_flt+0x1aa>
    1570:	4f cf       	rjmp	.-354    	; 0x1410 <conv_flt+0x48>
    1572:	85 01       	movw	r16, r10
    1574:	a1 2c       	mov	r10, r1
    1576:	b1 2c       	mov	r11, r1
    1578:	b5 01       	movw	r22, r10
    157a:	bb 0c       	add	r11, r11
    157c:	88 0b       	sbc	r24, r24
    157e:	99 0b       	sbc	r25, r25
    1580:	2c 2f       	mov	r18, r28
    1582:	20 53       	subi	r18, 0x30	; 48
    1584:	40 e2       	ldi	r20, 0x20	; 32
    1586:	0e 94 58 08 	call	0x10b0	; 0x10b0 <mulacc>
    158a:	5b 01       	movw	r10, r22
    158c:	01 50       	subi	r16, 0x01	; 1
    158e:	11 09       	sbc	r17, r1
    1590:	39 f0       	breq	.+14     	; 0x15a0 <conv_flt+0x1d8>
    1592:	c6 01       	movw	r24, r12
    1594:	0e 94 63 0f 	call	0x1ec6	; 0x1ec6 <fgetc>
    1598:	ec 01       	movw	r28, r24
    159a:	c0 97       	sbiw	r24, 0x30	; 48
    159c:	0a 97       	sbiw	r24, 0x0a	; 10
    159e:	60 f3       	brcs	.-40     	; 0x1578 <conv_flt+0x1b0>
    15a0:	94 fe       	sbrs	r9, 4
    15a2:	03 c0       	rjmp	.+6      	; 0x15aa <conv_flt+0x1e2>
    15a4:	b1 94       	neg	r11
    15a6:	a1 94       	neg	r10
    15a8:	b1 08       	sbc	r11, r1
    15aa:	ea 0c       	add	r14, r10
    15ac:	fb 1c       	adc	r15, r11
    15ae:	01 2b       	or	r16, r17
    15b0:	31 f0       	breq	.+12     	; 0x15be <conv_flt+0x1f6>
    15b2:	d7 fd       	sbrc	r29, 7
    15b4:	04 c0       	rjmp	.+8      	; 0x15be <conv_flt+0x1f6>
    15b6:	b6 01       	movw	r22, r12
    15b8:	ce 01       	movw	r24, r28
    15ba:	0e 94 f3 0f 	call	0x1fe6	; 0x1fe6 <ungetc>
    15be:	c3 01       	movw	r24, r6
    15c0:	b2 01       	movw	r22, r4
    15c2:	0e 94 cc 0c 	call	0x1998	; 0x1998 <__floatunsisf>
    15c6:	f7 fe       	sbrs	r15, 7
    15c8:	06 c0       	rjmp	.+12     	; 0x15d6 <conv_flt+0x20e>
    15ca:	f1 94       	neg	r15
    15cc:	e1 94       	neg	r14
    15ce:	f1 08       	sbc	r15, r1
    15d0:	cb e9       	ldi	r28, 0x9B	; 155
    15d2:	d1 e0       	ldi	r29, 0x01	; 1
    15d4:	02 c0       	rjmp	.+4      	; 0x15da <conv_flt+0x212>
    15d6:	c3 eb       	ldi	r28, 0xB3	; 179
    15d8:	d1 e0       	ldi	r29, 0x01	; 1
    15da:	6e 01       	movw	r12, r28
    15dc:	28 e1       	ldi	r18, 0x18	; 24
    15de:	c2 1a       	sub	r12, r18
    15e0:	d1 08       	sbc	r13, r1
    15e2:	00 e2       	ldi	r16, 0x20	; 32
    15e4:	10 e0       	ldi	r17, 0x00	; 0
    15e6:	e0 16       	cp	r14, r16
    15e8:	f1 06       	cpc	r15, r17
    15ea:	50 f0       	brcs	.+20     	; 0x1600 <conv_flt+0x238>
    15ec:	fe 01       	movw	r30, r28
    15ee:	25 91       	lpm	r18, Z+
    15f0:	35 91       	lpm	r19, Z+
    15f2:	45 91       	lpm	r20, Z+
    15f4:	54 91       	lpm	r21, Z
    15f6:	0e 94 5a 0d 	call	0x1ab4	; 0x1ab4 <__mulsf3>
    15fa:	e0 1a       	sub	r14, r16
    15fc:	f1 0a       	sbc	r15, r17
    15fe:	f3 cf       	rjmp	.-26     	; 0x15e6 <conv_flt+0x21e>
    1600:	24 97       	sbiw	r28, 0x04	; 4
    1602:	16 95       	lsr	r17
    1604:	07 95       	ror	r16
    1606:	cc 16       	cp	r12, r28
    1608:	dd 06       	cpc	r13, r29
    160a:	69 f7       	brne	.-38     	; 0x15e6 <conv_flt+0x21e>
    160c:	97 fe       	sbrs	r9, 7
    160e:	05 c0       	rjmp	.+10     	; 0x161a <conv_flt+0x252>
    1610:	dc 01       	movw	r26, r24
    1612:	cb 01       	movw	r24, r22
    1614:	b0 58       	subi	r27, 0x80	; 128
    1616:	bc 01       	movw	r22, r24
    1618:	cd 01       	movw	r24, r26
    161a:	21 14       	cp	r2, r1
    161c:	31 04       	cpc	r3, r1
    161e:	29 f0       	breq	.+10     	; 0x162a <conv_flt+0x262>
    1620:	f1 01       	movw	r30, r2
    1622:	60 83       	st	Z, r22
    1624:	71 83       	std	Z+1, r23	; 0x01
    1626:	82 83       	std	Z+2, r24	; 0x02
    1628:	93 83       	std	Z+3, r25	; 0x03
    162a:	81 e0       	ldi	r24, 0x01	; 1
    162c:	df 91       	pop	r29
    162e:	cf 91       	pop	r28
    1630:	1f 91       	pop	r17
    1632:	0f 91       	pop	r16
    1634:	ff 90       	pop	r15
    1636:	ef 90       	pop	r14
    1638:	df 90       	pop	r13
    163a:	cf 90       	pop	r12
    163c:	bf 90       	pop	r11
    163e:	af 90       	pop	r10
    1640:	9f 90       	pop	r9
    1642:	7f 90       	pop	r7
    1644:	6f 90       	pop	r6
    1646:	5f 90       	pop	r5
    1648:	4f 90       	pop	r4
    164a:	3f 90       	pop	r3
    164c:	2f 90       	pop	r2
    164e:	08 95       	ret

00001650 <vfscanf>:
    1650:	a0 e0       	ldi	r26, 0x00	; 0
    1652:	b0 e0       	ldi	r27, 0x00	; 0
    1654:	ee e2       	ldi	r30, 0x2E	; 46
    1656:	fb e0       	ldi	r31, 0x0B	; 11
    1658:	0c 94 f5 0d 	jmp	0x1bea	; 0x1bea <__prologue_saves__+0x8>
    165c:	5c 01       	movw	r10, r24
    165e:	eb 01       	movw	r28, r22
    1660:	4a 01       	movw	r8, r20
    1662:	fc 01       	movw	r30, r24
    1664:	17 82       	std	Z+7, r1	; 0x07
    1666:	16 82       	std	Z+6, r1	; 0x06
    1668:	61 2c       	mov	r6, r1
    166a:	f5 01       	movw	r30, r10
    166c:	03 81       	ldd	r16, Z+3	; 0x03
    166e:	fe 01       	movw	r30, r28
    1670:	03 fd       	sbrc	r16, 3
    1672:	85 91       	lpm	r24, Z+
    1674:	03 ff       	sbrs	r16, 3
    1676:	81 91       	ld	r24, Z+
    1678:	18 2f       	mov	r17, r24
    167a:	ef 01       	movw	r28, r30
    167c:	88 23       	and	r24, r24
    167e:	09 f4       	brne	.+2      	; 0x1682 <vfscanf+0x32>
    1680:	0f c1       	rjmp	.+542    	; 0x18a0 <vfscanf+0x250>
    1682:	90 e0       	ldi	r25, 0x00	; 0
    1684:	0e 94 31 0f 	call	0x1e62	; 0x1e62 <isspace>
    1688:	89 2b       	or	r24, r25
    168a:	21 f0       	breq	.+8      	; 0x1694 <vfscanf+0x44>
    168c:	c5 01       	movw	r24, r10
    168e:	0e 94 7f 08 	call	0x10fe	; 0x10fe <skip_spaces>
    1692:	eb cf       	rjmp	.-42     	; 0x166a <vfscanf+0x1a>
    1694:	15 32       	cpi	r17, 0x25	; 37
    1696:	41 f4       	brne	.+16     	; 0x16a8 <vfscanf+0x58>
    1698:	fe 01       	movw	r30, r28
    169a:	03 fd       	sbrc	r16, 3
    169c:	15 91       	lpm	r17, Z+
    169e:	03 ff       	sbrs	r16, 3
    16a0:	11 91       	ld	r17, Z+
    16a2:	ef 01       	movw	r28, r30
    16a4:	15 32       	cpi	r17, 0x25	; 37
    16a6:	81 f4       	brne	.+32     	; 0x16c8 <vfscanf+0x78>
    16a8:	c5 01       	movw	r24, r10
    16aa:	0e 94 63 0f 	call	0x1ec6	; 0x1ec6 <fgetc>
    16ae:	97 fd       	sbrc	r25, 7
    16b0:	f5 c0       	rjmp	.+490    	; 0x189c <vfscanf+0x24c>
    16b2:	41 2f       	mov	r20, r17
    16b4:	50 e0       	ldi	r21, 0x00	; 0
    16b6:	9c 01       	movw	r18, r24
    16b8:	33 27       	eor	r19, r19
    16ba:	24 17       	cp	r18, r20
    16bc:	35 07       	cpc	r19, r21
    16be:	a9 f2       	breq	.-86     	; 0x166a <vfscanf+0x1a>
    16c0:	b5 01       	movw	r22, r10
    16c2:	0e 94 f3 0f 	call	0x1fe6	; 0x1fe6 <ungetc>
    16c6:	ec c0       	rjmp	.+472    	; 0x18a0 <vfscanf+0x250>
    16c8:	1a 32       	cpi	r17, 0x2A	; 42
    16ca:	41 f4       	brne	.+16     	; 0x16dc <vfscanf+0x8c>
    16cc:	03 fd       	sbrc	r16, 3
    16ce:	15 91       	lpm	r17, Z+
    16d0:	03 ff       	sbrs	r16, 3
    16d2:	11 91       	ld	r17, Z+
    16d4:	ef 01       	movw	r28, r30
    16d6:	77 24       	eor	r7, r7
    16d8:	73 94       	inc	r7
    16da:	01 c0       	rjmp	.+2      	; 0x16de <vfscanf+0x8e>
    16dc:	71 2c       	mov	r7, r1
    16de:	e1 2c       	mov	r14, r1
    16e0:	f1 2c       	mov	r15, r1
    16e2:	20 ed       	ldi	r18, 0xD0	; 208
    16e4:	21 0f       	add	r18, r17
    16e6:	2a 30       	cpi	r18, 0x0A	; 10
    16e8:	88 f4       	brcc	.+34     	; 0x170c <vfscanf+0xbc>
    16ea:	f7 2d       	mov	r31, r7
    16ec:	f2 60       	ori	r31, 0x02	; 2
    16ee:	7f 2e       	mov	r7, r31
    16f0:	b7 01       	movw	r22, r14
    16f2:	80 e0       	ldi	r24, 0x00	; 0
    16f4:	90 e0       	ldi	r25, 0x00	; 0
    16f6:	40 e2       	ldi	r20, 0x20	; 32
    16f8:	0e 94 58 08 	call	0x10b0	; 0x10b0 <mulacc>
    16fc:	7b 01       	movw	r14, r22
    16fe:	fe 01       	movw	r30, r28
    1700:	03 fd       	sbrc	r16, 3
    1702:	15 91       	lpm	r17, Z+
    1704:	03 ff       	sbrs	r16, 3
    1706:	11 91       	ld	r17, Z+
    1708:	ef 01       	movw	r28, r30
    170a:	eb cf       	rjmp	.-42     	; 0x16e2 <vfscanf+0x92>
    170c:	71 fe       	sbrs	r7, 1
    170e:	04 c0       	rjmp	.+8      	; 0x1718 <vfscanf+0xc8>
    1710:	e1 14       	cp	r14, r1
    1712:	f1 04       	cpc	r15, r1
    1714:	21 f4       	brne	.+8      	; 0x171e <vfscanf+0xce>
    1716:	c4 c0       	rjmp	.+392    	; 0x18a0 <vfscanf+0x250>
    1718:	ee 24       	eor	r14, r14
    171a:	ea 94       	dec	r14
    171c:	fe 2c       	mov	r15, r14
    171e:	18 36       	cpi	r17, 0x68	; 104
    1720:	19 f0       	breq	.+6      	; 0x1728 <vfscanf+0xd8>
    1722:	1c 36       	cpi	r17, 0x6C	; 108
    1724:	61 f0       	breq	.+24     	; 0x173e <vfscanf+0xee>
    1726:	14 c0       	rjmp	.+40     	; 0x1750 <vfscanf+0x100>
    1728:	fe 01       	movw	r30, r28
    172a:	03 fd       	sbrc	r16, 3
    172c:	15 91       	lpm	r17, Z+
    172e:	03 ff       	sbrs	r16, 3
    1730:	11 91       	ld	r17, Z+
    1732:	ef 01       	movw	r28, r30
    1734:	18 36       	cpi	r17, 0x68	; 104
    1736:	61 f4       	brne	.+24     	; 0x1750 <vfscanf+0x100>
    1738:	87 2d       	mov	r24, r7
    173a:	88 60       	ori	r24, 0x08	; 8
    173c:	78 2e       	mov	r7, r24
    173e:	97 2d       	mov	r25, r7
    1740:	94 60       	ori	r25, 0x04	; 4
    1742:	79 2e       	mov	r7, r25
    1744:	fe 01       	movw	r30, r28
    1746:	03 fd       	sbrc	r16, 3
    1748:	15 91       	lpm	r17, Z+
    174a:	03 ff       	sbrs	r16, 3
    174c:	11 91       	ld	r17, Z+
    174e:	ef 01       	movw	r28, r30
    1750:	11 23       	and	r17, r17
    1752:	09 f4       	brne	.+2      	; 0x1756 <vfscanf+0x106>
    1754:	a5 c0       	rjmp	.+330    	; 0x18a0 <vfscanf+0x250>
    1756:	61 2f       	mov	r22, r17
    1758:	70 e0       	ldi	r23, 0x00	; 0
    175a:	8a e6       	ldi	r24, 0x6A	; 106
    175c:	91 e0       	ldi	r25, 0x01	; 1
    175e:	0e 94 42 0f 	call	0x1e84	; 0x1e84 <strchr_P>
    1762:	89 2b       	or	r24, r25
    1764:	09 f4       	brne	.+2      	; 0x1768 <vfscanf+0x118>
    1766:	9c c0       	rjmp	.+312    	; 0x18a0 <vfscanf+0x250>
    1768:	70 fc       	sbrc	r7, 0
    176a:	07 c0       	rjmp	.+14     	; 0x177a <vfscanf+0x12a>
    176c:	f4 01       	movw	r30, r8
    176e:	c0 80       	ld	r12, Z
    1770:	d1 80       	ldd	r13, Z+1	; 0x01
    1772:	c4 01       	movw	r24, r8
    1774:	02 96       	adiw	r24, 0x02	; 2
    1776:	4c 01       	movw	r8, r24
    1778:	02 c0       	rjmp	.+4      	; 0x177e <vfscanf+0x12e>
    177a:	c1 2c       	mov	r12, r1
    177c:	d1 2c       	mov	r13, r1
    177e:	1e 36       	cpi	r17, 0x6E	; 110
    1780:	51 f4       	brne	.+20     	; 0x1796 <vfscanf+0x146>
    1782:	f5 01       	movw	r30, r10
    1784:	46 81       	ldd	r20, Z+6	; 0x06
    1786:	57 81       	ldd	r21, Z+7	; 0x07
    1788:	60 e0       	ldi	r22, 0x00	; 0
    178a:	70 e0       	ldi	r23, 0x00	; 0
    178c:	27 2d       	mov	r18, r7
    178e:	c6 01       	movw	r24, r12
    1790:	0e 94 4c 08 	call	0x1098	; 0x1098 <putval>
    1794:	6a cf       	rjmp	.-300    	; 0x166a <vfscanf+0x1a>
    1796:	13 36       	cpi	r17, 0x63	; 99
    1798:	b9 f4       	brne	.+46     	; 0x17c8 <vfscanf+0x178>
    179a:	71 fc       	sbrc	r7, 1
    179c:	03 c0       	rjmp	.+6      	; 0x17a4 <vfscanf+0x154>
    179e:	ee 24       	eor	r14, r14
    17a0:	e3 94       	inc	r14
    17a2:	f1 2c       	mov	r15, r1
    17a4:	c5 01       	movw	r24, r10
    17a6:	0e 94 63 0f 	call	0x1ec6	; 0x1ec6 <fgetc>
    17aa:	97 fd       	sbrc	r25, 7
    17ac:	77 c0       	rjmp	.+238    	; 0x189c <vfscanf+0x24c>
    17ae:	c1 14       	cp	r12, r1
    17b0:	d1 04       	cpc	r13, r1
    17b2:	29 f0       	breq	.+10     	; 0x17be <vfscanf+0x16e>
    17b4:	f6 01       	movw	r30, r12
    17b6:	80 83       	st	Z, r24
    17b8:	c6 01       	movw	r24, r12
    17ba:	01 96       	adiw	r24, 0x01	; 1
    17bc:	6c 01       	movw	r12, r24
    17be:	91 e0       	ldi	r25, 0x01	; 1
    17c0:	e9 1a       	sub	r14, r25
    17c2:	f1 08       	sbc	r15, r1
    17c4:	79 f7       	brne	.-34     	; 0x17a4 <vfscanf+0x154>
    17c6:	66 c0       	rjmp	.+204    	; 0x1894 <vfscanf+0x244>
    17c8:	1b 35       	cpi	r17, 0x5B	; 91
    17ca:	59 f4       	brne	.+22     	; 0x17e2 <vfscanf+0x192>
    17cc:	9e 01       	movw	r18, r28
    17ce:	a6 01       	movw	r20, r12
    17d0:	b7 01       	movw	r22, r14
    17d2:	c5 01       	movw	r24, r10
    17d4:	0e 94 22 09 	call	0x1244	; 0x1244 <conv_brk>
    17d8:	ec 01       	movw	r28, r24
    17da:	89 2b       	or	r24, r25
    17dc:	09 f0       	breq	.+2      	; 0x17e0 <vfscanf+0x190>
    17de:	5a c0       	rjmp	.+180    	; 0x1894 <vfscanf+0x244>
    17e0:	54 c0       	rjmp	.+168    	; 0x188a <vfscanf+0x23a>
    17e2:	c5 01       	movw	r24, r10
    17e4:	0e 94 7f 08 	call	0x10fe	; 0x10fe <skip_spaces>
    17e8:	97 fd       	sbrc	r25, 7
    17ea:	58 c0       	rjmp	.+176    	; 0x189c <vfscanf+0x24c>
    17ec:	1f 36       	cpi	r17, 0x6F	; 111
    17ee:	e1 f1       	breq	.+120    	; 0x1868 <vfscanf+0x218>
    17f0:	40 f4       	brcc	.+16     	; 0x1802 <vfscanf+0x1b2>
    17f2:	14 36       	cpi	r17, 0x64	; 100
    17f4:	a9 f1       	breq	.+106    	; 0x1860 <vfscanf+0x210>
    17f6:	19 36       	cpi	r17, 0x69	; 105
    17f8:	d1 f1       	breq	.+116    	; 0x186e <vfscanf+0x21e>
    17fa:	18 35       	cpi	r17, 0x58	; 88
    17fc:	09 f0       	breq	.+2      	; 0x1800 <vfscanf+0x1b0>
    17fe:	3e c0       	rjmp	.+124    	; 0x187c <vfscanf+0x22c>
    1800:	2b c0       	rjmp	.+86     	; 0x1858 <vfscanf+0x208>
    1802:	13 37       	cpi	r17, 0x73	; 115
    1804:	a9 f0       	breq	.+42     	; 0x1830 <vfscanf+0x1e0>
    1806:	18 f4       	brcc	.+6      	; 0x180e <vfscanf+0x1be>
    1808:	10 37       	cpi	r17, 0x70	; 112
    180a:	31 f1       	breq	.+76     	; 0x1858 <vfscanf+0x208>
    180c:	37 c0       	rjmp	.+110    	; 0x187c <vfscanf+0x22c>
    180e:	15 37       	cpi	r17, 0x75	; 117
    1810:	39 f1       	breq	.+78     	; 0x1860 <vfscanf+0x210>
    1812:	18 37       	cpi	r17, 0x78	; 120
    1814:	09 f1       	breq	.+66     	; 0x1858 <vfscanf+0x208>
    1816:	32 c0       	rjmp	.+100    	; 0x187c <vfscanf+0x22c>
    1818:	c1 14       	cp	r12, r1
    181a:	d1 04       	cpc	r13, r1
    181c:	29 f0       	breq	.+10     	; 0x1828 <vfscanf+0x1d8>
    181e:	f6 01       	movw	r30, r12
    1820:	00 83       	st	Z, r16
    1822:	c6 01       	movw	r24, r12
    1824:	01 96       	adiw	r24, 0x01	; 1
    1826:	6c 01       	movw	r12, r24
    1828:	91 e0       	ldi	r25, 0x01	; 1
    182a:	e9 1a       	sub	r14, r25
    182c:	f1 08       	sbc	r15, r1
    182e:	71 f0       	breq	.+28     	; 0x184c <vfscanf+0x1fc>
    1830:	c5 01       	movw	r24, r10
    1832:	0e 94 63 0f 	call	0x1ec6	; 0x1ec6 <fgetc>
    1836:	8c 01       	movw	r16, r24
    1838:	97 fd       	sbrc	r25, 7
    183a:	08 c0       	rjmp	.+16     	; 0x184c <vfscanf+0x1fc>
    183c:	0e 94 31 0f 	call	0x1e62	; 0x1e62 <isspace>
    1840:	89 2b       	or	r24, r25
    1842:	51 f3       	breq	.-44     	; 0x1818 <vfscanf+0x1c8>
    1844:	b5 01       	movw	r22, r10
    1846:	c8 01       	movw	r24, r16
    1848:	0e 94 f3 0f 	call	0x1fe6	; 0x1fe6 <ungetc>
    184c:	c1 14       	cp	r12, r1
    184e:	d1 04       	cpc	r13, r1
    1850:	09 f1       	breq	.+66     	; 0x1894 <vfscanf+0x244>
    1852:	f6 01       	movw	r30, r12
    1854:	10 82       	st	Z, r1
    1856:	1e c0       	rjmp	.+60     	; 0x1894 <vfscanf+0x244>
    1858:	f7 2d       	mov	r31, r7
    185a:	f0 64       	ori	r31, 0x40	; 64
    185c:	7f 2e       	mov	r7, r31
    185e:	07 c0       	rjmp	.+14     	; 0x186e <vfscanf+0x21e>
    1860:	87 2d       	mov	r24, r7
    1862:	80 62       	ori	r24, 0x20	; 32
    1864:	78 2e       	mov	r7, r24
    1866:	03 c0       	rjmp	.+6      	; 0x186e <vfscanf+0x21e>
    1868:	97 2d       	mov	r25, r7
    186a:	90 61       	ori	r25, 0x10	; 16
    186c:	79 2e       	mov	r7, r25
    186e:	27 2d       	mov	r18, r7
    1870:	a6 01       	movw	r20, r12
    1872:	b7 01       	movw	r22, r14
    1874:	c5 01       	movw	r24, r10
    1876:	0e 94 98 08 	call	0x1130	; 0x1130 <conv_int>
    187a:	05 c0       	rjmp	.+10     	; 0x1886 <vfscanf+0x236>
    187c:	a6 01       	movw	r20, r12
    187e:	b7 01       	movw	r22, r14
    1880:	c5 01       	movw	r24, r10
    1882:	0e 94 e4 09 	call	0x13c8	; 0x13c8 <conv_flt>
    1886:	81 11       	cpse	r24, r1
    1888:	05 c0       	rjmp	.+10     	; 0x1894 <vfscanf+0x244>
    188a:	f5 01       	movw	r30, r10
    188c:	83 81       	ldd	r24, Z+3	; 0x03
    188e:	80 73       	andi	r24, 0x30	; 48
    1890:	29 f4       	brne	.+10     	; 0x189c <vfscanf+0x24c>
    1892:	06 c0       	rjmp	.+12     	; 0x18a0 <vfscanf+0x250>
    1894:	70 fc       	sbrc	r7, 0
    1896:	e9 ce       	rjmp	.-558    	; 0x166a <vfscanf+0x1a>
    1898:	63 94       	inc	r6
    189a:	e7 ce       	rjmp	.-562    	; 0x166a <vfscanf+0x1a>
    189c:	66 20       	and	r6, r6
    189e:	19 f0       	breq	.+6      	; 0x18a6 <vfscanf+0x256>
    18a0:	86 2d       	mov	r24, r6
    18a2:	90 e0       	ldi	r25, 0x00	; 0
    18a4:	02 c0       	rjmp	.+4      	; 0x18aa <vfscanf+0x25a>
    18a6:	8f ef       	ldi	r24, 0xFF	; 255
    18a8:	9f ef       	ldi	r25, 0xFF	; 255
    18aa:	cd b7       	in	r28, 0x3d	; 61
    18ac:	de b7       	in	r29, 0x3e	; 62
    18ae:	ee e0       	ldi	r30, 0x0E	; 14
    18b0:	0c 94 11 0e 	jmp	0x1c22	; 0x1c22 <__epilogue_restores__+0x8>

000018b4 <__divsf3>:
    18b4:	0e 94 6e 0c 	call	0x18dc	; 0x18dc <__divsf3x>
    18b8:	0c 94 20 0d 	jmp	0x1a40	; 0x1a40 <__fp_round>
    18bc:	0e 94 19 0d 	call	0x1a32	; 0x1a32 <__fp_pscB>
    18c0:	58 f0       	brcs	.+22     	; 0x18d8 <__divsf3+0x24>
    18c2:	0e 94 12 0d 	call	0x1a24	; 0x1a24 <__fp_pscA>
    18c6:	40 f0       	brcs	.+16     	; 0x18d8 <__divsf3+0x24>
    18c8:	29 f4       	brne	.+10     	; 0x18d4 <__divsf3+0x20>
    18ca:	5f 3f       	cpi	r21, 0xFF	; 255
    18cc:	29 f0       	breq	.+10     	; 0x18d8 <__divsf3+0x24>
    18ce:	0c 94 09 0d 	jmp	0x1a12	; 0x1a12 <__fp_inf>
    18d2:	51 11       	cpse	r21, r1
    18d4:	0c 94 54 0d 	jmp	0x1aa8	; 0x1aa8 <__fp_szero>
    18d8:	0c 94 0f 0d 	jmp	0x1a1e	; 0x1a1e <__fp_nan>

000018dc <__divsf3x>:
    18dc:	0e 94 31 0d 	call	0x1a62	; 0x1a62 <__fp_split3>
    18e0:	68 f3       	brcs	.-38     	; 0x18bc <__divsf3+0x8>

000018e2 <__divsf3_pse>:
    18e2:	99 23       	and	r25, r25
    18e4:	b1 f3       	breq	.-20     	; 0x18d2 <__divsf3+0x1e>
    18e6:	55 23       	and	r21, r21
    18e8:	91 f3       	breq	.-28     	; 0x18ce <__divsf3+0x1a>
    18ea:	95 1b       	sub	r25, r21
    18ec:	55 0b       	sbc	r21, r21
    18ee:	bb 27       	eor	r27, r27
    18f0:	aa 27       	eor	r26, r26
    18f2:	62 17       	cp	r22, r18
    18f4:	73 07       	cpc	r23, r19
    18f6:	84 07       	cpc	r24, r20
    18f8:	38 f0       	brcs	.+14     	; 0x1908 <__divsf3_pse+0x26>
    18fa:	9f 5f       	subi	r25, 0xFF	; 255
    18fc:	5f 4f       	sbci	r21, 0xFF	; 255
    18fe:	22 0f       	add	r18, r18
    1900:	33 1f       	adc	r19, r19
    1902:	44 1f       	adc	r20, r20
    1904:	aa 1f       	adc	r26, r26
    1906:	a9 f3       	breq	.-22     	; 0x18f2 <__divsf3_pse+0x10>
    1908:	35 d0       	rcall	.+106    	; 0x1974 <__divsf3_pse+0x92>
    190a:	0e 2e       	mov	r0, r30
    190c:	3a f0       	brmi	.+14     	; 0x191c <__divsf3_pse+0x3a>
    190e:	e0 e8       	ldi	r30, 0x80	; 128
    1910:	32 d0       	rcall	.+100    	; 0x1976 <__divsf3_pse+0x94>
    1912:	91 50       	subi	r25, 0x01	; 1
    1914:	50 40       	sbci	r21, 0x00	; 0
    1916:	e6 95       	lsr	r30
    1918:	00 1c       	adc	r0, r0
    191a:	ca f7       	brpl	.-14     	; 0x190e <__divsf3_pse+0x2c>
    191c:	2b d0       	rcall	.+86     	; 0x1974 <__divsf3_pse+0x92>
    191e:	fe 2f       	mov	r31, r30
    1920:	29 d0       	rcall	.+82     	; 0x1974 <__divsf3_pse+0x92>
    1922:	66 0f       	add	r22, r22
    1924:	77 1f       	adc	r23, r23
    1926:	88 1f       	adc	r24, r24
    1928:	bb 1f       	adc	r27, r27
    192a:	26 17       	cp	r18, r22
    192c:	37 07       	cpc	r19, r23
    192e:	48 07       	cpc	r20, r24
    1930:	ab 07       	cpc	r26, r27
    1932:	b0 e8       	ldi	r27, 0x80	; 128
    1934:	09 f0       	breq	.+2      	; 0x1938 <__divsf3_pse+0x56>
    1936:	bb 0b       	sbc	r27, r27
    1938:	80 2d       	mov	r24, r0
    193a:	bf 01       	movw	r22, r30
    193c:	ff 27       	eor	r31, r31
    193e:	93 58       	subi	r25, 0x83	; 131
    1940:	5f 4f       	sbci	r21, 0xFF	; 255
    1942:	3a f0       	brmi	.+14     	; 0x1952 <__divsf3_pse+0x70>
    1944:	9e 3f       	cpi	r25, 0xFE	; 254
    1946:	51 05       	cpc	r21, r1
    1948:	78 f0       	brcs	.+30     	; 0x1968 <__divsf3_pse+0x86>
    194a:	0c 94 09 0d 	jmp	0x1a12	; 0x1a12 <__fp_inf>
    194e:	0c 94 54 0d 	jmp	0x1aa8	; 0x1aa8 <__fp_szero>
    1952:	5f 3f       	cpi	r21, 0xFF	; 255
    1954:	e4 f3       	brlt	.-8      	; 0x194e <__divsf3_pse+0x6c>
    1956:	98 3e       	cpi	r25, 0xE8	; 232
    1958:	d4 f3       	brlt	.-12     	; 0x194e <__divsf3_pse+0x6c>
    195a:	86 95       	lsr	r24
    195c:	77 95       	ror	r23
    195e:	67 95       	ror	r22
    1960:	b7 95       	ror	r27
    1962:	f7 95       	ror	r31
    1964:	9f 5f       	subi	r25, 0xFF	; 255
    1966:	c9 f7       	brne	.-14     	; 0x195a <__divsf3_pse+0x78>
    1968:	88 0f       	add	r24, r24
    196a:	91 1d       	adc	r25, r1
    196c:	96 95       	lsr	r25
    196e:	87 95       	ror	r24
    1970:	97 f9       	bld	r25, 7
    1972:	08 95       	ret
    1974:	e1 e0       	ldi	r30, 0x01	; 1
    1976:	66 0f       	add	r22, r22
    1978:	77 1f       	adc	r23, r23
    197a:	88 1f       	adc	r24, r24
    197c:	bb 1f       	adc	r27, r27
    197e:	62 17       	cp	r22, r18
    1980:	73 07       	cpc	r23, r19
    1982:	84 07       	cpc	r24, r20
    1984:	ba 07       	cpc	r27, r26
    1986:	20 f0       	brcs	.+8      	; 0x1990 <__divsf3_pse+0xae>
    1988:	62 1b       	sub	r22, r18
    198a:	73 0b       	sbc	r23, r19
    198c:	84 0b       	sbc	r24, r20
    198e:	ba 0b       	sbc	r27, r26
    1990:	ee 1f       	adc	r30, r30
    1992:	88 f7       	brcc	.-30     	; 0x1976 <__divsf3_pse+0x94>
    1994:	e0 95       	com	r30
    1996:	08 95       	ret

00001998 <__floatunsisf>:
    1998:	e8 94       	clt
    199a:	09 c0       	rjmp	.+18     	; 0x19ae <__floatsisf+0x12>

0000199c <__floatsisf>:
    199c:	97 fb       	bst	r25, 7
    199e:	3e f4       	brtc	.+14     	; 0x19ae <__floatsisf+0x12>
    19a0:	90 95       	com	r25
    19a2:	80 95       	com	r24
    19a4:	70 95       	com	r23
    19a6:	61 95       	neg	r22
    19a8:	7f 4f       	sbci	r23, 0xFF	; 255
    19aa:	8f 4f       	sbci	r24, 0xFF	; 255
    19ac:	9f 4f       	sbci	r25, 0xFF	; 255
    19ae:	99 23       	and	r25, r25
    19b0:	a9 f0       	breq	.+42     	; 0x19dc <__floatsisf+0x40>
    19b2:	f9 2f       	mov	r31, r25
    19b4:	96 e9       	ldi	r25, 0x96	; 150
    19b6:	bb 27       	eor	r27, r27
    19b8:	93 95       	inc	r25
    19ba:	f6 95       	lsr	r31
    19bc:	87 95       	ror	r24
    19be:	77 95       	ror	r23
    19c0:	67 95       	ror	r22
    19c2:	b7 95       	ror	r27
    19c4:	f1 11       	cpse	r31, r1
    19c6:	f8 cf       	rjmp	.-16     	; 0x19b8 <__floatsisf+0x1c>
    19c8:	fa f4       	brpl	.+62     	; 0x1a08 <__floatsisf+0x6c>
    19ca:	bb 0f       	add	r27, r27
    19cc:	11 f4       	brne	.+4      	; 0x19d2 <__floatsisf+0x36>
    19ce:	60 ff       	sbrs	r22, 0
    19d0:	1b c0       	rjmp	.+54     	; 0x1a08 <__floatsisf+0x6c>
    19d2:	6f 5f       	subi	r22, 0xFF	; 255
    19d4:	7f 4f       	sbci	r23, 0xFF	; 255
    19d6:	8f 4f       	sbci	r24, 0xFF	; 255
    19d8:	9f 4f       	sbci	r25, 0xFF	; 255
    19da:	16 c0       	rjmp	.+44     	; 0x1a08 <__floatsisf+0x6c>
    19dc:	88 23       	and	r24, r24
    19de:	11 f0       	breq	.+4      	; 0x19e4 <__floatsisf+0x48>
    19e0:	96 e9       	ldi	r25, 0x96	; 150
    19e2:	11 c0       	rjmp	.+34     	; 0x1a06 <__floatsisf+0x6a>
    19e4:	77 23       	and	r23, r23
    19e6:	21 f0       	breq	.+8      	; 0x19f0 <__floatsisf+0x54>
    19e8:	9e e8       	ldi	r25, 0x8E	; 142
    19ea:	87 2f       	mov	r24, r23
    19ec:	76 2f       	mov	r23, r22
    19ee:	05 c0       	rjmp	.+10     	; 0x19fa <__floatsisf+0x5e>
    19f0:	66 23       	and	r22, r22
    19f2:	71 f0       	breq	.+28     	; 0x1a10 <__floatsisf+0x74>
    19f4:	96 e8       	ldi	r25, 0x86	; 134
    19f6:	86 2f       	mov	r24, r22
    19f8:	70 e0       	ldi	r23, 0x00	; 0
    19fa:	60 e0       	ldi	r22, 0x00	; 0
    19fc:	2a f0       	brmi	.+10     	; 0x1a08 <__floatsisf+0x6c>
    19fe:	9a 95       	dec	r25
    1a00:	66 0f       	add	r22, r22
    1a02:	77 1f       	adc	r23, r23
    1a04:	88 1f       	adc	r24, r24
    1a06:	da f7       	brpl	.-10     	; 0x19fe <__floatsisf+0x62>
    1a08:	88 0f       	add	r24, r24
    1a0a:	96 95       	lsr	r25
    1a0c:	87 95       	ror	r24
    1a0e:	97 f9       	bld	r25, 7
    1a10:	08 95       	ret

00001a12 <__fp_inf>:
    1a12:	97 f9       	bld	r25, 7
    1a14:	9f 67       	ori	r25, 0x7F	; 127
    1a16:	80 e8       	ldi	r24, 0x80	; 128
    1a18:	70 e0       	ldi	r23, 0x00	; 0
    1a1a:	60 e0       	ldi	r22, 0x00	; 0
    1a1c:	08 95       	ret

00001a1e <__fp_nan>:
    1a1e:	9f ef       	ldi	r25, 0xFF	; 255
    1a20:	80 ec       	ldi	r24, 0xC0	; 192
    1a22:	08 95       	ret

00001a24 <__fp_pscA>:
    1a24:	00 24       	eor	r0, r0
    1a26:	0a 94       	dec	r0
    1a28:	16 16       	cp	r1, r22
    1a2a:	17 06       	cpc	r1, r23
    1a2c:	18 06       	cpc	r1, r24
    1a2e:	09 06       	cpc	r0, r25
    1a30:	08 95       	ret

00001a32 <__fp_pscB>:
    1a32:	00 24       	eor	r0, r0
    1a34:	0a 94       	dec	r0
    1a36:	12 16       	cp	r1, r18
    1a38:	13 06       	cpc	r1, r19
    1a3a:	14 06       	cpc	r1, r20
    1a3c:	05 06       	cpc	r0, r21
    1a3e:	08 95       	ret

00001a40 <__fp_round>:
    1a40:	09 2e       	mov	r0, r25
    1a42:	03 94       	inc	r0
    1a44:	00 0c       	add	r0, r0
    1a46:	11 f4       	brne	.+4      	; 0x1a4c <__fp_round+0xc>
    1a48:	88 23       	and	r24, r24
    1a4a:	52 f0       	brmi	.+20     	; 0x1a60 <__fp_round+0x20>
    1a4c:	bb 0f       	add	r27, r27
    1a4e:	40 f4       	brcc	.+16     	; 0x1a60 <__fp_round+0x20>
    1a50:	bf 2b       	or	r27, r31
    1a52:	11 f4       	brne	.+4      	; 0x1a58 <__fp_round+0x18>
    1a54:	60 ff       	sbrs	r22, 0
    1a56:	04 c0       	rjmp	.+8      	; 0x1a60 <__fp_round+0x20>
    1a58:	6f 5f       	subi	r22, 0xFF	; 255
    1a5a:	7f 4f       	sbci	r23, 0xFF	; 255
    1a5c:	8f 4f       	sbci	r24, 0xFF	; 255
    1a5e:	9f 4f       	sbci	r25, 0xFF	; 255
    1a60:	08 95       	ret

00001a62 <__fp_split3>:
    1a62:	57 fd       	sbrc	r21, 7
    1a64:	90 58       	subi	r25, 0x80	; 128
    1a66:	44 0f       	add	r20, r20
    1a68:	55 1f       	adc	r21, r21
    1a6a:	59 f0       	breq	.+22     	; 0x1a82 <__fp_splitA+0x10>
    1a6c:	5f 3f       	cpi	r21, 0xFF	; 255
    1a6e:	71 f0       	breq	.+28     	; 0x1a8c <__fp_splitA+0x1a>
    1a70:	47 95       	ror	r20

00001a72 <__fp_splitA>:
    1a72:	88 0f       	add	r24, r24
    1a74:	97 fb       	bst	r25, 7
    1a76:	99 1f       	adc	r25, r25
    1a78:	61 f0       	breq	.+24     	; 0x1a92 <__fp_splitA+0x20>
    1a7a:	9f 3f       	cpi	r25, 0xFF	; 255
    1a7c:	79 f0       	breq	.+30     	; 0x1a9c <__fp_splitA+0x2a>
    1a7e:	87 95       	ror	r24
    1a80:	08 95       	ret
    1a82:	12 16       	cp	r1, r18
    1a84:	13 06       	cpc	r1, r19
    1a86:	14 06       	cpc	r1, r20
    1a88:	55 1f       	adc	r21, r21
    1a8a:	f2 cf       	rjmp	.-28     	; 0x1a70 <__fp_split3+0xe>
    1a8c:	46 95       	lsr	r20
    1a8e:	f1 df       	rcall	.-30     	; 0x1a72 <__fp_splitA>
    1a90:	08 c0       	rjmp	.+16     	; 0x1aa2 <__fp_splitA+0x30>
    1a92:	16 16       	cp	r1, r22
    1a94:	17 06       	cpc	r1, r23
    1a96:	18 06       	cpc	r1, r24
    1a98:	99 1f       	adc	r25, r25
    1a9a:	f1 cf       	rjmp	.-30     	; 0x1a7e <__fp_splitA+0xc>
    1a9c:	86 95       	lsr	r24
    1a9e:	71 05       	cpc	r23, r1
    1aa0:	61 05       	cpc	r22, r1
    1aa2:	08 94       	sec
    1aa4:	08 95       	ret

00001aa6 <__fp_zero>:
    1aa6:	e8 94       	clt

00001aa8 <__fp_szero>:
    1aa8:	bb 27       	eor	r27, r27
    1aaa:	66 27       	eor	r22, r22
    1aac:	77 27       	eor	r23, r23
    1aae:	cb 01       	movw	r24, r22
    1ab0:	97 f9       	bld	r25, 7
    1ab2:	08 95       	ret

00001ab4 <__mulsf3>:
    1ab4:	0e 94 6d 0d 	call	0x1ada	; 0x1ada <__mulsf3x>
    1ab8:	0c 94 20 0d 	jmp	0x1a40	; 0x1a40 <__fp_round>
    1abc:	0e 94 12 0d 	call	0x1a24	; 0x1a24 <__fp_pscA>
    1ac0:	38 f0       	brcs	.+14     	; 0x1ad0 <__mulsf3+0x1c>
    1ac2:	0e 94 19 0d 	call	0x1a32	; 0x1a32 <__fp_pscB>
    1ac6:	20 f0       	brcs	.+8      	; 0x1ad0 <__mulsf3+0x1c>
    1ac8:	95 23       	and	r25, r21
    1aca:	11 f0       	breq	.+4      	; 0x1ad0 <__mulsf3+0x1c>
    1acc:	0c 94 09 0d 	jmp	0x1a12	; 0x1a12 <__fp_inf>
    1ad0:	0c 94 0f 0d 	jmp	0x1a1e	; 0x1a1e <__fp_nan>
    1ad4:	11 24       	eor	r1, r1
    1ad6:	0c 94 54 0d 	jmp	0x1aa8	; 0x1aa8 <__fp_szero>

00001ada <__mulsf3x>:
    1ada:	0e 94 31 0d 	call	0x1a62	; 0x1a62 <__fp_split3>
    1ade:	70 f3       	brcs	.-36     	; 0x1abc <__mulsf3+0x8>

00001ae0 <__mulsf3_pse>:
    1ae0:	95 9f       	mul	r25, r21
    1ae2:	c1 f3       	breq	.-16     	; 0x1ad4 <__mulsf3+0x20>
    1ae4:	95 0f       	add	r25, r21
    1ae6:	50 e0       	ldi	r21, 0x00	; 0
    1ae8:	55 1f       	adc	r21, r21
    1aea:	62 9f       	mul	r22, r18
    1aec:	f0 01       	movw	r30, r0
    1aee:	72 9f       	mul	r23, r18
    1af0:	bb 27       	eor	r27, r27
    1af2:	f0 0d       	add	r31, r0
    1af4:	b1 1d       	adc	r27, r1
    1af6:	63 9f       	mul	r22, r19
    1af8:	aa 27       	eor	r26, r26
    1afa:	f0 0d       	add	r31, r0
    1afc:	b1 1d       	adc	r27, r1
    1afe:	aa 1f       	adc	r26, r26
    1b00:	64 9f       	mul	r22, r20
    1b02:	66 27       	eor	r22, r22
    1b04:	b0 0d       	add	r27, r0
    1b06:	a1 1d       	adc	r26, r1
    1b08:	66 1f       	adc	r22, r22
    1b0a:	82 9f       	mul	r24, r18
    1b0c:	22 27       	eor	r18, r18
    1b0e:	b0 0d       	add	r27, r0
    1b10:	a1 1d       	adc	r26, r1
    1b12:	62 1f       	adc	r22, r18
    1b14:	73 9f       	mul	r23, r19
    1b16:	b0 0d       	add	r27, r0
    1b18:	a1 1d       	adc	r26, r1
    1b1a:	62 1f       	adc	r22, r18
    1b1c:	83 9f       	mul	r24, r19
    1b1e:	a0 0d       	add	r26, r0
    1b20:	61 1d       	adc	r22, r1
    1b22:	22 1f       	adc	r18, r18
    1b24:	74 9f       	mul	r23, r20
    1b26:	33 27       	eor	r19, r19
    1b28:	a0 0d       	add	r26, r0
    1b2a:	61 1d       	adc	r22, r1
    1b2c:	23 1f       	adc	r18, r19
    1b2e:	84 9f       	mul	r24, r20
    1b30:	60 0d       	add	r22, r0
    1b32:	21 1d       	adc	r18, r1
    1b34:	82 2f       	mov	r24, r18
    1b36:	76 2f       	mov	r23, r22
    1b38:	6a 2f       	mov	r22, r26
    1b3a:	11 24       	eor	r1, r1
    1b3c:	9f 57       	subi	r25, 0x7F	; 127
    1b3e:	50 40       	sbci	r21, 0x00	; 0
    1b40:	9a f0       	brmi	.+38     	; 0x1b68 <__mulsf3_pse+0x88>
    1b42:	f1 f0       	breq	.+60     	; 0x1b80 <__mulsf3_pse+0xa0>
    1b44:	88 23       	and	r24, r24
    1b46:	4a f0       	brmi	.+18     	; 0x1b5a <__mulsf3_pse+0x7a>
    1b48:	ee 0f       	add	r30, r30
    1b4a:	ff 1f       	adc	r31, r31
    1b4c:	bb 1f       	adc	r27, r27
    1b4e:	66 1f       	adc	r22, r22
    1b50:	77 1f       	adc	r23, r23
    1b52:	88 1f       	adc	r24, r24
    1b54:	91 50       	subi	r25, 0x01	; 1
    1b56:	50 40       	sbci	r21, 0x00	; 0
    1b58:	a9 f7       	brne	.-22     	; 0x1b44 <__mulsf3_pse+0x64>
    1b5a:	9e 3f       	cpi	r25, 0xFE	; 254
    1b5c:	51 05       	cpc	r21, r1
    1b5e:	80 f0       	brcs	.+32     	; 0x1b80 <__mulsf3_pse+0xa0>
    1b60:	0c 94 09 0d 	jmp	0x1a12	; 0x1a12 <__fp_inf>
    1b64:	0c 94 54 0d 	jmp	0x1aa8	; 0x1aa8 <__fp_szero>
    1b68:	5f 3f       	cpi	r21, 0xFF	; 255
    1b6a:	e4 f3       	brlt	.-8      	; 0x1b64 <__mulsf3_pse+0x84>
    1b6c:	98 3e       	cpi	r25, 0xE8	; 232
    1b6e:	d4 f3       	brlt	.-12     	; 0x1b64 <__mulsf3_pse+0x84>
    1b70:	86 95       	lsr	r24
    1b72:	77 95       	ror	r23
    1b74:	67 95       	ror	r22
    1b76:	b7 95       	ror	r27
    1b78:	f7 95       	ror	r31
    1b7a:	e7 95       	ror	r30
    1b7c:	9f 5f       	subi	r25, 0xFF	; 255
    1b7e:	c1 f7       	brne	.-16     	; 0x1b70 <__mulsf3_pse+0x90>
    1b80:	fe 2b       	or	r31, r30
    1b82:	88 0f       	add	r24, r24
    1b84:	91 1d       	adc	r25, r1
    1b86:	96 95       	lsr	r25
    1b88:	87 95       	ror	r24
    1b8a:	97 f9       	bld	r25, 7
    1b8c:	08 95       	ret

00001b8e <__divmodsi4>:
    1b8e:	05 2e       	mov	r0, r21
    1b90:	97 fb       	bst	r25, 7
    1b92:	1e f4       	brtc	.+6      	; 0x1b9a <__divmodsi4+0xc>
    1b94:	00 94       	com	r0
    1b96:	0e 94 de 0d 	call	0x1bbc	; 0x1bbc <__negsi2>
    1b9a:	57 fd       	sbrc	r21, 7
    1b9c:	07 d0       	rcall	.+14     	; 0x1bac <__divmodsi4_neg2>
    1b9e:	0e 94 28 0e 	call	0x1c50	; 0x1c50 <__udivmodsi4>
    1ba2:	07 fc       	sbrc	r0, 7
    1ba4:	03 d0       	rcall	.+6      	; 0x1bac <__divmodsi4_neg2>
    1ba6:	4e f4       	brtc	.+18     	; 0x1bba <__divmodsi4_exit>
    1ba8:	0c 94 de 0d 	jmp	0x1bbc	; 0x1bbc <__negsi2>

00001bac <__divmodsi4_neg2>:
    1bac:	50 95       	com	r21
    1bae:	40 95       	com	r20
    1bb0:	30 95       	com	r19
    1bb2:	21 95       	neg	r18
    1bb4:	3f 4f       	sbci	r19, 0xFF	; 255
    1bb6:	4f 4f       	sbci	r20, 0xFF	; 255
    1bb8:	5f 4f       	sbci	r21, 0xFF	; 255

00001bba <__divmodsi4_exit>:
    1bba:	08 95       	ret

00001bbc <__negsi2>:
    1bbc:	90 95       	com	r25
    1bbe:	80 95       	com	r24
    1bc0:	70 95       	com	r23
    1bc2:	61 95       	neg	r22
    1bc4:	7f 4f       	sbci	r23, 0xFF	; 255
    1bc6:	8f 4f       	sbci	r24, 0xFF	; 255
    1bc8:	9f 4f       	sbci	r25, 0xFF	; 255
    1bca:	08 95       	ret

00001bcc <__muluhisi3>:
    1bcc:	0e 94 4a 0e 	call	0x1c94	; 0x1c94 <__umulhisi3>
    1bd0:	a5 9f       	mul	r26, r21
    1bd2:	90 0d       	add	r25, r0
    1bd4:	b4 9f       	mul	r27, r20
    1bd6:	90 0d       	add	r25, r0
    1bd8:	a4 9f       	mul	r26, r20
    1bda:	80 0d       	add	r24, r0
    1bdc:	91 1d       	adc	r25, r1
    1bde:	11 24       	eor	r1, r1
    1be0:	08 95       	ret

00001be2 <__prologue_saves__>:
    1be2:	2f 92       	push	r2
    1be4:	3f 92       	push	r3
    1be6:	4f 92       	push	r4
    1be8:	5f 92       	push	r5
    1bea:	6f 92       	push	r6
    1bec:	7f 92       	push	r7
    1bee:	8f 92       	push	r8
    1bf0:	9f 92       	push	r9
    1bf2:	af 92       	push	r10
    1bf4:	bf 92       	push	r11
    1bf6:	cf 92       	push	r12
    1bf8:	df 92       	push	r13
    1bfa:	ef 92       	push	r14
    1bfc:	ff 92       	push	r15
    1bfe:	0f 93       	push	r16
    1c00:	1f 93       	push	r17
    1c02:	cf 93       	push	r28
    1c04:	df 93       	push	r29
    1c06:	cd b7       	in	r28, 0x3d	; 61
    1c08:	de b7       	in	r29, 0x3e	; 62
    1c0a:	ca 1b       	sub	r28, r26
    1c0c:	db 0b       	sbc	r29, r27
    1c0e:	0f b6       	in	r0, 0x3f	; 63
    1c10:	f8 94       	cli
    1c12:	de bf       	out	0x3e, r29	; 62
    1c14:	0f be       	out	0x3f, r0	; 63
    1c16:	cd bf       	out	0x3d, r28	; 61
    1c18:	09 94       	ijmp

00001c1a <__epilogue_restores__>:
    1c1a:	2a 88       	ldd	r2, Y+18	; 0x12
    1c1c:	39 88       	ldd	r3, Y+17	; 0x11
    1c1e:	48 88       	ldd	r4, Y+16	; 0x10
    1c20:	5f 84       	ldd	r5, Y+15	; 0x0f
    1c22:	6e 84       	ldd	r6, Y+14	; 0x0e
    1c24:	7d 84       	ldd	r7, Y+13	; 0x0d
    1c26:	8c 84       	ldd	r8, Y+12	; 0x0c
    1c28:	9b 84       	ldd	r9, Y+11	; 0x0b
    1c2a:	aa 84       	ldd	r10, Y+10	; 0x0a
    1c2c:	b9 84       	ldd	r11, Y+9	; 0x09
    1c2e:	c8 84       	ldd	r12, Y+8	; 0x08
    1c30:	df 80       	ldd	r13, Y+7	; 0x07
    1c32:	ee 80       	ldd	r14, Y+6	; 0x06
    1c34:	fd 80       	ldd	r15, Y+5	; 0x05
    1c36:	0c 81       	ldd	r16, Y+4	; 0x04
    1c38:	1b 81       	ldd	r17, Y+3	; 0x03
    1c3a:	aa 81       	ldd	r26, Y+2	; 0x02
    1c3c:	b9 81       	ldd	r27, Y+1	; 0x01
    1c3e:	ce 0f       	add	r28, r30
    1c40:	d1 1d       	adc	r29, r1
    1c42:	0f b6       	in	r0, 0x3f	; 63
    1c44:	f8 94       	cli
    1c46:	de bf       	out	0x3e, r29	; 62
    1c48:	0f be       	out	0x3f, r0	; 63
    1c4a:	cd bf       	out	0x3d, r28	; 61
    1c4c:	ed 01       	movw	r28, r26
    1c4e:	08 95       	ret

00001c50 <__udivmodsi4>:
    1c50:	a1 e2       	ldi	r26, 0x21	; 33
    1c52:	1a 2e       	mov	r1, r26
    1c54:	aa 1b       	sub	r26, r26
    1c56:	bb 1b       	sub	r27, r27
    1c58:	fd 01       	movw	r30, r26
    1c5a:	0d c0       	rjmp	.+26     	; 0x1c76 <__udivmodsi4_ep>

00001c5c <__udivmodsi4_loop>:
    1c5c:	aa 1f       	adc	r26, r26
    1c5e:	bb 1f       	adc	r27, r27
    1c60:	ee 1f       	adc	r30, r30
    1c62:	ff 1f       	adc	r31, r31
    1c64:	a2 17       	cp	r26, r18
    1c66:	b3 07       	cpc	r27, r19
    1c68:	e4 07       	cpc	r30, r20
    1c6a:	f5 07       	cpc	r31, r21
    1c6c:	20 f0       	brcs	.+8      	; 0x1c76 <__udivmodsi4_ep>
    1c6e:	a2 1b       	sub	r26, r18
    1c70:	b3 0b       	sbc	r27, r19
    1c72:	e4 0b       	sbc	r30, r20
    1c74:	f5 0b       	sbc	r31, r21

00001c76 <__udivmodsi4_ep>:
    1c76:	66 1f       	adc	r22, r22
    1c78:	77 1f       	adc	r23, r23
    1c7a:	88 1f       	adc	r24, r24
    1c7c:	99 1f       	adc	r25, r25
    1c7e:	1a 94       	dec	r1
    1c80:	69 f7       	brne	.-38     	; 0x1c5c <__udivmodsi4_loop>
    1c82:	60 95       	com	r22
    1c84:	70 95       	com	r23
    1c86:	80 95       	com	r24
    1c88:	90 95       	com	r25
    1c8a:	9b 01       	movw	r18, r22
    1c8c:	ac 01       	movw	r20, r24
    1c8e:	bd 01       	movw	r22, r26
    1c90:	cf 01       	movw	r24, r30
    1c92:	08 95       	ret

00001c94 <__umulhisi3>:
    1c94:	a2 9f       	mul	r26, r18
    1c96:	b0 01       	movw	r22, r0
    1c98:	b3 9f       	mul	r27, r19
    1c9a:	c0 01       	movw	r24, r0
    1c9c:	a3 9f       	mul	r26, r19
    1c9e:	70 0d       	add	r23, r0
    1ca0:	81 1d       	adc	r24, r1
    1ca2:	11 24       	eor	r1, r1
    1ca4:	91 1d       	adc	r25, r1
    1ca6:	b2 9f       	mul	r27, r18
    1ca8:	70 0d       	add	r23, r0
    1caa:	81 1d       	adc	r24, r1
    1cac:	11 24       	eor	r1, r1
    1cae:	91 1d       	adc	r25, r1
    1cb0:	08 95       	ret

00001cb2 <__ftoa_engine>:
    1cb2:	28 30       	cpi	r18, 0x08	; 8
    1cb4:	08 f0       	brcs	.+2      	; 0x1cb8 <__ftoa_engine+0x6>
    1cb6:	27 e0       	ldi	r18, 0x07	; 7
    1cb8:	33 27       	eor	r19, r19
    1cba:	da 01       	movw	r26, r20
    1cbc:	99 0f       	add	r25, r25
    1cbe:	31 1d       	adc	r19, r1
    1cc0:	87 fd       	sbrc	r24, 7
    1cc2:	91 60       	ori	r25, 0x01	; 1
    1cc4:	00 96       	adiw	r24, 0x00	; 0
    1cc6:	61 05       	cpc	r22, r1
    1cc8:	71 05       	cpc	r23, r1
    1cca:	39 f4       	brne	.+14     	; 0x1cda <__ftoa_engine+0x28>
    1ccc:	32 60       	ori	r19, 0x02	; 2
    1cce:	2e 5f       	subi	r18, 0xFE	; 254
    1cd0:	3d 93       	st	X+, r19
    1cd2:	30 e3       	ldi	r19, 0x30	; 48
    1cd4:	2a 95       	dec	r18
    1cd6:	e1 f7       	brne	.-8      	; 0x1cd0 <__ftoa_engine+0x1e>
    1cd8:	08 95       	ret
    1cda:	9f 3f       	cpi	r25, 0xFF	; 255
    1cdc:	30 f0       	brcs	.+12     	; 0x1cea <__ftoa_engine+0x38>
    1cde:	80 38       	cpi	r24, 0x80	; 128
    1ce0:	71 05       	cpc	r23, r1
    1ce2:	61 05       	cpc	r22, r1
    1ce4:	09 f0       	breq	.+2      	; 0x1ce8 <__ftoa_engine+0x36>
    1ce6:	3c 5f       	subi	r19, 0xFC	; 252
    1ce8:	3c 5f       	subi	r19, 0xFC	; 252
    1cea:	3d 93       	st	X+, r19
    1cec:	91 30       	cpi	r25, 0x01	; 1
    1cee:	08 f0       	brcs	.+2      	; 0x1cf2 <__ftoa_engine+0x40>
    1cf0:	80 68       	ori	r24, 0x80	; 128
    1cf2:	91 1d       	adc	r25, r1
    1cf4:	df 93       	push	r29
    1cf6:	cf 93       	push	r28
    1cf8:	1f 93       	push	r17
    1cfa:	0f 93       	push	r16
    1cfc:	ff 92       	push	r15
    1cfe:	ef 92       	push	r14
    1d00:	19 2f       	mov	r17, r25
    1d02:	98 7f       	andi	r25, 0xF8	; 248
    1d04:	96 95       	lsr	r25
    1d06:	e9 2f       	mov	r30, r25
    1d08:	96 95       	lsr	r25
    1d0a:	96 95       	lsr	r25
    1d0c:	e9 0f       	add	r30, r25
    1d0e:	ff 27       	eor	r31, r31
    1d10:	e6 53       	subi	r30, 0x36	; 54
    1d12:	ff 4f       	sbci	r31, 0xFF	; 255
    1d14:	99 27       	eor	r25, r25
    1d16:	33 27       	eor	r19, r19
    1d18:	ee 24       	eor	r14, r14
    1d1a:	ff 24       	eor	r15, r15
    1d1c:	a7 01       	movw	r20, r14
    1d1e:	e7 01       	movw	r28, r14
    1d20:	05 90       	lpm	r0, Z+
    1d22:	08 94       	sec
    1d24:	07 94       	ror	r0
    1d26:	28 f4       	brcc	.+10     	; 0x1d32 <__ftoa_engine+0x80>
    1d28:	36 0f       	add	r19, r22
    1d2a:	e7 1e       	adc	r14, r23
    1d2c:	f8 1e       	adc	r15, r24
    1d2e:	49 1f       	adc	r20, r25
    1d30:	51 1d       	adc	r21, r1
    1d32:	66 0f       	add	r22, r22
    1d34:	77 1f       	adc	r23, r23
    1d36:	88 1f       	adc	r24, r24
    1d38:	99 1f       	adc	r25, r25
    1d3a:	06 94       	lsr	r0
    1d3c:	a1 f7       	brne	.-24     	; 0x1d26 <__ftoa_engine+0x74>
    1d3e:	05 90       	lpm	r0, Z+
    1d40:	07 94       	ror	r0
    1d42:	28 f4       	brcc	.+10     	; 0x1d4e <__ftoa_engine+0x9c>
    1d44:	e7 0e       	add	r14, r23
    1d46:	f8 1e       	adc	r15, r24
    1d48:	49 1f       	adc	r20, r25
    1d4a:	56 1f       	adc	r21, r22
    1d4c:	c1 1d       	adc	r28, r1
    1d4e:	77 0f       	add	r23, r23
    1d50:	88 1f       	adc	r24, r24
    1d52:	99 1f       	adc	r25, r25
    1d54:	66 1f       	adc	r22, r22
    1d56:	06 94       	lsr	r0
    1d58:	a1 f7       	brne	.-24     	; 0x1d42 <__ftoa_engine+0x90>
    1d5a:	05 90       	lpm	r0, Z+
    1d5c:	07 94       	ror	r0
    1d5e:	28 f4       	brcc	.+10     	; 0x1d6a <__ftoa_engine+0xb8>
    1d60:	f8 0e       	add	r15, r24
    1d62:	49 1f       	adc	r20, r25
    1d64:	56 1f       	adc	r21, r22
    1d66:	c7 1f       	adc	r28, r23
    1d68:	d1 1d       	adc	r29, r1
    1d6a:	88 0f       	add	r24, r24
    1d6c:	99 1f       	adc	r25, r25
    1d6e:	66 1f       	adc	r22, r22
    1d70:	77 1f       	adc	r23, r23
    1d72:	06 94       	lsr	r0
    1d74:	a1 f7       	brne	.-24     	; 0x1d5e <__ftoa_engine+0xac>
    1d76:	05 90       	lpm	r0, Z+
    1d78:	07 94       	ror	r0
    1d7a:	20 f4       	brcc	.+8      	; 0x1d84 <__ftoa_engine+0xd2>
    1d7c:	49 0f       	add	r20, r25
    1d7e:	56 1f       	adc	r21, r22
    1d80:	c7 1f       	adc	r28, r23
    1d82:	d8 1f       	adc	r29, r24
    1d84:	99 0f       	add	r25, r25
    1d86:	66 1f       	adc	r22, r22
    1d88:	77 1f       	adc	r23, r23
    1d8a:	88 1f       	adc	r24, r24
    1d8c:	06 94       	lsr	r0
    1d8e:	a9 f7       	brne	.-22     	; 0x1d7a <__ftoa_engine+0xc8>
    1d90:	84 91       	lpm	r24, Z
    1d92:	10 95       	com	r17
    1d94:	17 70       	andi	r17, 0x07	; 7
    1d96:	41 f0       	breq	.+16     	; 0x1da8 <__ftoa_engine+0xf6>
    1d98:	d6 95       	lsr	r29
    1d9a:	c7 95       	ror	r28
    1d9c:	57 95       	ror	r21
    1d9e:	47 95       	ror	r20
    1da0:	f7 94       	ror	r15
    1da2:	e7 94       	ror	r14
    1da4:	1a 95       	dec	r17
    1da6:	c1 f7       	brne	.-16     	; 0x1d98 <__ftoa_engine+0xe6>
    1da8:	e0 e7       	ldi	r30, 0x70	; 112
    1daa:	f0 e0       	ldi	r31, 0x00	; 0
    1dac:	68 94       	set
    1dae:	15 90       	lpm	r1, Z+
    1db0:	15 91       	lpm	r17, Z+
    1db2:	35 91       	lpm	r19, Z+
    1db4:	65 91       	lpm	r22, Z+
    1db6:	95 91       	lpm	r25, Z+
    1db8:	05 90       	lpm	r0, Z+
    1dba:	7f e2       	ldi	r23, 0x2F	; 47
    1dbc:	73 95       	inc	r23
    1dbe:	e1 18       	sub	r14, r1
    1dc0:	f1 0a       	sbc	r15, r17
    1dc2:	43 0b       	sbc	r20, r19
    1dc4:	56 0b       	sbc	r21, r22
    1dc6:	c9 0b       	sbc	r28, r25
    1dc8:	d0 09       	sbc	r29, r0
    1dca:	c0 f7       	brcc	.-16     	; 0x1dbc <__ftoa_engine+0x10a>
    1dcc:	e1 0c       	add	r14, r1
    1dce:	f1 1e       	adc	r15, r17
    1dd0:	43 1f       	adc	r20, r19
    1dd2:	56 1f       	adc	r21, r22
    1dd4:	c9 1f       	adc	r28, r25
    1dd6:	d0 1d       	adc	r29, r0
    1dd8:	7e f4       	brtc	.+30     	; 0x1df8 <__ftoa_engine+0x146>
    1dda:	70 33       	cpi	r23, 0x30	; 48
    1ddc:	11 f4       	brne	.+4      	; 0x1de2 <__ftoa_engine+0x130>
    1dde:	8a 95       	dec	r24
    1de0:	e6 cf       	rjmp	.-52     	; 0x1dae <__ftoa_engine+0xfc>
    1de2:	e8 94       	clt
    1de4:	01 50       	subi	r16, 0x01	; 1
    1de6:	30 f0       	brcs	.+12     	; 0x1df4 <__ftoa_engine+0x142>
    1de8:	08 0f       	add	r16, r24
    1dea:	0a f4       	brpl	.+2      	; 0x1dee <__ftoa_engine+0x13c>
    1dec:	00 27       	eor	r16, r16
    1dee:	02 17       	cp	r16, r18
    1df0:	08 f4       	brcc	.+2      	; 0x1df4 <__ftoa_engine+0x142>
    1df2:	20 2f       	mov	r18, r16
    1df4:	23 95       	inc	r18
    1df6:	02 2f       	mov	r16, r18
    1df8:	7a 33       	cpi	r23, 0x3A	; 58
    1dfa:	28 f0       	brcs	.+10     	; 0x1e06 <__ftoa_engine+0x154>
    1dfc:	79 e3       	ldi	r23, 0x39	; 57
    1dfe:	7d 93       	st	X+, r23
    1e00:	2a 95       	dec	r18
    1e02:	e9 f7       	brne	.-6      	; 0x1dfe <__ftoa_engine+0x14c>
    1e04:	10 c0       	rjmp	.+32     	; 0x1e26 <__ftoa_engine+0x174>
    1e06:	7d 93       	st	X+, r23
    1e08:	2a 95       	dec	r18
    1e0a:	89 f6       	brne	.-94     	; 0x1dae <__ftoa_engine+0xfc>
    1e0c:	06 94       	lsr	r0
    1e0e:	97 95       	ror	r25
    1e10:	67 95       	ror	r22
    1e12:	37 95       	ror	r19
    1e14:	17 95       	ror	r17
    1e16:	17 94       	ror	r1
    1e18:	e1 18       	sub	r14, r1
    1e1a:	f1 0a       	sbc	r15, r17
    1e1c:	43 0b       	sbc	r20, r19
    1e1e:	56 0b       	sbc	r21, r22
    1e20:	c9 0b       	sbc	r28, r25
    1e22:	d0 09       	sbc	r29, r0
    1e24:	98 f0       	brcs	.+38     	; 0x1e4c <__ftoa_engine+0x19a>
    1e26:	23 95       	inc	r18
    1e28:	7e 91       	ld	r23, -X
    1e2a:	73 95       	inc	r23
    1e2c:	7a 33       	cpi	r23, 0x3A	; 58
    1e2e:	08 f0       	brcs	.+2      	; 0x1e32 <__ftoa_engine+0x180>
    1e30:	70 e3       	ldi	r23, 0x30	; 48
    1e32:	7c 93       	st	X, r23
    1e34:	20 13       	cpse	r18, r16
    1e36:	b8 f7       	brcc	.-18     	; 0x1e26 <__ftoa_engine+0x174>
    1e38:	7e 91       	ld	r23, -X
    1e3a:	70 61       	ori	r23, 0x10	; 16
    1e3c:	7d 93       	st	X+, r23
    1e3e:	30 f0       	brcs	.+12     	; 0x1e4c <__ftoa_engine+0x19a>
    1e40:	83 95       	inc	r24
    1e42:	71 e3       	ldi	r23, 0x31	; 49
    1e44:	7d 93       	st	X+, r23
    1e46:	70 e3       	ldi	r23, 0x30	; 48
    1e48:	2a 95       	dec	r18
    1e4a:	e1 f7       	brne	.-8      	; 0x1e44 <__ftoa_engine+0x192>
    1e4c:	11 24       	eor	r1, r1
    1e4e:	ef 90       	pop	r14
    1e50:	ff 90       	pop	r15
    1e52:	0f 91       	pop	r16
    1e54:	1f 91       	pop	r17
    1e56:	cf 91       	pop	r28
    1e58:	df 91       	pop	r29
    1e5a:	99 27       	eor	r25, r25
    1e5c:	87 fd       	sbrc	r24, 7
    1e5e:	90 95       	com	r25
    1e60:	08 95       	ret

00001e62 <isspace>:
    1e62:	91 11       	cpse	r25, r1
    1e64:	0c 94 6a 10 	jmp	0x20d4	; 0x20d4 <__ctype_isfalse>
    1e68:	80 32       	cpi	r24, 0x20	; 32
    1e6a:	19 f0       	breq	.+6      	; 0x1e72 <isspace+0x10>
    1e6c:	89 50       	subi	r24, 0x09	; 9
    1e6e:	85 50       	subi	r24, 0x05	; 5
    1e70:	c8 f7       	brcc	.-14     	; 0x1e64 <isspace+0x2>
    1e72:	08 95       	ret

00001e74 <tolower>:
    1e74:	91 11       	cpse	r25, r1
    1e76:	08 95       	ret
    1e78:	81 54       	subi	r24, 0x41	; 65
    1e7a:	8a 51       	subi	r24, 0x1A	; 26
    1e7c:	08 f4       	brcc	.+2      	; 0x1e80 <tolower+0xc>
    1e7e:	80 5e       	subi	r24, 0xE0	; 224
    1e80:	85 5a       	subi	r24, 0xA5	; 165
    1e82:	08 95       	ret

00001e84 <strchr_P>:
    1e84:	fc 01       	movw	r30, r24
    1e86:	05 90       	lpm	r0, Z+
    1e88:	06 16       	cp	r0, r22
    1e8a:	21 f0       	breq	.+8      	; 0x1e94 <strchr_P+0x10>
    1e8c:	00 20       	and	r0, r0
    1e8e:	d9 f7       	brne	.-10     	; 0x1e86 <strchr_P+0x2>
    1e90:	c0 01       	movw	r24, r0
    1e92:	08 95       	ret
    1e94:	31 97       	sbiw	r30, 0x01	; 1
    1e96:	cf 01       	movw	r24, r30
    1e98:	08 95       	ret

00001e9a <strnlen_P>:
    1e9a:	fc 01       	movw	r30, r24
    1e9c:	05 90       	lpm	r0, Z+
    1e9e:	61 50       	subi	r22, 0x01	; 1
    1ea0:	70 40       	sbci	r23, 0x00	; 0
    1ea2:	01 10       	cpse	r0, r1
    1ea4:	d8 f7       	brcc	.-10     	; 0x1e9c <strnlen_P+0x2>
    1ea6:	80 95       	com	r24
    1ea8:	90 95       	com	r25
    1eaa:	8e 0f       	add	r24, r30
    1eac:	9f 1f       	adc	r25, r31
    1eae:	08 95       	ret

00001eb0 <strnlen>:
    1eb0:	fc 01       	movw	r30, r24
    1eb2:	61 50       	subi	r22, 0x01	; 1
    1eb4:	70 40       	sbci	r23, 0x00	; 0
    1eb6:	01 90       	ld	r0, Z+
    1eb8:	01 10       	cpse	r0, r1
    1eba:	d8 f7       	brcc	.-10     	; 0x1eb2 <strnlen+0x2>
    1ebc:	80 95       	com	r24
    1ebe:	90 95       	com	r25
    1ec0:	8e 0f       	add	r24, r30
    1ec2:	9f 1f       	adc	r25, r31
    1ec4:	08 95       	ret

00001ec6 <fgetc>:
    1ec6:	cf 93       	push	r28
    1ec8:	df 93       	push	r29
    1eca:	ec 01       	movw	r28, r24
    1ecc:	2b 81       	ldd	r18, Y+3	; 0x03
    1ece:	20 ff       	sbrs	r18, 0
    1ed0:	33 c0       	rjmp	.+102    	; 0x1f38 <fgetc+0x72>
    1ed2:	26 ff       	sbrs	r18, 6
    1ed4:	0a c0       	rjmp	.+20     	; 0x1eea <fgetc+0x24>
    1ed6:	2f 7b       	andi	r18, 0xBF	; 191
    1ed8:	2b 83       	std	Y+3, r18	; 0x03
    1eda:	8e 81       	ldd	r24, Y+6	; 0x06
    1edc:	9f 81       	ldd	r25, Y+7	; 0x07
    1ede:	01 96       	adiw	r24, 0x01	; 1
    1ee0:	9f 83       	std	Y+7, r25	; 0x07
    1ee2:	8e 83       	std	Y+6, r24	; 0x06
    1ee4:	8a 81       	ldd	r24, Y+2	; 0x02
    1ee6:	90 e0       	ldi	r25, 0x00	; 0
    1ee8:	29 c0       	rjmp	.+82     	; 0x1f3c <fgetc+0x76>
    1eea:	22 ff       	sbrs	r18, 2
    1eec:	0f c0       	rjmp	.+30     	; 0x1f0c <fgetc+0x46>
    1eee:	e8 81       	ld	r30, Y
    1ef0:	f9 81       	ldd	r31, Y+1	; 0x01
    1ef2:	80 81       	ld	r24, Z
    1ef4:	08 2e       	mov	r0, r24
    1ef6:	00 0c       	add	r0, r0
    1ef8:	99 0b       	sbc	r25, r25
    1efa:	00 97       	sbiw	r24, 0x00	; 0
    1efc:	19 f4       	brne	.+6      	; 0x1f04 <fgetc+0x3e>
    1efe:	20 62       	ori	r18, 0x20	; 32
    1f00:	2b 83       	std	Y+3, r18	; 0x03
    1f02:	1a c0       	rjmp	.+52     	; 0x1f38 <fgetc+0x72>
    1f04:	31 96       	adiw	r30, 0x01	; 1
    1f06:	f9 83       	std	Y+1, r31	; 0x01
    1f08:	e8 83       	st	Y, r30
    1f0a:	0e c0       	rjmp	.+28     	; 0x1f28 <fgetc+0x62>
    1f0c:	ea 85       	ldd	r30, Y+10	; 0x0a
    1f0e:	fb 85       	ldd	r31, Y+11	; 0x0b
    1f10:	09 95       	icall
    1f12:	97 ff       	sbrs	r25, 7
    1f14:	09 c0       	rjmp	.+18     	; 0x1f28 <fgetc+0x62>
    1f16:	2b 81       	ldd	r18, Y+3	; 0x03
    1f18:	01 96       	adiw	r24, 0x01	; 1
    1f1a:	11 f0       	breq	.+4      	; 0x1f20 <fgetc+0x5a>
    1f1c:	80 e2       	ldi	r24, 0x20	; 32
    1f1e:	01 c0       	rjmp	.+2      	; 0x1f22 <fgetc+0x5c>
    1f20:	80 e1       	ldi	r24, 0x10	; 16
    1f22:	82 2b       	or	r24, r18
    1f24:	8b 83       	std	Y+3, r24	; 0x03
    1f26:	08 c0       	rjmp	.+16     	; 0x1f38 <fgetc+0x72>
    1f28:	2e 81       	ldd	r18, Y+6	; 0x06
    1f2a:	3f 81       	ldd	r19, Y+7	; 0x07
    1f2c:	2f 5f       	subi	r18, 0xFF	; 255
    1f2e:	3f 4f       	sbci	r19, 0xFF	; 255
    1f30:	3f 83       	std	Y+7, r19	; 0x07
    1f32:	2e 83       	std	Y+6, r18	; 0x06
    1f34:	99 27       	eor	r25, r25
    1f36:	02 c0       	rjmp	.+4      	; 0x1f3c <fgetc+0x76>
    1f38:	8f ef       	ldi	r24, 0xFF	; 255
    1f3a:	9f ef       	ldi	r25, 0xFF	; 255
    1f3c:	df 91       	pop	r29
    1f3e:	cf 91       	pop	r28
    1f40:	08 95       	ret

00001f42 <fputc>:
    1f42:	0f 93       	push	r16
    1f44:	1f 93       	push	r17
    1f46:	cf 93       	push	r28
    1f48:	df 93       	push	r29
    1f4a:	fb 01       	movw	r30, r22
    1f4c:	23 81       	ldd	r18, Z+3	; 0x03
    1f4e:	21 fd       	sbrc	r18, 1
    1f50:	03 c0       	rjmp	.+6      	; 0x1f58 <fputc+0x16>
    1f52:	8f ef       	ldi	r24, 0xFF	; 255
    1f54:	9f ef       	ldi	r25, 0xFF	; 255
    1f56:	2c c0       	rjmp	.+88     	; 0x1fb0 <fputc+0x6e>
    1f58:	22 ff       	sbrs	r18, 2
    1f5a:	16 c0       	rjmp	.+44     	; 0x1f88 <fputc+0x46>
    1f5c:	46 81       	ldd	r20, Z+6	; 0x06
    1f5e:	57 81       	ldd	r21, Z+7	; 0x07
    1f60:	24 81       	ldd	r18, Z+4	; 0x04
    1f62:	35 81       	ldd	r19, Z+5	; 0x05
    1f64:	42 17       	cp	r20, r18
    1f66:	53 07       	cpc	r21, r19
    1f68:	44 f4       	brge	.+16     	; 0x1f7a <fputc+0x38>
    1f6a:	a0 81       	ld	r26, Z
    1f6c:	b1 81       	ldd	r27, Z+1	; 0x01
    1f6e:	9d 01       	movw	r18, r26
    1f70:	2f 5f       	subi	r18, 0xFF	; 255
    1f72:	3f 4f       	sbci	r19, 0xFF	; 255
    1f74:	31 83       	std	Z+1, r19	; 0x01
    1f76:	20 83       	st	Z, r18
    1f78:	8c 93       	st	X, r24
    1f7a:	26 81       	ldd	r18, Z+6	; 0x06
    1f7c:	37 81       	ldd	r19, Z+7	; 0x07
    1f7e:	2f 5f       	subi	r18, 0xFF	; 255
    1f80:	3f 4f       	sbci	r19, 0xFF	; 255
    1f82:	37 83       	std	Z+7, r19	; 0x07
    1f84:	26 83       	std	Z+6, r18	; 0x06
    1f86:	14 c0       	rjmp	.+40     	; 0x1fb0 <fputc+0x6e>
    1f88:	8b 01       	movw	r16, r22
    1f8a:	ec 01       	movw	r28, r24
    1f8c:	fb 01       	movw	r30, r22
    1f8e:	00 84       	ldd	r0, Z+8	; 0x08
    1f90:	f1 85       	ldd	r31, Z+9	; 0x09
    1f92:	e0 2d       	mov	r30, r0
    1f94:	09 95       	icall
    1f96:	89 2b       	or	r24, r25
    1f98:	e1 f6       	brne	.-72     	; 0x1f52 <fputc+0x10>
    1f9a:	d8 01       	movw	r26, r16
    1f9c:	16 96       	adiw	r26, 0x06	; 6
    1f9e:	8d 91       	ld	r24, X+
    1fa0:	9c 91       	ld	r25, X
    1fa2:	17 97       	sbiw	r26, 0x07	; 7
    1fa4:	01 96       	adiw	r24, 0x01	; 1
    1fa6:	17 96       	adiw	r26, 0x07	; 7
    1fa8:	9c 93       	st	X, r25
    1faa:	8e 93       	st	-X, r24
    1fac:	16 97       	sbiw	r26, 0x06	; 6
    1fae:	ce 01       	movw	r24, r28
    1fb0:	df 91       	pop	r29
    1fb2:	cf 91       	pop	r28
    1fb4:	1f 91       	pop	r17
    1fb6:	0f 91       	pop	r16
    1fb8:	08 95       	ret

00001fba <printf>:
    1fba:	a0 e0       	ldi	r26, 0x00	; 0
    1fbc:	b0 e0       	ldi	r27, 0x00	; 0
    1fbe:	e3 ee       	ldi	r30, 0xE3	; 227
    1fc0:	ff e0       	ldi	r31, 0x0F	; 15
    1fc2:	0c 94 01 0e 	jmp	0x1c02	; 0x1c02 <__prologue_saves__+0x20>
    1fc6:	ae 01       	movw	r20, r28
    1fc8:	4b 5f       	subi	r20, 0xFB	; 251
    1fca:	5f 4f       	sbci	r21, 0xFF	; 255
    1fcc:	fa 01       	movw	r30, r20
    1fce:	61 91       	ld	r22, Z+
    1fd0:	71 91       	ld	r23, Z+
    1fd2:	af 01       	movw	r20, r30
    1fd4:	80 91 38 01 	lds	r24, 0x0138	; 0x800138 <__data_end+0x2>
    1fd8:	90 91 39 01 	lds	r25, 0x0139	; 0x800139 <__data_end+0x3>
    1fdc:	0e 94 cf 04 	call	0x99e	; 0x99e <vfprintf>
    1fe0:	e2 e0       	ldi	r30, 0x02	; 2
    1fe2:	0c 94 1d 0e 	jmp	0x1c3a	; 0x1c3a <__epilogue_restores__+0x20>

00001fe6 <ungetc>:
    1fe6:	fb 01       	movw	r30, r22
    1fe8:	23 81       	ldd	r18, Z+3	; 0x03
    1fea:	20 ff       	sbrs	r18, 0
    1fec:	12 c0       	rjmp	.+36     	; 0x2012 <ungetc+0x2c>
    1fee:	26 fd       	sbrc	r18, 6
    1ff0:	10 c0       	rjmp	.+32     	; 0x2012 <ungetc+0x2c>
    1ff2:	8f 3f       	cpi	r24, 0xFF	; 255
    1ff4:	3f ef       	ldi	r19, 0xFF	; 255
    1ff6:	93 07       	cpc	r25, r19
    1ff8:	61 f0       	breq	.+24     	; 0x2012 <ungetc+0x2c>
    1ffa:	82 83       	std	Z+2, r24	; 0x02
    1ffc:	2f 7d       	andi	r18, 0xDF	; 223
    1ffe:	20 64       	ori	r18, 0x40	; 64
    2000:	23 83       	std	Z+3, r18	; 0x03
    2002:	26 81       	ldd	r18, Z+6	; 0x06
    2004:	37 81       	ldd	r19, Z+7	; 0x07
    2006:	21 50       	subi	r18, 0x01	; 1
    2008:	31 09       	sbc	r19, r1
    200a:	37 83       	std	Z+7, r19	; 0x07
    200c:	26 83       	std	Z+6, r18	; 0x06
    200e:	99 27       	eor	r25, r25
    2010:	08 95       	ret
    2012:	8f ef       	ldi	r24, 0xFF	; 255
    2014:	9f ef       	ldi	r25, 0xFF	; 255
    2016:	08 95       	ret

00002018 <__ultoa_invert>:
    2018:	fa 01       	movw	r30, r20
    201a:	aa 27       	eor	r26, r26
    201c:	28 30       	cpi	r18, 0x08	; 8
    201e:	51 f1       	breq	.+84     	; 0x2074 <__ultoa_invert+0x5c>
    2020:	20 31       	cpi	r18, 0x10	; 16
    2022:	81 f1       	breq	.+96     	; 0x2084 <__ultoa_invert+0x6c>
    2024:	e8 94       	clt
    2026:	6f 93       	push	r22
    2028:	6e 7f       	andi	r22, 0xFE	; 254
    202a:	6e 5f       	subi	r22, 0xFE	; 254
    202c:	7f 4f       	sbci	r23, 0xFF	; 255
    202e:	8f 4f       	sbci	r24, 0xFF	; 255
    2030:	9f 4f       	sbci	r25, 0xFF	; 255
    2032:	af 4f       	sbci	r26, 0xFF	; 255
    2034:	b1 e0       	ldi	r27, 0x01	; 1
    2036:	3e d0       	rcall	.+124    	; 0x20b4 <__ultoa_invert+0x9c>
    2038:	b4 e0       	ldi	r27, 0x04	; 4
    203a:	3c d0       	rcall	.+120    	; 0x20b4 <__ultoa_invert+0x9c>
    203c:	67 0f       	add	r22, r23
    203e:	78 1f       	adc	r23, r24
    2040:	89 1f       	adc	r24, r25
    2042:	9a 1f       	adc	r25, r26
    2044:	a1 1d       	adc	r26, r1
    2046:	68 0f       	add	r22, r24
    2048:	79 1f       	adc	r23, r25
    204a:	8a 1f       	adc	r24, r26
    204c:	91 1d       	adc	r25, r1
    204e:	a1 1d       	adc	r26, r1
    2050:	6a 0f       	add	r22, r26
    2052:	71 1d       	adc	r23, r1
    2054:	81 1d       	adc	r24, r1
    2056:	91 1d       	adc	r25, r1
    2058:	a1 1d       	adc	r26, r1
    205a:	20 d0       	rcall	.+64     	; 0x209c <__ultoa_invert+0x84>
    205c:	09 f4       	brne	.+2      	; 0x2060 <__ultoa_invert+0x48>
    205e:	68 94       	set
    2060:	3f 91       	pop	r19
    2062:	2a e0       	ldi	r18, 0x0A	; 10
    2064:	26 9f       	mul	r18, r22
    2066:	11 24       	eor	r1, r1
    2068:	30 19       	sub	r19, r0
    206a:	30 5d       	subi	r19, 0xD0	; 208
    206c:	31 93       	st	Z+, r19
    206e:	de f6       	brtc	.-74     	; 0x2026 <__ultoa_invert+0xe>
    2070:	cf 01       	movw	r24, r30
    2072:	08 95       	ret
    2074:	46 2f       	mov	r20, r22
    2076:	47 70       	andi	r20, 0x07	; 7
    2078:	40 5d       	subi	r20, 0xD0	; 208
    207a:	41 93       	st	Z+, r20
    207c:	b3 e0       	ldi	r27, 0x03	; 3
    207e:	0f d0       	rcall	.+30     	; 0x209e <__ultoa_invert+0x86>
    2080:	c9 f7       	brne	.-14     	; 0x2074 <__ultoa_invert+0x5c>
    2082:	f6 cf       	rjmp	.-20     	; 0x2070 <__ultoa_invert+0x58>
    2084:	46 2f       	mov	r20, r22
    2086:	4f 70       	andi	r20, 0x0F	; 15
    2088:	40 5d       	subi	r20, 0xD0	; 208
    208a:	4a 33       	cpi	r20, 0x3A	; 58
    208c:	18 f0       	brcs	.+6      	; 0x2094 <__ultoa_invert+0x7c>
    208e:	49 5d       	subi	r20, 0xD9	; 217
    2090:	31 fd       	sbrc	r19, 1
    2092:	40 52       	subi	r20, 0x20	; 32
    2094:	41 93       	st	Z+, r20
    2096:	02 d0       	rcall	.+4      	; 0x209c <__ultoa_invert+0x84>
    2098:	a9 f7       	brne	.-22     	; 0x2084 <__ultoa_invert+0x6c>
    209a:	ea cf       	rjmp	.-44     	; 0x2070 <__ultoa_invert+0x58>
    209c:	b4 e0       	ldi	r27, 0x04	; 4
    209e:	a6 95       	lsr	r26
    20a0:	97 95       	ror	r25
    20a2:	87 95       	ror	r24
    20a4:	77 95       	ror	r23
    20a6:	67 95       	ror	r22
    20a8:	ba 95       	dec	r27
    20aa:	c9 f7       	brne	.-14     	; 0x209e <__ultoa_invert+0x86>
    20ac:	00 97       	sbiw	r24, 0x00	; 0
    20ae:	61 05       	cpc	r22, r1
    20b0:	71 05       	cpc	r23, r1
    20b2:	08 95       	ret
    20b4:	9b 01       	movw	r18, r22
    20b6:	ac 01       	movw	r20, r24
    20b8:	0a 2e       	mov	r0, r26
    20ba:	06 94       	lsr	r0
    20bc:	57 95       	ror	r21
    20be:	47 95       	ror	r20
    20c0:	37 95       	ror	r19
    20c2:	27 95       	ror	r18
    20c4:	ba 95       	dec	r27
    20c6:	c9 f7       	brne	.-14     	; 0x20ba <__ultoa_invert+0xa2>
    20c8:	62 0f       	add	r22, r18
    20ca:	73 1f       	adc	r23, r19
    20cc:	84 1f       	adc	r24, r20
    20ce:	95 1f       	adc	r25, r21
    20d0:	a0 1d       	adc	r26, r0
    20d2:	08 95       	ret

000020d4 <__ctype_isfalse>:
    20d4:	99 27       	eor	r25, r25
    20d6:	88 27       	eor	r24, r24

000020d8 <__ctype_istrue>:
    20d8:	08 95       	ret

000020da <_exit>:
    20da:	f8 94       	cli

000020dc <__stop_program>:
    20dc:	ff cf       	rjmp	.-2      	; 0x20dc <__stop_program>
